id,title,status,release_date,revenue,production_companies,genres
27205,Inception,Released,2010-07-15,825532764,Warner Bros. Pictures,"Action, Science Fiction, Adventure"
155,The Dark Knight,Released,2008-07-16,1004558444,Warner Bros. Pictures,"Drama, Action, Crime, Thriller"
19995,Avatar,Released,2009-12-15,2923706026,20th Century Fox,"Action, Adventure, Fantasy, Science Fiction"
293660,Deadpool,Released,2016-02-09,783100000,20th Century Fox,"Action, Adventure, Comedy"
550,Fight Club,Released,1999-10-15,100853753,20th Century Fox,Drama
671,Harry Potter and the Philosopher's Stone,Released,2001-11-16,976475550,Warner Bros. Pictures,"Adventure, Fantasy"
603,The Matrix,Released,1999-03-30,463517383,Warner Bros. Pictures,"Action, Science Fiction"
597,Titanic,Released,1997-11-18,2264162353,20th Century Fox,"Drama, Romance"
475557,Joker,Released,2019-10-01,1074458282,Warner Bros. Pictures,"Crime, Thriller, Drama"
49026,The Dark Knight Rises,Released,2012-07-17,1081041287,Warner Bros. Pictures,"Action, Crime, Drama, Thriller"
76341,Mad Max: Fury Road,Released,2015-05-13,378858340,Warner Bros. Pictures,"Action, Adventure, Science Fiction"
672,Harry Potter and the Chamber of Secrets,Released,2002-11-13,876688482,Warner Bros. Pictures,"Adventure, Fantasy"
297761,Suicide Squad,Released,2016-08-03,746846894,Warner Bros. Pictures,"Action, Adventure, Fantasy"
673,Harry Potter and the Prisoner of Azkaban,Released,2004-05-31,789804554,Warner Bros. Pictures,"Adventure, Fantasy"
272,Batman Begins,Released,2005-06-10,374218673,Warner Bros. Pictures,"Action, Crime, Drama"
150540,Inside Out,Released,2015-06-09,857611174,Walt Disney Pictures,"Animation, Family, Adventure, Drama, Comedy"
674,Harry Potter and the Goblet of Fire,Released,2005-11-16,895921036,Warner Bros. Pictures,"Adventure, Fantasy"
22,Pirates of the Caribbean: The Curse of the Black Pearl,Released,2003-07-09,655011224,Walt Disney Pictures,"Adventure, Fantasy, Action"
12445,Harry Potter and the Deathly Hallows: Part 2,Released,2011-07-12,1341511219,Warner Bros. Pictures,"Fantasy, Adventure"
11,Star Wars,Released,1977-05-25,775398007,20th Century Fox,"Adventure, Action, Science Fiction"
675,Harry Potter and the Order of the Phoenix,Released,2007-07-08,938212738,Warner Bros. Pictures,"Adventure, Fantasy"
767,Harry Potter and the Half-Blood Prince,Released,2009-07-15,933959197,Warner Bros. Pictures,"Adventure, Fantasy"
263115,Logan,Released,2017-02-28,619021436,20th Century Fox,"Action, Drama, Science Fiction"
259316,Fantastic Beasts and Where to Find Them,Released,2016-11-16,809342332,Warner Bros. Pictures,"Fantasy, Adventure, Family"
12444,Harry Potter and the Deathly Hallows: Part 1,Released,2010-11-17,954305868,Warner Bros. Pictures,"Adventure, Fantasy"
354912,Coco,Released,2017-10-27,800526015,Walt Disney Pictures,"Family, Animation, Fantasy, Music, Comedy, Adventure"
10681,WALL·E,Released,2008-06-22,521311860,Walt Disney Pictures,"Animation, Family, Science Fiction"
210577,Gone Girl,Released,2014-10-01,369330363,20th Century Fox,"Mystery, Thriller, Drama"
49051,The Hobbit: An Unexpected Journey,Released,2012-12-12,1021103568,Warner Bros. Pictures,"Adventure, Fantasy, Action"
209112,Batman v Superman: Dawn of Justice,Released,2016-03-23,873637528,Warner Bros. Pictures,"Action, Adventure, Fantasy"
8587,The Lion King,Released,1994-06-24,763455561,Walt Disney Pictures,"Family, Animation, Drama"
9806,The Incredibles,Released,2004-10-27,631442092,Walt Disney Pictures,"Action, Adventure, Animation, Family"
383498,Deadpool 2,Released,2018-05-10,785896609,20th Century Fox,"Action, Comedy, Adventure"
694,The Shining,Released,1980-05-23,44781695,Warner Bros. Pictures,"Horror, Thriller"
424694,Bohemian Rhapsody,Released,2018-10-24,903992901,20th Century Fox,"Music, Drama, History"
497,The Green Mile,Released,1999-12-10,286801374,Warner Bros. Pictures,"Fantasy, Drama, Crime"
198663,The Maze Runner,Released,2014-09-10,348319861,20th Century Fox,"Action, Mystery, Science Fiction, Thriller"
18785,The Hangover,Released,2009-06-02,469310836,Warner Bros. Pictures,Comedy
2062,Ratatouille,Released,2007-06-28,623726000,Walt Disney Pictures,"Animation, Comedy, Family, Fantasy"
207703,Kingsman: The Secret Service,Released,2014-12-13,414351546,20th Century Fox,"Crime, Comedy, Action, Adventure"
109445,Frozen,Released,2013-11-20,1274219009,Walt Disney Pictures,"Animation, Family, Adventure, Fantasy"
374720,Dunkirk,Released,2017-07-19,527000000,Warner Bros. Pictures,"War, Action, Drama"
269149,Zootopia,Released,2016-02-11,1023784195,Walt Disney Pictures,"Animation, Adventure, Family, Comedy"
321612,Beauty and the Beast,Released,2017-03-16,1266115964,Walt Disney Pictures,"Family, Fantasy, Romance"
58,Pirates of the Caribbean: Dead Man's Chest,Released,2006-07-06,1065659812,Walt Disney Pictures,"Adventure, Fantasy, Action"
177572,Big Hero 6,Released,2014-10-24,657827828,Walt Disney Pictures,"Adventure, Family, Animation, Action, Comedy"
1124,The Prestige,Released,2006-10-19,109676311,Warner Bros. Pictures,"Drama, Mystery, Science Fiction"
6479,I Am Legend,Released,2007-12-12,585410052,Warner Bros. Pictures,"Drama, Science Fiction, Thriller"
49047,Gravity,Released,2013-10-03,723192705,Warner Bros. Pictures,"Science Fiction, Thriller, Drama"
127585,X-Men: Days of Future Past,Released,2014-05-15,747862775,20th Century Fox,"Action, Adventure, Science Fiction"
333339,Ready Player One,Released,2018-03-28,607274134,Warner Bros. Pictures,"Adventure, Action, Science Fiction"
49521,Man of Steel,Released,2013-06-12,668045518,Warner Bros. Pictures,"Action, Adventure, Science Fiction"
1422,The Departed,Released,2006-10-04,291465000,Warner Bros. Pictures,"Drama, Thriller, Crime"
10193,Toy Story 3,Released,2010-06-16,1066969703,Walt Disney Pictures,"Animation, Family, Comedy"
752,V for Vendetta,Released,2006-02-23,132511035,Warner Bros. Pictures,"Action, Thriller, Science Fiction"
152601,Her,Released,2013-12-18,47351251,Warner Bros. Pictures,"Romance, Science Fiction, Drama"
285,Pirates of the Caribbean: At World's End,Released,2007-05-19,961000000,Walt Disney Pictures,"Adventure, Fantasy, Action"
122917,The Hobbit: The Battle of the Five Armies,Released,2014-12-10,956019788,Warner Bros. Pictures,"Action, Adventure, Fantasy"
348,Alien,Released,1979-05-25,104931801,20th Century Fox,"Horror, Science Fiction"
10528,Sherlock Holmes,Released,2009-12-23,524028679,Warner Bros. Pictures,"Action, Adventure, Crime, Mystery"
12155,Alice in Wonderland,Released,2010-03-03,1025467110,Walt Disney Pictures,"Family, Fantasy, Adventure"
1865,Pirates of the Caribbean: On Stranger Tides,Released,2011-05-15,1045713802,Walt Disney Pictures,"Adventure, Action, Fantasy"
297802,Aquaman,Released,2018-12-07,1148528393,Warner Bros. Pictures,"Action, Adventure, Fantasy"
920,Cars,Released,2006-06-08,461983149,Walt Disney Pictures,"Animation, Adventure, Comedy, Family"
137113,Edge of Tomorrow,Released,2014-05-27,370541256,Warner Bros. Pictures,"Action, Science Fiction"
1271,300,Released,2007-03-07,456082343,Warner Bros. Pictures,"Action, Adventure, War"
78,Blade Runner,Released,1982-06-25,41722424,Warner Bros. Pictures,"Science Fiction, Drama, Thriller"
62177,Brave,Released,2012-06-21,538983207,Walt Disney Pictures,"Animation, Adventure, Comedy, Family, Action, Fantasy"
102651,Maleficent,Released,2014-05-28,758539785,Walt Disney Pictures,"Fantasy, Adventure, Action, Family, Romance"
335984,Blade Runner 2049,Released,2017-10-04,259239658,Warner Bros. Pictures,"Science Fiction, Drama"
425,Ice Age,Released,2002-03-10,383257136,20th Century Fox,"Animation, Comedy, Family, Adventure"
141052,Justice League,Released,2017-11-15,657926987,Warner Bros. Pictures,"Action, Adventure, Science Fiction"
57158,The Hobbit: The Desolation of Smaug,Released,2013-12-11,958400000,Warner Bros. Pictures,"Fantasy, Adventure, Action"
246655,X-Men: Apocalypse,Released,2016-05-18,543934787,20th Century Fox,"Action, Adventure, Science Fiction, Fantasy"
190859,American Sniper,Released,2014-12-25,542307423,Warner Bros. Pictures,"War, Action"
260513,Incredibles 2,Released,2018-06-14,1242805359,Walt Disney Pictures,"Action, Adventure, Animation, Family"
162,Edward Scissorhands,Released,1990-12-07,53000000,20th Century Fox,"Fantasy, Drama, Romance"
49538,X-Men: First Class,Released,2011-06-01,353624124,20th Century Fox,"Action, Science Fiction, Adventure"
185,A Clockwork Orange,Released,1971-12-19,26589000,Warner Bros. Pictures,"Science Fiction, Drama"
4922,The Curious Case of Benjamin Button,Released,2008-12-25,335802786,Warner Bros. Pictures,"Drama, Fantasy, Romance"
82690,Wreck-It Ralph,Released,2012-11-01,471222889,Walt Disney Pictures,"Family, Animation, Comedy, Adventure"
64682,The Great Gatsby,Released,2013-05-09,351040419,Warner Bros. Pictures,"Drama, Romance"
277834,Moana,Released,2016-10-13,690860472,Walt Disney Pictures,"Adventure, Comedy, Family, Animation"
127380,Finding Dory,Released,2016-06-16,1028570889,Walt Disney Pictures,"Adventure, Animation, Comedy, Family"
70981,Prometheus,Released,2012-05-30,403354469,20th Century Fox,"Science Fiction, Adventure, Mystery"
166426,Pirates of the Caribbean: Dead Men Tell No Tales,Released,2017-05-23,795922298,Walt Disney Pictures,"Adventure, Action, Fantasy"
350,The Devil Wears Prada,Released,2006-06-29,326706115,20th Century Fox,"Comedy, Drama, Romance"
332562,A Star Is Born,Released,2018-10-03,433888866,Warner Bros. Pictures,"Music, Drama, Romance"
2048,"I, Robot",Released,2004-07-15,347234916,20th Century Fox,"Action, Science Fiction"
61791,Rise of the Planet of the Apes,Released,2011-08-03,482860185,20th Century Fox,"Thriller, Action, Drama, Science Fiction"
161,Ocean's Eleven,Released,2001-12-07,450717150,Warner Bros. Pictures,"Thriller, Crime"
146233,Prisoners,Released,2013-09-19,122126687,Warner Bros. Pictures,"Drama, Thriller, Crime"
812,Aladdin,Released,1992-11-25,504050219,Walt Disney Pictures,"Animation, Family, Adventure, Fantasy, Romance"
38757,Tangled,Released,2010-11-24,592461732,Walt Disney Pictures,"Animation, Family"
8358,Cast Away,Released,2000-12-22,429632142,20th Century Fox,"Adventure, Drama"
36657,X-Men,Released,2000-07-13,296339527,20th Century Fox,"Adventure, Action, Science Fiction"
8681,Taken,Released,2008-02-18,226830568,20th Century Fox,"Action, Thriller"
338952,Fantastic Beasts: The Crimes of Grindelwald,Released,2018-11-14,654855901,Warner Bros. Pictures,"Fantasy, Adventure, Family"
562,Die Hard,Released,1988-07-15,140767956,20th Century Fox,"Action, Thriller"
771,Home Alone,Released,1990-11-16,476684675,20th Century Fox,"Comedy, Family"
13223,Gran Torino,Released,2008-12-12,269958228,Warner Bros. Pictures,Drama
62211,Monsters University,Released,2013-06-19,743559607,Walt Disney Pictures,"Animation, Family"
411,"The Chronicles of Narnia: The Lion, the Witch and the Wardrobe",Released,2005-12-07,745013115,Walt Disney Pictures,"Adventure, Family, Fantasy"
2080,X-Men Origins: Wolverine,Released,2009-04-28,373062864,20th Century Fox,"Adventure, Action, Thriller, Science Fiction"
45243,The Hangover Part II,Released,2011-05-25,586764305,Warner Bros. Pictures,Comedy
58574,Sherlock Holmes: A Game of Shadows,Released,2011-11-22,334615000,Warner Bros. Pictures,"Adventure, Action, Crime, Mystery"
294254,Maze Runner: The Scorch Trials,Released,2015-09-09,312296056,20th Century Fox,"Science Fiction, Action, Thriller, Adventure"
600,Full Metal Jacket,Released,1987-06-26,46357676,Warner Bros. Pictures,"Drama, War"
495764,Birds of Prey (and the Fantabulous Emancipation of One Harley Quinn),Released,2020-02-05,205372791,Warner Bros. Pictures,"Action, Crime"
1949,Zodiac,Released,2007-03-02,84785914,Warner Bros. Pictures,"Crime, Drama, Mystery, Thriller"
787,Mr. & Mrs. Smith,Released,2005-06-07,487287646,20th Century Fox,"Action, Comedy, Drama, Thriller"
343668,Kingsman: The Golden Circle,Released,2017-09-20,410902662,20th Century Fox,"Action, Adventure, Comedy"
1593,Night at the Museum,Released,2006-12-20,574480841,20th Century Fox,"Action, Adventure, Comedy, Family, Fantasy"
508442,Soul,Released,2020-12-25,136384442,Walt Disney Pictures,"Animation, Family, Comedy, Fantasy, Drama"
420817,Aladdin,Released,2019-05-22,1054304000,Walt Disney Pictures,"Adventure, Fantasy, Romance, Family"
36658,X2,Released,2003-04-27,407711549,20th Century Fox,"Adventure, Action, Science Fiction"
283366,Miss Peregrine's Home for Peculiar Children,Released,2016-09-27,296482446,20th Century Fox,"Fantasy, Adventure"
652,Troy,Released,2004-05-13,497409852,Warner Bros. Pictures,"Adventure, History, War, Action"
420818,The Lion King,Released,2019-07-12,1663075401,Walt Disney Pictures,"Adventure, Drama, Family"
10020,Beauty and the Beast,Released,1991-10-22,424967620,Walt Disney Pictures,"Romance, Family, Animation, Fantasy"
392044,Murder on the Orient Express,Released,2017-11-03,352794081,20th Century Fox,"Mystery, Drama, Crime"
791373,Zack Snyder's Justice League,Released,2021-03-18,0,Warner Bros. Pictures,"Action, Adventure, Fantasy"
301528,Toy Story 4,Released,2019-06-19,1073394593,Walt Disney Pictures,"Family, Adventure, Animation, Comedy, Fantasy"
950,Ice Age: The Meltdown,Released,2006-03-29,660998756,20th Century Fox,"Animation, Family, Comedy, Adventure"
330457,Frozen II,Released,2019-11-20,1450026933,Walt Disney Pictures,"Family, Animation, Adventure, Comedy, Fantasy"
36668,X-Men: The Last Stand,Released,2006-05-24,459359555,20th Century Fox,"Adventure, Action, Science Fiction, Thriller"
76170,The Wolverine,Released,2013-07-23,415440673,20th Century Fox,"Action, Science Fiction, Adventure, Fantasy"
381284,Hidden Figures,Released,2016-12-10,235956898,20th Century Fox,"Drama, History"
82702,How to Train Your Dragon 2,Released,2014-06-05,621537519,20th Century Fox,"Fantasy, Action, Adventure, Animation, Comedy, Family"
10674,Mulan,Released,1998-06-18,304320254,Walt Disney Pictures,"Animation, Family, Adventure"
602,Independence Day,Released,1996-06-25,817400891,20th Century Fox,"Action, Adventure, Science Fiction"
70,Million Dollar Baby,Released,2004-12-15,216763646,Warner Bros. Pictures,Drama
316029,The Greatest Showman,Released,2017-12-20,432844677,20th Century Fox,Drama
9738,Fantastic Four,Released,2005-06-29,333535934,20th Century Fox,"Action, Adventure, Fantasy, Science Fiction"
679,Aliens,Released,1986-07-18,183316455,20th Century Fox,"Action, Thriller, Science Fiction"
577922,Tenet,Released,2020-08-22,365304105,Warner Bros. Pictures,"Action, Thriller, Science Fiction"
772,Home Alone 2: Lost in New York,Released,1992-11-19,358994850,20th Century Fox,"Comedy, Family, Adventure"
568124,Encanto,Released,2021-10-13,253000000,Walt Disney Pictures,"Animation, Comedy, Family, Fantasy"
414906,The Batman,Released,2022-03-01,770945583,Warner Bros. Pictures,"Crime, Mystery, Thriller"
9487,A Bug's Life,Released,1998-11-25,363258859,Walt Disney Pictures,"Adventure, Animation, Comedy, Family"
337404,Cruella,Released,2021-05-26,233503234,Walt Disney Pictures,"Comedy, Crime"
13183,Watchmen,Released,2009-03-04,185258983,Warner Bros. Pictures,"Action, Mystery, Science Fiction"
9479,The Nightmare Before Christmas,Released,1993-10-09,75634409,Walt Disney Pictures,"Fantasy, Animation, Family"
399579,Alita: Battle Angel,Released,2019-01-31,404980543,20th Century Fox,"Action, Science Fiction, Adventure"
138832,We're the Millers,Released,2013-08-07,269994119,Warner Bros. Pictures,"Comedy, Crime"
3933,Corpse Bride,Released,2005-09-12,118133252,Warner Bros. Pictures,"Romance, Fantasy, Animation"
254128,San Andreas,Released,2015-05-27,473990832,Warner Bros. Pictures,"Action, Drama, Thriller"
281338,War for the Planet of the Apes,Released,2017-07-11,490719763,20th Century Fox,"Drama, Science Fiction, War"
180,Minority Report,Released,2002-06-20,358372926,20th Century Fox,"Action, Thriller, Science Fiction, Mystery"
464052,Wonder Woman 1984,Released,2020-12-16,169601036,Warner Bros. Pictures,"Action, Adventure, Fantasy"
126889,Alien: Covenant,Released,2017-05-09,240891763,20th Century Fox,"Science Fiction, Horror, Mystery"
402900,Ocean's Eight,Released,2018-06-07,297718711,Warner Bros. Pictures,"Crime, Comedy, Action"
50646,"Crazy, Stupid, Love.",Released,2011-07-29,145079584,Warner Bros. Pictures,"Comedy, Drama, Romance"
68734,Argo,Released,2012-10-11,232325503,Warner Bros. Pictures,"Drama, Thriller"
436969,The Suicide Squad,Released,2021-07-28,168717425,Warner Bros. Pictures,"Action, Comedy, Adventure"
8355,Ice Age: Dawn of the Dinosaurs,Released,2009-06-26,886686817,20th Century Fox,"Animation, Comedy, Family, Adventure"
278927,The Jungle Book,Released,2016-04-07,966550600,Walt Disney Pictures,"Family, Adventure, Drama, Fantasy"
508943,Luca,Released,2021-06-17,49750471,Walt Disney Pictures,"Animation, Comedy, Fantasy, Adventure, Family"
435,The Day After Tomorrow,Released,2004-05-26,552639571,20th Century Fox,"Action, Adventure, Science Fiction, Thriller"
35,The Simpsons Movie,Released,2007-07-25,527068851,20th Century Fox,"Animation, Comedy, Family"
1979,Fantastic Four: Rise of the Silver Surfer,Released,2007-06-13,301913131,20th Century Fox,"Adventure, Fantasy, Action, Thriller"
256591,Focus,Released,2015-02-25,153962963,Warner Bros. Pictures,"Romance, Comedy, Crime"
10144,The Little Mermaid,Released,1989-11-17,211343479,Walt Disney Pictures,"Animation, Family, Fantasy"
338970,Tomb Raider,Released,2018-03-05,274650803,Warner Bros. Pictures,"Action, Adventure, Fantasy"
106,Predator,Released,1987-06-12,98267558,20th Century Fox,"Science Fiction, Action, Adventure, Thriller"
9552,The Exorcist,Released,1973-12-26,441405644,Warner Bros. Pictures,Horror
137106,The Lego Movie,Released,2014-02-06,469160692,,"Animation, Family, Adventure, Comedy, Fantasy"
290250,The Nice Guys,Released,2016-05-15,62788218,Warner Bros. Pictures,"Comedy, Crime, Action"
268,Batman,Released,1989-06-21,411348924,Warner Bros. Pictures,"Fantasy, Action, Crime"
336843,Maze Runner: The Death Cure,Released,2018-01-10,288175335,20th Century Fox,"Science Fiction, Action, Adventure, Thriller"
49013,Cars 2,Released,2011-06-11,559852396,Walt Disney Pictures,"Animation, Family, Adventure, Comedy"
57800,Ice Age: Continental Drift,Released,2012-06-27,877244782,20th Century Fox,"Animation, Comedy, Adventure, Family"
345940,The Meg,Released,2018-08-09,530517320,Warner Bros. Pictures,"Action, Science Fiction, Horror"
1372,Blood Diamond,Released,2006-12-08,171720398,Warner Bros. Pictures,"Drama, Thriller, Action"
404368,Ralph Breaks the Internet,Released,2018-11-20,529323962,Walt Disney Pictures,"Family, Animation, Comedy, Adventure"
359724,Ford v Ferrari,Released,2019-11-13,225508210,20th Century Fox,"Drama, Action, History"
312221,Creed,Released,2015-11-25,173567581,Warner Bros. Pictures,"Action, Drama"
11970,Hercules,Released,1997-06-20,252712101,Walt Disney Pictures,"Animation, Family, Fantasy, Adventure, Comedy, Romance"
44912,Green Lantern,Released,2011-06-14,219851172,Warner Bros. Pictures,"Adventure, Action, Thriller, Science Fiction"
62213,Dark Shadows,Released,2012-05-09,245527149,Warner Bros. Pictures,"Comedy, Fantasy"
163,Ocean's Twelve,Released,2004-12-09,362744280,Warner Bros. Pictures,"Thriller, Crime"
363676,Sully,Released,2016-09-07,240797623,Warner Bros. Pictures,"Drama, History"
295693,The Boss Baby,Released,2017-03-23,527965936,20th Century Fox,"Animation, Comedy, Family"
150689,Cinderella,Released,2015-03-06,543514353,Walt Disney Pictures,"Romance, Fantasy, Family, Drama"
20526,TRON: Legacy,Released,2010-12-14,400062763,Walt Disney Pictures,"Adventure, Action, Science Fiction"
49519,The Croods,Released,2013-03-15,587204668,20th Century Fox,"Animation, Adventure, Family, Fantasy, Comedy, Action"
158852,Tomorrowland,Released,2015-05-19,209154322,Walt Disney Pictures,"Adventure, Family, Mystery, Science Fiction"
949,Heat,Released,1995-12-15,187436818,Warner Bros. Pictures,"Action, Crime, Drama"
561,Constantine,Released,2005-02-08,230884728,Warner Bros. Pictures,"Fantasy, Action, Horror"
18360,Night at the Museum: Battle of the Smithsonian,Released,2009-05-20,413106170,20th Century Fox,"Adventure, Fantasy, Action, Comedy, Family"
76757,Jupiter Ascending,Released,2015-02-04,183987723,Warner Bros. Pictures,"Science Fiction, Fantasy, Action"
10201,Yes Man,Released,2008-12-09,223241637,Warner Bros. Pictures,"Comedy, Romance"
9543,Prince of Persia: The Sands of Time,Released,2010-05-19,336365676,Walt Disney Pictures,"Adventure, Fantasy, Action"
616,The Last Samurai,Released,2003-12-05,456758981,Warner Bros. Pictures,"Drama, Action, War"
337401,Mulan,Released,2020-09-04,66800000,Walt Disney Pictures,"Adventure, Fantasy, Drama, Action"
527774,Raya and the Last Dragon,Released,2021-03-03,130423032,Walt Disney Pictures,"Animation, Family, Fantasy, Action, Adventure"
37135,Tarzan,Released,1999-06-18,448191819,Walt Disney Pictures,"Family, Adventure, Animation, Drama"
68728,Oz the Great and Powerful,Released,2013-03-07,491868548,Walt Disney Pictures,"Fantasy, Adventure, Family"
82675,Taken 2,Released,2012-09-27,376141306,20th Century Fox,"Action, Crime, Thriller"
46195,Rio,Released,2011-04-03,484635760,20th Century Fox,"Animation, Adventure, Comedy, Family"
419704,Ad Astra,Released,2019-09-17,127461872,20th Century Fox,"Science Fiction, Drama"
4011,Beetlejuice,Released,1988-03-30,74714298,Warner Bros. Pictures,"Fantasy, Comedy"
11688,The Emperor's New Groove,Released,2000-12-15,169327687,Walt Disney Pictures,"Adventure, Animation, Comedy, Family, Fantasy"
296,Terminator 3: Rise of the Machines,Released,2003-07-02,435000000,Warner Bros. Pictures,"Action, Thriller, Science Fiction"
53182,300: Rise of an Empire,Released,2014-03-05,337580051,Warner Bros. Pictures,"Action, Drama, War"
47964,A Good Day to Die Hard,Released,2013-02-06,304654182,20th Century Fox,"Action, Thriller"
322,Mystic River,Released,2003-03-03,156822020,Warner Bros. Pictures,"Thriller, Crime, Drama, Mystery"
241259,Alice Through the Looking Glass,Released,2016-05-25,299457024,Walt Disney Pictures,"Adventure, Family, Fantasy"
534,Terminator Salvation,Released,2009-05-20,371353001,Warner Bros. Pictures,"Action, Science Fiction, Thriller"
364,Batman Returns,Released,1992-06-19,280000000,Warner Bros. Pictures,"Action, Fantasy"
320288,Dark Phoenix,Released,2019-06-05,252442974,20th Century Fox,"Fantasy, Science Fiction, Action, Adventure"
258489,The Legend of Tarzan,Released,2016-06-29,356743061,Warner Bros. Pictures,"Fantasy, Action, Adventure"
2454,The Chronicles of Narnia: Prince Caspian,Released,2008-05-15,419665568,Walt Disney Pictures,"Adventure, Family, Fantasy"
22881,The Blind Side,Released,2009-11-20,309208309,Warner Bros. Pictures,Drama
18823,Clash of the Titans,Released,2010-03-26,493214993,Warner Bros. Pictures,"Adventure, Fantasy, Action"
298,Ocean's Thirteen,Released,2007-06-05,311312624,Warner Bros. Pictures,"Crime, Thriller"
203801,The Man from U.N.C.L.E.,Released,2015-08-13,108145109,Warner Bros. Pictures,"Comedy, Action, Adventure"
2059,National Treasure,Released,2004-11-19,347512318,Walt Disney Pictures,"Adventure, Action, Thriller, Mystery"
927,Gremlins,Released,1984-06-08,153083102,Warner Bros. Pictures,"Fantasy, Horror, Comedy"
449176,"Love, Simon",Released,2018-02-16,66316289,20th Century Fox,"Comedy, Drama, Romance"
250546,Annabelle,Released,2014-10-02,257047661,Warner Bros. Pictures,Horror
644,A.I. Artificial Intelligence,Released,2001-06-29,235926552,Warner Bros. Pictures,"Drama, Science Fiction, Adventure"
420809,Maleficent: Mistress of Evil,Released,2019-10-16,491730089,Walt Disney Pictures,"Family, Fantasy, Adventure, Action"
508439,Onward,Released,2020-02-29,141940042,Walt Disney Pictures,"Family, Animation, Adventure, Comedy, Fantasy"
47933,Independence Day: Resurgence,Released,2016-06-22,389681935,20th Century Fox,"Action, Adventure, Science Fiction"
11544,Lilo & Stitch,Released,2002-06-21,273144151,Walt Disney Pictures,"Animation, Family"
39538,Contagion,Released,2011-09-08,137551594,Warner Bros. Pictures,"Drama, Thriller, Science Fiction"
166424,Fantastic Four,Released,2015-08-05,167977596,20th Century Fox,"Action, Adventure, Science Fiction"
302946,The Accountant,Released,2016-10-13,155160045,Warner Bros. Pictures,"Crime, Thriller, Drama"
788,Mrs. Doubtfire,Released,1993-11-24,441286195,20th Century Fox,"Comedy, Drama, Family"
2300,Space Jam,Released,1996-11-15,250200000,Warner Bros. Pictures,"Family, Animation, Comedy, Science Fiction"
1572,Die Hard: With a Vengeance,Released,1995-05-19,366101666,20th Century Fox,"Action, Thriller"
1637,Speed,Released,1994-06-09,350448145,20th Century Fox,"Action, Adventure, Crime"
401981,Red Sparrow,Released,2018-02-28,151572634,20th Century Fox,"Thriller, Mystery"
13053,Bolt,Released,2008-11-21,309979994,Walt Disney Pictures,"Animation, Family, Adventure, Comedy"
345,Eyes Wide Shut,Released,1999-07-16,162100000,Warner Bros. Pictures,"Drama, Thriller, Mystery"
57201,The Lone Ranger,Released,2013-07-03,260502115,Walt Disney Pictures,"Action, Adventure, Western"
302699,Central Intelligence,Released,2016-06-16,216972543,Warner Bros. Pictures,"Action, Comedy, Crime, Mystery"
13885,Sweeney Todd: The Demon Barber of Fleet Street,Released,2007-12-20,152000000,Warner Bros. Pictures,"Drama, Horror"
1813,The Devil's Advocate,Released,1997-10-17,152944660,Warner Bros. Pictures,"Drama, Mystery, Thriller, Horror"
1571,Live Free or Die Hard,Released,2007-06-20,383531464,20th Century Fox,"Action, Thriller"
2034,Training Day,Released,2001-10-05,104876233,Warner Bros. Pictures,"Action, Crime, Drama"
260346,Taken 3,Released,2014-12-16,325771424,20th Century Fox,"Thriller, Action"
274857,King Arthur: Legend of the Sword,Released,2017-05-10,148675066,Warner Bros. Pictures,"Action, Drama, Fantasy"
140300,Kung Fu Panda 3,Released,2016-01-23,521170825,20th Century Fox,"Action, Adventure, Animation, Comedy, Family"
3049,Ace Ventura: Pet Detective,Released,1994-02-04,107217396,Warner Bros. Pictures,"Comedy, Adventure"
10530,Pocahontas,Released,1995-06-14,346079773,Walt Disney Pictures,"Adventure, Animation, Family, Romance"
1573,Die Hard 2,Released,1990-07-03,240031094,20th Century Fox,"Action, Thriller"
396422,Annabelle: Creation,Released,2017-08-03,306515884,Warner Bros. Pictures,"Horror, Mystery, Thriller"
9340,The Goonies,Released,1985-06-07,61389680,Warner Bros. Pictures,"Adventure, Comedy, Family"
49529,John Carter,Released,2012-03-07,284139100,Walt Disney Pictures,"Action, Adventure, Science Fiction"
451048,Jungle Cruise,Released,2021-07-28,220889446,Walt Disney Pictures,"Action, Adventure, Fantasy"
10386,The Iron Giant,Released,1999-08-06,23159305,Warner Bros. Pictures,"Family, Animation, Science Fiction, Drama"
157353,Transcendence,Released,2014-04-16,103039258,Warner Bros. Pictures,"Thriller, Science Fiction, Drama, Mystery"
4523,Enchanted,Released,2007-11-20,340487652,Walt Disney Pictures,"Comedy, Family, Fantasy, Romance"
8077,Alien³,Released,1992-05-22,159773545,20th Century Fox,"Science Fiction, Action, Horror"
10198,The Princess and the Frog,Released,2009-12-08,270997378,Walt Disney Pictures,"Romance, Family, Animation"
41733,Due Date,Released,2010-11-03,211780824,Warner Bros. Pictures,"Comedy, Drama"
624860,The Matrix Resurrections,Released,2021-12-16,156497322,Warner Bros. Pictures,"Science Fiction, Action, Adventure"
75,Mars Attacks!,Released,1996-12-13,101371017,Warner Bros. Pictures,"Comedy, Fantasy, Science Fiction"
1635,The Island,Released,2005-07-21,162949164,Warner Bros. Pictures,"Action, Thriller, Science Fiction, Adventure"
9444,Anastasia,Released,1997-11-20,139804348,20th Century Fox,"Animation, Family, Fantasy, Adventure"
496,Borat: Cultural Learnings of America for Make Benefit Glorious Nation of Kazakhstan,Released,2006-11-01,262552893,20th Century Fox,Comedy
289,Casablanca,Released,1943-01-15,10462500,Warner Bros. Pictures,"Drama, Romance"
2567,The Aviator,Released,2004-12-17,213700000,Warner Bros. Pictures,Drama
76726,Chronicle,Released,2012-02-01,145000000,20th Century Fox,"Science Fiction, Drama, Thriller"
21208,Orphan,Released,2009-07-24,77912251,Warner Bros. Pictures,"Horror, Thriller, Mystery"
311,Once Upon a Time in America,Released,1984-05-23,5500000,Warner Bros. Pictures,"Drama, Crime"
414,Batman Forever,Released,1995-06-16,336529144,Warner Bros. Pictures,"Action, Crime, Fantasy"
6637,National Treasure: Book of Secrets,Released,2007-12-13,459242249,Walt Disney Pictures,"Action, Adventure, Mystery, Thriller"
9480,Daredevil,Released,2003-02-14,179179718,20th Century Fox,"Fantasy, Action"
43347,Love & Other Drugs,Released,2010-11-22,102820008,20th Century Fox,"Drama, Comedy, Romance"
454,Romeo + Juliet,Released,1996-11-01,147298761,20th Century Fox,"Drama, Romance"
81005,Jack the Giant Slayer,Released,2013-02-27,197687603,Warner Bros. Pictures,"Fantasy, Action, Adventure, Family"
290859,Terminator: Dark Fate,Released,2019-10-23,261119292,20th Century Fox,"Science Fiction, Action"
27022,The Sorcerer's Apprentice,Released,2010-07-13,215283742,Walt Disney Pictures,"Fantasy, Adventure, Action"
415,Batman & Robin,Released,1997-06-20,238207122,Warner Bros. Pictures,"Action, Science Fiction, Adventure, Comedy"
23168,The Town,Released,2010-09-15,154026136,Warner Bros. Pictures,"Crime, Drama, Thriller"
10545,The Hunchback of Notre Dame,Released,1996-06-21,325338851,Walt Disney Pictures,"Drama, Animation, Family"
324849,The Lego Batman Movie,Released,2017-02-08,311950384,Warner Bros. Pictures,"Animation, Action, Comedy, Family"
504172,The Mule,Released,2018-12-14,174804407,Warner Bros. Pictures,"Crime, Drama"
544,There's Something About Mary,Released,1998-07-15,369884651,20th Century Fox,"Romance, Comedy"
9880,The Princess Diaries,Released,2001-08-03,165335153,Walt Disney Pictures,"Comedy, Family, Romance"
308266,War Dogs,Released,2016-08-18,86234523,Warner Bros. Pictures,"Comedy, Crime, Drama"
508947,Turning Red,Released,2022-03-10,18879922,Walt Disney Pictures,"Animation, Family, Comedy, Fantasy"
2118,L.A. Confidential,Released,1997-09-19,126216940,Warner Bros. Pictures,"Crime, Mystery, Thriller"
274855,Geostorm,Released,2017-10-12,221600160,Warner Bros. Pictures,"Action, Science Fiction, Thriller"
23629,Sucker Punch,Released,2011-03-24,89792502,Warner Bros. Pictures,"Action, Fantasy, Thriller"
8078,Alien Resurrection,Released,1997-11-12,162000000,20th Century Fox,"Science Fiction, Horror, Action"
1265,Bridge to Terabithia,Released,2007-02-15,137587063,Walt Disney Pictures,"Adventure, Drama, Family"
10865,Atlantis: The Lost Empire,Released,2001-06-02,186053725,Walt Disney Pictures,"Animation, Family, Adventure, Science Fiction"
34544,The A-Team,Released,2010-06-09,177238796,20th Century Fox,"Thriller, Action, Adventure, Comedy, Crime"
320,Insomnia,Released,2002-05-24,113714830,Warner Bros. Pictures,"Thriller, Crime"
446354,The Post,Released,2017-12-22,179769467,20th Century Fox,"Drama, History"
346910,The Predator,Released,2018-09-05,160542134,20th Century Fox,"Science Fiction, Action, Adventure"
824,Moulin Rouge!,Released,2001-05-24,179213434,20th Century Fox,"Drama, Romance, Music"
9928,Robots,Released,2005-03-10,262511490,20th Century Fox,"Animation, Comedy, Family, Science Fiction"
278154,Ice Age: Collision Course,Released,2016-06-23,408579038,20th Century Fox,"Adventure, Animation, Family, Comedy, Science Fiction"
17979,A Christmas Carol,Released,2009-11-04,325286646,Walt Disney Pictures,"Animation, Family, Fantasy"
941,Lethal Weapon,Released,1987-03-06,120207127,Warner Bros. Pictures,"Adventure, Action, Comedy, Thriller, Crime"
37834,Knight and Day,Released,2010-06-15,261989769,20th Century Fox,"Action, Comedy"
6477,Alvin and the Chipmunks,Released,2007-12-13,361366633,20th Century Fox,"Comedy, Family, Fantasy, Animation"
9732,The Lion King II: Simba's Pride,Released,1998-10-24,0,Walt Disney Pictures,"Family, Adventure, Animation, Action"
329996,Dumbo,Released,2019-03-27,353284621,Walt Disney Pictures,"Family, Fantasy, Adventure"
9637,Scooby-Doo,Released,2002-06-14,275650703,Warner Bros. Pictures,"Mystery, Adventure, Comedy"
224141,Into the Woods,Released,2014-12-24,212902372,Walt Disney Pictures,"Fantasy, Comedy"
686,Contact,Released,1997-07-11,171120329,Warner Bros. Pictures,"Drama, Science Fiction, Mystery"
395,AVP: Alien vs. Predator,Released,2004-08-12,177427090,20th Century Fox,"Adventure, Science Fiction, Action, Horror"
33,Unforgiven,Released,1992-08-07,159157447,Warner Bros. Pictures,Western
116741,The Internship,Released,2013-06-07,44000000,20th Century Fox,Comedy
57165,Wrath of the Titans,Released,2012-03-28,301970083,Warner Bros. Pictures,"Fantasy, Adventure"
356305,Why Him?,Released,2016-12-22,118102725,20th Century Fox,Comedy
1452,Superman Returns,Released,2006-06-28,391081192,Warner Bros. Pictures,"Science Fiction, Action, Adventure"
205775,In the Heart of the Sea,Released,2015-12-03,93920758,Warner Bros. Pictures,"Thriller, Drama, Adventure, Action, History"
274479,Joy,Released,2015-12-24,101134059,20th Century Fox,"Drama, Comedy"
22954,Invictus,Released,2009-12-10,122426792,Warner Bros. Pictures,"Drama, History"
5503,The Fugitive,Released,1993-08-06,368875760,Warner Bros. Pictures,"Action, Thriller, Drama"
338953,Fantastic Beasts: The Secrets of Dumbledore,Released,2022-04-06,406950844,Warner Bros. Pictures,"Fantasy, Adventure, Family"
82682,Gangster Squad,Released,2013-01-09,105200903,Warner Bros. Pictures,"Crime, Drama, Action, Thriller"
9016,Treasure Planet,Released,2002-11-26,109578115,Walt Disney Pictures,"Adventure, Animation, Family, Fantasy, Science Fiction"
9820,The Parent Trap,Released,1998-07-28,92108518,Walt Disney Pictures,"Comedy, Family"
10229,A Walk to Remember,Released,2002-01-25,47494916,Warner Bros. Pictures,"Drama, Romance"
9273,Ace Ventura: When Nature Calls,Released,1995-11-10,212385533,Warner Bros. Pictures,"Crime, Comedy, Adventure"
1495,Kingdom of Heaven,Released,2005-05-03,218122627,20th Century Fox,"Drama, Action, Adventure, History, War"
205587,The Judge,Released,2014-10-08,83719388,Warner Bros. Pictures,Drama
34851,Predators,Released,2010-07-03,127233108,20th Century Fox,"Science Fiction, Action, Thriller"
379686,Space Jam: A New Legacy,Released,2021-07-08,163692228,Warner Bros. Pictures,"Family, Animation, Comedy, Science Fiction"
8698,The League of Extraordinary Gentlemen,Released,2003-07-11,179265204,20th Century Fox,"Fantasy, Action, Thriller, Science Fiction"
136795,The Heat,Released,2013-06-27,158674180,20th Century Fox,"Action, Comedy, Crime"
34584,The NeverEnding Story,Released,1984-04-06,20158808,Warner Bros. Pictures,"Adventure, Fantasy, Family, Drama"
228161,Home,Released,2015-03-18,368871007,20th Century Fox,"Fantasy, Comedy, Animation, Science Fiction, Family"
36955,True Lies,Released,1994-07-15,378882411,20th Century Fox,"Action, Thriller"
869,Planet of the Apes,Released,2001-07-25,362211740,20th Century Fox,"Thriller, Science Fiction, Action, Adventure"
8920,Garfield,Released,2004-06-10,200804534,20th Century Fox,"Animation, Comedy, Family"
9982,Chicken Little,Released,2005-11-04,314432665,Walt Disney Pictures,"Animation, Family, Comedy"
345911,Lights Out,Released,2016-07-21,148868835,Warner Bros. Pictures,"Horror, Thriller, Mystery"
340837,A Cure for Wellness,Released,2017-02-15,26620002,20th Century Fox,"Horror, Mystery, Science Fiction"
48138,Unknown,Released,2011-02-16,130786397,Warner Bros. Pictures,"Action, Mystery, Thriller"
1493,Miss Congeniality,Released,2000-12-22,212000000,Warner Bros. Pictures,"Comedy, Crime, Action"
72976,Lincoln,Released,2012-11-09,275293450,20th Century Fox,"History, Drama"
2123,"Me, Myself & Irene",Released,2000-06-22,149270999,20th Century Fox,Comedy
10330,Freaky Friday,Released,2003-08-05,160846332,Walt Disney Pictures,"Comedy, Family, Fantasy"
1924,Superman,Released,1978-12-14,300218018,Warner Bros. Pictures,"Science Fiction, Action, Adventure"
19994,Jennifer's Body,Released,2009-09-18,31556061,20th Century Fox,"Horror, Comedy"
77877,The Lucky One,Released,2012-04-19,99357138,Warner Bros. Pictures,"Drama, Romance"
10184,He's Just Not That Into You,Released,2009-02-06,178866158,Warner Bros. Pictures,"Comedy, Romance, Drama"
455207,Crazy Rich Asians,Released,2018-08-15,238539198,Warner Bros. Pictures,"Comedy, Drama, Romance"
193610,The Other Woman,Released,2014-04-16,196781193,20th Century Fox,"Comedy, Romance"
9739,Demolition Man,Released,1993-10-08,58055768,Warner Bros. Pictures,"Crime, Action, Science Fiction"
152760,The Monuments Men,Released,2014-01-24,154984035,20th Century Fox,"War, Drama, History, Action"
4147,Road to Perdition,Released,2002-07-12,181001478,20th Century Fox,"Crime, Drama, Thriller"
11887,High School Musical 3: Senior Year,Released,2008-10-11,252909177,Walt Disney Pictures,"Comedy, Romance, Drama, Family, Music"
136799,Trolls,Released,2016-10-13,346864462,20th Century Fox,"Family, Animation, Fantasy, Adventure, Comedy, Music"
37094,Falling Down,Released,1993-02-26,40903593,Warner Bros. Pictures,"Crime, Drama, Thriller"
2280,Big,Released,1988-06-03,151927281,20th Century Fox,"Fantasy, Drama, Comedy, Romance, Family"
446021,Bad Times at the El Royale,Released,2018-10-04,31882724,20th Century Fox,"Thriller, Drama, Mystery, Crime"
8645,The Happening,Released,2008-06-11,163403799,20th Century Fox,"Thriller, Science Fiction"
819,Sleepers,Released,1996-10-18,165615285,Warner Bros. Pictures,"Crime, Drama, Thriller"
44048,Unstoppable,Released,2010-11-04,167805466,20th Century Fox,"Action, Thriller"
172385,Rio 2,Released,2014-03-19,500188435,20th Century Fox,"Animation, Adventure, Comedy, Family"
10591,The Girl Next Door,Released,2004-04-09,31635150,20th Century Fox,"Comedy, Romance"
9472,DodgeBall: A True Underdog Story,Released,2004-06-18,167722310,20th Century Fox,Comedy
59962,This Means War,Released,2012-02-14,156974557,20th Century Fox,"Action, Comedy, Romance"
267935,The BFG,Released,2016-06-01,195243411,Walt Disney Pictures,"Adventure, Family, Fantasy"
10200,The Day the Earth Stood Still,Released,2008-12-10,233093859,20th Century Fox,"Drama, Science Fiction, Thriller"
11674,101 Dalmatians,Released,1996-11-27,320689294,Walt Disney Pictures,"Family, Comedy"
6023,P.S. I Love You,Released,2007-11-15,156835339,Warner Bros. Pictures,"Drama, Romance"
140823,Saving Mr. Banks,Released,2013-11-29,112544580,Walt Disney Pictures,"Comedy, Drama, History"
400650,Mary Poppins Returns,Released,2018-12-13,348807090,Walt Disney Pictures,"Fantasy, Family, Comedy"
241,Natural Born Killers,Released,1994-08-26,50283563,Warner Bros. Pictures,"Crime, Thriller, Drama"
72331,Abraham Lincoln: Vampire Hunter,Released,2012-06-20,116471580,20th Century Fox,"Action, Fantasy, Horror"
942,Lethal Weapon 2,Released,1989-07-07,227853986,Warner Bros. Pictures,"Action, Adventure, Comedy, Crime, Thriller"
314,Catwoman,Released,2004-07-22,82102379,Warner Bros. Pictures,"Action, Fantasy, Mystery, Crime"
871,Planet of the Apes,Released,1968-02-07,32589624,20th Century Fox,"Science Fiction, Adventure, Drama, Action"
8487,Wild Wild West,Released,1999-06-30,222104681,Warner Bros. Pictures,"Action, Adventure, Comedy, Science Fiction, Western"
265195,Wild Tales,Released,2014-08-21,27007072,Warner Bros. Pictures,"Drama, Thriller, Comedy"
718789,Lightyear,Released,2022-06-15,226425420,Walt Disney Pictures,"Animation, Action, Adventure, Family, Science Fiction"
77950,Turbo,Released,2013-07-11,282570682,20th Century Fox,"Animation, Family"
2486,Eragon,Released,2006-12-14,249288105,20th Century Fox,"Fantasy, Action, Adventure, Family"
12222,Horton Hears a Who!,Released,2008-03-03,298572799,20th Century Fox,"Animation, Comedy, Family, Adventure, Fantasy"
1966,Alexander,Released,2004-11-21,167298192,Warner Bros. Pictures,"War, History, Action, Adventure, Drama, Romance"
1620,Hitman,Released,2007-11-21,99965753,20th Century Fox,"Action, Thriller, Drama"
11130,The Princess Diaries 2: Royal Engagement,Released,2004-08-06,134734481,Walt Disney Pictures,"Comedy, Drama, Family, Romance"
11247,A Cinderella Story,Released,2004-07-16,70067909,Warner Bros. Pictures,"Comedy, Family, Romance"
15121,The Sound of Music,Released,1965-03-29,286214286,20th Century Fox,"Drama, Family, Music, Romance"
9489,You've Got Mail,Released,1998-12-17,250821495,Warner Bros. Pictures,"Comedy, Romance"
49730,Red Riding Hood,Released,2011-03-10,89162162,Warner Bros. Pictures,"Action, Adventure, Horror, Fantasy, Thriller"
298618,The Flash,Released,2023-06-13,268375616,Warner Bros. Pictures,"Action, Adventure, Science Fiction"
8367,Robin Hood: Prince of Thieves,Released,1991-06-14,390493908,Warner Bros. Pictures,"Action, Adventure, Drama, Romance"
664,Twister,Released,1996-05-10,494471524,Warner Bros. Pictures,"Action, Adventure, Drama"
169,Predator 2,Released,1990-11-21,57120318,20th Century Fox,"Science Fiction, Action, Thriller"
3034,Young Frankenstein,Released,1974-12-15,86273333,20th Century Fox,Comedy
10022,The Pacifier,Released,2005-03-04,198636868,Walt Disney Pictures,"Comedy, Family, Action"
8619,Master and Commander: The Far Side of the World,Released,2003-11-14,212011111,20th Century Fox,"Adventure, Drama, War"
3050,Doctor Dolittle,Released,1998-06-26,294456605,20th Century Fox,"Comedy, Family, Fantasy"
9029,What Happens in Vegas,Released,2008-05-07,219375562,20th Century Fox,"Comedy, Romance"
443791,Underwater,Released,2020-01-08,40882928,20th Century Fox,"Horror, Science Fiction, Action, Adventure"
249070,Hitman: Agent 47,Released,2015-08-20,81967450,20th Century Fox,"Action, Crime, Thriller"
614934,Elvis,Released,2022-06-22,288670284,Warner Bros. Pictures,"Drama, Music, History"
9354,"Honey, I Shrunk the Kids",Released,1989-06-23,222724172,Walt Disney Pictures,"Adventure, Comedy, Family, Science Fiction"
11430,The Lion King 1½,Released,2004-02-06,1465,Walt Disney Pictures,"Family, Animation, Comedy, Action"
9361,The Last of the Mohicans,Released,1992-08-26,75505856,20th Century Fox,"Action, Adventure, Drama, History, Romance, War"
10066,House of Wax,Released,2005-05-05,68766121,Warner Bros. Pictures,"Horror, Thriller"
12113,Body of Lies,Released,2008-10-09,113280098,Warner Bros. Pictures,"Action, Drama, Thriller"
9714,Home Alone 3,Released,1997-12-12,79082515,20th Century Fox,"Comedy, Family"
7840,"10,000 BC",Released,2008-03-04,269784201,Warner Bros. Pictures,"Adventure, Action, Drama, Fantasy"
10439,Hocus Pocus,Released,1993-07-16,45395069,Walt Disney Pictures,"Fantasy, Comedy, Family"
58224,Mr. Popper's Penguins,Released,2011-06-17,187361754,20th Century Fox,"Comedy, Family"
109491,Beautiful Creatures,Released,2013-02-13,60052138,Warner Bros. Pictures,"Fantasy, Drama, Romance"
503314,Dragon Ball Super: Broly,Released,2018-12-14,125002821,,"Action, Science Fiction, Animation"
13809,RocknRolla,Released,2008-09-04,25740863,Warner Bros. Pictures,"Action, Crime, Thriller"
6978,Big Trouble in Little China,Released,1986-05-30,11000000,20th Century Fox,"Comedy, Action, Adventure, Fantasy"
23398,Alvin and the Chipmunks: The Squeakquel,Released,2009-12-21,443140005,20th Century Fox,"Comedy, Family, Animation, Fantasy, Music"
9889,Shallow Hal,Released,2001-11-01,141069860,20th Century Fox,"Comedy, Romance"
619,The Bodyguard,Released,1992-11-25,411006740,Warner Bros. Pictures,"Thriller, Action, Drama, Music, Romance"
968,Dog Day Afternoon,Released,1975-09-21,46665856,Warner Bros. Pictures,"Crime, Drama, Thriller"
1542,Office Space,Released,1999-02-19,12827813,20th Century Fox,Comedy
364689,Ferdinand,Released,2017-12-09,295038508,20th Century Fox,"Animation, Family, Adventure, Comedy"
10202,Bedtime Stories,Released,2008-12-24,212874864,Walt Disney Pictures,"Fantasy, Comedy, Family, Romance"
35056,Date Night,Released,2010-04-08,152263880,20th Century Fox,"Comedy, Action, Adventure"
429351,12 Strong,Released,2018-01-18,67450815,Warner Bros. Pictures,"War, Drama, Action, History"
943,Lethal Weapon 3,Released,1992-05-15,321731527,Warner Bros. Pictures,"Adventure, Action, Comedy, Thriller, Crime"
445651,The Darkest Minds,Released,2018-07-25,41142379,20th Century Fox,"Action, Adventure, Drama"
266647,Pan,Released,2015-09-24,128388320,Warner Bros. Pictures,"Fantasy, Adventure, Family, Action"
2756,The Abyss,Released,1989-08-09,90000098,20th Century Fox,"Adventure, Action, Thriller, Science Fiction"
11007,Cheaper by the Dozen,Released,2003-12-24,190212113,20th Century Fox,"Comedy, Family"
193893,Let's Be Cops,Released,2014-08-13,136621271,20th Century Fox,Comedy
440,Aliens vs Predator: Requiem,Released,2007-12-25,130290885,20th Century Fox,"Fantasy, Action, Science Fiction, Thriller, Horror"
1267,Meet the Robinsons,Released,2007-03-23,169332978,Walt Disney Pictures,"Animation, Comedy, Family"
531219,Roald Dahl's The Witches,Released,2020-10-26,29303571,Warner Bros. Pictures,"Family, Comedy, Fantasy, Horror"
431693,Spies in Disguise,Released,2019-12-04,171616764,20th Century Fox,"Animation, Action, Adventure, Comedy, Family"
36685,The Rocky Horror Picture Show,Released,1975-08-14,112892319,20th Century Fox,"Comedy, Science Fiction, Fantasy, Horror"
768,From Hell,Released,2001-02-08,74558115,20th Century Fox,"Horror, Mystery, Thriller"
353070,Going in Style,Released,2017-04-06,84618541,Warner Bros. Pictures,"Crime, Comedy"
7512,Idiocracy,Released,2006-09-01,495303,20th Century Fox,"Comedy, Science Fiction, Adventure"
51739,The Secret World of Arrietty,Released,2010-07-16,149480483,Walt Disney Pictures,"Fantasy, Animation, Family"
116711,Epic,Released,2013-05-15,268426634,20th Century Fox,"Animation, Adventure, Family, Fantasy"
3175,Barry Lyndon,Released,1975-12-18,198992,Warner Bros. Pictures,"Drama, Romance, War"
420814,Christopher Robin,Released,2018-08-02,99138899,Walt Disney Pictures,"Adventure, Comedy, Family, Fantasy"
1381,The Fountain,Released,2006-11-22,15304890,Warner Bros. Pictures,"Drama, Adventure, Science Fiction, Romance"
10999,Commando,Released,1985-10-03,57500000,20th Century Fox,"Action, Adventure, Thriller"
5123,August Rush,Released,2007-11-21,66122026,Warner Bros. Pictures,"Family, Drama, Music"
257091,Get Hard,Released,2015-03-26,111811453,Warner Bros. Pictures,Comedy
2044,The Lake House,Released,2006-06-16,114830111,Warner Bros. Pictures,"Drama, Mystery, Romance"
74465,We Bought a Zoo,Released,2011-12-08,120081841,20th Century Fox,"Drama, Comedy, Family"
11024,Scooby-Doo 2: Monsters Unleashed,Released,2004-03-24,181466833,Warner Bros. Pictures,"Mystery, Fantasy, Adventure, Comedy"
23437,A Nightmare on Elm Street,Released,2010-04-30,115664037,Warner Bros. Pictures,"Horror, Mystery, Thriller"
976573,Elemental,Released,2023-06-14,486797988,Walt Disney Pictures,"Animation, Comedy, Family, Fantasy, Romance"
9473,"South Park: Bigger, Longer & Uncut",Released,1999-06-30,83137603,Warner Bros. Pictures,"Animation, Comedy"
5236,Kiss Kiss Bang Bang,Released,2005-09-05,15785148,Warner Bros. Pictures,"Comedy, Crime, Mystery, Thriller"
319,True Romance,Released,1993-09-09,12600000,Warner Bros. Pictures,"Action, Crime, Romance"
9705,Swordfish,Released,2001-06-08,147080413,Warner Bros. Pictures,"Action, Crime, Thriller"
228326,The Book of Life,Released,2014-10-01,97437106,,"Animation, Adventure, Comedy, Family, Fantasy"
9902,Wrong Turn,Released,2003-05-30,28650575,20th Century Fox,"Horror, Thriller"
10637,Remember the Titans,Released,2000-09-29,136706683,Walt Disney Pictures,Drama
9336,Police Academy,Released,1984-03-22,81198894,Warner Bros. Pictures,"Comedy, Crime"
944,Lethal Weapon 4,Released,1998-07-10,285444603,Warner Bros. Pictures,"Action, Adventure, Comedy, Crime, Thriller"
1580,Rope,Released,1948-03-11,2200000,Warner Bros. Pictures,"Thriller, Crime, Drama"
407436,Mowgli: Legend of the Jungle,Released,2018-11-25,0,Warner Bros. Pictures,"Adventure, Drama"
9279,Jingle All the Way,Released,1996-11-21,129832389,20th Century Fox,"Family, Comedy, Adventure"
316023,Mike and Dave Need Wedding Dates,Released,2016-07-07,77068246,20th Century Fox,Comedy
58244,Upside Down,Released,2012-09-27,22187813,Warner Bros. Pictures,"Romance, Science Fiction, Drama, Fantasy"
521,Dial M for Murder,Released,1954-05-29,3000000,Warner Bros. Pictures,"Thriller, Crime"
171274,Inherent Vice,Released,2014-12-12,14710975,Warner Bros. Pictures,"Drama, Mystery, Comedy"
928,Gremlins 2: The New Batch,Released,1990-06-15,41482207,Warner Bros. Pictures,"Comedy, Horror, Fantasy"
10567,Dinosaur,Released,2000-05-19,354248063,Walt Disney Pictures,"Family, Animation"
587807,Tom & Jerry,Released,2021-02-10,136536687,Warner Bros. Pictures,"Comedy, Family, Animation"
10204,Around the World in 80 Days,Released,2004-06-16,72178895,Walt Disney Pictures,"Action, Adventure, Comedy"
292011,Richard Jewell,Released,2019-12-13,33904605,Warner Bros. Pictures,"Drama, Crime"
4512,The Assassination of Jesse James by the Coward Robert Ford,Released,2007-09-20,14711793,Warner Bros. Pictures,"Action, Drama, Western"
88794,J. Edgar,Released,2011-11-09,84606030,Warner Bros. Pictures,"Drama, Crime, History"
1645,A Time to Kill,Released,1996-07-24,152266007,Warner Bros. Pictures,"Crime, Drama, Thriller"
9947,Elektra,Released,2005-01-13,56681566,20th Century Fox,"Action, Fantasy, Science Fiction"
8914,Deep Blue Sea,Released,1999-07-28,164648142,Warner Bros. Pictures,"Action, Horror, Science Fiction"
16690,Return to Never Land,Released,2002-02-14,109862682,Walt Disney Pictures,"Adventure, Fantasy, Animation, Family"
38745,Gulliver's Travels,Released,2010-12-23,237382724,20th Century Fox,"Family, Comedy, Adventure, Fantasy"
984,Dirty Harry,Released,1971-12-22,35976000,Warner Bros. Pictures,"Action, Crime, Thriller"
82703,Mr. Peabody & Sherman,Released,2014-02-07,272912430,20th Century Fox,"Animation, Adventure, Family"
290512,The Mountain Between Us,Released,2017-10-05,62832209,20th Century Fox,"Drama, Adventure, Romance"
8374,The Boondock Saints,Released,1999-01-22,50000000,20th Century Fox,"Action, Thriller, Crime"
63492,What's Your Number?,Released,2011-09-30,30426096,20th Century Fox,"Comedy, Romance"
9574,Flubber,Released,1997-11-26,177977226,Walt Disney Pictures,"Comedy, Family, Science Fiction"
12242,Mulan II,Released,2004-11-03,0,Walt Disney Pictures,"Animation, Comedy, Family, Action"
301351,We Are Your Friends,Released,2015-08-26,11122090,Warner Bros. Pictures,"Drama, Music, Romance, Comedy"
9645,Ghost Ship,Released,2002-10-25,68349884,Warner Bros. Pictures,"Horror, Mystery, Thriller"
602269,The Little Things,Released,2021-01-28,29942746,Warner Bros. Pictures,"Crime, Drama, Thriller"
332210,Storks,Released,2016-09-22,182379278,Warner Bros. Pictures,"Adventure, Animation, Comedy, Family"
447277,The Little Mermaid,Released,2023-05-18,569244557,Walt Disney Pictures,"Adventure, Family, Fantasy, Romance"
6972,Australia,Released,2008-11-18,211787511,20th Century Fox,"Adventure, Drama, Romance"
11459,Sky High,Released,2005-07-29,86369815,Walt Disney Pictures,"Adventure, Comedy, Family"
257088,Point Break,Released,2015-12-03,133718711,Warner Bros. Pictures,"Action, Adventure, Crime, Thriller"
9600,Big Momma's House,Released,2000-05-31,173959438,20th Century Fox,"Crime, Comedy"
11451,Herbie Fully Loaded,Released,2005-06-22,144146816,Walt Disney Pictures,"Comedy, Family, Adventure, Fantasy, Romance"
9384,Starsky & Hutch,Released,2004-03-05,170268750,Warner Bros. Pictures,"Comedy, Crime"
346648,Paddington 2,Released,2017-11-09,227300000,Warner Bros. Pictures,"Adventure, Comedy, Family"
5825,National Lampoon's Christmas Vacation,Released,1989-11-30,71319546,Warner Bros. Pictures,Comedy
11011,Ri¢hie Ri¢h,Released,1994-12-19,38087756,Warner Bros. Pictures,"Comedy, Family"
614917,King Richard,Released,2021-11-18,39429285,Warner Bros. Pictures,"Drama, History"
8536,Superman II,Released,1980-12-04,190458706,Warner Bros. Pictures,"Science Fiction, Action, Adventure"
6950,Outbreak,Released,1995-03-10,189859560,Warner Bros. Pictures,"Action, Drama, Science Fiction, Thriller"
2135,The Time Machine,Released,2002-03-04,123729176,Warner Bros. Pictures,"Science Fiction, Adventure, Action"
2133,The Perfect Storm,Released,2000-06-29,325756637,Warner Bros. Pictures,"Action, Adventure, Drama, Thriller"
37707,Splice,Released,2009-10-06,0,Warner Bros. Pictures,"Horror, Science Fiction, Thriller"
522212,Just Mercy,Released,2019-12-25,50401502,Warner Bros. Pictures,"Drama, Crime, History"
615656,Meg 2: The Trench,Released,2023-08-02,384056482,Warner Bros. Pictures,"Action, Science Fiction, Horror"
262,The King of Comedy,Released,1982-12-18,2536000,20th Century Fox,"Drama, Comedy"
55301,Alvin and the Chipmunks: Chipwrecked,Released,2011-12-14,342695435,20th Century Fox,"Comedy, Fantasy, Family, Music, Animation"
192102,3 Days to Kill,Released,2014-02-14,53260230,20th Century Fox,"Action, Drama, Thriller"
426543,The Nutcracker and the Four Realms,Released,2018-10-26,59522646,Walt Disney Pictures,"Fantasy, Adventure, Family"
228066,Victor Frankenstein,Released,2015-11-10,34227298,20th Century Fox,"Drama, Science Fiction, Thriller"
9513,Garfield: A Tail of Two Kitties,Released,2006-06-15,141702264,20th Century Fox,"Animation, Comedy, Family, Adventure"
642,Butch Cassidy and the Sundance Kid,Released,1969-01-15,102308889,20th Century Fox,Western
280217,The Lego Movie 2: The Second Part,Released,2019-02-06,199603202,Warner Bros. Pictures,"Action, Adventure, Animation, Comedy, Family"
503,Poseidon,Released,2006-05-10,181674817,Warner Bros. Pictures,"Adventure, Action, Drama, Thriller"
9595,Hot Shots!,Released,1991-07-31,181096164,20th Century Fox,"Action, Comedy, War"
795,City of Angels,Released,1998-04-10,198685114,Warner Bros. Pictures,"Romance, Drama, Fantasy"
688,The Bridges of Madison County,Released,1995-06-02,182016617,Warner Bros. Pictures,"Drama, Romance"
10603,George of the Jungle,Released,1997-07-15,174463257,Walt Disney Pictures,"Adventure, Comedy, Family, Romance"
619730,Don't Worry Darling,Released,2022-09-21,86669039,Warner Bros. Pictures,"Thriller, Mystery, Drama"
18126,Hannah Montana: The Movie,Released,2009-04-10,155545279,Walt Disney Pictures,"Comedy, Drama, Family, Music, Romance"
14164,Dragonball Evolution,Released,2009-03-12,58228460,20th Century Fox,"Action, Adventure, Fantasy, Science Fiction, Thriller"
13051,Max Payne,Released,2008-10-15,85416905,20th Century Fox,"Crime, Action, Drama, Thriller"
23082,The Invention of Lying,Released,2009-10-02,32406507,Warner Bros. Pictures,"Comedy, Fantasy, Romance"
64685,Extremely Loud & Incredibly Close,Released,2011-12-25,55247881,Warner Bros. Pictures,Drama
203,Mean Streets,Released,1973-10-14,3000000,Warner Bros. Pictures,"Drama, Crime"
331313,Keeping Up with the Joneses,Released,2016-10-20,29918745,20th Century Fox,"Action, Comedy"
13680,The Game Plan,Released,2007-09-28,147880543,Walt Disney Pictures,"Comedy, Family"
8005,Robin Hood: Men in Tights,Released,1993-07-28,35739755,20th Century Fox,Comedy
9631,The Negotiator,Released,1998-07-29,44547681,Warner Bros. Pictures,"Action, Crime, Drama, Thriller"
820,JFK,Released,1991-12-20,205405498,Warner Bros. Pictures,"Drama, Thriller, History"
13700,Home on the Range,Released,2004-04-02,145358062,Walt Disney Pictures,"Animation, Family"
9641,Cheaper by the Dozen 2,Released,2005-12-21,129181830,20th Century Fox,"Comedy, Family, Adventure"
378,Raising Arizona,Released,1987-03-01,29180280,20th Century Fox,"Comedy, Crime"
1251,Letters from Iwo Jima,Released,2006-12-19,68673228,Warner Bros. Pictures,"Action, Drama, War"
9381,Babylon A.D.,Released,2008-08-20,72109200,20th Century Fox,"Action, Adventure, Science Fiction, Thriller"
23023,Tooth Fairy,Released,2010-01-14,112462508,20th Century Fox,"Comedy, Family, Fantasy"
10673,Wall Street,Released,1987-12-10,43848069,20th Century Fox,"Crime, Drama"
864,Cool Runnings,Released,1993-10-01,154856263,Walt Disney Pictures,"Comedy, Adventure, Drama"
10756,The Haunted Mansion,Released,2003-11-26,182290266,Walt Disney Pictures,"Thriller, Fantasy, Comedy, Family, Mystery"
11395,The Santa Clause,Released,1994-11-11,189833357,Walt Disney Pictures,"Fantasy, Drama, Comedy, Family"
12180,Star Wars: The Clone Wars,Released,2008-08-05,68282844,Warner Bros. Pictures,"Animation, Action, Science Fiction, Adventure"
606856,Togo,Released,2019-12-20,0,Walt Disney Pictures,"Adventure, Family"
794,The Omen,Released,1976-06-25,60922980,20th Century Fox,"Horror, Thriller"
1547,The Lost Boys,Released,1987-07-31,32222567,Warner Bros. Pictures,"Horror, Comedy, Thriller"
12096,The Pink Panther,Released,2006-02-10,158851357,20th Century Fox,"Comedy, Mystery, Crime, Adventure, Family"
10025,Just My Luck,Released,2006-05-12,38159905,20th Century Fox,"Comedy, Drama, Family, Fantasy, Romance"
245703,Midnight Special,Released,2016-02-12,6740647,Warner Bros. Pictures,"Adventure, Drama, Science Fiction"
10110,Empire of the Sun,Released,1987-12-09,66700000,Warner Bros. Pictures,"Drama, History, War"
19585,G-Force,Released,2009-07-24,292817841,Walt Disney Pictures,"Animation, Family, Fantasy, Action, Adventure, Comedy"
9618,Tango & Cash,Released,1989-12-22,63408614,Warner Bros. Pictures,"Action, Adventure, Comedy, Thriller"
10040,Miss Congeniality 2: Armed and Fabulous,Released,2005-03-11,101393569,Warner Bros. Pictures,"Action, Comedy"
8859,"Dude, Where's My Car?",Released,2000-12-15,73180723,20th Century Fox,"Comedy, Science Fiction"
407451,A Wrinkle in Time,Released,2018-03-08,132675864,Walt Disney Pictures,"Adventure, Science Fiction, Family, Fantasy"
16523,Where the Wild Things Are,Released,2009-10-16,100140916,Warner Bros. Pictures,"Family, Fantasy, Drama, Adventure"
9535,Analyze This,Released,1999-03-05,176885658,Warner Bros. Pictures,"Comedy, Crime"
9461,Enter the Dragon,Released,1973-08-17,21485066,Warner Bros. Pictures,Action
264999,Magic Mike XXL,Released,2015-07-01,117813057,Warner Bros. Pictures,"Comedy, Drama"
2069,The Whole Nine Yards,Released,2000-02-18,106371651,Warner Bros. Pictures,"Comedy, Crime"
9255,Hot Shots! Part Deux,Released,1993-05-21,133752825,20th Century Fox,"Action, Comedy, War"
1634,Free Willy,Released,1993-07-16,153698625,Warner Bros. Pictures,"Family, Adventure, Drama"
9319,The Last Boy Scout,Released,1991-12-13,59509925,Warner Bros. Pictures,"Action, Thriller"
34813,The Losers,Released,2010-04-23,23580000,Warner Bros. Pictures,"Action, Adventure, Crime, Mystery, Thriller"
3683,Flags of Our Fathers,Released,2006-10-18,65900249,Warner Bros. Pictures,"War, Drama, History"
23202,Trick 'r Treat,Released,2007-10-26,0,Warner Bros. Pictures,"Horror, Comedy"
11072,Blazing Saddles,Released,1974-02-07,119500000,Warner Bros. Pictures,"Western, Comedy"
2655,What Lies Beneath,Released,2000-07-21,291420351,20th Century Fox,"Drama, Horror, Mystery, Thriller"
109410,42,Released,2013-04-12,95020213,Warner Bros. Pictures,Drama
9268,Eraser,Released,1996-06-21,242295562,Warner Bros. Pictures,"Action, Drama, Mystery, Thriller"
9326,Romancing the Stone,Released,1984-03-30,86572238,20th Century Fox,"Adventure, Romance, Comedy, Action"
10647,Pay It Forward,Released,2000-10-20,55707411,Warner Bros. Pictures,Drama
1051,The French Connection,Released,1971-10-09,41158757,20th Century Fox,"Action, Crime, Thriller"
22825,The Box,Released,2009-10-29,33333531,Warner Bros. Pictures,"Thriller, Science Fiction"
2112,Payback,Released,1999-02-05,161626121,Warner Bros. Pictures,"Crime, Action, Drama"
140420,Paperman,Released,2012-11-02,0,Walt Disney Pictures,"Animation, Family, Romance"
77953,The Campaign,Released,2012-08-09,104907746,Warner Bros. Pictures,Comedy
15789,A Goofy Movie,Released,1995-04-07,35348597,Walt Disney Pictures,"Romance, Animation, Family, Comedy, Adventure"
9036,Eight Below,Released,2006-02-17,120455994,Walt Disney Pictures,"Adventure, Drama, Family"
13836,Race to Witch Mountain,Released,2009-03-12,106303988,Walt Disney Pictures,"Adventure, Family, Fantasy, Science Fiction, Thriller, Action"
385103,Scoob!,Released,2020-07-08,28588425,Warner Bros. Pictures,"Animation, Comedy, Family, Mystery"
9874,Cobra,Released,1986-05-22,49042224,Warner Bros. Pictures,"Action, Crime, Thriller"
7270,Matchstick Men,Released,2003-09-12,65565672,Warner Bros. Pictures,"Comedy, Drama, Crime, Thriller"
774825,The Ice Age Adventures of Buck Wild,Released,2022-01-28,0,Walt Disney Pictures,"Animation, Comedy, Adventure, Family"
10808,Dr. Dolittle 2,Released,2001-06-22,176104344,20th Century Fox,"Comedy, Family, Romance, Fantasy"
873,The Color Purple,Released,1985-12-18,146292000,Warner Bros. Pictures,"Drama, History"
9531,Superman III,Released,1983-06-17,75850624,Warner Bros. Pictures,"Comedy, Science Fiction, Action, Adventure"
655,"Paris, Texas",Released,1984-08-23,2181987,20th Century Fox,Drama
151960,Planes,Released,2013-08-09,219788712,Walt Disney Pictures,"Animation, Family, Adventure, Comedy"
475430,Artemis Fowl,Released,2020-06-12,0,Walt Disney Pictures,"Adventure, Fantasy, Science Fiction, Family, Action"
399106,Piper,Released,2016-06-16,0,Walt Disney Pictures,"Family, Animation"
290,Barton Fink,Released,1991-08-01,6153939,20th Century Fox,"Comedy, Drama"
44603,Hereafter,Released,2010-10-22,106956330,Warner Bros. Pictures,"Drama, Fantasy"
10735,What a Girl Wants,Released,2003-03-27,50732139,Warner Bros. Pictures,"Comedy, Romance, Drama, Family"
268920,Hot Pursuit,Released,2015-05-08,51680201,Warner Bros. Pictures,"Action, Comedy, Crime"
453201,The 15:17 to Paris,Released,2018-02-07,57076286,Warner Bros. Pictures,"Drama, Thriller"
1825,Over the Top,Released,1987-02-13,16057580,Warner Bros. Pictures,"Action, Drama"
293670,The Wailing,Released,2016-05-12,49851770,20th Century Fox,"Horror, Mystery"
845,Strangers on a Train,Released,1951-06-27,7000000,Warner Bros. Pictures,"Crime, Thriller"
10992,Cats & Dogs,Released,2001-07-04,93375151,Warner Bros. Pictures,"Family, Comedy"
300673,The Finest Hours,Released,2016-01-27,52099090,Walt Disney Pictures,"Action, Drama, History, Thriller"
9994,The Great Mouse Detective,Released,1986-07-02,38625550,Walt Disney Pictures,"Animation, Family, Adventure, Mystery"
9563,Any Given Sunday,Released,1999-12-22,100230832,Warner Bros. Pictures,Drama
963,The Maltese Falcon,Released,1941-10-18,1772000,Warner Bros. Pictures,"Mystery, Crime, Thriller"
1639,Speed 2: Cruise Control,Released,1997-06-13,164508066,20th Century Fox,"Action, Adventure, Thriller"
1883,Malcolm X,Released,1992-11-18,48169908,Warner Bros. Pictures,"Drama, History"
379,Miller's Crossing,Released,1990-09-21,5080409,20th Century Fox,"Drama, Thriller, Crime"
9559,A Perfect World,Released,1993-11-24,135130999,Warner Bros. Pictures,"Drama, Crime"
221,Rebel Without a Cause,Released,1955-10-27,4500000,Warner Bros. Pictures,Drama
65759,Happy Feet Two,Released,2011-11-17,150406466,Warner Bros. Pictures,"Animation, Comedy, Family"
227973,The Peanuts Movie,Released,2015-11-05,246233113,20th Century Fox,"Comedy, Animation, Family"
9833,The Phantom of the Opera,Released,2004-12-08,154648887,Warner Bros. Pictures,"Thriller, Drama, Romance"
10153,Sphere,Released,1998-02-13,37020277,Warner Bros. Pictures,"Science Fiction, Mystery, Thriller"
93856,Chernobyl Diaries,Released,2012-05-24,38390020,Warner Bros. Pictures,"Horror, Thriller"
642885,Hocus Pocus 2,Released,2022-09-30,0,Walt Disney Pictures,"Fantasy, Comedy, Family"
11081,Taking Lives,Released,2004-03-19,65470529,Warner Bros. Pictures,"Crime, Thriller"
60747,Red Dawn,Released,2012-03-15,44806783,20th Century Fox,"Action, Thriller"
846,The X Files,Released,1998-06-19,189198313,20th Century Fox,"Mystery, Science Fiction, Thriller"
512895,Lady and the Tramp,Released,2019-11-12,0,Walt Disney Pictures,"Family, Romance, Comedy"
11096,Hide and Seek,Released,2005-01-27,127369981,20th Century Fox,"Horror, Mystery"
6964,Something's Gotta Give,Released,2003-12-12,266728738,Warner Bros. Pictures,"Drama, Comedy, Romance"
9359,Maverick,Released,1994-05-20,183031272,Warner Bros. Pictures,"Action, Adventure, Comedy, Drama, Western"
12233,Oliver & Company,Released,1988-11-18,74151346,Walt Disney Pictures,"Animation, Comedy, Family"
64328,The Muppets,Released,2011-11-22,165184237,Walt Disney Pictures,"Comedy, Music"
532639,Pinocchio,Released,2022-09-07,0,Walt Disney Pictures,"Fantasy, Adventure, Family"
55931,The Animatrix,Released,2003-05-09,0,Warner Bros. Pictures,"Animation, Science Fiction"
11808,U.S. Marshals,Released,1998-03-06,102367405,Warner Bros. Pictures,"Thriller, Crime, Action"
403,Driving Miss Daisy,Released,1989-12-13,145793296,Warner Bros. Pictures,Drama
10669,Deliverance,Released,1972-08-18,46122355,Warner Bros. Pictures,"Drama, Adventure, Thriller"
87825,Trouble with the Curve,Released,2012-09-21,49000000,Warner Bros. Pictures,"Drama, Romance"
9760,Epic Movie,Released,2007-01-25,86865564,20th Century Fox,"Comedy, Action, Adventure"
12201,Edge of Darkness,Released,2010-01-28,81126522,Warner Bros. Pictures,"Crime, Drama, Mystery, Thriller"
446894,Smallfoot,Released,2018-09-20,214115531,Warner Bros. Pictures,"Family, Animation, Adventure, Fantasy"
7459,Speed Racer,Released,2008-05-07,93945766,Warner Bros. Pictures,"Family, Action, Adventure, Comedy"
9691,Assassins,Released,1995-10-06,30303072,Warner Bros. Pictures,"Action, Adventure, Crime, Thriller"
10715,Looney Tunes: Back in Action,Released,2003-11-14,68514844,Warner Bros. Pictures,"Animation, Comedy, Family"
33909,Wall Street: Money Never Sleeps,Released,2010-09-20,134748021,20th Century Fox,"Drama, Crime"
9944,The Pelican Brief,Released,1993-09-17,195268056,Warner Bros. Pictures,Thriller
705,All About Eve,Released,1950-10-06,8400000,20th Century Fox,Drama
11153,National Lampoon's Vacation,Released,1983-07-29,61399552,Warner Bros. Pictures,"Comedy, Adventure"
8845,Under Siege,Released,1992-10-08,156563139,Warner Bros. Pictures,"Action, Thriller"
10157,Police Academy 2: Their First Assignment,Released,1985-03-28,55600000,Warner Bros. Pictures,"Comedy, Crime"
22832,Ninja Assassin,Released,2009-09-29,61601280,Warner Bros. Pictures,"Action, Adventure, Thriller"
10357,Volcano,Released,1997-04-25,122823468,20th Century Fox,"Science Fiction, Action, Drama, Thriller"
11355,Never Been Kissed,Released,1999-04-09,84565230,20th Century Fox,"Romance, Comedy, Drama"
10377,My Cousin Vinny,Released,1992-03-13,64088552,20th Century Fox,Comedy
9726,A Good Year,Released,2006-09-09,42064105,20th Century Fox,"Comedy, Drama, Romance"
377264,Morgan,Released,2016-09-01,8810591,20th Century Fox,"Horror, Science Fiction, Thriller"
4858,The Invasion,Released,2007-08-17,40170558,Warner Bros. Pictures,"Science Fiction, Thriller, Mystery, Horror"
8676,Fool's Gold,Released,2008-02-07,111231041,Warner Bros. Pictures,"Adventure, Romance, Comedy"
404,The Straight Story,Released,1999-10-15,6203044,Walt Disney Pictures,Drama
460793,Olaf's Frozen Adventure,Released,2017-10-27,0,Walt Disney Pictures,"Animation, Family, Adventure, Comedy, Fantasy"
9208,Broken Arrow,Released,1996-02-09,150270147,20th Century Fox,"Action, Thriller, Adventure"
8836,The X Files: I Want to Believe,Released,2008-07-24,69363381,20th Century Fox,"Drama, Mystery, Science Fiction, Thriller"
583406,Judas and the Black Messiah,Released,2021-02-12,6416063,Warner Bros. Pictures,"Drama, History"
539681,DC League of Super-Pets,Released,2022-07-27,203000000,Warner Bros. Pictures,"Animation, Action, Family, Comedy, Science Fiction"
9454,EverAfter,Released,1998-07-31,65705772,20th Century Fox,"Drama, Romance, Comedy"
6435,Practical Magic,Released,1998-10-16,46733235,"Warner Bros. Pictures, Warner Bros. Pictures","Romance, Comedy, Fantasy"
20533,Jonah Hex,Released,2010-06-18,10539000,Warner Bros. Pictures,"Action, Western, Drama, Fantasy, Thriller"
8007,Behind Enemy Lines,Released,2001-11-30,91753202,20th Century Fox,"Action, Drama, Thriller, War"
8834,Conspiracy Theory,Released,1997-08-08,136982834,Warner Bros. Pictures,"Action, Drama, Mystery, Thriller"
11260,Meet Dave,Released,2008-07-08,50650079,20th Century Fox,"Comedy, Science Fiction, Adventure, Family"
522924,The Art of Racing in the Rain,Released,2019-08-08,33766787,20th Century Fox,"Drama, Romance, Comedy, Family"
9293,John Tucker Must Die,Released,2006-07-27,68844775,20th Century Fox,"Comedy, Romance"
10776,Little Shop of Horrors,Released,1986-12-19,38748395,Warner Bros. Pictures,"Horror, Comedy"
36670,Never Say Never Again,Released,1983-10-07,160000000,Warner Bros. Pictures,"Adventure, Action, Thriller"
20760,Lilo & Stitch 2: Stitch Has a Glitch,Released,2005-01-22,0,Walt Disney Pictures,"Animation, Family, Comedy, Science Fiction"
23759,Centurion,Released,2010-02-15,6890432,Warner Bros. Pictures,"Adventure, Action, Drama"
9906,The Ant Bully,Released,2006-07-28,55181129,Warner Bros. Pictures,"Fantasy, Adventure, Animation, Comedy, Family"
11416,The Mission,Released,1986-09-29,17218023,Warner Bros. Pictures,"Adventure, Drama, Action, History"
137321,Winter's Tale,Released,2014-02-13,30800231,Warner Bros. Pictures,"Drama, Fantasy, Mystery, Romance"
903,Cool Hand Luke,Released,1967-11-01,16217773,Warner Bros. Pictures,"Crime, Drama"
9697,Lady in the Water,Released,2006-07-20,72785169,Warner Bros. Pictures,"Drama, Fantasy, Mystery"
9314,Nineteen Eighty-Four,Released,1984-11-09,8430492,20th Century Fox,"Drama, Science Fiction"
9884,Collateral Damage,Released,2002-02-06,78382433,Warner Bros. Pictures,"Action, Thriller, Drama"
9411,Fallen,Released,1998-01-16,25232289,Warner Bros. Pictures,"Crime, Drama, Thriller"
6069,The Witches of Eastwick,Released,1987-06-12,63766510,Warner Bros. Pictures,"Comedy, Fantasy"
218778,"Alexander and the Terrible, Horrible, No Good, Very Bad Day",Released,2014-10-08,100654149,Walt Disney Pictures,"Family, Comedy"
10481,102 Dalmatians,Released,2000-10-07,183611771,Walt Disney Pictures,"Family, Comedy"
12090,Just Married,Released,2003-01-08,101564935,20th Century Fox,"Comedy, Romance"
3114,The Searchers,Released,1956-05-16,0,Warner Bros. Pictures,Western
702,A Streetcar Named Desire,Released,1951-09-19,8000000,Warner Bros. Pictures,Drama
5551,Space Cowboys,Released,2000-08-04,128884132,Warner Bros. Pictures,"Action, Adventure, Thriller"
13186,Wrong Turn 2: Dead End,Released,2007-08-25,0,20th Century Fox,"Horror, Thriller"
8326,Holes,Released,2003-04-18,71406573,Walt Disney Pictures,"Adventure, Family, Drama, Comedy"
231,Syriana,Released,2005-11-23,93974620,Warner Bros. Pictures,"Drama, Thriller"
1965,A Perfect Murder,Released,1998-06-05,128038368,Warner Bros. Pictures,"Crime, Thriller, Drama"
556574,Hamilton,Released,2020-07-03,0,Walt Disney Pictures,"History, Drama"
259695,Live by Night,Released,2016-12-25,22678555,Warner Bros. Pictures,"Crime, Drama, Thriller"
239678,This Is Where I Leave You,Released,2014-09-10,41296320,Warner Bros. Pictures,"Drama, Comedy"
9708,The Wicker Man,Released,2006-08-31,38805380,Warner Bros. Pictures,"Horror, Mystery, Thriller"
37933,Tales from Earthsea,Released,2006-07-29,68625104,Walt Disney Pictures,"Animation, Fantasy, Adventure"
10539,James and the Giant Peach,Released,1996-04-12,28946127,Walt Disney Pictures,"Adventure, Animation, Family, Fantasy"
10158,White Men Can't Jump,Released,1992-03-27,90753806,20th Century Fox,"Comedy, Drama"
9882,The Siege,Released,1998-11-06,116672912,20th Century Fox,"Drama, Action, Thriller, Crime"
11212,Baby's Day Out,Released,1994-07-01,16671505,20th Century Fox,"Family, Comedy, Adventure, Crime, Drama"
227,The Outsiders,Released,1983-03-25,33697647,Warner Bros. Pictures,"Crime, Drama"
1921,Sweet November,Released,2001-02-16,65754228,Warner Bros. Pictures,"Drama, Romance"
281,Strange Days,Released,1995-10-13,7959291,20th Century Fox,"Crime, Drama, Science Fiction, Thriller"
64807,Grudge Match,Released,2013-12-25,44907260,Warner Bros. Pictures,Comedy
417644,CHiPS,Released,2017-03-23,26800152,Warner Bros. Pictures,"Action, Comedy, Crime"
18736,The Lizzie McGuire Movie,Released,2003-05-02,55534455,Walt Disney Pictures,"Family, Comedy"
2103,Solaris,Released,2002-11-27,30002758,20th Century Fox,"Drama, Science Fiction, Mystery"
16307,The Wicker Man,Released,1973-12-06,0,Warner Bros. Pictures,Horror
9021,The Santa Clause 2,Released,2002-10-31,172842355,Walt Disney Pictures,"Fantasy, Comedy, Family"
8338,Blindness,Released,2008-05-14,19844979,,"Drama, Mystery, Science Fiction, Thriller"
8066,Stay,Released,2005-09-24,8342132,20th Century Fox,"Mystery, Thriller, Drama"
80585,Rock of Ages,Released,2012-06-13,59418613,Warner Bros. Pictures,"Comedy, Drama, Music, Romance"
40264,Vampires Suck,Released,2010-08-18,80547866,20th Century Fox,"Horror, Comedy"
2636,The Specialist,Released,1994-10-07,170362582,Warner Bros. Pictures,"Action, Thriller"
49948,Fantasia 2000,Released,1999-12-31,60655420,Walt Disney Pictures,"Animation, Family, Music"
11113,My Fair Lady,Released,1964-10-21,72661442,Warner Bros. Pictures,"Romance, Drama, Comedy"
13417,Kronk's New Groove,Released,2005-12-05,0,Walt Disney Pictures,"Animation, Comedy, Family"
10328,Cocoon,Released,1985-06-21,85313124,20th Century Fox,"Comedy, Drama, Science Fiction"
9346,Risky Business,Released,1983-08-05,63541777,Warner Bros. Pictures,"Romance, Comedy, Drama"
11135,The Rescuers Down Under,Released,1990-11-16,47431461,Walt Disney Pictures,"Animation, Adventure, Family, Fantasy"
3638,No Reservations,Released,2007-06-15,92601050,Warner Bros. Pictures,"Comedy, Romance, Drama"
2284,Mr. Magorium's Wonder Emporium,Released,2007-11-14,69474661,20th Century Fox,"Family, Fantasy, Comedy"
38322,"Big Mommas: Like Father, Like Son",Released,2011-02-16,83615414,20th Century Fox,"Crime, Comedy, Action"
10166,The Witches,Released,1990-05-25,15360553,Warner Bros. Pictures,"Fantasy, Horror, Comedy, Family"
10957,The Black Cauldron,Released,1985-07-24,21288692,Walt Disney Pictures,"Animation, Adventure, Family, Fantasy"
2614,Innerspace,Released,1987-07-01,25893810,Warner Bros. Pictures,"Action, Comedy, Science Fiction"
12536,Home Alone 4,Released,2002-11-03,0,,"Comedy, Family, TV Movie"
11411,Superman IV: The Quest for Peace,Released,1987-07-24,19300000,Warner Bros. Pictures,"Action, Adventure, Science Fiction"
1685,Beneath the Planet of the Apes,Released,1970-04-23,18999718,20th Century Fox,"Adventure, Science Fiction, Mystery"
9932,Analyze That,Released,2002-12-06,55003135,Warner Bros. Pictures,"Comedy, Crime"
8869,Eight Legged Freaks,Released,2002-07-17,45867333,Warner Bros. Pictures,"Action, Comedy, Horror, Thriller"
332,Inspector Gadget,Released,1999-07-23,134400000,Walt Disney Pictures,"Action, Adventure, Comedy, Family"
268531,Captain Underpants: The First Epic Movie,Released,2017-06-01,125427681,20th Century Fox,"Action, Animation, Comedy, Family"
12118,Police Academy 3: Back in Training,Released,1986-03-20,107600000,Warner Bros. Pictures,"Comedy, Crime"
71864,The Odd Life of Timothy Green,Released,2012-08-15,56012642,Walt Disney Pictures,"Fantasy, Drama, Comedy, Family"
2841,A Very Long Engagement,Released,2004-10-27,0,Warner Bros. Pictures,"Drama, Romance, War"
420821,Chip 'n Dale: Rescue Rangers,Released,2022-05-20,0,Walt Disney Pictures,"Animation, Family, Comedy, Adventure, Mystery"
2085,Romeo Must Die,Released,2000-03-22,91036760,Warner Bros. Pictures,"Action, Crime, Thriller"
11158,"Honey, I Blew Up the Kid",Released,1992-07-16,58662452,Walt Disney Pictures,"Adventure, Comedy, Family, Science Fiction"
8984,Disclosure,Released,1994-12-09,214015089,Warner Bros. Pictures,"Thriller, Drama, Crime"
2140,Kiss of the Dragon,Released,2001-07-06,64437847,20th Century Fox,"Action, Crime, Thriller"
3090,The Treasure of the Sierra Madre,Released,1948-01-15,4307000,Warner Bros. Pictures,"Adventure, Drama, Western"
877269,Strange World,Released,2022-11-23,73621640,Walt Disney Pictures,"Animation, Family, Adventure, Science Fiction"
6519,The Dukes of Hazzard,Released,2005-08-05,110803676,Warner Bros. Pictures,"Comedy, Adventure, Action"
2800,Rumor Has It...,Released,2005-12-22,88933562,Warner Bros. Pictures,"Comedy, Romance"
3133,Badlands,Released,1974-01-05,0,Warner Bros. Pictures,"Crime, Drama, Romance"
13929,Geri's Game,Released,1997-11-24,0,Walt Disney Pictures,"Animation, Family"
11528,The Sandlot,Released,1993-04-07,34348444,20th Century Fox,"Family, Comedy"
10587,Police Academy 4: Citizens on Patrol,Released,1987-04-02,76800000,Warner Bros. Pictures,"Comedy, Crime"
859,Dangerous Liaisons,Released,1988-12-21,34670720,Warner Bros. Pictures,"Drama, Romance"
526,Ladyhawke,Released,1985-03-27,18432000,"Warner Bros. Pictures, 20th Century Fox","Adventure, Comedy, Fantasy"
11977,Caddyshack,Released,1980-07-25,39846344,Warner Bros. Pictures,Comedy
10303,The Jewel of the Nile,Released,1985-08-01,96773200,20th Century Fox,"Adventure, Action, Comedy, Romance"
11835,Death Sentence,Released,2007-08-31,16974459,20th Century Fox,"Action, Crime, Drama, Thriller"
11469,Black Knight,Released,2001-11-21,33422806,20th Century Fox,"Comedy, Fantasy, Adventure"
565770,Blue Beetle,Released,2023-08-16,124818235,Warner Bros. Pictures,"Action, Science Fiction, Adventure"
10747,The Outlaw Josey Wales,Released,1976-06-30,31800000,Warner Bros. Pictures,Western
60307,Diary of a Wimpy Kid: Rodrick Rules,Released,2011-03-25,72526996,20th Century Fox,"Family, Comedy"
9745,Jack Frost,Released,1998-11-15,0,Warner Bros. Pictures,"Comedy, Family, Drama, Fantasy"
301,Rio Bravo,Released,1959-03-18,5800000,Warner Bros. Pictures,Western
529485,The Way Back,Released,2020-03-05,14590514,Warner Bros. Pictures,Drama
249,The War of the Roses,Released,1989-12-08,160188546,20th Century Fox,"Comedy, Drama"
10731,The Client,Released,1994-07-20,117615211,Warner Bros. Pictures,"Drama, Thriller, Crime, Mystery"
1273,TMNT,Released,2007-03-23,95608995,Warner Bros. Pictures,"Adventure, Animation, Comedy, Family"
7450,Titan A.E.,Released,2000-06-16,36754634,20th Century Fox,"Animation, Action, Science Fiction, Family, Adventure"
828,The Day the Earth Stood Still,Released,1951-09-28,1850000,20th Century Fox,"Drama, Science Fiction, Thriller"
514439,Breakthrough,Released,2019-04-10,49231674,20th Century Fox,Drama
82881,Tangled Ever After,Released,2012-01-13,0,Walt Disney Pictures,"Animation, Comedy, Action, Family"
342521,Keanu,Released,2016-04-21,20609977,Warner Bros. Pictures,"Action, Comedy, Crime"
14405,Beverly Hills Chihuahua,Released,2008-10-03,149281606,Walt Disney Pictures,"Comedy, Family, Adventure, Romance"
9904,The Wild,Released,2006-04-06,102338515,Walt Disney Pictures,"Family, Animation"
11202,Patton,Released,1970-01-25,89800000,20th Century Fox,"War, Drama, History"
9922,The Postman,Released,1997-12-25,17626234,Warner Bros. Pictures,"Science Fiction, Adventure, Action, War"
49022,Something Borrowed,Released,2011-05-05,65090821,Warner Bros. Pictures,"Comedy, Drama, Romance"
7442,Sleeping with the Enemy,Released,1991-01-13,174999005,20th Century Fox,"Drama, Crime, Thriller"
806,The Omen,Released,2006-06-06,119975084,20th Century Fox,Horror
13767,The Santa Clause 3: The Escape Clause,Released,2006-11-02,84500122,Walt Disney Pictures,"Comedy, Family, Adventure"
11045,Taxi,Released,2004-10-06,71255003,20th Century Fox,"Action, Comedy, Thriller, Crime"
630566,Clouds,Released,2020-10-09,0,Warner Bros. Pictures,"Music, Drama, Romance"
11979,Queen of the Damned,Released,2002-02-10,45479110,Warner Bros. Pictures,"Drama, Fantasy, Horror"
12610,Osmosis Jones,Released,2001-08-10,13596911,Warner Bros. Pictures,"Adventure, Animation, Action, Comedy, Family"
12123,Chain Reaction,Released,1996-08-02,60209334,20th Century Fox,"Science Fiction, Action, Drama, Thriller"
8879,Pale Rider,Released,1985-06-28,41410568,Warner Bros. Pictures,Western
10242,What Ever Happened to Baby Jane?,Released,1962-10-12,0,Warner Bros. Pictures,"Drama, Horror, Thriller"
10648,Magnum Force,Released,1973-12-13,39768000,Warner Bros. Pictures,"Drama, Crime, Action"
8870,Red Planet,Released,2000-11-10,33463969,Warner Bros. Pictures,"Thriller, Action, Science Fiction"
11285,Cocoon: The Return,Released,1988-09-13,25024919,20th Century Fox,"Comedy, Science Fiction"
20856,Aliens in the Attic,Released,2009-07-30,57881056,20th Century Fox,"Adventure, Comedy, Family, Fantasy, Science Fiction"
399796,Life of the Party,Released,2018-05-10,61700416,Warner Bros. Pictures,Comedy
11934,The Hudsucker Proxy,Released,1994-03-11,2800000,Warner Bros. Pictures,"Comedy, Drama"
274862,The Lego Ninjago Movie,Released,2017-09-21,123081555,Warner Bros. Pictures,"Family, Animation, Action, Adventure, Comedy"
11892,Murder by Numbers,Released,2002-04-19,56714147,Warner Bros. Pictures,"Crime, Drama, Thriller"
651,M*A*S*H,Released,1970-02-18,81600000,20th Century Fox,"Comedy, Drama, War"
6878,Homeward Bound: The Incredible Journey,Released,1993-02-03,0,Walt Disney Pictures,"Adventure, Comedy, Family"
13042,Presto,Released,2008-06-27,0,Walt Disney Pictures,"Animation, Family, Comedy"
910,The Big Sleep,Released,1946-08-23,4900000,Warner Bros. Pictures,"Crime, Mystery, Romance"
8491,Weekend at Bernie's,Released,1989-07-05,30218387,20th Century Fox,"Comedy, Crime"
10015,Heartbreak Ridge,Released,1986-12-05,42724017,Warner Bros. Pictures,"War, Drama, Comedy"
338958,Disenchanted,Released,2022-11-18,0,Walt Disney Pictures,"Comedy, Family, Fantasy"
10510,Miracle on 34th Street,Released,1994-11-18,46264384,20th Century Fox,"Fantasy, Drama, Family"
1687,Escape from the Planet of the Apes,Released,1971-05-20,12348905,20th Century Fox,"Action, Science Fiction"
10675,Frantic,Released,1988-02-19,17637950,Warner Bros. Pictures,"Thriller, Mystery"
256835,Toy Story That Time Forgot,Released,2014-12-02,0,Walt Disney Pictures,"Animation, Family, Adventure, Comedy"
5955,The Pledge,Released,2001-01-19,29419291,Warner Bros. Pictures,"Crime, Drama, Mystery, Thriller"
10538,Passenger 57,Released,1992-11-06,44065653,Warner Bros. Pictures,"Action, Adventure, Thriller"
16281,Creepshow,Released,1982-11-10,21028755,Warner Bros. Pictures,"Horror, Comedy"
10489,Cujo,Released,1983-08-10,21200000,Warner Bros. Pictures,"Horror, Thriller"
2028,Say Anything...,Released,1989-04-14,20036737,20th Century Fox,"Romance, Comedy, Drama"
5851,Showtime,Released,2002-03-14,77885672,Warner Bros. Pictures,"Action, Comedy"
749274,Cry Macho,Released,2021-09-16,16481544,Warner Bros. Pictures,"Drama, Western"
8092,This Boy's Life,Released,1993-04-09,4104962,Warner Bros. Pictures,Drama
19101,A Little Princess,Released,1995-05-10,10015449,Warner Bros. Pictures,"Drama, Family, Fantasy"
11864,Enemy Mine,Released,1985-12-12,12303411,20th Century Fox,"Drama, Science Fiction"
10057,The Three Musketeers,Released,1993-11-11,53898845,Walt Disney Pictures,"Action, Adventure, Comedy"
293646,The 33,Released,2015-08-06,24902723,Warner Bros. Pictures,"Drama, History"
596,The Grapes of Wrath,Released,1940-03-15,1591000,20th Century Fox,Drama
4244,The Kid,Released,2000-07-07,110317580,Walt Disney Pictures,"Fantasy, Comedy, Family"
990,The Hustler,Released,1961-09-25,7600000,20th Century Fox,"Drama, Romance"
360784,Hidden,Released,2015-09-15,0,Warner Bros. Pictures,"Thriller, Horror"
360814,Dangal,Released,2016-12-21,311000000,Walt Disney Pictures,"Drama, Family, Comedy, Action"
4413,The Brave One,Released,2007-09-12,69766619,Warner Bros. Pictures,"Crime, Drama, Thriller"
9272,The Good Son,Released,1993-09-24,60613008,20th Century Fox,"Thriller, Drama"
13932,Jack-Jack Attack,Released,2005-03-15,0,Walt Disney Pictures,"Adventure, Animation, Family"
759,Gentlemen Prefer Blondes,Released,1953-07-14,5300000,20th Century Fox,"Comedy, Romance"
9560,A Walk in the Clouds,Released,1995-05-27,50012507,20th Century Fox,"Drama, Romance"
9754,Firewall,Released,2006-02-08,82800000,Warner Bros. Pictures,"Action, Crime, Thriller"
10628,Kangaroo Jack,Released,2003-01-17,0,Warner Bros. Pictures,"Action, Adventure, Comedy, Family, Crime"
636,THX 1138,Released,1971-03-11,2437000,Warner Bros. Pictures,"Science Fiction, Action, Drama"
213121,Toy Story of Terror!,Released,2013-10-16,0,Walt Disney Pictures,"Adventure, Animation, Comedy, Family"
1710,Copycat,Released,1995-10-27,32000000,Warner Bros. Pictures,"Thriller, Crime, Mystery"
9289,The Longest Day,Released,1962-09-25,50100000,20th Century Fox,"War, Action, Drama"
10437,The Muppet Christmas Carol,Released,1992-12-10,27281507,Walt Disney Pictures,"Music, Comedy, Family, Fantasy, Drama"
13374,Ice Princess,Released,2005-03-17,27645491,Walt Disney Pictures,"Family, Drama, Comedy"
10393,The Replacements,Released,2000-08-11,50054511,Warner Bros. Pictures,Comedy
11652,Invincible,Released,2006-08-25,57806952,Walt Disney Pictures,"Drama, History"
3525,Working Girl,Released,1988-12-20,103173635,20th Century Fox,"Comedy, Romance, Drama"
21385,"Mickey, Donald, Goofy: The Three Musketeers",Released,2004-08-04,0,Walt Disney Pictures,"Adventure, Animation, Comedy, Family"
10249,The Rocketeer,Released,1991-06-21,46704056,Walt Disney Pictures,"Action, Adventure, Science Fiction, Family"
11025,New York Minute,Released,2004-05-07,21289826,Warner Bros. Pictures,Comedy
212,Arsenic and Old Lace,Released,1944-09-01,0,Warner Bros. Pictures,"Comedy, Crime"
10623,Cradle 2 the Grave,Released,2003-02-28,56489558,Warner Bros. Pictures,"Action, Crime, Drama"
2320,Executive Decision,Released,1996-03-15,121969216,Warner Bros. Pictures,"Action, Adventure, Drama, Thriller"
12103,Don't Say a Word,Released,2001-09-28,100020092,20th Century Fox,"Thriller, Mystery"
14175,Valiant,Released,2005-03-25,61746888,Walt Disney Pictures,"Family, Animation, Adventure, Comedy, War"
11132,Confessions of a Teenage Drama Queen,Released,2004-02-17,29331068,Walt Disney Pictures,Comedy
40619,Day & Night,Released,2010-06-17,0,Walt Disney Pictures,"Animation, Family"
5919,The Towering Inferno,Released,1974-12-14,116000000,"Warner Bros. Pictures, 20th Century Fox","Action, Drama, Thriller"
11236,The Secret Garden,Released,1993-08-13,0,Warner Bros. Pictures,"Drama, Family, Fantasy"
33689,It Takes Two,Released,1995-11-17,19474589,Warner Bros. Pictures,"Comedy, Family, Romance"
10326,Forever Young,Released,1992-12-16,127956187,Warner Bros. Pictures,"Adventure, Fantasy, Drama, Science Fiction, Romance"
10684,Courage Under Fire,Released,1996-07-04,100860818,20th Century Fox,"Drama, Thriller, Mystery, War"
11825,Police Academy 5: Assignment Miami Beach,Released,1988-03-17,19510371,Warner Bros. Pictures,"Comedy, Crime"
1688,Conquest of the Planet of the Apes,Released,1972-06-29,9700000,20th Century Fox,"Action, Science Fiction"
41515,Yogi Bear,Released,2010-12-17,203509374,Warner Bros. Pictures,"Comedy, Family, Animation, Adventure"
10653,The Seven Year Itch,Released,1955-06-03,12000000,20th Century Fox,"Comedy, Romance"
4958,The Legend of Bagger Vance,Released,2000-11-02,39459427,20th Century Fox,"Drama, Fantasy"
2959,License to Wed,Released,2007-07-04,69307224,Warner Bros. Pictures,Comedy
3512,Under Siege 2: Dark Territory,Released,1995-07-13,104324083,Warner Bros. Pictures,"Action, Thriller"
9443,Chariots of Fire,Released,1981-05-15,58972904,"Warner Bros. Pictures, 20th Century Fox","Drama, History"
14813,Mickey's Christmas Carol,Released,1983-10-19,21000000,Walt Disney Pictures,"Family, Animation"
407655,A Cinderella Story: If the Shoe Fits,Released,2016-08-02,0,Warner Bros. Pictures,"Comedy, Family, Fantasy, Music"
10650,Sudden Impact,Released,1983-12-08,150000000,Warner Bros. Pictures,"Thriller, Crime, Action"
1705,Battle for the Planet of the Apes,Released,1973-06-15,8844595,20th Century Fox,"Action, Science Fiction"
11323,The Informant!,Released,2009-09-18,41771168,Warner Bros. Pictures,"Drama, Comedy, Crime"
551,The Poseidon Adventure,Released,1972-12-13,84563118,20th Century Fox,"Adventure, Thriller, Action"
11866,Flight of the Phoenix,Released,2004-12-17,21009180,20th Century Fox,"Action, Adventure, Drama, Thriller"
10649,The Enforcer,Released,1976-12-16,46236000,Warner Bros. Pictures,"Crime, Action"
51162,Winnie the Pooh,Released,2011-04-06,14460000,Walt Disney Pictures,"Animation, Family, Adventure"
2661,Batman,Released,1966-07-30,3900000,20th Century Fox,"Action, Comedy, Crime"
10246,Porky's,Released,1981-11-13,125728258,20th Century Fox,Comedy
218836,Planes: Fire & Rescue,Released,2014-07-17,151165787,Walt Disney Pictures,"Animation, Comedy, Adventure, Family"
5375,Fred Claus,Released,2007-11-09,97838349,Warner Bros. Pictures,"Action, Comedy, Drama"
9540,Dead Ringers,Released,1988-09-23,8038508,20th Century Fox,"Thriller, Horror"
11546,Police Academy: Mission to Moscow,Released,1994-06-09,126247,Warner Bros. Pictures,"Comedy, Crime"
11418,National Lampoon's European Vacation,Released,1985-07-25,49364621,Warner Bros. Pictures,"Adventure, Comedy, Romance"
11895,Police Academy 6: City Under Siege,Released,1989-03-09,33200000,Warner Bros. Pictures,"Comedy, Crime"
423646,In the Fade,Released,2017-11-23,4997844,Warner Bros. Pictures,"Drama, Crime"
9591,That Thing You Do!,Released,1996-10-04,34585416,20th Century Fox,"Comedy, Drama, Romance, Music"
145220,Muppets Most Wanted,Released,2014-03-20,80383290,Walt Disney Pictures,"Comedy, Adventure, Crime, Family"
5491,Battlefield Earth,Released,2000-05-12,29000000,Warner Bros. Pictures,"Action, Adventure, Comedy, Science Fiction"
9044,Tristan & Isolde,Released,2006-04-07,28000000,20th Century Fox,"Drama, Romance, Adventure, Action"
373569,Snatched,Released,2017-05-03,60845711,20th Century Fox,"Action, Comedy"
12160,Wyatt Earp,Released,1994-06-24,25052000,Warner Bros. Pictures,"Western, Drama, Action, Adventure"
9425,Soldier,Released,1998-10-23,14594226,Warner Bros. Pictures,"Science Fiction, Action"
1683,The Reaping,Released,2007-04-05,62771059,Warner Bros. Pictures,Horror
272878,Max,Released,2015-06-26,43967255,Warner Bros. Pictures,"Adventure, Drama, Family"
9822,Mighty Joe Young,Released,1998-12-25,0,Walt Disney Pictures,"Adventure, Family, Action, Fantasy"
34636,The NeverEnding Story II: The Next Chapter,Released,1990-10-25,16283667,Warner Bros. Pictures,"Drama, Family, Fantasy, Adventure"
10651,The Dead Pool,Released,1988-07-13,37903295,Warner Bros. Pictures,"Action, Crime, Thriller"
18937,Quest for Camelot,Released,1998-05-15,38172500,Warner Bros. Pictures,"Fantasy, Animation, Drama, Romance, Family"
10122,Flight of the Navigator,Released,1986-07-30,18564613,Walt Disney Pictures,"Family, Science Fiction, Adventure"
396,Who's Afraid of Virginia Woolf?,Released,1966-06-22,33736689,Warner Bros. Pictures,Drama
12448,The Hunchback of Notre Dame II,Released,2002-02-05,0,Walt Disney Pictures,"Animation, Family, Comedy"
10206,Buffy the Vampire Slayer,Released,1992-07-24,16624456,20th Century Fox,"Action, Comedy, Horror"
127533,Rurouni Kenshin Part I: Origins,Released,2012-08-25,61700000,Warner Bros. Pictures,"Adventure, Action, Fantasy, War, History"
11983,Proof of Life,Released,2000-12-08,0,Warner Bros. Pictures,"Thriller, Drama"
9573,Blood Work,Released,2002-08-09,31794718,Warner Bros. Pictures,"Thriller, Crime"
73937,The Big Year,Released,2011-10-13,8179416,20th Century Fox,Comedy
10156,History of the World: Part I,Released,1981-06-12,31672907,20th Century Fox,Comedy
11560,High Crimes,Released,2002-04-05,63781810,20th Century Fox,"Drama, Mystery, Thriller, Crime"
5820,The Sentinel,Released,2006-04-19,78810595,20th Century Fox,"Action, Thriller, Crime"
1939,Laura,Released,1944-10-11,2000000,20th Century Fox,"Drama, Mystery"
6933,One Missed Call,Released,2008-01-04,45847751,Warner Bros. Pictures,"Horror, Mystery, Thriller"
13060,Lifted,Released,2006-12-28,0,Walt Disney Pictures,"Family, Animation, Science Fiction, Comedy"
5683,Pee-wee's Big Adventure,Released,1985-07-26,40940662,Warner Bros. Pictures,"Comedy, Adventure"
38579,Marmaduke,Released,2010-06-03,83761844,20th Century Fox,"Family, Comedy"
4593,The Discreet Charm of the Bourgeoisie,Released,1972-09-15,0,20th Century Fox,Comedy
15139,The Pagemaster,Released,1994-11-23,13670688,20th Century Fox,"Family, Fantasy, Science Fiction, Animation"
49012,Arthur,Released,2011-04-08,48147945,Warner Bros. Pictures,"Comedy, Romance"
228203,"McFarland, USA",Released,2015-02-20,45710059,Walt Disney Pictures,"Drama, Family"
22787,Whiteout,Released,2009-09-09,17976667,Warner Bros. Pictures,"Action, Crime, Mystery, Thriller"
22949,Old Dogs,Released,2009-11-24,96753696,Walt Disney Pictures,"Comedy, Family"
11888,Snow Dogs,Released,2002-01-18,81000000,Walt Disney Pictures,"Comedy, Family, Adventure"
11566,Dave,Released,1993-05-07,92000000,Warner Bros. Pictures,Comedy
12508,Rock Star,Released,2001-09-04,19334145,Warner Bros. Pictures,"Music, Drama, Comedy"
7007,Rising Sun,Released,1993-07-30,107198790,20th Century Fox,"Action, Drama, Thriller"
454294,The Kid Who Would Be King,Released,2019-01-16,32140970,20th Century Fox,"Action, Adventure, Fantasy, Family"
220,East of Eden,Released,1955-04-10,0,Warner Bros. Pictures,Drama
9918,Glory Road,Released,2006-01-13,42647449,Walt Disney Pictures,"Drama, History"
10907,The Adventures of Robin Hood,Released,1938-05-13,3981000,Warner Bros. Pictures,"Adventure, Romance, History"
3040,Night Watch,Released,2004-06-27,50336279,20th Century Fox,"Fantasy, Action, Thriller"
8975,The Marine,Released,2006-10-13,22165608,20th Century Fox,Action
11826,Sexy Beast,Released,2001-01-12,0,20th Century Fox,"Crime, Drama, Thriller, Comedy"
10354,True Crime,Released,1999-03-19,16649768,Warner Bros. Pictures,"Drama, Crime, Thriller, Mystery"
10493,Dead Calm,Released,1989-04-07,7825000,Warner Bros. Pictures,"Thriller, Horror"
8095,Cleopatra,Released,1963-06-12,71000000,20th Century Fox,"Drama, History, Romance"
14052,Revenge of the Nerds,Released,1984-07-20,0,20th Century Fox,Comedy
13595,Airheads,Released,1994-08-05,5751882,20th Century Fox,"Comedy, Crime, Music"
516632,The Empty Man,Released,2020-10-22,4796993,20th Century Fox,"Horror, Mystery, Thriller"
567604,Once Upon a Deadpool,Released,2018-12-11,0,20th Century Fox,"Comedy, Action, Adventure"
56903,Three Steps Over Heaven,Released,2004-03-12,0,Warner Bros. Pictures,"Drama, Romance"
10477,Driven,Released,2001-04-27,54744738,Warner Bros. Pictures,"Action, Drama"
209451,Jersey Boys,Released,2014-06-18,67347013,Warner Bros. Pictures,"Music, Drama"
11881,Miracle on 34th Street,Released,1947-06-04,2700000,20th Century Fox,"Comedy, Drama, Family"
13931,Mike's New Car,Released,2002-05-24,0,Walt Disney Pictures,"Animation, Comedy, Family, Fantasy"
10564,Where the Heart Is,Released,2000-04-27,33771174,20th Century Fox,"Comedy, Drama, Romance"
15301,Twilight Zone: The Movie,Released,1983-06-24,29450919,Warner Bros. Pictures,"Horror, Fantasy, Science Fiction"
50321,Mars Needs Moms,Released,2011-03-09,38992758,Walt Disney Pictures,"Adventure, Animation, Family"
9320,The Avengers,Released,1998-08-13,48585416,Warner Bros. Pictures,"Action, Adventure, Thriller, Science Fiction"
9070,Mighty Morphin Power Rangers: The Movie,Released,1995-06-30,66400000,20th Century Fox,"Action, Adventure, Science Fiction, Fantasy"
10498,Point of No Return,Released,1993-03-19,30038362,Warner Bros. Pictures,"Action, Crime, Thriller"
13531,Empire Records,Released,1995-09-22,303,Warner Bros. Pictures,"Music, Comedy, Drama"
10019,Mannequin,Released,1987-02-13,42721196,20th Century Fox,"Comedy, Romance, Fantasy"
6589,Underdog,Released,2007-08-03,65270477,Walt Disney Pictures,"Family, Action, Adventure, Comedy, Fantasy, Science Fiction"
1712,Giant,Released,1956-11-08,32855818,Warner Bros. Pictures,"Drama, Western"
11586,Exorcist II: The Heretic,Released,1977-06-17,30749142,Warner Bros. Pictures,"Drama, Horror, Thriller"
1534,Pathfinder,Released,2007-01-11,30822861,20th Century Fox,"Adventure, Action"
876716,Ciao Alberto,Released,2021-11-12,0,Walt Disney Pictures,"Animation, Comedy, Family, Fantasy"
11425,"Honey, We Shrunk Ourselves",Released,1997-03-18,0,Walt Disney Pictures,"Adventure, Comedy, Family, Science Fiction, Action"
11170,We Are Marshall,Released,2006-12-12,43545364,Warner Bros. Pictures,"Drama, History"
7249,Futurama: Bender's Big Score,Released,2007-11-27,0,,"Animation, Comedy, Science Fiction, TV Movie"
9395,Above the Law,Released,1988-04-08,18869631,Warner Bros. Pictures,"Action, Thriller"
1792,Stuck on You,Released,2003-12-10,65784503,20th Century Fox,Comedy
10766,Damien: Omen II,Released,1978-06-09,26518355,20th Century Fox,"Horror, Thriller"
12245,The Oxford Murders,Released,2008-01-18,0,Warner Bros. Pictures,"Crime, Mystery, Thriller"
176241,Prison Break: The Final Break,Released,2009-05-24,0,,"Action, Drama, Thriller"
11472,Nine Months,Released,1995-07-12,138510230,20th Century Fox,"Romance, Comedy"
13018,Deception,Released,2008-04-24,18024545,20th Century Fox,"Thriller, Mystery"
11092,Presumed Innocent,Released,1990-07-27,221303188,Warner Bros. Pictures,"Mystery, Crime, Thriller"
11520,Grumpy Old Men,Released,1993-12-25,70200000,Warner Bros. Pictures,Comedy
12309,Bachelor Party,Released,1984-06-29,38435947,20th Century Fox,Comedy
79218,Ice Age: A Mammoth Christmas,Released,2011-11-24,0,,"Animation, Family, TV Movie"
649409,No Sudden Move,Released,2021-06-24,0,Warner Bros. Pictures,"Crime, Drama, Mystery"
7300,One Fine Day,Released,1996-12-20,97529550,20th Century Fox,"Romance, Comedy"
9900,Grandma's Boy,Released,2006-01-06,6538177,20th Century Fox,Comedy
39691,Cats & Dogs: The Revenge of Kitty Galore,Released,2010-07-29,112483764,Warner Bros. Pictures,"Family, Adventure, Comedy, Fantasy, Action, Animation"
27327,Phantom of the Paradise,Released,1974-10-31,0,20th Century Fox,"Music, Comedy, Horror"
12138,3000 Miles to Graceland,Released,2001-02-23,18720175,Warner Bros. Pictures,"Action, Adventure, Comedy, Crime, Thriller"
11953,Kagemusha,Released,1980-04-26,4000000,20th Century Fox,"Action, Drama, History, War"
11542,Altered States,Released,1980-12-25,19853892,Warner Bros. Pictures,"Horror, Science Fiction, Thriller"
11891,Kung Pow: Enter the Fist,Released,2002-01-25,0,20th Century Fox,"Comedy, Action"
6439,Racing Stripes,Released,2005-01-06,90754475,Warner Bros. Pictures,"Comedy, Family"
198185,Million Dollar Arm,Released,2014-05-09,38307627,Walt Disney Pictures,Drama
2928,Michael,Released,1996-12-25,119718203,Warner Bros. Pictures,"Comedy, Drama, Fantasy"
72431,Red Tails,Released,2012-01-19,50365377,20th Century Fox,"Drama, Action, Adventure, History, War"
524369,The Many Saints of Newark,Released,2021-09-22,13037403,Warner Bros. Pictures,Crime
11419,Vegas Vacation,Released,1997-02-13,36400360,Warner Bros. Pictures,Comedy
10344,The Fly II,Released,1989-02-10,38903179,20th Century Fox,"Horror, Science Fiction"
9080,Spies Like Us,Released,1985-12-06,60088980,Warner Bros. Pictures,"Comedy, Adventure"
11286,The Cannonball Run,Released,1981-06-19,72179579,20th Century Fox,"Action, Comedy"
454467,Noelle,Released,2019-11-12,0,Walt Disney Pictures,"Family, Comedy, Fantasy"
24226,The Verdict,Released,1982-12-08,53977250,20th Century Fox,Drama
14326,Nights in Rodanthe,Released,2008-09-26,84375061,Warner Bros. Pictures,"Drama, Romance"
662546,Godmothered,Released,2020-12-04,0,Walt Disney Pictures,"Family, Fantasy, Comedy"
9569,Hard to Kill,Released,1990-02-09,47410000,Warner Bros. Pictures,Action
12227,White Fang,Released,1991-01-18,34793160,Walt Disney Pictures,"Action, Adventure, Drama, Family"
11821,Doc Hollywood,Released,1991-08-02,54830779,Warner Bros. Pictures,"Comedy, Romance"
9410,Great Expectations,Released,1998-01-30,55494066,20th Century Fox,"Comedy, Drama, Romance"
238603,Earth to Echo,Released,2014-06-14,45300000,Walt Disney Pictures,"Family, Adventure, Science Fiction"
9073,Free Willy 2: The Adventure Home,Released,1995-07-19,30000000,Warner Bros. Pictures,"Family, Adventure, Drama"
420808,Peter Pan & Wendy,Released,2023-04-20,0,Walt Disney Pictures,"Family, Fantasy, Action, Adventure"
14292,Miracle,Released,2004-02-06,64445708,Walt Disney Pictures,"Drama, History"
10540,Outland,Released,1981-05-22,17374595,Warner Bros. Pictures,"Science Fiction, Action"
9369,Asterix Conquers America,Released,1994-09-29,0,20th Century Fox,"Family, Animation, Adventure, Comedy"
508570,The One and Only Ivan,Released,2020-08-21,0,Walt Disney Pictures,"Family, Comedy, Drama"
39486,Secretariat,Released,2010-08-20,60321861,Walt Disney Pictures,Drama
41479,The Joneses,Released,2010-04-16,7022728,20th Century Fox,"Comedy, Drama"
11943,Jeremiah Johnson,Released,1972-09-10,44700000,Warner Bros. Pictures,"Adventure, Western"
534259,Blinded by the Light,Released,2019-08-09,18144644,Warner Bros. Pictures,"Drama, Comedy"
10067,The Shaggy Dog,Released,2006-03-09,87134280,Walt Disney Pictures,"Comedy, Family"
382748,Stargirl,Released,2020-03-10,0,Walt Disney Pictures,"Comedy, Drama, Romance, Family"
3001,How to Steal a Million,Released,1966-07-13,4400000,20th Century Fox,"Comedy, Crime, Romance"
10130,Gorillas in the Mist,Released,1988-09-23,0,Warner Bros. Pictures,"Drama, History"
10212,Ravenous,Released,1999-01-01,2000000,20th Century Fox,"Adventure, Drama, Horror, Western"
82684,Chasing Mavericks,Released,2012-10-25,7900000,20th Century Fox,Drama
16372,The Innocents,Released,1961-12-15,1200000,20th Century Fox,"Horror, Mystery"
15655,The Tigger Movie,Released,2000-02-11,45554533,Walt Disney Pictures,"Family, Animation, Comedy"
10154,Mickey Blue Eyes,Released,1999-08-16,54264342,Warner Bros. Pictures,"Comedy, Crime, Romance"
221731,Rurouni Kenshin Part II: Kyoto Inferno,Released,2014-08-01,0,Warner Bros. Pictures,"Action, Adventure, Drama, Fantasy"
8197,Midnight in the Garden of Good and Evil,Released,1997-11-21,25105255,Warner Bros. Pictures,"Mystery, Crime"
8438,Murder in the First,Released,1995-01-20,29500000,Warner Bros. Pictures,"Crime, Drama"
10718,Torque,Released,2004-01-16,46546197,Warner Bros. Pictures,Action
76489,The Three Stooges,Released,2012-04-13,54819301,20th Century Fox,Comedy
2687,Memoirs of an Invisible Man,Released,1992-02-28,14358033,Warner Bros. Pictures,"Science Fiction, Comedy, Romance"
426285,Fullmetal Alchemist,Released,2017-12-01,0,Warner Bros. Pictures,"Fantasy, Action, Science Fiction, Adventure"
82424,Small Fry,Released,2011-11-23,0,Walt Disney Pictures,"Animation, Family, Comedy"
10461,Get Carter,Released,2000-10-06,19412993,Warner Bros. Pictures,"Action, Drama, Thriller, Crime"
10687,Tigerland,Released,2000-10-06,148701,20th Century Fox,"Drama, War"
12889,Futurama: The Beast with a Billion Backs,Released,2008-06-30,0,,"Animation, Comedy, Science Fiction, TV Movie"
10984,Valentine,Released,2001-02-02,16300000,Warner Bros. Pictures,"Horror, Thriller"
9988,Beerfest,Released,2006-08-25,19179969,Warner Bros. Pictures,Comedy
11597,Toys,Released,1992-12-18,23278931,20th Century Fox,"Family, Fantasy, Comedy, Science Fiction"
11894,Curly Sue,Released,1991-10-25,33691313,Warner Bros. Pictures,"Comedy, Drama, Family, Romance"
10724,Firefox,Released,1982-06-18,70687344,Warner Bros. Pictures,"Science Fiction, Action, Adventure, Thriller"
13253,Futurama: Bender's Game,Released,2008-11-03,0,,"Animation, Comedy, Science Fiction, TV Movie"
10768,Omen III: The Final Conflict,Released,1981-03-20,20471382,20th Century Fox,"Horror, Mystery, Thriller"
9086,Young Guns II,Released,1990-08-01,59000000,20th Century Fox,"Western, Adventure"
11313,Hearts in Atlantis,Released,2001-09-28,24185781,Warner Bros. Pictures,Drama
9415,Murder at 1600,Released,1997-04-18,25804707,Warner Bros. Pictures,"Action, Drama, Mystery, Thriller, Crime"
79316,Devil's Due,Released,2014-01-08,36433975,20th Century Fox,Horror
11041,The Beverly Hillbillies,Released,1993-10-15,0,20th Century Fox,Comedy
15060,Futurama: Into the Wild Green Yonder,Released,2009-02-23,0,,"Animation, Comedy, Science Fiction, TV Movie"
11815,The Fly,Released,1958-07-16,3000000,20th Century Fox,"Science Fiction, Horror, Drama"
9061,Just Cause,Released,1995-02-17,0,Warner Bros. Pictures,"Action, Drama, Mystery, Thriller"
6723,The Rookie,Released,1990-12-07,21633874,Warner Bros. Pictures,"Action, Crime, Drama, Thriller"
426284,Blade of the Immortal,Released,2017-04-29,150532,Warner Bros. Pictures,"Action, Fantasy, Adventure"
492336,Deep Blue Sea 2,Released,2018-04-17,0,Warner Bros. Pictures,"Action, Horror, Science Fiction"
11165,Tora! Tora! Tora!,Released,1970-01-26,37150000,20th Century Fox,"Drama, History, War"
14043,Nancy Drew,Released,2007-06-15,30715465,Warner Bros. Pictures,"Family, Adventure, Crime, Mystery, Comedy"
2269,Day Watch,Released,2006-01-01,42918532,20th Century Fox,"Fantasy, Action, Adventure, Horror, Thriller"
22527,The Wrong Man,Released,1956-12-22,2000000,Warner Bros. Pictures,"Crime, Drama"
11016,Key Largo,Released,1948-07-16,0,Warner Bros. Pictures,"Crime, Thriller"
10502,The Man Without a Face,Released,1993-08-25,24760338,Warner Bros. Pictures,Drama
10173,Marked for Death,Released,1990-10-05,46044400,20th Century Fox,"Action, Crime"
2565,Joe Versus the Volcano,Released,1990-03-09,39404261,Warner Bros. Pictures,"Comedy, Romance"
10478,Tin Cup,Released,1996-08-16,53854588,Warner Bros. Pictures,"Comedy, Romance"
11206,Wait Until Dark,Released,1967-10-26,11000000,Warner Bros. Pictures,Thriller
10952,New Jack City,Released,1991-03-08,47624253,Warner Bros. Pictures,"Thriller, Crime, Drama"
10297,How to Marry a Millionaire,Released,1953-10-29,0,20th Century Fox,"Comedy, Romance"
16643,Life or Something Like It,Released,2002-04-24,16872671,20th Century Fox,"Comedy, Drama, Romance"
17689,The Gauntlet,Released,1977-12-17,26414658,Warner Bros. Pictures,"Drama, Action, Crime, Thriller"
250538,The Good Lie,Released,2014-09-10,3396345,Warner Bros. Pictures,Drama
21972,Like Mike,Released,2002-07-03,0,20th Century Fox,"Family, Comedy, Fantasy"
20539,The Crucible,Released,1996-11-27,7343114,20th Century Fox,"Drama, History"
22584,To Have and Have Not,Released,1945-01-20,3650000,Warner Bros. Pictures,"Adventure, Romance, War"
28032,Thumbelina,Released,1994-03-29,11373501,Warner Bros. Pictures,"Animation, Family, Fantasy, Romance, Music"
62204,Quest for Fire,Released,1981-12-16,55260558,20th Century Fox,"Adventure, Drama"
10396,Tequila Sunrise,Released,1988-12-02,105900000,Warner Bros. Pictures,"Crime, Romance, Thriller"
558144,Deadpool: No Good Deed,Released,2017-03-03,0,20th Century Fox,"Action, Comedy, Crime"
1644,The Vanishing,Released,1993-02-05,14543394,20th Century Fox,"Thriller, Drama, Mystery, Horror"
11398,The Art of War,Released,2000-08-25,30199105,Warner Bros. Pictures,"Crime, Action, Adventure"
26264,George of the Jungle 2,Released,2003-08-18,0,Walt Disney Pictures,"Adventure, Comedy, Family"
130925,Partysaurus Rex,Released,2012-09-14,0,Walt Disney Pictures,"Family, Animation, Comedy"
19494,Nine to Five,Released,1980-12-18,103300000,20th Century Fox,Comedy
33408,The Crush,Released,1993-04-02,13609396,Warner Bros. Pictures,"Drama, Thriller"
57361,The Yellow Sea,Released,2010-12-22,0,,"Drama, Thriller, Crime"
387893,Ice Age: The Great Egg-Scapade,Released,2016-03-19,0,,"Adventure, Animation, Comedy, Family, TV Movie"
77951,Walking with Dinosaurs,Released,2013-12-18,126546518,20th Century Fox,"Animation, Family, Adventure"
9414,The Man Who Knew Too Little,Released,1997-11-14,13801755,Warner Bros. Pictures,"Comedy, Thriller, Crime, Action"
6619,Death in Venice,Released,1971-03-02,0,Warner Bros. Pictures,"Drama, History"
9586,The Bonfire of the Vanities,Released,1990-12-21,15691192,Warner Bros. Pictures,"Comedy, Drama"
13962,Blank Check,Released,1994-02-11,0,Walt Disney Pictures,"Comedy, Family"
11648,Must Love Dogs,Released,2005-07-21,58405313,Warner Bros. Pictures,"Romance, Comedy"
9446,Jungle 2 Jungle,Released,1997-03-04,59927618,Walt Disney Pictures,"Comedy, Family"
9624,On Deadly Ground,Released,1994-02-18,49000000,Warner Bros. Pictures,Action
11002,"Greystoke: The Legend of Tarzan, Lord of the Apes",Released,1984-03-30,45858563,Warner Bros. Pictures,"Adventure, Drama, Action, Romance"
16858,All That Jazz,Released,1979-12-16,37823676,20th Century Fox,Drama
51588,Prom,Released,2011-04-29,10130000,Walt Disney Pictures,"Comedy, Romance"
10714,The Jungle Book,Released,1994-12-23,43,Walt Disney Pictures,"Family, Adventure, Drama"
13768,Tuck Everlasting,Released,2002-10-11,19158074,Walt Disney Pictures,"Drama, Family, Fantasy, Romance"
13435,Antwone Fisher,Released,2002-12-19,23367586,20th Century Fox,"Drama, Romance"
11120,The Mosquito Coast,Released,1986-11-26,14302779,Warner Bros. Pictures,"Drama, Adventure"
10877,Exit Wounds,Released,2001-03-16,79958599,Warner Bros. Pictures,"Action, Crime, Thriller"
15794,White Heat,Released,1949-09-02,3483000,Warner Bros. Pictures,"Crime, Drama, Thriller"
221732,Rurouni Kenshin Part III: The Legend Ends,Released,2014-09-13,0,Warner Bros. Pictures,"Action, Adventure, Drama, Fantasy"
25059,Homeward Bound II: Lost in San Francisco,Released,1996-03-08,32709423,Walt Disney Pictures,"Adventure, Comedy, Drama, Family"
20737,Air Bud,Released,1997-08-01,23144499,Walt Disney Pictures,"Comedy, Family"
1770,Michael Collins,Released,1996-10-25,16900000,Warner Bros. Pictures,"War, Drama, Thriller, History"
74849,The Star Wars Holiday Special,Released,1978-12-01,0,,"Fantasy, Science Fiction, Family, TV Movie"
417830,Diary of a Wimpy Kid: The Long Haul,Released,2017-05-19,40120144,20th Century Fox,"Comedy, Family"
18032,The Secret of Moonacre,Released,2009-02-06,7162618,Warner Bros. Pictures,"Adventure, Fantasy, Romance"
326423,Barbershop: The Next Cut,Released,2016-04-15,55030051,Warner Bros. Pictures,"Comedy, Drama"
8356,An Affair to Remember,Released,1957-07-11,3800000,20th Century Fox,"Drama, Romance"
15487,The Greatest Game Ever Played,Released,2005-09-30,15431177,Walt Disney Pictures,Drama
1623,Brubaker,Released,1980-06-20,37121708,20th Century Fox,"Crime, Drama"
11571,Journey to the Center of the Earth,Released,1959-12-15,10000000,20th Century Fox,"Adventure, Fantasy, Family"
573699,White Snake,Released,2019-01-11,61631776,Warner Bros. Pictures,"Romance, Animation, Fantasy"
15268,Street Fighter: The Legend of Chun-Li,Released,2009-02-27,12764201,20th Century Fox,"Action, Adventure, Science Fiction, Thriller"
20481,Nightbreed,Released,1990-02-16,8862354,20th Century Fox,"Horror, Fantasy, Action"
9079,Dying Young,Released,1991-06-20,82264675,20th Century Fox,"Drama, Romance"
13682,Pooh's Heffalump Movie,Released,2005-02-11,52900000,Walt Disney Pictures,"Family, Animation, Comedy, Fantasy"
15417,Every Which Way but Loose,Released,1978-12-16,85196485,Warner Bros. Pictures,"Action, Comedy, Adventure, Romance, Drama"
14635,The Rookie,Released,2002-03-25,75597042,Walt Disney Pictures,"Drama, Family"
9101,Down Periscope,Released,1996-03-01,0,20th Century Fox,Comedy
1936,River of No Return,Released,1954-04-30,0,20th Century Fox,"Adventure, Western"
11951,Vanishing Point,Released,1971-01-15,72266306,20th Century Fox,"Action, Drama"
13934,Mater and the Ghostlight,Released,2006-07-27,0,Walt Disney Pictures,"Animation, Comedy, Family, Horror"
426249,Lords of Chaos,Released,2018-09-20,365353,20th Century Fox,"Drama, Music, Horror, Thriller"
12516,Dreams,Released,1990-05-11,0,Warner Bros. Pictures,"Fantasy, Drama"
10644,The Unbearable Lightness of Being,Released,1988-02-05,10006806,Warner Bros. Pictures,"Drama, Romance"
16153,Alice Doesn't Live Here Anymore,Released,1974-12-09,21000000,Warner Bros. Pictures,"Drama, Romance"
2161,Fantastic Voyage,Released,1966-08-24,12000000,20th Century Fox,"Adventure, Science Fiction"
14362,Out for Justice,Released,1991-04-12,39673161,Warner Bros. Pictures,"Action, Crime"
278427,Family Guy Presents: It's a Trap!,Released,2010-12-21,0,,"Animation, Comedy, Science Fiction, TV Movie"
811367,22 vs. Earth,Released,2021-04-30,0,Walt Disney Pictures,"Family, Comedy, Fantasy, Animation"
4923,Zardoz,Released,1974-02-06,1800000,20th Century Fox,"Fantasy, Action, Thriller, Science Fiction"
13321,Lifeboat,Released,1944-01-28,1000000,20th Century Fox,"War, Drama"
9715,Hope Floats,Released,1998-05-29,81471882,20th Century Fox,"Romance, Drama, Comedy"
24795,Angels in the Outfield,Released,1994-07-15,50236831,Walt Disney Pictures,"Comedy, Family, Fantasy"
79694,The Apparition,Released,2012-08-23,9627492,Warner Bros. Pictures,"Horror, Thriller"
20726,Little Giants,Released,1994-10-14,0,Warner Bros. Pictures,"Comedy, Family"
19933,The Brave Little Toaster,Released,1987-07-09,0,Walt Disney Pictures,"Fantasy, Adventure, Animation, Family, Music"
10264,Hamlet,Released,1990-12-19,20710451,Warner Bros. Pictures,"Drama, History"
2274,The Seeker: The Dark Is Rising,Released,2007-10-05,31852619,20th Century Fox,"Adventure, Drama, Fantasy, Family, Thriller"
30159,I Confess,Released,1953-02-18,0,Warner Bros. Pictures,"Drama, Thriller, Crime"
11591,The Man with Two Brains,Released,1983-06-10,0,Warner Bros. Pictures,"Comedy, Romance, Science Fiction"
134375,Home Alone: The Holiday Heist,Released,2012-12-03,0,,"Comedy, Family, TV Movie"
10711,French Connection II,Released,1975-05-18,12484444,20th Century Fox,"Action, Crime, Drama, Thriller"
13493,College Road Trip,Released,2008-03-07,51549674,Walt Disney Pictures,"Comedy, Family, Action, Adventure"
2153,The Driver,Released,1978-06-08,0,20th Century Fox,"Crime, Thriller, Action"
2058,Addicted to Love,Released,1997-05-23,34673095,Warner Bros. Pictures,"Comedy, Romance"
11071,Them!,Released,1954-06-16,0,Warner Bros. Pictures,"Science Fiction, Horror"
466,Klute,Released,1971-06-23,12512637,Warner Bros. Pictures,"Thriller, Mystery, Crime"
3088,My Darling Clementine,Released,1946-10-17,2750000,20th Century Fox,"Western, Romance, Drama"
4722,Body Snatchers,Released,1993-06-09,428868,Warner Bros. Pictures,"Horror, Science Fiction, Thriller"
52345,Lisbela and the Prisoner,Released,2003-08-22,0,,"Comedy, Romance"
9417,Wrongfully Accused,Released,1998-07-23,9623329,Warner Bros. Pictures,"Action, Adventure, Comedy"
360365,Tini: The New Life of Violetta,Released,2016-05-04,17000172,Walt Disney Pictures,"Comedy, Drama, Music"
10077,A Sound of Thunder,Released,2005-05-15,11665465,Warner Bros. Pictures,"Thriller, Science Fiction, Adventure, Action"
39345,Casper Meets Wendy,Released,1998-09-08,0,20th Century Fox,"Family, Fantasy, TV Movie"
65215,Stewie Griffin: The Untold Story,Released,2005-07-23,0,,"Action, Adventure, Animation, Comedy"
33914,Frankenweenie,Released,1984-12-14,0,Walt Disney Pictures,"Family, Fantasy, Science Fiction, Horror"
36968,Life-Size,Released,2000-03-05,0,Walt Disney Pictures,"TV Movie, Family, Comedy, Fantasy"
12626,Broadcast News,Released,1987-12-16,67330500,20th Century Fox,"Comedy, Romance"
906221,Magic Mike's Last Dance,Released,2023-02-09,52000000,Warner Bros. Pictures,"Comedy, Drama, Romance"
9413,Picture Perfect,Released,1997-08-01,44332015,20th Century Fox,"Romance, Comedy"
34588,If I Were You,Released,2006-01-06,0,,Comedy
10874,Muppet Treasure Island,Released,1996-02-16,34327391,Walt Disney Pictures,"Action, Comedy, Music, Family, Adventure, Romance"
54540,Beverly Hills Chihuahua 2,Released,2011-02-01,0,Walt Disney Pictures,"Comedy, Family"
429210,Bingo: The King of the Mornings,Released,2017-08-24,0,Warner Bros. Pictures,"Comedy, Drama"
9275,Death to Smoochy,Released,2002-03-29,8382938,Warner Bros. Pictures,"Comedy, Crime, Drama, Thriller"
29005,McCabe & Mrs. Miller,Released,1971-06-24,0,Warner Bros. Pictures,"Western, Drama"
10339,Moby Dick,Released,1956-06-27,10400000,Warner Bros. Pictures,"Adventure, Drama"
43266,How Green Was My Valley,Released,1941-10-28,6000000,20th Century Fox,Drama
27793,The NeverEnding Story III,Released,1994-10-26,0,Warner Bros. Pictures,"Fantasy, Family"
3309,Mildred Pierce,Released,1945-10-20,5638000,Warner Bros. Pictures,"Crime, Drama"
351809,To Steal from a Thief,Released,2016-03-03,9074836,20th Century Fox,"Crime, Thriller"
9438,Mr. Magoo,Released,1997-12-25,75000000,Walt Disney Pictures,"Comedy, Family"
15602,Grumpier Old Men,Released,1995-12-22,71500000,Warner Bros. Pictures,"Romance, Comedy"
9625,The Glimmer Man,Released,1996-10-04,20350000,Warner Bros. Pictures,"Action, Crime"
16520,The King and I,Released,1956-06-29,21300000,20th Century Fox,"Drama, Romance, Adventure, Music"
116440,"Maggie Simpson in ""The Longest Daycare""",Released,2012-07-12,0,20th Century Fox,"Animation, Drama, Family"
10994,White Oleander,Released,2002-10-11,0,Warner Bros. Pictures,Drama
19766,Inspector Gadget 2,Released,2003-03-11,0,Walt Disney Pictures,"Action, Adventure, Comedy, Family"
10765,Private Benjamin,Released,1980-10-06,69800000,Warner Bros. Pictures,Comedy
14429,Drive Me Crazy,Released,1999-10-01,22593409,20th Century Fox,"Romance, Comedy, Drama"
17707,Brokedown Palace,Released,1999-08-13,10115013,20th Century Fox,Drama
14819,Heavyweights,Released,1995-02-17,17689177,Walt Disney Pictures,"Family, Comedy, Drama"
18457,Dead Weight,Released,2002-04-10,0,Warner Bros. Pictures,Comedy
19997,Niagara,Released,1953-01-26,8500000,20th Century Fox,Thriller
673595,"Maggie Simpson in ""Playdate with Destiny""",Released,2020-02-29,0,,"Animation, Comedy, Family, Romance"
12651,Memphis Belle,Released,1990-09-07,0,Warner Bros. Pictures,"Drama, War, Action"
11068,Singles,Released,1992-09-18,18472850,Warner Bros. Pictures,"Comedy, Drama, Romance"
9544,FearDotCom,Released,2002-08-09,18902015,Warner Bros. Pictures,"Horror, Thriller, Crime"
831827,Far from the Tree,Released,2021-11-24,0,Walt Disney Pictures,"Animation, Family"
2075,Prizzi's Honor,Released,1985-06-14,26657534,20th Century Fox,"Romance, Comedy, Crime"
13763,Purple Rain,Released,1984-07-27,68392977,Warner Bros. Pictures,"Drama, Music, Romance"
6949,"What's Up, Doc?",Released,1972-03-09,66000000,Warner Bros. Pictures,"Comedy, Romance"
980,The Ox-Bow Incident,Released,1943-03-11,0,20th Century Fox,"Western, Drama"
10550,Ballistic: Ecks vs. Sever,Released,2002-09-20,19924033,Warner Bros. Pictures,"Action, Adventure, Thriller"
12121,Made in America,Released,1993-01-06,0,Warner Bros. Pictures,Comedy
4886,And Then There Were None,Released,1945-10-31,1000000,20th Century Fox,"Crime, Drama, Mystery"
256474,In the Blood,Released,2014-04-04,0,,"Action, Crime, Thriller"
13704,License to Drive,Released,1988-07-06,0,20th Century Fox,"Comedy, Family"
13691,Piglet's Big Movie,Released,2003-03-16,62870546,Walt Disney Pictures,"Animation, Family"
9616,The Order,Released,2003-09-05,11560806,20th Century Fox,"Drama, Fantasy, Horror, Mystery, Romance, Thriller"
14030,"Hello, Dolly!",Released,1969-12-12,33208099,20th Century Fox,"Comedy, Romance, Music"
10945,Jumpin' Jack Flash,Released,1986-04-23,29844101,20th Century Fox,"Romance, Comedy, Thriller"
14289,Fire Down Below,Released,1997-09-05,16228448,Warner Bros. Pictures,"Action, Thriller"
2990,Pacific Heights,Released,1990-09-28,55000000,20th Century Fox,Thriller
29154,Stand and Deliver,Released,1988-03-11,13994920,Warner Bros. Pictures,Drama
774741,Diary of a Wimpy Kid,Released,2021-12-03,0,Walt Disney Pictures,"Animation, Comedy, Family"
10729,Quick Change,Released,1990-07-13,15260154,Warner Bros. Pictures,"Comedy, Crime"
14522,Black Beauty,Released,1994-07-29,0,Warner Bros. Pictures,"Adventure, Family"
12611,The Fury,Released,1978-03-10,24000000,20th Century Fox,"Horror, Science Fiction, Thriller"
144288,Berserk: The Golden Age Arc III - The Advent,Released,2013-02-01,0,Warner Bros. Pictures,"Action, Adventure, Drama, Fantasy, Animation"
2576,The Diary of Anne Frank,Released,1959-03-18,0,20th Century Fox,"Drama, History"
13536,City by the Sea,Released,2002-09-06,22433915,Warner Bros. Pictures,"Crime, Drama, Mystery"
10694,The Chase,Released,1994-03-04,8009329,20th Century Fox,"Adventure, Comedy, Action, Crime"
11933,Nothing but Trouble,Released,1991-02-15,8479793,Warner Bros. Pictures,"Comedy, Adventure"
16187,Buzz Lightyear of Star Command: The Adventure Begins,Released,2000-08-08,0,Walt Disney Pictures,"Animation, Family, Comedy, Science Fiction, Adventure"
526702,Black Beauty,Released,2020-11-27,0,Walt Disney Pictures,Drama
21845,Rookie of the Year,Released,1993-07-07,56500758,20th Century Fox,"Family, Comedy"
18519,Free Willy 3: The Rescue,Released,1997-08-06,0,Warner Bros. Pictures,"Family, Adventure"
19405,Recess: School's Out,Released,2001-01-27,44460850,Walt Disney Pictures,"Science Fiction, Family, Comedy, Animation"
5172,The Astronaut Farmer,Released,2007-02-23,11130889,Warner Bros. Pictures,"Science Fiction, Adventure, Comedy, Drama"
10604,Zorba the Greek,Released,1964-12-14,9000000,20th Century Fox,Drama
17687,The Public Enemy,Released,1931-04-23,557000,Warner Bros. Pictures,"Crime, Drama"
299,Ocean's Eleven,Released,1960-08-10,2800000,Warner Bros. Pictures,"Crime, Comedy, Music"
9770,Mad City,Released,1997-11-07,10541523,Warner Bros. Pictures,"Action, Drama, Thriller"
7233,Rebound,Released,2005-07-01,16809014,20th Century Fox,"Comedy, Family"
11962,Joe's Apartment,Released,1996-07-26,4619014,Warner Bros. Pictures,"Comedy, Fantasy"
11707,Tightrope,Released,1984-08-17,48143579,Warner Bros. Pictures,"Mystery, Thriller, Crime"
23685,Monkeybone,Released,2001-02-23,5409517,20th Century Fox,"Adventure, Fantasy, Animation, Comedy, Science Fiction"
11307,The World According to Garp,Released,1982-08-13,29712172,Warner Bros. Pictures,"Drama, Comedy"
16227,Dark Passage,Released,1947-09-05,3430000,Warner Bros. Pictures,"Romance, Thriller, Mystery"
17169,Any Which Way You Can,Released,1980-12-17,70687344,Warner Bros. Pictures,"Action, Adventure, Comedy"
363579,The Age of Shadows,Released,2016-09-07,53165427,Warner Bros. Pictures,"Action, Thriller"
13926,Red's Dream,Released,1987-08-17,0,Walt Disney Pictures,"Animation, Family"
64956,Inception: The Cobol Job,Released,2010-12-07,0,Warner Bros. Pictures,"Animation, Action, Thriller, Science Fiction"
17037,I'll Be Home for Christmas,Released,1998-11-13,0,Walt Disney Pictures,"Comedy, Family"
8866,The Truth About Cats & Dogs,Released,1996-04-26,3407,20th Century Fox,"Comedy, Romance"
11558,Silver Streak,Released,1976-12-03,51079064,20th Century Fox,"Comedy, Crime, Romance, Thriller"
6071,Kiss of Death,Released,1995-04-21,14942422,20th Century Fox,"Crime, Thriller, Drama"
39346,Casper: A Spirited Beginning,Released,1997-09-09,0,20th Century Fox,"Adventure, Family, Comedy, Fantasy"
18573,House of Wax,Released,1953-04-16,23800000,Warner Bros. Pictures,"Horror, Crime"
10875,The Fabulous Baker Boys,Released,1989-10-13,18428904,20th Century Fox,"Comedy, Drama, Music, Romance"
27725,High Sierra,Released,1941-01-23,0,Warner Bros. Pictures,"Crime, Drama"
17127,The Object of My Affection,Released,1998-04-17,46905889,20th Century Fox,"Comedy, Drama, Romance"
779047,Us Again,Released,2021-03-05,0,Walt Disney Pictures,"Animation, Drama, Family"
27554,The Panic in Needle Park,Released,1971-06-01,0,20th Century Fox,"Drama, Romance"
182,The Good German,Released,2006-12-15,5914908,Warner Bros. Pictures,"Drama, War, Thriller, Mystery"
36298,"Me, Them and Lara",Released,2010-01-05,22039646,Warner Bros. Pictures,"Comedy, Drama"
10410,Hoffa,Released,1992-12-25,0,20th Century Fox,"Crime, History"
11950,Cannonball Run II,Released,1984-06-29,28078073,Warner Bros. Pictures,"Action, Comedy"
11575,The Great Race,Released,1965-07-01,25333333,Warner Bros. Pictures,"Comedy, Adventure"
9278,Freejack,Released,1992-01-17,17129026,Warner Bros. Pictures,"Science Fiction, Action, Crime"
10243,The Flight of the Phoenix,Released,1965-12-15,0,20th Century Fox,"Adventure, Drama"
13696,Angels with Dirty Faces,Released,1938-11-26,0,Warner Bros. Pictures,"Crime, Drama"
18147,Unaccompanied Minors,Released,2006-12-08,21949234,Warner Bros. Pictures,"Comedy, Family"
20483,Catch That Kid,Released,2004-02-06,16951702,20th Century Fox,"Family, Action, Adventure"
19698,Porky's II: The Next Day,Released,1983-06-24,33759266,20th Century Fox,Comedy
24679,Bird,Released,1988-06-01,2000000,Warner Bros. Pictures,"Drama, Music"
14621,Lean On Me,Released,1989-03-03,0,Warner Bros. Pictures,Drama
1978,Stage Fright,Released,1950-02-23,1900000,Warner Bros. Pictures,Thriller
235260,Son of God,Released,2014-02-28,67800064,20th Century Fox,Drama
10443,Fearless,Released,1993-10-15,6995302,Warner Bros. Pictures,Drama
1779,Roger & Me,Released,1989-09-01,6706368,Warner Bros. Pictures,"Documentary, History, Comedy"
9849,My Favorite Martian,Released,1999-02-11,36850101,Walt Disney Pictures,"Comedy, Drama, Family, Science Fiction"
594530,Lamp Life,Released,2020-01-31,0,Walt Disney Pictures,"Animation, Comedy, Family"
59387,The Powerpuff Girls Movie,Released,2002-07-03,16426471,Warner Bros. Pictures,"Animation, Action, Family"
10128,Alien Nation,Released,1988-10-07,32155047,20th Century Fox,"Science Fiction, Crime, Thriller"
3111,A Star Is Born,Released,1954-10-01,4335968,Warner Bros. Pictures,"Drama, Music, Romance"
13105,Mr. Mom,Released,1983-07-22,64783827,20th Century Fox,"Comedy, Drama"
22292,The Ghost and Mrs. Muir,Released,1947-05-25,0,20th Century Fox,"Fantasy, Romance, Drama"
17952,In The Mix,Released,2005-11-23,0,20th Century Fox,"Comedy, Drama, Crime, Romance, Music"
2926,The Three Musketeers,Released,1973-12-11,22018000,20th Century Fox,"Action, Adventure, Comedy"
11859,Fair Game,Released,1995-11-03,11534477,Warner Bros. Pictures,Action
624479,Superman II: The Richard Donner Cut,Released,2006-11-02,0,Warner Bros. Pictures,"Science Fiction, Action, Adventure"
12499,Fathers' Day,Released,1997-05-09,35598376,Warner Bros. Pictures,"Comedy, Family"
10988,Diabolique,Released,1996-03-22,52400000,Warner Bros. Pictures,"Mystery, Thriller, Horror"
467824,Illang: The Wolf Brigade,Released,2018-07-25,0,Warner Bros. Pictures,"Science Fiction, Action, Adventure, Thriller"
406785,Inner Workings,Released,2016-11-23,0,Walt Disney Pictures,"Animation, Family, Comedy"
32042,Night Moves,Released,1975-02-27,0,Warner Bros. Pictures,"Crime, Mystery, Drama"
15213,Everyone's Hero,Released,2006-08-04,16627188,20th Century Fox,"Adventure, Animation, Comedy, Family"
13703,Less Than Zero,Released,1987-11-06,12396383,20th Century Fox,"Drama, Crime, Romance"
17908,My Dog Skip,Released,2000-01-12,35547761,Warner Bros. Pictures,"Comedy, Drama, Family"
31587,Scarecrow,Released,1973-04-11,0,Warner Bros. Pictures,Drama
7343,City of Men,Released,2007-08-31,307076,,Drama
6499,Turbo: A Power Rangers Movie,Released,1997-03-27,9679739,20th Century Fox,"Action, Adventure, Family, Fantasy, Science Fiction"
67675,Glee: The Concert Movie,Released,2011-08-11,18663238,20th Century Fox,"Music, Documentary, Family"
21349,Anywhere but Here,Released,1999-11-12,18653615,20th Century Fox,"Drama, Comedy, Romance"
26255,Love Potion No. 9,Released,1992-11-13,754935,20th Century Fox,"Comedy, Romance, Fantasy, Science Fiction"
5146,The In-Laws,Released,2003-05-23,26800000,Warner Bros. Pictures,"Action, Comedy"
443319,Phoenix Forgotten,Released,2017-04-21,3600000,20th Century Fox,"Horror, Mystery, Science Fiction"
25955,Pickup on South Street,Released,1953-05-27,0,20th Century Fox,"Crime, Thriller, Romance"
41662,3 Women,Released,1977-04-10,0,20th Century Fox,Drama
16889,Revenge of the Nerds II: Nerds in Paradise,Released,1987-07-10,22642033,20th Century Fox,Comedy
1950,Lucky You,Released,2007-05-01,8461686,Warner Bros. Pictures,"Drama, Romance"
24099,Dreamscape,Released,1984-08-15,12145169,20th Century Fox,"Adventure, Science Fiction, Horror"
28569,Splendor in the Grass,Released,1961-10-10,0,Warner Bros. Pictures,"Drama, Romance"
24767,Iron Will,Released,1994-01-14,21006361,Walt Disney Pictures,"Adventure, Family, Action"
4823,Final Analysis,Released,1992-02-07,28590665,Warner Bros. Pictures,"Drama, Thriller, Romance"
10905,The Man with One Red Shoe,Released,1985-07-18,8645411,20th Century Fox,"Action, Comedy"
741228,Locked Down,Released,2021-02-25,0,Warner Bros. Pictures,"Comedy, Crime, Drama"
10627,Taps,Released,1981-12-20,35856053,20th Century Fox,"War, Drama"
20616,Swimfan,Released,2002-09-06,34411240,20th Century Fox,"Thriller, Mystery"
15300,Newsies,Released,1992-04-10,2706352,Walt Disney Pictures,"Family, Drama, History, Music"
8583,Dangerous Beauty,Released,1998-02-20,4553271,"Warner Bros. Pictures, 20th Century Fox","Drama, Romance"
9459,Woodstock,Released,1970-03-26,34505110,Warner Bros. Pictures,"Documentary, History, Music"
15045,Fat Albert,Released,2004-12-25,48563556,20th Century Fox,"Comedy, Family, Fantasy"
15035,Fire and Ice,Released,1983-03-25,760883,20th Century Fox,"Animation, Fantasy, Science Fiction"
759054,Rise,Released,2022-06-23,0,Walt Disney Pictures,Drama
105965,Beverly Hills Chihuahua 3: Viva la Fiesta!,Released,2012-09-03,0,Walt Disney Pictures,"Comedy, Family"
13411,Malibu's Most Wanted,Released,2003-04-10,34000000,Warner Bros. Pictures,"Comedy, Crime"
28761,"White Hunter, Black Heart",Released,1990-05-16,2319124,Warner Bros. Pictures,"Adventure, Drama"
14170,Funny Farm,Released,1988-06-03,25537221,Warner Bros. Pictures,Comedy
18410,Project X,Released,1987-04-17,18532286,20th Century Fox,"Drama, Comedy"
20283,Breaking Away,Released,1979-05-24,20000000,20th Century Fox,"Drama, Comedy"
10563,Three to Tango,Released,1999-10-22,0,Warner Bros. Pictures,"Comedy, Romance"
220882,London Fields,Released,2018-09-20,487420,20th Century Fox,"Crime, Thriller"
8854,Steel,Released,1997-08-15,1686429,Warner Bros. Pictures,"Science Fiction, Action, Adventure"
34193,Magic,Released,1978-11-08,0,20th Century Fox,"Drama, Horror, Thriller"
21752,If I Were You 2,Released,2009-02-01,0,,Comedy
18172,All the Right Moves,Released,1983-10-21,17233166,20th Century Fox,"Romance, Drama"
38126,Return of the Fly,Released,1959-07-01,0,20th Century Fox,"Horror, Science Fiction"
31642,Heaven & Earth,Released,1993-12-25,5864949,Warner Bros. Pictures,"History, War, Action, Drama"
521007,Superintelligence,Released,2020-12-11,0,Warner Bros. Pictures,"Comedy, Science Fiction, Romance"
691683,Cheaper by the Dozen,Released,2022-03-18,0,Walt Disney Pictures,"Family, Comedy"
621876,Flora & Ulysses,Released,2021-02-19,0,Walt Disney Pictures,"Family, Adventure, Comedy, Fantasy"
21866,Bronco Billy,Released,1980-06-11,24265583,Warner Bros. Pictures,"Drama, Romance, Comedy"
35114,Destino,Released,2003-08-05,0,Walt Disney Pictures,"Animation, Music, Family"
455605,Haunted Hospital: Heilstatten,Released,2018-02-22,2330777,20th Century Fox,Horror
19119,Night and the City,Released,1950-06-15,0,20th Century Fox,"Drama, Crime"
234567,Get a Horse!,Released,2013-11-27,0,Walt Disney Pictures,"Animation, Family, Comedy"
13524,Battle of the Bulge,Released,1965-12-16,11118000,Warner Bros. Pictures,"Drama, History, War"
14787,Tom and Jerry: The Magic Ring,Released,2002-03-12,0,Warner Bros. Pictures,"Family, Animation, Fantasy, Comedy, Action"
24008,Monkey Business,Released,1952-09-03,2000000,20th Century Fox,Comedy
40969,Terror Train,Released,1980-10-03,0,20th Century Fox,"Horror, Thriller"
9452,Bulworth,Released,1998-05-15,29202884,20th Century Fox,"Comedy, Drama"
10090,Reno 911!: Miami,Released,2007-02-23,20342161,20th Century Fox,"Action, Comedy, Crime"
33278,Deadly Friend,Released,1986-10-10,8988731,Warner Bros. Pictures,"Horror, Science Fiction"
751741,Night at the Museum: Kahmunrah Rises Again,Released,2022-12-09,0,Walt Disney Pictures,"Animation, Comedy, Family, Fantasy"
32574,Meet John Doe,Released,1941-03-14,2000000,Warner Bros. Pictures,"Comedy, Drama"
10299,"Hush... Hush, Sweet Charlotte",Released,1964-12-15,4000000,20th Century Fox,"Drama, Horror, Mystery"
3587,Bogus,Released,1996-09-06,0,Warner Bros. Pictures,"Fantasy, Comedy, Family"
5923,The Sand Pebbles,Released,1966-12-20,20000000,20th Century Fox,"Adventure, War, Drama"
16180,The Legend of Hell House,Released,1973-06-15,0,20th Century Fox,"Horror, Mystery"
616747,Haunted Mansion,Released,2023-07-26,91000000,Walt Disney Pictures,"Fantasy, Comedy"
33667,Gentleman's Agreement,Released,1947-11-11,7800000,20th Century Fox,"Drama, Romance"
18402,Something to Talk About,Released,1995-08-04,50892160,Warner Bros. Pictures,"Comedy, Drama"
13370,A Mighty Wind,Released,2003-04-16,18750246,Warner Bros. Pictures,"Comedy, Music"
9051,10,Released,1979-10-05,74865517,Warner Bros. Pictures,"Comedy, Romance"
17590,Deathtrap,Released,1982-03-19,0,Warner Bros. Pictures,"Comedy, Mystery, Thriller"
13495,Alatriste,Released,2006-09-01,23321954,20th Century Fox,Action
27418,Next of Kin,Released,1989-10-20,15942628,Warner Bros. Pictures,"Adventure, Action, Thriller"
42196,The Bad Seed,Released,1956-09-12,0,Warner Bros. Pictures,"Thriller, Mystery, Horror, Drama"
16384,My Blue Heaven,Released,1990-08-17,0,Warner Bros. Pictures,"Action, Comedy"
17645,Leave Her to Heaven,Released,1945-12-25,0,20th Century Fox,"Drama, Romance, Thriller"
15573,The Cowboys,Released,1972-01-13,7500000,Warner Bros. Pictures,"Western, Adventure, Drama, Action"
23719,Trapped in Paradise,Released,1994-12-02,5777916,20th Century Fox,"Action, Comedy"
17880,Because of Winn-Dixie,Released,2005-02-18,32645546,20th Century Fox,"Family, Comedy, Drama"
21849,A Face in the Crowd,Released,1957-05-29,0,Warner Bros. Pictures,Drama
11853,Bad Girls,Released,1994-04-22,15240435,20th Century Fox,"Romance, Western"
620705,Crater,Released,2023-05-12,0,Walt Disney Pictures,"Science Fiction, Action, Adventure, Family"
53210,Duck Amuck,Released,1953-02-28,0,Warner Bros. Pictures,"Animation, Comedy, Family"
37698,The Roaring Twenties,Released,1939-10-28,0,Warner Bros. Pictures,"Crime, Drama, Thriller"
29912,The Robe,Released,1953-09-16,36000000,20th Century Fox,"Drama, History"
18041,Gossip,Released,2000-04-21,5108820,Warner Bros. Pictures,"Mystery, Thriller"
39180,See Spot Run,Released,2001-03-02,0,Warner Bros. Pictures,"Family, Comedy, Action, Crime"
26827,Who's That Girl,Released,1987-08-07,7305209,Warner Bros. Pictures,"Comedy, Romance"
13153,Rapid Fire,Released,1992-08-21,14356479,20th Century Fox,"Action, Thriller"
31052,The Accidental Tourist,Released,1988-12-23,32632093,Warner Bros. Pictures,"Comedy, Drama, Romance"
17414,Dunston Checks In,Released,1996-01-12,0,20th Century Fox,"Family, Comedy, Adventure"
16905,Captain Blood,Released,1935-12-26,0,Warner Bros. Pictures,"Adventure, Action, History, Romance"
13437,Avenging Angelo,Released,2002-08-30,0,Warner Bros. Pictures,"Action, Comedy, Crime"
19610,A Star Is Born,Released,1976-12-17,80000000,Warner Bros. Pictures,"Drama, Music, Romance"
18727,Heaven Can Wait,Released,1943-08-05,0,20th Century Fox,"Fantasy, Drama, Comedy, Romance"
24010,Bus Stop,Released,1956-08-31,7270000,20th Century Fox,"Comedy, Drama, Romance"
546728,Auntie Edna,Released,2018-10-23,0,Walt Disney Pictures,"Animation, Comedy, Family, Science Fiction"
20006,Pink Cadillac,Released,1989-05-26,12100000,Warner Bros. Pictures,"Action, Adventure, Comedy, Drama, Romance"
13346,Lucas,Released,1986-03-28,8200000,20th Century Fox,"Comedy, Drama, Romance"
25831,The Prince and the Pauper,Released,1990-11-16,0,Walt Disney Pictures,"Animation, Comedy, Family"
17038,Lake Placid 2,Released,2007-04-28,0,20th Century Fox,"Horror, Science Fiction"
1810,Viva Zapata!,Released,1952-02-07,0,20th Century Fox,"History, Western"
26690,The Boston Strangler,Released,1968-10-08,0,20th Century Fox,"Crime, Drama"
1413,M. Butterfly,Released,1993-09-09,1499795,Warner Bros. Pictures,"Romance, Drama"
27381,Innocent Blood,Released,1992-09-25,0,Warner Bros. Pictures,"Comedy, Horror, Thriller, Crime"
726739,Cats & Dogs 3: Paws Unite,Released,2020-10-02,0,Warner Bros. Pictures,"Family, Comedy, Action"
9260,Welcome to Collinwood,Released,2002-05-24,0,Warner Bros. Pictures,"Comedy, Crime"
454433,Magic Camp,Released,2020-08-14,0,Walt Disney Pictures,"Family, Fantasy, Comedy"
435601,V.I.P.,Released,2017-08-23,0,Warner Bros. Pictures,"Crime, Thriller, Action"
17801,The Letter,Released,1940-11-21,0,Warner Bros. Pictures,"Crime, Drama"
113594,A Turtle's Tale 2: Sammy's Escape from Paradise,Released,2012-08-01,0,Warner Bros. Pictures,"Adventure, Animation"
20007,The Bugs Bunny/Road Runner Movie,Released,1979-09-28,0,Warner Bros. Pictures,"Comedy, Animation, Family"
22998,To Be or Not to Be,Released,1983-12-16,13030214,20th Century Fox,Comedy
3087,Yankee Doodle Dandy,Released,1942-05-29,0,Warner Bros. Pictures,"Drama, Music"
9548,The Adventures of Ford Fairlane,Released,1990-07-11,20423389,20th Century Fox,"Action, Comedy, Thriller, Crime, Mystery"
35119,Evil Angels,Released,1988-11-03,6908797,Warner Bros. Pictures,Drama
27945,Hombre,Released,1967-03-21,12000000,20th Century Fox,Western
21876,Von Ryan's Express,Released,1965-06-23,0,20th Century Fox,"War, Action, Adventure, Thriller"
19169,Nightmare Alley,Released,1947-10-09,0,20th Century Fox,"Drama, Crime, Thriller"
32093,The Mark of Zorro,Released,1940-11-08,0,20th Century Fox,"Action, Adventure, Drama, Romance"
16442,Sergeant York,Released,1941-09-27,16361885,Warner Bros. Pictures,"History, War, Drama"
16440,Tales of the Black Freighter,Released,2009-03-24,0,Warner Bros. Pictures,"Animation, Horror, Action"
25330,Dutch,Released,1991-07-19,4603929,20th Century Fox,Comedy
939,The Jazz Singer,Released,1928-02-04,2600000,Warner Bros. Pictures,"Drama, Music"
175528,Baggage Claim,Released,2013-09-27,22456509,20th Century Fox,"Romance, Comedy"
23330,The Ballad of Cable Hogue,Released,1970-03-18,5000000,Warner Bros. Pictures,"Comedy, Western, Action"
28153,It's Alive,Released,1974-04-26,0,Warner Bros. Pictures,"Horror, Science Fiction"
16297,With Honors,Released,1994-04-29,20016254,Warner Bros. Pictures,"Comedy, Drama"
661595,Yakuza Princess,Released,2021-08-26,0,Warner Bros. Pictures,"Action, Thriller"
19345,Black Widow,Released,1987-02-06,25205460,20th Century Fox,Thriller
6529,Hondo,Released,1953-11-26,0,Warner Bros. Pictures,Western
12404,Me and Orson Welles,Released,2009-11-25,2336172,Warner Bros. Pictures,"Drama, History"
29740,I Am a Fugitive from a Chain Gang,Released,1932-11-09,0,Warner Bros. Pictures,"Crime, Drama"
12312,Joe Somebody,Released,2001-12-21,24516772,20th Century Fox,"Comedy, Romance, Family, Drama"
14543,The Matrix Revisited,Released,2001-11-19,0,Warner Bros. Pictures,Documentary
40085,"The Long, Hot Summer",Released,1958-05-17,0,20th Century Fox,Drama
32847,"Now, Voyager",Released,1942-10-22,0,Warner Bros. Pictures,"Romance, Drama"
15644,Paparazzi,Released,2004-09-03,16796512,20th Century Fox,"Action, Drama, Thriller"
393575,Bullyparade: The Movie,Released,2017-08-17,0,Warner Bros. Pictures,Comedy
15907,Duma,Released,2005-04-22,0,Warner Bros. Pictures,"Adventure, Drama, Family"
37292,Broken Arrow,Released,1950-08-01,0,20th Century Fox,Western
13697,Grand Canyon,Released,1991-12-25,40991329,20th Century Fox,Drama
52333,Astral City: A Spiritual Journey,Released,2010-09-03,0,,Drama
24982,Ghosts of the Abyss,Released,2003-04-10,17040871,Walt Disney Pictures,Documentary
10341,Until the End of the World,Released,1991-09-12,0,Warner Bros. Pictures,"Drama, Science Fiction, Adventure"
17030,The Petrified Forest,Released,1936-02-08,0,Warner Bros. Pictures,"Crime, Drama, Romance, Thriller"
30416,Stanley Kubrick: A Life in Pictures,Released,2001-05-02,0,Warner Bros. Pictures,Documentary
17258,The Pick-up Artist,Released,1987-09-18,13290368,20th Century Fox,"Romance, Comedy, Crime"
26602,Summer Catch,Released,2001-08-22,19693891,Warner Bros. Pictures,"Comedy, Romance"
26441,The Big Green,Released,1995-09-29,0,Walt Disney Pictures,"Family, Comedy"
30462,The Comancheros,Released,1961-12-22,0,20th Century Fox,"Romance, Western, Action, Adventure"
17963,Gone Nutty,Released,2002-10-21,0,20th Century Fox,"Animation, Adventure, Comedy, Family"
14742,Night Shift,Released,1982-07-30,21095683,Warner Bros. Pictures,Comedy
14805,Bait,Released,2000-03-17,0,Warner Bros. Pictures,"Action, Thriller, Crime"
9520,The Thief Lord,Released,2006-01-04,0,Warner Bros. Pictures,"Adventure, Science Fiction"
12559,First Kid,Released,1996-08-30,0,Walt Disney Pictures,"Comedy, Family"
26730,Bugs Bunny's 3rd Movie: 1001 Rabbit Tales,Released,1982-11-19,78350,Warner Bros. Pictures,"Animation, Comedy, Family"
27118,The Hound of the Baskervilles,Released,1939-03-24,0,20th Century Fox,"Mystery, Thriller, Horror"
31962,Shining Through,Released,1992-01-31,43838238,20th Century Fox,"Drama, Romance, Thriller, War"
15797,Only the Strong,Released,1993-08-27,3283371,20th Century Fox,Action
15876,The Enemy Below,Released,1957-12-25,0,20th Century Fox,War
29355,Wildcats,Released,1986-02-14,0,Warner Bros. Pictures,Comedy
5722,Beyond the Valley of the Dolls,Released,1970-07-17,40000000,20th Century Fox,"Comedy, Drama, Music"
45325,Tom and Huck,Released,1995-12-22,23920048,Walt Disney Pictures,"Family, Action, Adventure, Drama"
18282,One Crazy Summer,Released,1986-08-08,0,Warner Bros. Pictures,"Comedy, Romance, Family"
32488,Days of Wine and Roses,Released,1963-01-17,0,Warner Bros. Pictures,"Drama, Romance"
24662,Cats Don't Dance,Released,1997-03-26,3566637,Warner Bros. Pictures,"Animation, Comedy, Family, Music"
16220,Wizards,Released,1977-02-09,9000000,20th Century Fox,"Animation, Fantasy, Science Fiction"
38765,Chisum,Released,1970-07-23,6000000,Warner Bros. Pictures,Western
16806,Johnny Dangerously,Released,1984-12-21,17000000,20th Century Fox,"Comedy, Crime"
34723,The Adventures of Huck Finn,Released,1993-04-02,24103594,Walt Disney Pictures,"Adventure, Drama, Family"
42884,Cinderella,Released,1997-11-02,0,Walt Disney Pictures,"TV Movie, Family, Fantasy, Music, Romance"
18509,Caddyshack II,Released,1988-07-22,0,Warner Bros. Pictures,Comedy
13766,SpaceCamp,Released,1986-06-06,9697739,20th Century Fox,"Family, Adventure, Science Fiction"
26177,Annie,Released,1999-11-07,0,Walt Disney Pictures,"Music, Family, Comedy"
12310,The Four Musketeers,Released,1974-10-31,0,20th Century Fox,"Action, Adventure, Comedy, Drama"
46247,No Time for Nuts,Released,2006-10-23,0,,"Adventure, Animation, Comedy, Family, Science Fiction"
550440,Timmy Failure: Mistakes Were Made,Released,2020-01-25,0,Walt Disney Pictures,"Family, Mystery, Comedy, Fantasy"
1976,Jezebel,Released,1938-03-26,0,Warner Bros. Pictures,"Drama, Romance"
38580,The Little Matchgirl,Released,2006-09-07,0,Walt Disney Pictures,"Animation, Drama, Family, Fantasy"
18387,Big Wednesday,Released,1978-05-26,0,Warner Bros. Pictures,"Drama, Comedy"
727306,Safety,Released,2020-12-11,0,Walt Disney Pictures,"Family, Drama, History"
706860,Out,Released,2020-05-22,0,Walt Disney Pictures,"Animation, Comedy, Drama, Fantasy, Family, Romance"
24012,The Prince and the Showgirl,Released,1957-06-13,0,Warner Bros. Pictures,"Comedy, Romance"
20348,Fandango,Released,1985-01-25,0,Warner Bros. Pictures,"Comedy, Drama"
40490,Man of the House,Released,1995-03-03,0,Walt Disney Pictures,"Action, Comedy, Family"
16072,Gods and Generals,Released,2003-02-21,12923936,Warner Bros. Pictures,"Drama, History, War"
28415,The Yakuza,Released,1974-12-21,0,Warner Bros. Pictures,"Crime, Drama"
17409,The Gunfighter,Released,1950-06-23,0,20th Century Fox,Western
30072,Possession,Released,2002-10-02,10113733,Warner Bros. Pictures,"Drama, Mystery, Romance"
27029,The Nun's Story,Released,1959-06-18,12800000,Warner Bros. Pictures,Drama
3062,42nd Street,Released,1933-03-11,2281000,Warner Bros. Pictures,"Comedy, Drama, Romance"
16081,Doctor Dolittle,Released,1967-12-05,9000000,20th Century Fox,"Comedy, Family, Fantasy"
13671,The Music Man,Released,1962-06-19,8000000,Warner Bros. Pictures,"Comedy, Family, Music, Romance"
19267,The Big Brawl,Released,1980-08-18,854,Warner Bros. Pictures,"Action, Comedy"
14117,Calamity Jane,Released,1953-11-04,0,Warner Bros. Pictures,"Comedy, Music, Romance, Western"
26178,Razorback,Released,1984-04-19,801000,Warner Bros. Pictures,Horror
38171,Anastasia,Released,1956-12-13,4300000,20th Century Fox,"Drama, History, Romance"
16969,City Heat,Released,1984-12-07,38348988,Warner Bros. Pictures,"Action, Crime, Comedy"
37108,A Kid in King Arthur's Court,Released,1995-08-11,0,Walt Disney Pictures,"Adventure, Fantasy, Comedy, Science Fiction, Family"
77710,My Uncle Killed a Guy,Released,2004-12-12,0,,"Adventure, Comedy, Crime"
12239,The Osterman Weekend,Released,1983-10-14,6486797,20th Century Fox,"Action, Drama, Thriller"
42807,The Newton Boys,Released,1998-03-26,76000000,20th Century Fox,"Crime, Action, Drama"
40842,Norma Rae,Released,1979-03-02,22228000,20th Century Fox,Drama
35640,Spanish Movie,Released,2009-12-03,6982465,20th Century Fox,Comedy
27281,Operation Dumbo Drop,Released,1995-07-28,0,Walt Disney Pictures,"Action, Adventure, Comedy, Family"
53211,One Froggy Evening,Released,1955-12-30,0,Warner Bros. Pictures,"Animation, Comedy, Family, Music"
464882,Batman vs. Two-Face,Released,2017-11-14,0,Warner Bros. Pictures,"Action, Animation, Comedy"
22874,Indiscreet,Released,1958-07-16,0,Warner Bros. Pictures,"Comedy, Romance"
84575,Tooth Fairy 2,Released,2012-03-06,0,,"Comedy, Family"
46878,The Swarm,Released,1978-07-14,7700000,Warner Bros. Pictures,"Thriller, Science Fiction"
19348,Girlfight,Released,2000-05-01,0,,Drama
23939,Stay Tuned,Released,1992-08-14,10736401,Warner Bros. Pictures,"Comedy, Fantasy"
16784,Welcome to Mooseport,Released,2004-02-24,14000000,20th Century Fox,Comedy
43838,Young Mr. Lincoln,Released,1939-06-09,0,20th Century Fox,"Drama, History"
21661,Air Bud: Golden Receiver,Released,1998-08-14,10224116,Walt Disney Pictures,"Comedy, Family"
67409,Duck Dodgers in the 24½th Century,Released,1953-07-25,0,Warner Bros. Pictures,"Animation, Comedy, Science Fiction"
17221,Where the Sidewalk Ends,Released,1950-07-07,0,20th Century Fox,"Crime, Drama, Thriller"
37917,Honkytonk Man,Released,1982-12-15,0,Warner Bros. Pictures,"Drama, Music"
24014,Let's Make Love,Released,1960-09-08,0,20th Century Fox,"Comedy, Romance"
20309,Say It Isn't So,Released,2001-03-10,12320393,20th Century Fox,"Comedy, Romance"
573531,Halo Legends,Released,2010-02-16,11000000,Warner Bros. Pictures,"Animation, War, Action, Science Fiction"
10338,Those Magnificent Men in Their Flying Machines or How I Flew from London to Paris in 25 Hours 11 Minutes,Released,1965-06-16,29950000,20th Century Fox,Comedy
12660,Charlotte Gray,Released,2001-12-28,741394,Warner Bros. Pictures,"Drama, History, Romance, War"
12633,The Star Chamber,Released,1983-08-05,5555305,20th Century Fox,"Drama, Thriller"
26036,Bigger Than Life,Released,1956-08-02,0,20th Century Fox,Drama
22434,If Looks Could Kill,Released,1991-03-15,7788597,Warner Bros. Pictures,"Action, Comedy"
18500,The Sandlot 2,Released,2005-11-10,0,,"Family, Comedy"
52954,Rabbit Seasoning,Released,1952-09-20,0,Warner Bros. Pictures,"Animation, Action, Comedy, Family"
14347,Blame It on Rio,Released,1984-02-17,18644570,20th Century Fox,"Comedy, Romance"
471968,The Last Warrior,Released,2017-10-19,30060061,Walt Disney Pictures,"Fantasy, Family, Adventure, Action, Comedy"
20697,Ready to Rumble,Released,2000-04-07,12372410,Warner Bros. Pictures,"Action, Comedy"
31357,Waiting to Exhale,Released,1995-12-22,81452156,20th Century Fox,"Comedy, Drama, Romance"
2611,Only the Lonely,Released,1991-05-24,25092802,20th Century Fox,"Comedy, Romance"
21299,Benji the Hunted,Released,1987-06-05,22257624,Walt Disney Pictures,"Action, Adventure, Family"
13960,ATL,Released,2006-03-31,21170563,Warner Bros. Pictures,"Drama, Comedy, Mystery"
30840,Robin Hood,Released,1991-05-13,0,,Adventure
160085,Break Up Man,Released,2013-01-10,0,20th Century Fox,Comedy
14028,Behind Enemy Lines III: Colombia,Released,2009-01-06,0,,"War, Action, Thriller"
21711,The Candidate,Released,1972-06-29,2500000,Warner Bros. Pictures,"Comedy, Drama"
17795,My Fellow Americans,Released,1996-12-20,0,Warner Bros. Pictures,Comedy
260063,Seal Team Eight: Behind Enemy Lines,Released,2014-05-23,0,,"Action, War, Drama"
15771,Class Action,Released,1991-03-15,0,20th Century Fox,"Drama, Crime"
34549,Max Keeble's Big Move,Released,2001-10-05,18634654,Walt Disney Pictures,"Comedy, Family"
37853,Mister Roberts,Released,1955-07-10,0,Warner Bros. Pictures,"Comedy, Drama, War"
55692,Scrat's Continental Crack-Up,Released,2010-12-25,0,20th Century Fox,"Animation, Family"
625651,"Family Guy Presents: Something, Something, Something, Dark Side",Released,2009-12-22,0,,"Animation, Comedy, Fantasy, Science Fiction"
22423,Guilty by Suspicion,Released,1991-03-15,9480198,Warner Bros. Pictures,"Drama, Thriller"
56195,Billboard Dad,Released,1998-02-06,0,Warner Bros. Pictures,"Comedy, Family, TV Movie"
10759,The Comebacks,Released,2007-10-19,0,20th Century Fox,Comedy
26044,Arthur 2: On the Rocks,Released,1988-07-08,14681192,Warner Bros. Pictures,"Comedy, Romance"
41357,Summer of '42,Released,1971-04-19,0,Warner Bros. Pictures,"Comedy, Drama, Romance"
897192,Diary of a Wimpy Kid: Rodrick Rules,Released,2022-12-02,0,Walt Disney Pictures,"Animation, Comedy, Family"
19380,White Sands,Released,1992-04-24,9011574,Warner Bros. Pictures,"Crime, Thriller, Action, Adventure"
45578,A Letter to Three Wives,Released,1949-01-20,0,20th Century Fox,"Drama, Romance, Mystery"
72391,Marley & Me: The Puppy Years,Released,2011-06-01,0,,"Comedy, Family"
746419,Father of the Bride,Released,2022-07-21,0,Warner Bros. Pictures,"Romance, Comedy"
24005,Don't Bother to Knock,Released,1952-07-18,0,20th Century Fox,"Drama, Thriller"
26038,Call Northside 777,Released,1948-02-13,0,20th Century Fox,"Crime, Drama"
11331,The Old Man and the Sea,Released,1958-10-07,0,Warner Bros. Pictures,"Adventure, Drama"
37412,Warlock,Released,1959-05-15,1700000,20th Century Fox,Western
10696,Glitter,Released,2001-09-21,5271666,20th Century Fox,"Drama, Music, Romance"
10448,Rapa Nui,Released,1994-09-09,305070,Warner Bros. Pictures,Adventure
29859,The Adventure of Sherlock Holmes' Smarter Brother,Released,1975-12-14,0,20th Century Fox,"Comedy, Crime, Mystery"
16972,The Frisco Kid,Released,1979-07-06,9346177,Warner Bros. Pictures,"Adventure, Comedy, Western"
34376,Mannequin Two: On the Move,Released,1991-05-17,3752426,20th Century Fox,"Fantasy, Comedy, Science Fiction, Romance"
32047,Prince of the City,Released,1981-08-19,8124257,Warner Bros. Pictures,"Drama, Thriller, Crime"
35614,A Troll in Central Park,Released,1994-10-07,71368,Warner Bros. Pictures,"Fantasy, Animation, Science Fiction, Family"
818370,The Little Prince(ss),Released,2021-05-28,0,Walt Disney Pictures,"Family, Drama"
21454,Kiss of Death,Released,1947-08-27,0,20th Century Fox,"Crime, Thriller"
10001,Young Einstein,Released,1988-12-15,0,Warner Bros. Pictures,"Comedy, Science Fiction"
41394,"The Looney, Looney, Looney Bugs Bunny Movie",Released,1981-11-20,0,Warner Bros. Pictures,"Animation, Comedy, Family"
13669,Christmas in Connecticut,Released,1945-07-27,3000000,Warner Bros. Pictures,"Comedy, Romance"
24405,Chasers,Released,1994-04-22,1596687,Warner Bros. Pictures,"Comedy, Romance"
24650,The Fountainhead,Released,1949-06-25,0,Warner Bros. Pictures,Drama
17186,Supercross,Released,2005-08-16,3344431,20th Century Fox,"Action, Adventure, Drama, Romance"
30708,Cahill U.S. Marshall,Released,1973-07-11,0,Warner Bros. Pictures,"Drama, Western"
2162,Chill Factor,Released,1999-09-01,11263966,Warner Bros. Pictures,"Action, Comedy, Thriller"
32078,Panic in the Streets,Released,1950-07-27,0,20th Century Fox,"Thriller, Crime"
24328,Tokyo Mater,Released,2008-11-21,0,Walt Disney Pictures,"Animation, Comedy, Family"
17481,The Adventures of Sherlock Holmes,Released,1939-09-01,0,20th Century Fox,"Crime, Mystery, Thriller"
42314,Looking for Richard,Released,1996-10-11,0,20th Century Fox,Documentary
42222,Julia,Released,1977-10-01,20700000,20th Century Fox,Drama
31511,Gold Diggers of 1933,Released,1933-05-27,3200000,Warner Bros. Pictures,"Comedy, Drama"
32049,Best of the Best 2,Released,1993-03-05,6500000,20th Century Fox,"Action, Thriller"
48014,From Beyond the Grave,Released,1974-02-21,0,Warner Bros. Pictures,"Fantasy, Horror"
42149,The Hand,Released,1981-04-24,566736,Warner Bros. Pictures,"Horror, Thriller"
35144,The Journey of Natty Gann,Released,1985-09-27,9708373,Walt Disney Pictures,"Adventure, Family, Drama"
52959,Star!,Released,1968-07-18,14000000,20th Century Fox,"Drama, Music, Romance"
329718,Finding Altamira,Released,2016-04-01,0,20th Century Fox,"Drama, History"
50512,Anna Karenina,Released,1997-04-04,858553,Warner Bros. Pictures,"Drama, Romance"
36815,The Agony and the Ecstasy,Released,1965-09-16,4000000,20th Century Fox,"Drama, History"
42160,The Stunt Man,Released,1980-06-27,0,20th Century Fox,"Action, Comedy, Drama, Thriller"
524087,Dear Ex,Released,2018-11-02,0,Warner Bros. Pictures,"Drama, Comedy"
21968,Super Fly,Released,1972-08-04,30000000,Warner Bros. Pictures,"Crime, Drama"
23567,I Was a Male War Bride,Released,1949-08-26,0,20th Century Fox,"Comedy, Romance, War"
16535,Titanic,Released,1953-04-11,4905000,20th Century Fox,"Drama, Romance"
15497,Twelve O'Clock High,Released,1949-12-21,3225000,20th Century Fox,"War, Action, Drama"
719643,Black Is King,Released,2020-07-31,0,Walt Disney Pictures,Music
32644,Two of a Kind,Released,1983-12-13,23646952,20th Century Fox,"Fantasy, Comedy, Romance"
35280,The Other,Released,1972-05-24,0,20th Century Fox,"Drama, Horror, Mystery"
6463,Other People's Money,Released,1991-10-18,0,Warner Bros. Pictures,Comedy
27972,Dark Victory,Released,1939-04-20,0,Warner Bros. Pictures,"Drama, Romance"
53220,Rabbit Fire,Released,1951-05-19,0,Warner Bros. Pictures,"Animation, Action, Comedy, Family"
26809,Prep & Landing,Released,2009-12-24,0,Walt Disney Pictures,"Animation, Fantasy, Family"
141423,The Legend of Mor'du,Released,2012-11-13,0,Walt Disney Pictures,"Animation, Family"
35921,Compulsion,Released,1959-04-01,0,20th Century Fox,"Crime, Drama"
23521,Daffy Duck's Quackbusters,Released,1988-09-24,0,Warner Bros. Pictures,"Animation, Comedy, Family, Fantasy, Science Fiction"
13506,Admiral,Released,2008-06-06,38135878,20th Century Fox,War
14330,Trojan War,Released,1997-09-26,309,Warner Bros. Pictures,"Comedy, Family, Romance"
14750,Mischief,Released,1985-02-08,8692426,20th Century Fox,"Comedy, Romance"
308187,The Manny,Released,2015-03-26,0,Warner Bros. Pictures,Comedy
367326,Cosmic Scrat-tastrophe,Released,2015-11-06,0,20th Century Fox,"Science Fiction, Comedy, Animation, Family, Adventure"
26331,The Last of Sheila,Released,1973-06-14,2200000,Warner Bros. Pictures,"Crime, Drama, Mystery, Thriller"
1380,Gleaming the Cube,Released,1989-01-13,2777280,20th Century Fox,"Crime, Thriller, Action"
36797,RocketMan,Released,1997-10-10,0,Walt Disney Pictures,"Comedy, Family, Science Fiction"
18776,The Spirit of St. Louis,Released,1957-04-01,0,Warner Bros. Pictures,"Adventure, Drama, History"
22744,Jane Eyre,Released,1943-12-24,0,20th Century Fox,"Drama, Romance"
9773,Alien Autopsy,Released,2006-04-07,0,Warner Bros. Pictures,"Comedy, Science Fiction"
560491,Ghost Killers vs. Bloody Mary,Released,2018-11-29,0,Warner Bros. Pictures,"Horror, Comedy"
457491,Alien: Covenant - Prologue: The Crossing,Released,2017-04-26,0,20th Century Fox,"Horror, Science Fiction"
32652,Mystery of the Wax Museum,Released,1933-02-18,0,Warner Bros. Pictures,"Horror, Mystery"
16460,Garfield Gets Real,Released,2007-09-30,0,,"Family, Animation, Comedy"
17819,Her Alibi,Released,1989-02-03,0,Warner Bros. Pictures,"Comedy, Crime"
23957,Over the Edge,Released,1979-11-02,0,Warner Bros. Pictures,"Crime, Drama"
40630,Cheyenne Autumn,Released,1964-10-15,0,Warner Bros. Pictures,Western
19972,The 300 Spartans,Released,1962-08-01,0,20th Century Fox,"History, War, Adventure"
31943,Emperor of the North,Released,1973-05-23,0,20th Century Fox,"Adventure, Drama, Action, Thriller"
28285,The Three Faces of Eve,Released,1957-12-23,0,20th Century Fox,Drama
43821,The Return of Frank James,Released,1940-08-10,0,20th Century Fox,Western
40739,The Young Lions,Released,1958-04-02,0,20th Century Fox,"Action, Drama, War"
32051,Race with the Devil,Released,1975-06-01,0,20th Century Fox,"Action, Horror, Thriller"
2160,Voyage to the Bottom of the Sea,Released,1961-07-12,7000000,20th Century Fox,"Adventure, Drama, Science Fiction"
31945,The Sicilian,Released,1987-10-07,5406879,20th Century Fox,"Drama, Crime, Thriller"
40885,Sayonara,Released,1957-12-25,0,Warner Bros. Pictures,"Drama, Romance"
43643,White Fang 2: Myth of the White Wolf,Released,1994-04-15,0,Walt Disney Pictures,"Adventure, Family"
14566,Feed,Released,2005-05-11,33004,20th Century Fox,"Mystery, Thriller"
24086,The Boy Who Could Fly,Released,1986-08-15,7177431,,"Drama, Family, Fantasy"
37103,"Heaven Knows, Mr. Allison",Released,1957-03-13,0,20th Century Fox,"Adventure, War, Drama"
28940,Eating Raoul,Released,1982-03-24,0,20th Century Fox,"Comedy, Crime"
30069,Vision Quest,Released,1985-02-15,0,Warner Bros. Pictures,"Drama, Romance"
30707,Star 80,Released,1983-11-10,6472990,Warner Bros. Pictures,Drama
14425,PCU,Released,1994-04-29,4350774,20th Century Fox,Comedy
14198,Criminal,Released,2004-09-10,0,Warner Bros. Pictures,"Action, Comedy, Thriller"
64711,Long-Haired Hare,Released,1949-06-25,0,Warner Bros. Pictures,"Animation, Comedy, Family, Music"
14280,Never Cry Wolf,Released,1983-10-07,0,Walt Disney Pictures,"Adventure, Drama, Action"
16214,Hooper,Released,1978-07-28,78000000,Warner Bros. Pictures,"Action, Comedy"
40478,Baby Doll,Released,1956-12-29,0,Warner Bros. Pictures,Drama
13732,The Red Inn,Released,2007-12-05,0,Warner Bros. Pictures,Comedy
33444,Speedy Gonzales,Released,1955-09-17,0,Warner Bros. Pictures,"Animation, Family, Comedy"
43278,The Life of Emile Zola,Released,1937-09-09,0,Warner Bros. Pictures,"Drama, History"
19273,Dr. Dolittle: Million Dollar Mutts,Released,2009-04-08,0,,"Comedy, Family, Fantasy"
24798,True Stories,Released,1986-10-10,0,Warner Bros. Pictures,"Comedy, Music"
120082,Ti stimo fratello,Released,2012-01-18,0,Warner Bros. Pictures,Comedy
92208,Mom's Got a Date with a Vampire,Released,2000-10-13,0,Walt Disney Pictures,"TV Movie, Comedy, Family, Fantasy, Horror"
13248,"Bah, Humduck!: A Looney Tunes Christmas",Released,2006-11-14,0,Warner Bros. Pictures,"Animation, Family, Comedy"
26201,The Sea Hawk,Released,1940-08-10,2000000,Warner Bros. Pictures,"Action, Adventure, Romance, History"
9510,1½ Knights - In Search of the Ravishing Princess Herzelinde,Released,2008-12-17,16680689,Warner Bros. Pictures,"Adventure, Comedy"
291157,Khoobsurat,Released,2014-09-19,0,Walt Disney Pictures,"Comedy, Romance"
13853,The Clan of the Cave Bear,Released,1986-01-17,1953732,Warner Bros. Pictures,"Adventure, Drama"
26258,Bushwhacked,Released,1995-08-04,7919823,20th Century Fox,"Adventure, Family, Comedy, Action"
10005,Behind Enemy Lines II: Axis of Evil,Released,2006-10-17,0,20th Century Fox,"Action, Adventure, Thriller"
418896,The Dreamseller,Released,2016-12-08,0,,Drama
4296,Millennium,Released,1989-08-25,0,20th Century Fox,Science Fiction
24621,Chasing Papi,Released,2003-04-16,6126237,20th Century Fox,"Comedy, Romance"
16323,The Rose,Released,1979-11-07,29174648,20th Century Fox,"Drama, Music, Romance"
228290,A Small Southern Enterprise,Released,2013-10-17,0,Warner Bros. Pictures,Comedy
19017,Dirty Mary Crazy Larry,Released,1974-05-17,0,20th Century Fox,"Action, Adventure, Crime, Comedy"
38057,The Secret of the Magic Gourd,Released,2007-06-29,0,Walt Disney Pictures,"Drama, Family, Fantasy"
18972,The Undefeated,Released,1969-10-04,0,20th Century Fox,Western
43040,Sergeant Rutledge,Released,1960-05-25,0,Warner Bros. Pictures,Western
32080,The Seven-Ups,Released,1973-12-14,0,20th Century Fox,"Action, Thriller, Drama, Crime"
22797,The Butcher Boy,Released,1998-02-20,1995911,Warner Bros. Pictures,"Comedy, Drama"
31638,Beyond the Poseidon Adventure,Released,1979-05-18,0,Warner Bros. Pictures,"Action, Adventure, Drama"
80607,Daffy Duck's Movie: Fantastic Island,Released,1983-08-05,0,Warner Bros. Pictures,"Animation, Comedy, Family, Fantasy"
27172,There Was a Crooked Man...,Released,1970-09-18,0,Warner Bros. Pictures,Western
41857,Bandolero!,Released,1968-06-01,12000000,20th Century Fox,"Romance, Western"
21873,My Bodyguard,Released,1980-07-11,22482952,20th Century Fox,"Comedy, Drama, Family"
40082,The Mambo Kings,Released,1992-02-28,6742168,Warner Bros. Pictures,"Drama, Music"
22404,Man Hunt,Released,1941-06-13,0,20th Century Fox,"Thriller, War"
432985,Gintama,Released,2017-07-14,0,Warner Bros. Pictures,"Action, Adventure, Comedy, Fantasy, Science Fiction"
40634,Nuts,Released,1987-11-20,0,Warner Bros. Pictures,Drama
21874,Looker,Released,1981-10-30,3282232,Warner Bros. Pictures,"Science Fiction, Thriller"
3055,Valley of the Dolls,Released,1967-12-27,50000000,20th Century Fox,"Drama, Romance"
130747,The Guardians,Released,2012-09-18,0,Warner Bros. Pictures,"Drama, Action, Thriller, Crime"
133557,The Girl,Released,2012-10-22,0,Warner Bros. Pictures,"Drama, TV Movie"
2613,Prelude to a Kiss,Released,1992-07-10,22697691,20th Century Fox,"Drama, Comedy, Romance"
27449,Baby Face,Released,1933-07-13,451000,Warner Bros. Pictures,Drama
14837,Forty Guns,Released,1957-09-10,6344,20th Century Fox,Western
33644,How Stella Got Her Groove Back,Released,1998-08-14,37672350,20th Century Fox,"Comedy, Drama, Romance"
29739,Moving,Released,1988-03-04,0,Warner Bros. Pictures,Comedy
20638,Yellow Sky,Released,1948-12-24,0,20th Century Fox,"Crime, Western"
14667,Dogfight,Released,1991-09-13,397631,Warner Bros. Pictures,"Comedy, Drama, Romance"
61564,The Bravados,Released,1958-06-25,0,20th Century Fox,Western
33115,Unfaithfully Yours,Released,1948-12-10,0,20th Century Fox,"Comedy, Romance"
24793,A Knight in Camelot,Released,1998-11-08,0,Walt Disney Pictures,"Adventure, Fantasy, Comedy, Science Fiction, Family, TV Movie"
37964,Brown Sugar,Released,2002-10-05,27362712,20th Century Fox,"Comedy, Romance"
24032,"Oh, God!",Released,1977-10-07,41687243,Warner Bros. Pictures,"Fantasy, Comedy"
17382,They Died with Their Boots On,Released,1941-11-20,0,Warner Bros. Pictures,"Drama, Romance, War, Western"
23928,Captain Horatio Hornblower,Released,1951-04-10,0,Warner Bros. Pictures,"Adventure, War, History"
76346,The Ballad of Nessie,Released,2011-04-13,0,Walt Disney Pictures,"Animation, Family, Fantasy"
22213,Boiling Point,Released,1993-04-16,10058318,Warner Bros. Pictures,"Drama, Action, Crime, Thriller"
43516,The Song of Bernadette,Released,1943-12-21,0,20th Century Fox,Drama
26531,The Little Princess,Released,1939-03-17,0,20th Century Fox,"Drama, Comedy, Family"
488503,Os Parças,Released,2017-11-30,0,,Comedy
18357,The Country Bears,Released,2002-07-26,18012097,Walt Disney Pictures,"Adventure, Comedy, Family"
98857,Scrat's Continental Crack-Up: Part 2,Released,2011-11-16,0,20th Century Fox,"Animation, Comedy, Adventure"
245003,Lorenzo,Released,2004-03-06,0,Walt Disney Pictures,"Animation, Comedy, Family, Fantasy, Music, Horror"
78237,On Probation,Released,2005-09-29,0,20th Century Fox,"Mystery, Crime, Action, Comedy, Drama"
30949,Palmetto,Released,1998-02-20,0,Warner Bros. Pictures,"Crime, Drama, Mystery, Romance, Thriller"
456504,Alien: Covenant - Prologue: Last Supper,Released,2017-02-22,0,20th Century Fox,Science Fiction
16551,Rhinestone,Released,1984-06-22,21435321,20th Century Fox,Comedy
79745,The Sleeping Voice,Released,2011-10-21,0,Warner Bros. Pictures,"Drama, History"
18543,Revenge of the Nerds III: The Next Generation,Released,1992-06-10,0,,Comedy
16933,They Drive by Night,Released,1940-07-26,1596000,Warner Bros. Pictures,"Drama, Crime"
653528,Family Guy Presents: Blue Harvest,Released,2008-01-21,0,,"Comedy, TV Movie, Animation"
5917,Tom Horn,Released,1980-03-28,0,Warner Bros. Pictures,"Western, Action, Drama"
21044,Ice Age: Surviving Sid,Released,2008-10-20,0,20th Century Fox,"Animation, Comedy, TV Movie"
47813,Waking Sleeping Beauty,Released,2009-09-05,80,Walt Disney Pictures,Documentary
35233,The Scout,Released,1994-09-30,0,20th Century Fox,Comedy
37932,Flicka 2,Released,2010-05-04,0,,"Family, Drama"
614017,Detention,Released,2019-09-20,0,Warner Bros. Pictures,"Horror, Mystery, Thriller"
14328,The Paper Chase,Released,1973-10-16,0,20th Century Fox,Drama
14040,American Flyers,Released,1985-08-16,1400000,Warner Bros. Pictures,Drama
17352,South Pacific,Released,1958-03-18,36800000,20th Century Fox,"Music, Romance, War"
421386,Como Se Tornar o Pior Aluno da Escola,Released,2017-10-12,0,Warner Bros. Pictures,Comedy
24203,Desk Set,Released,1957-08-02,0,20th Century Fox,"Comedy, Romance"
19827,The In-Laws,Released,1979-06-15,38200000,Warner Bros. Pictures,"Action, Adventure, Comedy, Mystery"
26655,Like Mike 2: Streetball,Released,2006-05-15,0,20th Century Fox,"Family, Comedy, Fantasy"
44992,Hubble,Released,2010-03-19,0,Warner Bros. Pictures,Documentary
31924,The Morning After,Released,1986-12-25,25147055,Warner Bros. Pictures,"Crime, Mystery, Romance, Thriller"
42702,The St. Valentine's Day Massacre,Released,1967-06-30,0,20th Century Fox,"History, Crime"
26502,7 Men from Now,Released,1956-08-04,0,Warner Bros. Pictures,Western
73194,Drums Along the Mohawk,Released,1939-11-10,0,20th Century Fox,"Drama, History, War"
43008,The Hanging Tree,Released,1959-02-19,0,Warner Bros. Pictures,Western
26243,Fallen Angel,Released,1945-11-15,1500000,20th Century Fox,"Crime, Mystery, Romance"
23728,Our Man Flint,Released,1966-01-16,0,20th Century Fox,"Adventure, Comedy, Science Fiction, Action"
22543,Dead Ringer,Released,1964-02-19,0,Warner Bros. Pictures,"Crime, Drama, Thriller"
105325,How to Hook Up Your Home Theater,Released,2007-12-21,0,Walt Disney Pictures,"Animation, Comedy"
30963,Class Act,Released,1992-06-05,0,Warner Bros. Pictures,"Comedy, Drama"
6523,North to Alaska,Released,1960-11-07,0,20th Century Fox,"Western, Comedy, Romance"
37588,Bruce Lee: A Warrior's Journey,Released,2000-10-22,0,Warner Bros. Pictures,"Documentary, Action"
26205,The Desert Fox: The Story of Rommel,Released,1951-10-16,0,20th Century Fox,"Action, Drama, History, War"
53224,"Duck! Rabbit, Duck!",Released,1953-10-03,0,Warner Bros. Pictures,"Animation, Action, Comedy"
16347,Auntie Mame,Released,1958-12-04,0,Warner Bros. Pictures,"Comedy, Drama"
50237,Tarzoon: Shame of the Jungle!,Released,1975-09-04,0,20th Century Fox,"Animation, Adventure, Comedy, Science Fiction, Romance"
42402,The Left Handed Gun,Released,1958-05-07,0,Warner Bros. Pictures,Western
279828,Delirium,Released,2014-06-20,0,,"Adventure, Fantasy, Romance, Science Fiction"
5179,The Prime of Miss Jean Brodie,Released,1969-02-24,0,20th Century Fox,Drama
25624,Rosewood,Released,1997-02-21,13130349,Warner Bros. Pictures,"Drama, History, Action, Thriller"
352812,Tick Tock Tale,Released,2010-08-18,0,Walt Disney Pictures,Animation
429977,Hot Dog,Released,2018-01-18,0,Warner Bros. Pictures,"Comedy, Action"
31679,Eyewitness,Released,1981-02-13,0,20th Century Fox,Thriller
46059,The Hot Rock,Released,1972-01-26,3500000,20th Century Fox,"Crime, Comedy"
23601,We Don't Live Here Anymore,Released,2004-08-13,2037545,Warner Bros. Pictures,"Drama, Romance"
46885,Visiting Hours,Released,1982-05-21,13258670,20th Century Fox,"Horror, Thriller"
19508,Garfield's Pet Force,Released,2010-05-13,0,,"Animation, Comedy, Family"
88765,Robin Hood Daffy,Released,1958-03-08,0,Warner Bros. Pictures,"Animation, Comedy, Family"
59797,Bad Dreams,Released,1988-04-08,9797098,20th Century Fox,"Horror, Thriller"
264170,Batman: Strange Days,Released,2014-04-09,0,Warner Bros. Pictures,"Action, Animation, TV Movie"
19728,The Blue Max,Released,1966-06-21,0,20th Century Fox,"War, Action, Adventure, Drama"
26286,Dragonwyck,Released,1946-04-19,3000000,20th Century Fox,"Drama, Romance, Thriller"
41760,Author! Author!,Released,1982-06-18,0,20th Century Fox,"Comedy, Drama, Romance"
43829,Jesse James,Released,1939-01-14,0,20th Century Fox,"Western, Crime, Drama"
16508,Doug's 1st Movie,Released,1999-03-26,0,Walt Disney Pictures,"Animation, Family, Comedy"
43274,Tower of Terror,Released,1997-10-26,0,Walt Disney Pictures,"Thriller, Comedy, Family, Horror, TV Movie"
88212,Prep & Landing Stocking Stuffer: Operation: Secret Santa,Released,2010-12-07,0,Walt Disney Pictures,"Animation, Family"
289728,Jingle All the Way 2,Released,2014-12-02,0,20th Century Fox,"Family, Comedy"
18780,Sink the Bismarck!,Released,1960-02-11,0,20th Century Fox,"War, Drama"
23438,Wild Hearts Can't Be Broken,Released,1991-05-24,0,Walt Disney Pictures,"Drama, Family"
20759,The Great White Hype,Released,1996-05-03,0,20th Century Fox,"Comedy, Drama"
134103,Hair-Raising Hare,Released,1946-05-25,0,Warner Bros. Pictures,"Animation, Comedy, Family"
21468,There's No Business Like Show Business,Released,1954-12-16,0,20th Century Fox,"Music, Comedy"
12257,Home Fries,Released,1998-11-25,10443316,Warner Bros. Pictures,"Comedy, Drama, Romance"
20025,Thieves' Highway,Released,1949-09-20,0,20th Century Fox,"Drama, Thriller, Crime"
73901,Animaniacs: Wakko's Wish,Released,1999-12-20,0,Warner Bros. Pictures,"Animation, Music, Comedy"
3072,Frankenstein Unbound,Released,1990-11-02,334748,20th Century Fox,"Horror, Science Fiction"
30194,The Manhattan Project,Released,1986-06-13,3900000,20th Century Fox,"Science Fiction, Thriller"
25763,Damnation Alley,Released,1977-09-10,8720000,20th Century Fox,"Action, Adventure, Science Fiction"
826953,Better Nate Than Ever,Released,2022-03-15,0,Walt Disney Pictures,"Music, Family, Comedy"
62694,The Snake Pit,Released,1948-11-04,0,20th Century Fox,"Drama, Mystery"
45332,To Hell With The Ugly,Released,2010-04-23,0,Warner Bros. Pictures,Comedy
30636,Luna,Released,1979-08-29,0,20th Century Fox,Drama
34933,Bully for Bugs,Released,1953-08-08,0,Warner Bros. Pictures,"Animation, Action, Comedy"
35696,Juwanna Mann,Released,2002-06-21,0,Warner Bros. Pictures,Comedy
14664,Sharky's Machine,Released,1981-12-18,35610100,Warner Bros. Pictures,"Crime, Drama, Action, Thriller"
2982,The Lost World,Released,1960-07-13,0,20th Century Fox,"Adventure, Fantasy, Science Fiction"
28345,Heidi,Released,1937-10-15,0,20th Century Fox,"Drama, Family, Music"
13380,One Magic Christmas,Released,1985-11-22,13677222,Walt Disney Pictures,"Family, Fantasy"
1479,"Clean, Shaven",Released,1993-09-05,0,Warner Bros. Pictures,"Drama, Crime, Thriller"
17660,Dodge City,Released,1939-04-08,0,Warner Bros. Pictures,Western
105768,Flicka: Country Pride,Released,2012-05-01,0,,"Drama, Family"
28433,No Way Out,Released,1950-08-16,0,20th Century Fox,"Crime, Drama, Thriller"
4460,The Snows of Kilimanjaro,Released,1952-10-08,0,20th Century Fox,"Adventure, Romance, Drama"
18080,Out to Sea,Released,1997-07-02,0,20th Century Fox,"Comedy, Romance"
19147,The Man Who Challenged the Devil,Released,2007-09-28,0,Warner Bros. Pictures,"Comedy, Drama"
19606,High Road to China,Released,1983-03-18,28400000,Warner Bros. Pictures,"Adventure, Drama, History"
33218,Daddy Long Legs,Released,1955-05-05,0,20th Century Fox,"Drama, Music, Romance"
401285,Jagga Jasoos,Released,2017-07-14,12500000,Walt Disney Pictures,"Adventure, Comedy, Mystery, Romance"
42464,O Lucky Man!,Released,1973-03-25,0,Warner Bros. Pictures,"Comedy, Music"
30177,A Tree Grows in Brooklyn,Released,1945-02-28,0,20th Century Fox,"Drama, Family"
30765,The Amazing Panda Adventure,Released,1995-08-25,7506759,Warner Bros. Pictures,"Adventure, Drama, Family"
551572,Anything for a Pop Star,Released,2018-10-11,0,,"Comedy, Romance"
193722,R100,Released,2013-10-05,0,Warner Bros. Pictures,"Comedy, Drama"
37308,100 Rifles,Released,1969-03-26,0,20th Century Fox,"Adventure, Action, Western, War"
38921,Burglar,Released,1987-03-20,0,Warner Bros. Pictures,"Crime, Comedy"
26185,McQ,Released,1974-01-04,0,Warner Bros. Pictures,Action
542931,Off Course to China,Released,2019-02-15,0,Warner Bros. Pictures,Comedy
38191,The Sunchaser,Released,1996-05-29,21508,Warner Bros. Pictures,"Drama, Crime"
4925,Dead Bang,Released,1989-03-24,8125592,Warner Bros. Pictures,"Action, Thriller, Crime"
18639,Flaming Star,Released,1960-12-20,2000000,20th Century Fox,Western
197725,John Henry,Released,2000-05-27,0,Walt Disney Pictures,"Animation, Drama, Family"
37227,Of Unknown Origin,Released,1983-11-23,0,Warner Bros. Pictures,Horror
41978,High Security Vacation,Released,2009-08-25,17566040,,"Comedy, Drama, Adventure"
29094,The Lodger,Released,1944-01-19,0,20th Century Fox,"Thriller, Mystery"
36554,The Desert Rats,Released,1953-05-20,0,20th Century Fox,"Action, Adventure, Drama, War"
20735,That Darn Cat,Released,1997-02-14,0,Walt Disney Pictures,"Family, Comedy"
19953,The Incredible Mr. Limpet,Released,1964-03-28,0,Warner Bros. Pictures,"Comedy, Family, Fantasy, Animation"
37296,Protocol,Released,1984-12-21,26200000,Warner Bros. Pictures,Comedy
43490,"Objective, Burma!",Released,1945-02-17,0,Warner Bros. Pictures,"Action, Drama, War"
101503,Ali Baba Bunny,Released,1957-02-09,0,Warner Bros. Pictures,"Animation, Family, Comedy"
21594,The Blue Gardenia,Released,1953-03-20,0,Warner Bros. Pictures,"Crime, Mystery"
253353,Hannah Montana & Miley Cyrus: Best of Both Worlds Concert,Released,2008-02-01,70642966,Walt Disney Pictures,"Documentary, Music"
32627,The MacKintosh Man,Released,1973-11-08,0,Warner Bros. Pictures,Thriller
29973,Cobb,Released,1994-12-02,1007583,Warner Bros. Pictures,Drama
42217,Bobby Deerfield,Released,1977-09-29,0,Warner Bros. Pictures,"Drama, Romance"
14885,Pooh's Heffalump Halloween Movie,Released,2005-09-13,0,Walt Disney Pictures,"Animation, Family"
73362,TRON: The Next Day,Released,2011-03-14,0,Walt Disney Pictures,"Science Fiction, Thriller"
58625,Street Kings 2: Motor City,Released,2011-07-15,0,20th Century Fox,"Crime, Drama, Thriller"
71172,Gintama: The Movie,Released,2010-04-24,0,Warner Bros. Pictures,"Action, Comedy, Science Fiction, Animation"
82311,Wild River,Released,1960-05-26,0,20th Century Fox,"Drama, Romance"
32969,Pretty Poison,Released,1968-07-18,0,20th Century Fox,"Crime, Drama, Romance, Thriller"
53879,Love Is a Many-Splendored Thing,Released,1955-08-18,0,20th Century Fox,"Drama, Romance"
19760,Two If by Sea,Released,1996-01-12,10658278,Warner Bros. Pictures,"Comedy, Romance"
16471,Modern Problems,Released,1981-12-25,26154211,20th Century Fox,"Comedy, Science Fiction, Romance"
56135,The Razor's Edge,Released,1946-11-19,0,20th Century Fox,"Drama, Romance, Adventure"
39833,Love Me Tender,Released,1956-11-15,9000000,20th Century Fox,"Drama, Western, Music, Romance"
27985,Far from Home: The Adventures of Yellow Dog,Released,1995-01-13,0,20th Century Fox,"Action, Adventure, Drama, Family"
27997,Shock Treatment,Released,1981-10-30,3500000,20th Century Fox,"Comedy, Music"
20849,Possessed,Released,1947-05-29,0,Warner Bros. Pictures,"Drama, Romance, Thriller"
47249,America America,Released,1963-12-15,0,Warner Bros. Pictures,"Drama, History"
88766,The Scarlet Pumpernickel,Released,1950-03-04,0,Warner Bros. Pictures,"Adventure, Animation, Comedy"
41521,Mr. Hobbs Takes a Vacation,Released,1962-06-15,4000000,20th Century Fox,"Family, Comedy"
33839,Cheaper by the Dozen,Released,1950-03-31,0,20th Century Fox,"Comedy, Drama, Family"
29882,The Black Swan,Released,1942-12-04,5727000,20th Century Fox,"Action, Adventure, Drama, Romance"
588216,Alien: Specimen,Released,2019-03-30,0,20th Century Fox,"Science Fiction, Horror"
27460,Nick Fury: Agent of S.H.I.E.L.D.,Released,1998-05-26,0,,"Science Fiction, Action, TV Movie"
28432,Footlight Parade,Released,1933-10-21,2416000,Warner Bros. Pictures,"Comedy, Music, Romance"
40687,The Heartbreak Kid,Released,1972-12-17,0,20th Century Fox,"Romance, Comedy"
42216,Who Is Killing the Great Chefs of Europe?,Released,1978-09-13,0,Warner Bros. Pictures,"Comedy, Thriller, Mystery"
40534,Jonas Brothers: The Concert Experience,Released,2009-02-27,0,Walt Disney Pictures,"Documentary, Music"
28100,Carousel,Released,1956-02-16,0,20th Century Fox,"Music, Romance"
23152,People Will Talk,Released,1951-08-29,0,20th Century Fox,"Comedy, Drama, Romance"
26761,Pursued,Released,1947-03-02,0,Warner Bros. Pictures,"Western, Drama, Romance"
23945,Carpool,Released,1996-08-23,0,Warner Bros. Pictures,"Comedy, Family"
32563,The Flame and the Arrow,Released,1950-07-07,0,Warner Bros. Pictures,"Adventure, Drama, History, Romance"
18680,Fear City,Released,1984-07-18,0,20th Century Fox,"Drama, Crime, Mystery, Thriller"
16902,The Private Lives of Elizabeth and Essex,Released,1939-11-11,0,Warner Bros. Pictures,"Drama, History, Romance"
52270,Cluny Brown,Released,1946-06-02,0,20th Century Fox,"Romance, Comedy"
59087,5 Fingers,Released,1952-02-22,0,20th Century Fox,"Drama, Thriller"
36191,Garden of Evil,Released,1954-07-09,0,20th Century Fox,Western
42448,Harry and Tonto,Released,1974-08-12,4600000,20th Century Fox,"Comedy, Drama, Adventure"
25010,The Flamingo Kid,Released,1984-12-21,0,20th Century Fox,"Comedy, Drama, Romance"
24973,The Egyptian,Released,1954-08-25,15000000,20th Century Fox,"History, Drama"
83797,I Love to Singa,Released,1936-07-18,0,Warner Bros. Pictures,"Music, Animation, Family, Comedy"
557648,Rent,Released,2019-01-27,0,,"Music, TV Movie, Drama"
336790,ABCD 2,Released,2015-06-19,892000,Walt Disney Pictures,Drama
44921,The Last Wagon,Released,1956-09-21,0,20th Century Fox,Western
17700,Deep Sea 3D,Released,2006-03-03,0,Warner Bros. Pictures,Documentary
26555,Club Paradise,Released,1986-07-11,12308521,Warner Bros. Pictures,"Comedy, Drama, Romance"
24130,In Like Flint,Released,1967-03-15,11000000,20th Century Fox,"Action, Adventure, Comedy"
40688,Meet the Deedles,Released,1998-03-27,4562146,Walt Disney Pictures,"Comedy, Family"
88762,The Great Piggy Bank Robbery,Released,1946-07-20,0,Warner Bros. Pictures,"Animation, Comedy, Family"
18926,Boomerang!,Released,1947-02-28,0,20th Century Fox,"Drama, Mystery"
36929,Big Bully,Released,1996-01-26,2042530,Warner Bros. Pictures,Comedy
230652,Pirates of the Caribbean: Tales of the Code: Wedlocked,Released,2011-10-18,0,Walt Disney Pictures,"Adventure, Action, Fantasy"
36536,Sesame Street Presents: Follow That Bird,Released,1985-08-02,0,Warner Bros. Pictures,"Adventure, Comedy, Family, Music"
25884,Feds,Released,1988-10-28,3527636,Warner Bros. Pictures,"Comedy, Crime"
42564,Land of the Pharaohs,Released,1955-07-24,0,Warner Bros. Pictures,"Drama, History"
25305,The Gumball Rally,Released,1976-07-28,0,Warner Bros. Pictures,Comedy
27115,The Walking Dead,Released,1936-03-01,0,Warner Bros. Pictures,"Crime, Horror, Science Fiction"
448677,Head Full of Honey,Released,2018-11-30,0,Warner Bros. Pictures,Drama
14441,Clean and Sober,Released,1988-08-10,8674093,Warner Bros. Pictures,Drama
246894,Buddy,Released,2013-12-25,0,Warner Bros. Pictures,Comedy
128756,Porky in Wackyland,Released,1938-09-24,0,Warner Bros. Pictures,"Fantasy, Animation, Comedy"
29106,Whirlpool,Released,1950-01-13,0,20th Century Fox,"Drama, Thriller, Crime, Mystery"
348666,Walt Disney Animation Studios Short Films Collection,Released,2015-08-18,0,Walt Disney Pictures,"Animation, Family, Comedy, Drama, Fantasy"
378674,DC Films Presents Dawn of the Justice League,Released,2016-01-19,0,Warner Bros. Pictures,Documentary
37451,The Inn of the Sixth Happiness,Released,1958-12-11,0,20th Century Fox,"War, Drama"
28594,The Rats,Released,2002-09-17,0,20th Century Fox,"Horror, Science Fiction, TV Movie"
36288,Night and the City,Released,1992-10-11,0,20th Century Fox,"Crime, Drama"
22466,Rover Dangerfield,Released,1991-07-01,0,Warner Bros. Pictures,"Animation, Comedy, Family"
25221,For the Boys,Released,1991-11-22,23202444,20th Century Fox,"Drama, Music"
41841,Tall Tale,Released,1995-03-24,0,Walt Disney Pictures,"Adventure, Family, Western"
37954,The Breaking Point,Released,1950-10-06,0,Warner Bros. Pictures,"Crime, Drama"
51137,Monica's Gang in an Adventure in Time,Released,2007-02-16,0,20th Century Fox,"Animation, Comedy, Adventure, Family, Science Fiction"
12478,Skin Deep,Released,1989-03-03,0,20th Century Fox,"Romance, Comedy, Drama"
26723,Imagine: John Lennon,Released,1988-09-30,0,Warner Bros. Pictures,"Documentary, Music"
612304,Divaldo: O Mensageiro da Paz,Released,2019-09-12,0,,Drama
26817,Sex and the Single Girl,Released,1964-12-25,0,Warner Bros. Pictures,"Comedy, Romance"
16604,Super Rhino,Released,2009-03-21,0,Walt Disney Pictures,"Animation, Comedy"
3574,Doctor X,Released,1932-08-03,0,Warner Bros. Pictures,"Comedy, Crime, Horror, Mystery, Science Fiction, Thriller"
43804,Western Union,Released,1941-02-21,0,20th Century Fox,Western
51394,Night Nurse,Released,1931-07-16,0,Warner Bros. Pictures,"Crime, Drama, Comedy"
27380,Megaforce,Released,1982-06-25,0,20th Century Fox,"Adventure, Action, Science Fiction"
89473,Tweety's High Flying Adventure,Released,2000-09-12,0,Warner Bros. Pictures,"Animation, Family"
17566,Brave Story,Released,2006-05-22,0,Warner Bros. Pictures,"Animation, Adventure, Family, Mystery"
71171,23 Paces to Baker Street,Released,1956-05-18,0,20th Century Fox,"Crime, Mystery, Thriller"
43236,Peyton Place,Released,1957-12-13,0,20th Century Fox,"Drama, Romance"
61391,Distant Drums,Released,1951-12-25,0,Warner Bros. Pictures,"Western, Adventure, War"
22256,Without Limits,Released,1998-09-11,777423,Warner Bros. Pictures,"Drama, Romance"
13167,Mama's Boy,Released,2007-12-14,0,Warner Bros. Pictures,"Comedy, Drama, Romance"
42328,Broken Lance,Released,1954-09-25,0,20th Century Fox,Western
67166,Runaway Brain,Released,1995-08-11,0,Walt Disney Pictures,"Horror, Animation, Comedy"
39473,Silent Fall,Released,1994-10-28,3180674,Warner Bros. Pictures,"Drama, Thriller, Mystery"
41651,Ghost in the Machine,Released,1993-12-20,5086909,20th Century Fox,"Science Fiction, Thriller, Horror"
18790,Across the Pacific,Released,1942-09-04,0,Warner Bros. Pictures,"Adventure, Drama, Romance, War"
22559,Aliens of the Deep,Released,2005-01-28,0,Walt Disney Pictures,Documentary
450274,Memoirs of a Murderer,Released,2017-06-10,0,Warner Bros. Pictures,"Thriller, Drama, Mystery"
27141,Liberty Heights,Released,1999-11-17,0,Warner Bros. Pictures,Drama
19618,Crime Wave,Released,1953-10-22,0,Warner Bros. Pictures,"Crime, Thriller"
39391,Gypsy,Released,1962-11-01,0,Warner Bros. Pictures,"Comedy, Drama, Music"
49684,It's Alive III: Island of the Alive,Released,1987-05-27,0,Warner Bros. Pictures,Horror
36334,Deadline - U.S.A.,Released,1952-03-14,0,20th Century Fox,"Crime, Drama"
26319,The Man Who Came to Dinner,Released,1942-01-01,0,Warner Bros. Pictures,"Comedy, Romance"
18446,Swing Shift,Released,1984-04-13,0,Warner Bros. Pictures,"Drama, Romance, War"
20003,House of Strangers,Released,1949-07-01,0,20th Century Fox,"Crime, Drama"
528911,Alex & Me,Released,2018-06-12,0,Warner Bros. Pictures,Family
34712,A Corny Concerto,Released,1943-09-25,0,Warner Bros. Pictures,"Animation, Comedy"
17696,Robin and the 7 Hoods,Released,1964-06-24,0,Warner Bros. Pictures,"Comedy, Crime, Music"
121171,The Dover Boys at Pimento University or The Rivals of Roquefort Hall,Released,1942-09-19,0,Warner Bros. Pictures,"Animation, Comedy"
42737,Morituri,Released,1965-08-24,0,20th Century Fox,"Action, Drama, Thriller, War"
43884,The Charge of the Light Brigade,Released,1936-10-20,2736000,Warner Bros. Pictures,"Drama, Adventure, War"
62000,Johnny Belinda,Released,1948-09-14,0,Warner Bros. Pictures,Drama
26196,Cleopatra Jones,Released,1973-07-13,0,Warner Bros. Pictures,"Action, Crime, Thriller"
21138,The Sandlot: Heading Home,Released,2007-05-01,0,,Family
27448,The Two Mrs. Carrolls,Released,1947-03-04,0,Warner Bros. Pictures,Thriller
74914,8 Ball Bunny,Released,1950-07-08,0,Warner Bros. Pictures,"Animation, Comedy, Family"
83200,Tummy Trouble,Released,1989-06-23,0,Walt Disney Pictures,"Comedy, Animation"
38731,An Unmarried Woman,Released,1978-05-24,24000000,20th Century Fox,"Drama, Romance, Comedy"
34028,Warning Sign,Released,1985-08-23,1918117,20th Century Fox,"Drama, Science Fiction, Thriller"
17126,Satisfaction,Released,1988-02-12,8253123,20th Century Fox,"Comedy, Music, Romance"
36645,Modesty Blaise,Released,1966-05-01,0,20th Century Fox,"Action, Comedy, Thriller"
30528,Bye Bye Love,Released,1995-03-16,0,20th Century Fox,"Comedy, Romance"
21600,I Wake Up Screaming,Released,1941-10-31,0,20th Century Fox,"Mystery, Crime"
29381,Caged,Released,1950-05-19,0,Warner Bros. Pictures,"Crime, Drama"
83773,For Scent-imental Reasons,Released,1949-11-12,0,Warner Bros. Pictures,Animation
47818,A Night in the Life of Jimmy Reardon,Released,1988-07-26,6264058,20th Century Fox,"Drama, Romance"
71805,Shipwrecked,Released,1990-10-03,15024232,Walt Disney Pictures,"Adventure, Family"
341540,No Longer Heroine,Released,2015-09-19,0,Warner Bros. Pictures,"Comedy, Drama, Romance"
25532,Chronicle of an Escape,Released,2006-04-27,0,,Thriller
20813,A Little Romance,Released,1979-04-27,0,Warner Bros. Pictures,"Comedy, Romance"
37317,The Tall Men,Released,1955-09-22,5000000,20th Century Fox,"Western, Adventure, Romance"
333112,Ghosthunters: On Icy Trails,Released,2015-04-02,2097768,Warner Bros. Pictures,"Comedy, Family, Fantasy"
18948,FernGully 2: The Magical Rescue,Released,1998-03-17,0,,"Animation, Family"
507773,Bring Me Home,Released,2019-11-27,0,Warner Bros. Pictures,"Drama, Thriller"
45169,Quintet,Released,1979-02-09,0,20th Century Fox,Science Fiction
43332,Demetrius and the Gladiators,Released,1954-06-16,0,20th Century Fox,"Adventure, History"
34929,Baseball Bugs,Released,1946-02-02,0,Warner Bros. Pictures,"Animation, Comedy, Family"
27969,Turk 182!,Released,1985-02-15,0,20th Century Fox,"Action, Comedy, Drama"
40158,The Mephisto Waltz,Released,1971-04-09,0,20th Century Fox,Horror
47942,When Time Ran Out...,Released,1980-03-28,3763988,Warner Bros. Pictures,"Action, Adventure, Drama, Thriller"
28484,Colorado Territory,Released,1949-06-11,0,Warner Bros. Pictures,"Crime, Drama, Western, Romance"
37124,Will Success Spoil Rock Hunter?,Released,1957-07-29,0,20th Century Fox,"Comedy, Romance"
375533,Wolf Girl and Black Prince,Released,2016-05-28,0,Warner Bros. Pictures,Romance
228148,Bald Mountain,Released,2013-10-18,0,Warner Bros. Pictures,"Drama, Western"
20942,House of Bamboo,Released,1955-07-01,1700000,20th Century Fox,"Crime, Drama"
29475,The Five Heartbeats,Released,1991-03-29,0,20th Century Fox,"Drama, Music"
32328,Gay Purr-ee,Released,1962-10-24,0,Warner Bros. Pictures,"Animation, Music, Romance, Family"
26654,Conflict,Released,1945-06-15,3707000,Warner Bros. Pictures,Thriller
20002,Chandni Chowk to China,Released,2009-01-15,17000000,Warner Bros. Pictures,"Action, Comedy"
100318,Little Red Riding Rabbit,Released,1944-01-04,0,Warner Bros. Pictures,"Animation, Comedy"
27686,State Fair,Released,1945-08-29,0,20th Century Fox,"Music, Romance, Comedy"
111469,Girlfriends,Released,1978-08-11,0,Warner Bros. Pictures,"Drama, Comedy"
42839,The Girl Can't Help It,Released,1956-12-01,0,20th Century Fox,"Comedy, Music"
459788,Lino,Released,2017-09-07,0,,"Animation, Family, Adventure"
42636,The Detective,Released,1968-05-28,6500000,20th Century Fox,"Drama, Mystery, Thriller, Crime"
39834,Violent Saturday,Released,1955-04-01,0,20th Century Fox,"Drama, Crime"
20802,Freebie and the Bean,Released,1974-12-25,0,Warner Bros. Pictures,"Action, Comedy, Crime"
32053,The Ultimate Warrior,Released,1975-10-02,0,Warner Bros. Pictures,"Action, Science Fiction, Thriller"
44516,"Same Love, Same Rain",Released,1999-09-16,0,Warner Bros. Pictures,"Comedy, Romance"
22871,Destination Tokyo,Released,1943-12-31,4544000,Warner Bros. Pictures,War
26179,Oh Heavenly Dog,Released,1980-07-11,0,20th Century Fox,"Comedy, Thriller, Crime, Mystery, Fantasy"
41417,Firestorm,Released,1998-01-08,8165212,20th Century Fox,"Action, Adventure, Thriller"
73169,Zuzu Angel,Released,2006-08-04,0,Warner Bros. Pictures,"Drama, History"
17691,4 for Texas,Released,1963-12-21,0,Warner Bros. Pictures,"Comedy, Western"
106927,Knighty Knight Bugs,Released,1958-08-23,0,Warner Bros. Pictures,Animation
46924,Being Human,Released,1994-05-06,0,Warner Bros. Pictures,"Drama, Comedy, Fantasy"
42567,David and Bathsheba,Released,1951-08-10,0,20th Century Fox,"Drama, Romance, History"
228152,The Violin Teacher,Released,2015-11-14,0,,"Drama, Music"
36123,Under the Sea 3D,Released,2009-02-13,0,Warner Bros. Pictures,Documentary
31462,Moving Violations,Released,1985-04-19,10627754,20th Century Fox,Comedy
49076,Superman: The Last Son of Krypton,Released,1996-09-06,0,Warner Bros. Pictures,"Animation, Family, Fantasy, Action"
39472,Man Trouble,Released,1992-07-17,0,20th Century Fox,"Comedy, Romance"
34334,That Night,Released,1992-08-04,0,Warner Bros. Pictures,"Drama, Romance"
102161,Operation: Rabbit,Released,1952-01-19,0,Warner Bros. Pictures,"Animation, Action, Comedy"
43742,Love Affair,Released,1994-10-21,18272894,Warner Bros. Pictures,"Drama, Romance"
35849,Hangover Square,Released,1945-02-07,1798500,20th Century Fox,Thriller
26701,Humoresque,Released,1947-01-25,0,Warner Bros. Pictures,"Drama, Music, Romance"
44846,Looney Tunes Super Stars Bugs Bunny: Hare Extraordinaire,Released,2010-08-10,0,Warner Bros. Pictures,"Animation, Family"
24736,A Far Off Place,Released,1993-03-12,12890752,Walt Disney Pictures,"Drama, Adventure"
18257,Black Belt Jones,Released,1974-01-28,0,Warner Bros. Pictures,"Action, Comedy"
109176,The Jungle Book: Mowgli's Story,Released,1998-09-28,0,Walt Disney Pictures,Family
20362,Cry of the City,Released,1948-09-29,0,20th Century Fox,"Crime, Drama"
88875,The Effect of Gamma Rays on Man-in-the-Moon Marigolds,Released,1972-12-20,0,20th Century Fox,Drama
19221,The Prisoner of Second Avenue,Released,1975-03-14,0,Warner Bros. Pictures,Comedy
47947,Young Doctors in Love,Released,1982-07-16,30688860,20th Century Fox,Comedy
35392,Merrill's Marauders,Released,1962-03-16,0,Warner Bros. Pictures,"Action, Drama, War"
20000,Somewhere in the Night,Released,1946-06-12,0,20th Century Fox,"Thriller, Mystery"
44043,Cloak and Dagger,Released,1946-09-28,0,Warner Bros. Pictures,"Drama, Thriller, War"
28434,The House on Telegraph Hill,Released,1951-05-12,0,20th Century Fox,"Drama, Mystery, Thriller"
41465,Life with Father,Released,1947-09-13,0,Warner Bros. Pictures,"Comedy, Family"
568985,Hebe,Released,2019-09-26,0,Warner Bros. Pictures,"Drama, History"
76465,The Strawberry Blonde,Released,1941-02-21,0,Warner Bros. Pictures,"Romance, Comedy"
100391,You Ought to Be in Pictures,Released,1940-05-18,0,Warner Bros. Pictures,"Animation, Comedy, Family"
43882,No Highway,Released,1951-06-28,0,20th Century Fox,Drama
43380,Rawhide,Released,1951-03-25,0,20th Century Fox,Western
43522,Gentleman Jim,Released,1942-11-14,0,Warner Bros. Pictures,"Comedy, Drama"
45928,Incognito,Released,1997-11-14,0,Warner Bros. Pictures,"Crime, Thriller"
776098,Chang Can Dunk,Released,2023-03-10,0,Walt Disney Pictures,"Family, Comedy, Drama"
36342,Each Dawn I Die,Released,1939-08-19,0,Warner Bros. Pictures,"Crime, Drama, Thriller"
37432,Fab Five: The Texas Cheerleader Scandal,Released,2008-08-02,0,,"Drama, TV Movie"
38617,Off Limits,Released,1988-03-11,7242035,20th Century Fox,"Action, Crime, Drama, Mystery, Thriller"
31690,Raid on Entebbe,Released,1976-12-26,0,,"Drama, Thriller, TV Movie, History"
38749,Jack the Bear,Released,1993-04-02,5145823,20th Century Fox,"Drama, Comedy"
65994,Prince Valiant,Released,1954-04-05,3373,20th Century Fox,"Adventure, Action"
36656,The Damned Don't Cry,Released,1950-05-13,0,Warner Bros. Pictures,"Drama, Romance, Crime"
15807,Air Force,Released,1943-03-20,0,Warner Bros. Pictures,"Action, Drama, War, Adventure"
35139,Teenagers from Outer Space,Released,1959-06-01,0,Warner Bros. Pictures,"Crime, Horror, Science Fiction, Romance, Thriller"
40867,The Pajama Game,Released,1957-08-29,0,Warner Bros. Pictures,"Comedy, Music"
29735,The Laughing Policeman,Released,1973-12-20,0,20th Century Fox,"Crime, Thriller"
43307,Mr. Skeffington,Released,1944-05-25,0,Warner Bros. Pictures,"Drama, Romance"
27563,Flamingo Road,Released,1949-04-30,2896000,Warner Bros. Pictures,"Drama, Romance"
33931,The Sea Wolf,Released,1941-03-21,0,Warner Bros. Pictures,"Adventure, Drama"
44399,Blood and Sand,Released,1941-05-30,0,20th Century Fox,"Drama, Romance, Action"
18229,Passage to Marseille,Released,1944-03-11,0,Warner Bros. Pictures,"Adventure, War"
497802,Pandas,Released,2018-04-06,7635778,Warner Bros. Pictures,Documentary
19968,No Time for Sergeants,Released,1958-07-05,0,Warner Bros. Pictures,"Comedy, War"
83750,Devil May Hare,Released,1954-06-19,0,Warner Bros. Pictures,"Animation, Comedy, Family"
21336,The Dark Corner,Released,1946-04-09,0,20th Century Fox,"Crime, Drama"
84594,Scaredy Cat,Released,1948-12-18,0,Warner Bros. Pictures,"Animation, Comedy, Family"
37036,All Through the Night,Released,1942-01-10,0,Warner Bros. Pictures,"Action, Comedy, Crime, Thriller, War"
63484,The Incite Mill,Released,2010-10-16,0,Warner Bros. Pictures,"Drama, Horror, Thriller, Mystery"
109133,The Cabinet of Caligari,Released,1962-05-25,0,20th Century Fox,"Horror, Thriller"
84604,Transylvania 6-5000,Released,1963-11-30,0,Warner Bros. Pictures,"Horror, Animation, Comedy"
59820,Come See the Paradise,Released,1990-08-17,0,20th Century Fox,"Drama, Romance, History"
27190,A Muppets Christmas: Letters to Santa,Released,2008-12-17,0,Walt Disney Pictures,"Family, Adventure, Comedy"
84751,Xuxa and the Elves,Released,2001-12-14,0,Warner Bros. Pictures,"Family, Fantasy, Adventure, Comedy"
73079,Clara's Heart,Released,1988-10-07,0,Warner Bros. Pictures,Drama
29237,Shock,Released,1946-02-01,0,20th Century Fox,"Drama, Horror, Thriller"
83790,Haredevil Hare,Released,1948-07-24,0,Warner Bros. Pictures,"Animation, Comedy, Science Fiction, Family"
32855,In Country,Released,1989-09-15,3531971,Warner Bros. Pictures,Drama
30690,Hot to Trot,Released,1988-08-26,6436211,Warner Bros. Pictures,Comedy
14503,Bachelor Party 2: The Last Temptation,Released,2008-03-11,0,,Comedy
40206,The Inspector General,Released,1949-12-31,0,Warner Bros. Pictures,"Comedy, Music, Romance"
799883,Hollywood Stargirl,Released,2022-06-03,0,Walt Disney Pictures,"Comedy, Romance, Music"
386024,"What's New, Scooby-Doo? Vol. 7: Ghosts on the Go!",Released,2006-06-07,0,Warner Bros. Pictures,"Animation, Comedy, Family, Mystery"
42228,The Late Show,Released,1977-02-10,0,Warner Bros. Pictures,"Mystery, Crime, Comedy"
23097,Hell and High Water,Released,1954-02-06,0,20th Century Fox,"Action, War, Adventure, Drama"
28290,The Man in the Gray Flannel Suit,Released,1956-04-12,0,20th Century Fox,Drama
49981,Goodbye Lover,Released,1999-04-16,0,Warner Bros. Pictures,"Thriller, Comedy, Crime, Mystery"
83746,Broom-Stick Bunny,Released,1956-02-25,0,Warner Bros. Pictures,"Animation, Family, Comedy"
20545,Deal of the Century,Released,1983-11-04,0,Warner Bros. Pictures,Comedy
26204,Tony Rome,Released,1967-11-10,0,20th Century Fox,"Crime, Mystery, Thriller"
41682,Christopher Columbus: The Discovery,Released,1992-08-20,8251071,Warner Bros. Pictures,"History, Adventure"
15006,Rails & Ties,Released,2007-09-01,22136,Warner Bros. Pictures,Drama
473958,Alien: Covenant - Prologue: Meet Walter,Released,2017-03-10,0,20th Century Fox,Science Fiction
32560,Rio Conchos,Released,1964-10-28,0,20th Century Fox,"Action, Western"
32331,Stealing Home,Released,1988-08-26,7467504,Warner Bros. Pictures,"Drama, Romance"
53157,The Park Is Mine,Released,1985-10-06,0,,"TV Movie, Action, Drama"
31200,Agatha,Released,1979-02-09,7500000,Warner Bros. Pictures,"Drama, Mystery, Thriller"
38450,The Last Hard Men,Released,1976-04-22,0,20th Century Fox,Western
495686,What's New Scooby-Doo? Vol. 4: Merry Scary Holiday,Released,2007-02-20,0,Warner Bros. Pictures,"Animation, Comedy, Science Fiction, Action, Family"
77245,The Prisoner of Shark Island,Released,1936-02-28,0,20th Century Fox,"Drama, History"
23051,Action in the North Atlantic,Released,1943-06-12,3460000,Warner Bros. Pictures,War
3575,The Return of Doctor X,Released,1939-11-23,0,Warner Bros. Pictures,"Horror, Mystery, Science Fiction, Thriller"
588207,Alien: Containment,Released,2019-03-15,0,20th Century Fox,"Science Fiction, Horror"
120490,Book Revue,Released,1946-01-05,0,Warner Bros. Pictures,"Animation, Family, Comedy"
13634,One Way Passage,Released,1932-10-04,1108000,Warner Bros. Pictures,"Drama, Romance"
118313,Zipping Along,Released,1953-09-18,0,Warner Bros. Pictures,"Animation, Family, Comedy"
100299,Drip-Along Daffy,Released,1951-11-17,0,Warner Bros. Pictures,"Action, Family, Western, Animation"
29117,The Unsuspected,Released,1947-10-11,0,Warner Bros. Pictures,"Drama, Mystery, Thriller"
18539,Tobacco Road,Released,1941-02-20,0,20th Century Fox,"Comedy, Drama"
41064,The Boys of Paul Street,Released,1969-04-03,0,20th Century Fox,Family
35896,Beyond the Forest,Released,1949-10-21,1738000,Warner Bros. Pictures,"Drama, Thriller"
65066,Going in Style,Released,1979-12-25,0,Warner Bros. Pictures,"Comedy, Drama, Crime"
25660,Nowhere to Hide,Released,1999-07-31,0,,"Action, Comedy, Crime"
24731,Short Time,Released,1990-05-04,0,20th Century Fox,"Action, Comedy, Crime"
29751,Batman Unmasked: The Psychology of 'The Dark Knight',Released,2008-07-15,0,Warner Bros. Pictures,Documentary
49683,Inside Daisy Clover,Released,1965-12-22,0,Warner Bros. Pictures,"Drama, Music, Romance"
34144,Atithi Tum Kab Jaoge?,Released,2010-02-26,5400000,Warner Bros. Pictures,Comedy
83203,Trail Mix-Up,Released,1993-03-12,0,Walt Disney Pictures,"Comedy, Animation"
35006,The Mask of Dimitrios,Released,1944-06-23,0,Warner Bros. Pictures,Mystery
34623,Young Man with a Horn,Released,1950-03-01,0,Warner Bros. Pictures,"Drama, Music, Romance"
47874,Irreconcilable Differences,Released,1984-09-28,12384120,Warner Bros. Pictures,"Comedy, Drama, Romance"
74969,Gee Whiz-z-z-z-z-z-z,Released,1956-05-05,0,Warner Bros. Pictures,Animation
47599,Bratz: Rock Angelz,Released,2005-09-13,0,20th Century Fox,"Animation, Family, Music"
82744,Boulevard Nights,Released,1979-03-23,0,Warner Bros. Pictures,Drama
33345,Under the Cherry Moon,Released,1986-07-02,10090429,Warner Bros. Pictures,"Comedy, Music, Romance"
588209,Alien: Harvest,Released,2019-03-15,0,20th Century Fox,"Science Fiction, Horror"
43807,"All This, and Heaven Too",Released,1940-07-05,0,Warner Bros. Pictures,"Drama, Romance"
19258,Stroker Ace,Released,1983-07-01,0,Warner Bros. Pictures,"Action, Comedy"
19317,"Zorro, The Gay Blade",Released,1981-07-17,0,20th Century Fox,"Western, Action, Comedy, Adventure, Romance"
1793,Max Dugan Returns,Released,1983-03-25,0,20th Century Fox,"Comedy, Drama, Family"
18904,A Summer Place,Released,1959-11-18,0,Warner Bros. Pictures,"Drama, Romance"
43047,The Sundowners,Released,1960-12-08,0,Warner Bros. Pictures,Adventure
13379,"Olive, The Other Reindeer",Released,1999-12-17,0,,"Animation, Family, Comedy, TV Movie"
18050,The Keys of the Kingdom,Released,1944-12-15,0,20th Century Fox,Drama
40683,Operation Pacific,Released,1951-01-27,0,Warner Bros. Pictures,"Drama, Action, War"
41020,The Beast with Five Fingers,Released,1947-02-08,0,Warner Bros. Pictures,"Thriller, Horror"
44052,Black Widow,Released,1954-10-28,0,20th Century Fox,"Mystery, Romance, Thriller"
36814,The Street with No Name,Released,1948-07-14,0,20th Century Fox,"Drama, Action, Thriller, Crime"
9084,The Little Polar Bear,Released,2001-10-04,14846994,Warner Bros. Pictures,"Animation, Family"
42630,Lady in Cement,Released,1968-11-19,0,20th Century Fox,"Mystery, Comedy, Crime, Drama"
20301,Daisy Kenyon,Released,1947-12-25,0,20th Century Fox,"Drama, Romance"
29009,O Coronel e o Lobisomem,Released,2005-10-01,0,,Comedy
27459,Little Murders,Released,1971-02-09,0,20th Century Fox,Comedy
12697,Laura's Star,Released,2004-09-19,0,Warner Bros. Pictures,"Animation, Family"
28257,The Maltese Falcon,Released,1931-05-23,0,Warner Bros. Pictures,"Crime, Drama, Mystery"
42683,Black Legion,Released,1937-01-30,0,Warner Bros. Pictures,"Crime, Drama"
221495,The Matrix Recalibrated,Released,2004-04-06,0,Warner Bros. Pictures,"Documentary, Science Fiction"
62754,The Neptune Factor,Released,1973-08-03,0,20th Century Fox,"Action, Science Fiction"
48627,Room for One More,Released,1952-01-10,0,Warner Bros. Pictures,"Comedy, Family"
42490,The Culpepper Cattle Co.,Released,1972-04-15,0,20th Century Fox,Western
1718,Santa Fe Trail,Released,1940-12-20,0,Warner Bros. Pictures,Western
623780,Os Parças 2,Released,2019-11-14,890729,,Comedy
44919,The Old Maid,Released,1939-08-16,0,Warner Bros. Pictures,Drama
25502,Deception,Released,1946-10-26,2300000,Warner Bros. Pictures,"Drama, Romance, Thriller, Music"
43111,The Young Philadelphians,Released,1959-05-21,0,Warner Bros. Pictures,Drama
24826,Disorderlies,Released,1987-08-14,10348437,Warner Bros. Pictures,Comedy
43705,The Great Lie,Released,1941-04-05,689253,Warner Bros. Pictures,Drama
617773,Western Stars,Released,2019-10-25,0,Warner Bros. Pictures,"Music, Documentary"
43525,In This Our Life,Released,1942-05-08,0,Warner Bros. Pictures,"Drama, Romance"
76211,Sitting Pretty,Released,1948-03-10,0,20th Century Fox,Comedy
27397,Crossing Delancey,Released,1988-08-17,16262415,Warner Bros. Pictures,"Comedy, Romance"
27974,Bullets or Ballots,Released,1936-06-06,0,Warner Bros. Pictures,"Crime, Drama, Thriller"
4461,Decision Before Dawn,Released,1951-12-21,0,20th Century Fox,"War, Action, Thriller"
32940,The Terminal Man,Released,1974-06-19,0,Warner Bros. Pictures,"Horror, Science Fiction, Thriller"
43470,A Stolen Life,Released,1946-05-01,0,Warner Bros. Pictures,Drama
37626,St. Ives,Released,1976-02-24,0,Warner Bros. Pictures,"Action, Crime, Thriller"
30624,Road House,Released,1948-09-22,0,20th Century Fox,"Drama, Action, Thriller, Romance"
52863,Dangerous,Released,1935-12-25,0,Warner Bros. Pictures,Drama
147915,Bugs and Thugs,Released,1954-03-13,0,Warner Bros. Pictures,"Animation, Comedy, Crime, Family"
62727,Pinky,Released,1949-09-28,0,20th Century Fox,Drama
42176,The Main Event,Released,1979-06-22,44800000,Warner Bros. Pictures,"Comedy, Romance"
83747,Buccaneer Bunny,Released,1948-05-08,0,Warner Bros. Pictures,"Animation, Comedy"
45840,Best Friends,Released,1982-12-17,36800000,Warner Bros. Pictures,"Comedy, Romance"
45695,A Wedding,Released,1978-08-29,0,20th Century Fox,Comedy
29377,Blood Alley,Released,1955-10-01,0,Warner Bros. Pictures,"Adventure, Action, Thriller, Drama"
41503,Three Coins in the Fountain,Released,1954-05-01,0,20th Century Fox,"Drama, Romance"
34053,Everybody's All-American,Released,1988-11-04,12638294,Warner Bros. Pictures,"Drama, Romance"
43042,The Story of Ruth,Released,1960-06-17,0,20th Century Fox,Drama
100307,Hillbilly Hare,Released,1950-08-12,0,Warner Bros. Pictures,"Animation, Action, Comedy"
194872,Running Man,Released,2013-04-03,0,,"Action, Adventure, Comedy, Thriller"
117419,Bugs Bunny Rides Again,Released,1948-06-12,0,Warner Bros. Pictures,"Animation, Comedy, Western"
13965,The Man From Snowy River II,Released,1988-03-24,10743000,Walt Disney Pictures,"Drama, Adventure, Western, Family, Action"
54613,The Duchess and the Dirtwater Fox,Released,1976-04-01,4120000,20th Century Fox,"Comedy, Western"
17885,The Amazing Dr. Clitterhouse,Released,1938-07-20,0,Warner Bros. Pictures,"Crime, Drama"
27609,Personal Best,Released,1982-02-05,5,Warner Bros. Pictures,Drama
84756,Xuxa and the Elves 2: The Road of The Fairies,Released,2002-12-15,0,Warner Bros. Pictures,"Family, Fantasy, Adventure"
40578,The Sea Chase,Released,1955-06-04,6000000,Warner Bros. Pictures,"War, Drama"
588211,Alien: Ore,Released,2019-03-30,0,20th Century Fox,"Science Fiction, Horror"
45803,Svengali,Released,1931-05-20,0,Warner Bros. Pictures,"Drama, Horror, Romance"
57814,High Diving Hare,Released,1949-04-30,0,Warner Bros. Pictures,"Animation, Comedy, Family, Western"
41762,Graffiti Bridge,Released,1990-11-02,0,Warner Bros. Pictures,"Drama, Music"
35123,The Verdict,Released,1946-11-23,0,Warner Bros. Pictures,"Drama, Crime, Mystery"
52229,Kid Galahad,Released,1937-05-29,0,Warner Bros. Pictures,"Crime, Drama, Romance"
38340,A High Wind in Jamaica,Released,1965-05-01,0,20th Century Fox,"Action, Drama, Adventure"
118910,The Court-Martial of Billy Mitchell,Released,1955-12-31,0,Warner Bros. Pictures,"Drama, War"
83792,Hare Tonic,Released,1945-11-10,0,Warner Bros. Pictures,"Animation, Action, Comedy, Family"
150587,Without Apparent Motive,Released,1971-09-15,0,20th Century Fox,Crime
91204,Three Little Bops,Released,1957-01-04,0,Warner Bros. Pictures,"Animation, Family, Comedy"
147871,Bugs Bunny and the Three Bears,Released,1944-02-26,0,Warner Bros. Pictures,"Animation, Comedy"
41166,Plenty,Released,1985-09-20,6148000,20th Century Fox,"Drama, Romance"
65590,The Barbarian and the Geisha,Released,1958-09-30,0,20th Century Fox,"Drama, Romance"
46702,Why Do Fools Fall In Love,Released,1998-08-28,12413650,Warner Bros. Pictures,"Drama, Romance"
53873,The Kennel Murder Case,Released,1933-10-28,0,Warner Bros. Pictures,"Crime, Mystery"
54139,Fourteen Hours,Released,1951-04-01,0,20th Century Fox,"Drama, Thriller"
101515,Mad as a Mars Hare,Released,1963-10-19,0,Warner Bros. Pictures,"Animation, Comedy, Family, Science Fiction"
74469,The Story of Louis Pasteur,Released,1936-02-22,0,Warner Bros. Pictures,"Drama, History"
642488,"Mickey's Safety Club: Street Safe, Street Smart",Released,1989-09-01,0,Walt Disney Pictures,"Family, Animation, Comedy, Music, TV Movie"
50073,Wild Boys of the Road,Released,1933-10-07,0,Warner Bros. Pictures,Drama
38618,Tarzan and the Lost City,Released,1998-04-24,2172941,Warner Bros. Pictures,"Adventure, Action"
41913,Making Love,Released,1982-02-12,11897978,20th Century Fox,"Drama, Romance"
43333,Désirée,Released,1954-11-16,0,20th Century Fox,"Drama, Romance"
37311,Band of Angels,Released,1957-08-03,2500000,Warner Bros. Pictures,"Romance, Drama"
299822,Zhongkui: Snow Girl and the Dark Crystal,Released,2015-02-19,0,Warner Bros. Pictures,"Action, Fantasy, Romance"
84761,Xuxa Abracadabra,Released,2003-12-19,0,Warner Bros. Pictures,"Adventure, Family, Fantasy"
42659,Blonde Crazy,Released,1931-09-16,0,Warner Bros. Pictures,"Comedy, Crime, Drama"
42295,The House on 92nd Street,Released,1945-09-10,2500000,20th Century Fox,"Drama, Action, Thriller, Crime"
83354,The True Story of Jesse James,Released,1957-03-22,0,20th Century Fox,"Action, Western"
381873,Accel World: Infinite Burst,Released,2016-07-23,0,Warner Bros. Pictures,"Science Fiction, Animation, Action"
69784,Anne of the Indies,Released,1951-10-18,0,20th Century Fox,"Adventure, Action, Drama"
212455,House Party: Tonight's the Night,Released,2013-07-23,0,Warner Bros. Pictures,Comedy
60400,The Blue Bird,Released,1940-01-15,0,20th Century Fox,"Adventure, Comedy, Family, Fantasy"
71196,Cheating in Chains,Released,2006-08-25,0,,Comedy
49554,Chip 'n' Dale: Here Comes Trouble,Released,2004-08-25,0,Walt Disney Pictures,"Animation, Family, Adventure, Comedy"
65158,Squanto: A Warrior's Tale,Released,1994-10-28,3337685,Walt Disney Pictures,Adventure
46688,The Dawn Patrol,Released,1938-12-24,0,Warner Bros. Pictures,"Action, Drama, War"
200383,North Star,Released,1996-01-03,0,Warner Bros. Pictures,"Action, Adventure, Drama, Western"
101508,Bunny Hugged,Released,1951-03-10,0,Warner Bros. Pictures,"Animation, Comedy"
25805,The Book of Masters,Released,2009-10-29,10814122,Walt Disney Pictures,Fantasy
48740,Coyote Falls,Released,2010-07-30,0,Warner Bros. Pictures,"Animation, Comedy"
42658,Helen of Troy,Released,1956-01-26,0,Warner Bros. Pictures,"History, Adventure, War"
68927,Born to Be Wild,Released,1995-03-31,0,Warner Bros. Pictures,"Drama, Family"
38147,"Oh, God! Book II",Released,1980-10-03,0,Warner Bros. Pictures,"Fantasy, Comedy"
26393,Breaking Up,Released,1997-10-17,11690,Warner Bros. Pictures,"Drama, Romance"
50812,Unfaithfully Yours,Released,1984-02-10,0,20th Century Fox,"Comedy, Romance"
52974,What's Up Doc?,Released,1950-06-17,0,Warner Bros. Pictures,"Animation, Comedy, Family, Music"
73737,The Big Noise,Released,1944-09-22,0,20th Century Fox,"Action, Adventure, Comedy"
42822,"20,000 Years in Sing Sing",Released,1932-12-24,0,Warner Bros. Pictures,"Crime, Drama"
41590,Trial by Jury,Released,1994-09-09,0,Warner Bros. Pictures,"Drama, Action, Thriller"
506750,Tanks for Stalin,Released,2018-04-26,36837802,,"War, Action, Adventure"
67967,The Gang's All Here,Released,1943-12-24,0,20th Century Fox,"Comedy, Romance"
39287,Stagecoach,Released,1966-04-21,0,20th Century Fox,Western
45817,The Kremlin Letter,Released,1970-02-01,0,20th Century Fox,"Drama, Action, Thriller"
45215,Swamp Water,Released,1941-11-16,0,20th Century Fox,"Crime, Drama, Mystery, Thriller"
34006,A Slight Case of Murder,Released,1938-02-26,0,Warner Bros. Pictures,"Comedy, Crime"
63848,The Ritz,Released,1976-08-12,0,Warner Bros. Pictures,"Comedy, Crime"
81001,Kiss Me Goodbye,Released,1982-12-22,0,20th Century Fox,"Comedy, Fantasy"
100394,Baton Bunny,Released,1959-01-10,0,Warner Bros. Pictures,Animation
19075,A Midsummer Night's Dream,Released,1935-10-09,0,Warner Bros. Pictures,"Fantasy, Romance, Comedy"
149763,Men Do what Men Can,Released,2012-10-10,0,Warner Bros. Pictures,"Comedy, Romance"
38981,Seven Minutes in Heaven,Released,1985-05-09,31430,Warner Bros. Pictures,"Comedy, Drama, Romance"
32330,Worth Winning,Released,1989-10-27,0,20th Century Fox,"Comedy, Romance"
60778,Downtown,Released,1990-01-12,2346150,20th Century Fox,"Action, Comedy"
25872,The Pirate Movie,Released,1982-08-06,0,20th Century Fox,"Action, Comedy, Drama, Family, Music, Romance"
82549,Toothless,Released,1997-10-05,0,Walt Disney Pictures,"Fantasy, Comedy, Romance"
57926,Ashanti,Released,1979-02-21,0,Warner Bros. Pictures,"Adventure, Drama"
44916,Spencer's Mountain,Released,1963-05-16,0,Warner Bros. Pictures,"Drama, Comedy"
72694,The Making of Star Wars,Released,1977-09-16,0,,"Documentary, TV Movie"
40509,Wrestling Ernest Hemingway,Released,1993-12-17,278720,Warner Bros. Pictures,Drama
733573,My Missing Valentine,Released,2020-09-18,0,Warner Bros. Pictures,"Comedy, Romance, Fantasy, Drama, Mystery"
78734,In Old Chicago,Released,1938-04-15,0,20th Century Fox,"Action, Drama"
29463,Krush Groove,Released,1985-10-25,11000000,Warner Bros. Pictures,"Comedy, Drama, Music"
53779,Kings Row,Released,1942-02-02,0,Warner Bros. Pictures,"Romance, Drama, Mystery"
588204,Alien: Alone,Released,2019-03-15,0,20th Century Fox,"Science Fiction, Horror"
50231,The FBI Story,Released,1959-10-01,0,Warner Bros. Pictures,"Drama, Crime"
43598,Ladies They Talk About,Released,1933-02-04,0,Warner Bros. Pictures,"Crime, Drama, Romance"
86608,Track of the Cat,Released,1954-11-19,0,Warner Bros. Pictures,"Drama, Western"
588210,Alien: Night Shift,Released,2019-03-15,0,20th Century Fox,"Science Fiction, Horror"
74952,Baby Buggy Bunny,Released,1954-12-18,0,Warner Bros. Pictures,"Animation, Comedy"
68440,Watch on the Rhine,Released,1943-08-27,0,Warner Bros. Pictures,"Drama, Thriller"
27307,How I Got Into College,Released,1989-05-19,1642239,20th Century Fox,"Comedy, Romance, Family"
37198,Inferno,Released,1953-08-12,0,20th Century Fox,"Romance, Thriller, Crime, Drama"
43513,Stormy Weather,Released,1943-07-21,0,20th Century Fox,"Music, Romance, Comedy"
100310,Hollywood Steps Out,Released,1941-05-24,0,Warner Bros. Pictures,"Animation, Comedy, Family"
492826,Maybe a Love Story,Released,2018-06-14,0,Warner Bros. Pictures,"Comedy, Romance"
19016,Clifford's Really Big Movie,Released,2004-02-20,0,Warner Bros. Pictures,"Family, Adventure, Animation"
116014,"Enemies, a Love Story",Released,1989-12-13,7754571,20th Century Fox,"Comedy, Drama, Romance"
37025,The Prince and the Pauper,Released,1937-04-30,0,Warner Bros. Pictures,"Adventure, Drama, Family, Fantasy"
117369,Arjun: The Warrior Prince,Released,2012-05-24,0,Walt Disney Pictures,"Action, Animation"
71098,Jitterbugs,Released,1943-06-05,0,20th Century Fox,Comedy
39554,Doc Savage: The Man of Bronze,Released,1975-06-01,0,Warner Bros. Pictures,Adventure
83813,Kiss Me Cat,Released,1953-02-21,0,Warner Bros. Pictures,"Animation, Family, Comedy"
499739,Creating Carrie,Released,2014-01-14,0,20th Century Fox,"Horror, Documentary"
18200,13 Rue Madeleine,Released,1947-01-15,0,20th Century Fox,"Thriller, War"
34233,Adventures of Don Juan,Released,1948-12-24,4772000,Warner Bros. Pictures,"Action, Adventure, Romance"
47739,Illegal,Released,1955-10-09,0,Warner Bros. Pictures,"Crime, Drama, Thriller"
146747,Carrotblanca,Released,1995-08-25,0,Warner Bros. Pictures,"Animation, Comedy, Family"
43471,Anna and the King of Siam,Released,1946-08-11,0,20th Century Fox,"Drama, Romance"
43499,Buffalo Bill,Released,1944-04-02,0,20th Century Fox,"Drama, Action, Western"
41253,Damn Yankees,Released,1958-09-26,0,Warner Bros. Pictures,"Comedy, Fantasy, Music"
101504,Barbary-Coast Bunny,Released,1956-07-21,0,Warner Bros. Pictures,"Animation, Family, Comedy, Western"
78235,Bad Medicine,Released,1985-11-22,2685453,20th Century Fox,Comedy
31560,A Blueprint for Murder,Released,1953-07-24,0,20th Century Fox,"Drama, Thriller, Mystery, Crime"
26600,Between Two Worlds,Released,1944-05-20,0,Warner Bros. Pictures,"Adventure, Drama, Fantasy, Mystery"
121159,Kitty Kornered,Released,1946-06-08,0,Warner Bros. Pictures,"Animation, Comedy"
40973,Myra Breckinridge,Released,1970-06-24,3000000,20th Century Fox,"Comedy, Drama"
4932,A Guide for the Married Man,Released,1967-01-01,5000000,20th Century Fox,"Comedy, Romance"
63618,The Left Hand of God,Released,1955-09-02,4000000,20th Century Fox,"Adventure, Drama, Western"
100323,Pigs in a Polka,Released,1943-02-06,0,Warner Bros. Pictures,"Animation, Comedy, Family"
24034,Teacher's Pet,Released,2004-01-16,6491969,Walt Disney Pictures,"Animation, Family, Music, Comedy, Drama"
103413,Second Best,Released,1994-09-30,86115,Warner Bros. Pictures,Drama
31911,Mr. Wonderful,Released,1993-10-15,3125424,Warner Bros. Pictures,"Comedy, Romance"
84746,Xuxa Requebra,Released,1999-12-17,0,,"Music, Family"
34931,Big House Bunny,Released,1950-04-23,0,Warner Bros. Pictures,"Animation, Family, Comedy"
37131,Impulse,Released,1990-04-06,2544504,Warner Bros. Pictures,"Thriller, Crime"
84050,Fanny,Released,1961-06-28,0,Warner Bros. Pictures,"Drama, Romance"
43407,None But the Brave,Released,1965-02-24,0,Warner Bros. Pictures,War
1163,The Miracle Worker,Released,2000-11-12,0,Walt Disney Pictures,"Drama, TV Movie"
36986,Angels in the Endzone,Released,1997-11-09,0,Walt Disney Pictures,"Drama, Family, TV Movie"
55238,Edge of Darkness,Released,1943-04-09,3669000,Warner Bros. Pictures,"Drama, War"
31605,The Last American Hero,Released,1973-07-27,1000000,20th Century Fox,Drama
43903,Dames,Released,1934-09-01,0,Warner Bros. Pictures,"Romance, Music, Comedy"
100311,Homeless Hare,Released,1950-03-11,0,Warner Bros. Pictures,"Animation, Family"
169069,Studio illegale,Released,2013-02-06,0,Warner Bros. Pictures,Comedy
47199,The Secret Agent,Released,1996-11-08,0,20th Century Fox,"Drama, Thriller"
100349,Slick Hare,Released,1947-11-01,0,Warner Bros. Pictures,"Animation, Comedy"
43492,The Corn Is Green,Released,1945-03-29,0,Warner Bros. Pictures,Drama
44000,Trog,Released,1970-10-24,0,Warner Bros. Pictures,"Horror, Science Fiction"
111043,Springfield Rifle,Released,1952-10-22,0,Warner Bros. Pictures,"War, Western"
46875,Fixed Bayonets!,Released,1951-11-21,0,20th Century Fox,"Action, Drama, War"
19753,Start the Revolution Without Me,Released,1970-02-04,0,Warner Bros. Pictures,"Comedy, History"
34708,A Bear for Punishment,Released,1951-10-20,0,Warner Bros. Pictures,Animation
43011,Sodom and Gomorrah,Released,1962-10-04,5450000,20th Century Fox,"Adventure, Drama, History"
38766,Halls of Montezuma,Released,1951-01-04,0,20th Century Fox,"Adventure, Drama, Action, War"
38890,Great Guns,Released,1941-10-10,0,20th Century Fox,Comedy
76372,Night People,Released,1954-03-11,0,20th Century Fox,"Drama, Crime, Mystery"
84748,Xuxa Popstar,Released,2000-12-15,0,Warner Bros. Pictures,"Romance, Comedy, Family"
100361,The Big Snooze,Released,1946-10-05,0,Warner Bros. Pictures,"Animation, Comedy, Fantasy"
96713,The Marriage Circle,Released,1924-02-10,0,Warner Bros. Pictures,"Comedy, Romance"
100334,Porky Pig's Feat,Released,1943-07-17,0,Warner Bros. Pictures,Animation
50078,Jewel Robbery,Released,1932-07-08,0,Warner Bros. Pictures,"Romance, Comedy, Crime"
31913,"Next Stop, Greenwich Village",Released,1976-02-04,0,20th Century Fox,"Comedy, Drama"
46925,Six Pack,Released,1982-07-16,20225989,20th Century Fox,"Drama, Comedy, Family"
57664,From Hell to Texas,Released,1958-04-29,0,20th Century Fox,Western
107625,The Proud Ones,Released,1956-05-15,0,20th Century Fox,Western
95919,Love,Released,2012-02-14,0,Warner Bros. Pictures,"Drama, Romance"
43562,Along the Great Divide,Released,1951-06-02,0,Warner Bros. Pictures,"Western, Adventure, Romance"
31770,"Hello, Frisco, Hello",Released,1943-03-26,0,20th Century Fox,"Comedy, Music, Romance"
165266,The Second Night,Released,2000-03-31,0,Warner Bros. Pictures,Comedy
98010,Francis of Assisi,Released,1961-07-12,0,20th Century Fox,"History, Drama"
42062,Moontide,Released,1942-05-29,0,20th Century Fox,"Drama, Thriller, Romance"
30648,Blindman,Released,1971-11-15,0,20th Century Fox,Western
322777,The Magical World of Winnie the Pooh: Share Your World,Released,2003-10-03,0,Walt Disney Pictures,"Animation, Family"
53051,My Bunny Lies Over the Sea,Released,1948-12-04,0,Warner Bros. Pictures,"Animation, Comedy, Family"
23077,Russell Peters: Outsourced,Released,2006-08-01,0,Warner Bros. Pictures,Comedy
468201,Pure Country: Pure Heart,Released,2017-08-01,0,Warner Bros. Pictures,"Music, Drama"
64831,The Boys: The Sherman Brothers' Story,Released,2009-04-24,0,Walt Disney Pictures,"Documentary, Music"
333873,Keepers of the Covenant: Making 'Exodus: Gods and Kings',Released,2015-03-17,0,20th Century Fox,Documentary
31148,City for Conquest,Released,1940-09-21,0,Warner Bros. Pictures,"Music, Drama, Crime"
53939,Sons and Lovers,Released,1960-08-29,0,20th Century Fox,Drama
23050,Scavenger Hunt,Released,1979-12-21,0,20th Century Fox,Comedy
48875,Gift Wrapped,Released,1952-02-16,0,Warner Bros. Pictures,Animation
151138,The Visit,Released,1964-05-06,0,20th Century Fox,Drama
94529,My Cousin Rachel,Released,1952-12-25,0,20th Century Fox,"Mystery, Romance, Drama"
18085,Roving Mars,Released,2006-01-27,0,Walt Disney Pictures,Documentary
43514,Thank Your Lucky Stars,Released,1943-09-25,3621000,Warner Bros. Pictures,"Comedy, Music"
18611,Frostbite,Released,2005-02-15,0,20th Century Fox,Comedy
35077,Three Strangers,Released,1946-01-28,0,Warner Bros. Pictures,"Thriller, Crime"
71140,Hear No Evil,Released,1993-03-26,0,20th Century Fox,Thriller
118979,All a Bir-r-r-d,Released,1950-06-24,0,Warner Bros. Pictures,"Animation, Comedy, Family"
83749,Chow Hound,Released,1951-06-16,0,Warner Bros. Pictures,"Animation, Family, Comedy"
494491,Não se Aceitam Devoluções,Released,2018-05-01,0,20th Century Fox,Comedy
117269,Lambada,Released,1990-03-16,4263112,Warner Bros. Pictures,"Drama, Music, Romance"
37191,"I, the Jury",Released,1982-04-22,0,20th Century Fox,"Crime, Thriller, Mystery"
52969,Wabbit Twouble,Released,1941-12-20,0,Warner Bros. Pictures,"Animation, Comedy, Family"
64605,Seven Thieves,Released,1960-03-11,0,20th Century Fox,"Action, Crime, Thriller"
45579,The World's Greatest Lover,Released,1977-12-18,0,20th Century Fox,Comedy
121379,Lady Windermere's Fan,Released,1925-12-26,0,Warner Bros. Pictures,"Comedy, Drama"
596445,Dance with Me,Released,2019-08-16,0,Warner Bros. Pictures,"Comedy, Music"
57103,The Best of Everything,Released,1959-10-09,0,20th Century Fox,"Drama, Romance"
35009,Storm Warning,Released,1951-02-10,0,Warner Bros. Pictures,"Crime, Drama"
100788,A Cold Night's Death,Released,1973-01-30,0,,"Horror, Science Fiction, Thriller, TV Movie"
28044,Charlie Chan at the Opera,Released,1936-12-04,0,20th Century Fox,"Crime, Mystery, Thriller"
100345,Rocket Squad,Released,1956-03-10,0,Warner Bros. Pictures,"Animation, Comedy, Science Fiction"
100348,Show Biz Bugs,Released,1957-11-02,0,Warner Bros. Pictures,"Animation, Comedy, Family"
100356,Super-Rabbit,Released,1943-04-03,0,Warner Bros. Pictures,"Animation, Comedy"
100388,Walky Talky Hawky,Released,1946-08-31,0,Warner Bros. Pictures,Animation
84597,The Abominable Snow Rabbit,Released,1961-05-20,0,Warner Bros. Pictures,"Animation, Comedy, Family"
21949,Trouble Man,Released,1972-11-01,0,20th Century Fox,"Crime, Action, Thriller"
20628,Skin Game,Released,1971-09-30,0,Warner Bros. Pictures,"Action, Comedy, Western"
515919,Carlinhos & Carlão,Released,2020-08-06,0,,Comedy
517034,Union of Salvation,Released,2019-12-26,0,,"Drama, History, Adventure"
61524,A-Haunting We Will Go,Released,1942-08-07,0,20th Century Fox,"Adventure, Comedy"
99898,Man on a Tightrope,Released,1953-05-21,0,20th Century Fox,"Drama, Thriller"
28558,The Undying Monster,Released,1942-11-27,0,20th Century Fox,"Horror, Mystery"
535849,Secrets in the Hot Spring,Released,2018-07-11,0,Warner Bros. Pictures,"Comedy, Horror"
30702,Conrack,Released,1974-03-27,0,20th Century Fox,Drama
18146,Up Periscope,Released,1959-03-04,0,Warner Bros. Pictures,"Action, Adventure, Drama, Romance, War"
44888,Soldier of Fortune,Released,1955-05-24,0,20th Century Fox,"Adventure, Drama, Action, Romance"
37146,Penn & Teller Get Killed,Released,1989-09-22,0,Warner Bros. Pictures,Comedy
43267,29th Street,Released,1991-11-01,0,20th Century Fox,Comedy
43368,The Big Trees,Released,1952-02-05,0,Warner Bros. Pictures,"Romance, Western"
42981,Frank and Ollie,Released,1995-10-20,0,Walt Disney Pictures,Documentary
42239,Ode to Billy Joe,Released,1976-06-04,27000000,Warner Bros. Pictures,"Drama, Romance"
36330,Dangerous Crossing,Released,1953-07-22,0,20th Century Fox,"Mystery, Thriller"
43897,The Littlest Rebel,Released,1935-12-27,0,20th Century Fox,"Comedy, Drama, Family, Music, War"
69119,"Larceny, Inc.",Released,1942-04-24,0,Warner Bros. Pictures,"Comedy, Crime"
659613,Family Guy Presents: Road to the North Pole,Released,2010-12-12,0,,"Animation, Comedy, Fantasy, Adventure, TV Movie"
435880,Warriors of the Dawn,Released,2017-05-31,0,,"War, Adventure, Action"
43915,Fathom,Released,1967-08-25,0,20th Century Fox,"Action, Comedy, Drama"
61742,John and Mary,Released,1969-12-14,0,20th Century Fox,"Drama, Romance"
36731,The Roman Spring of Mrs. Stone,Released,1961-12-28,0,Warner Bros. Pictures,"Drama, Romance"
32825,Wild in the Country,Released,1961-06-15,0,20th Century Fox,"Drama, Romance"
32088,The Little Drummer Girl,Released,1984-10-19,0,Warner Bros. Pictures,Thriller
55492,Second Sight,Released,1989-11-03,0,Warner Bros. Pictures,Comedy
65587,Dive Bomber,Released,1941-08-30,0,Warner Bros. Pictures,Drama
91217,Men Don't Leave,Released,1990-02-02,0,Warner Bros. Pictures,"Drama, Comedy"
25190,The Sun Also Rises,Released,1957-08-23,0,20th Century Fox,"Drama, Romance"
4628,Enigma,Released,1982-10-15,0,Warner Bros. Pictures,"Drama, Action, Thriller"
48967,I'll Be There,Released,2003-06-13,0,Warner Bros. Pictures,"Comedy, Drama, Family"
83758,Duck Dodgers and the Return of the 24½th Century,Released,1980-11-20,0,Warner Bros. Pictures,"Animation, Family, Comedy"
22734,Beneath the 12-Mile Reef,Released,1953-12-02,0,20th Century Fox,"Adventure, Drama"
365351,Mr. Boogedy,Released,1986-04-20,0,Walt Disney Pictures,"TV Movie, Horror, Adventure, Drama"
38922,Fatso,Released,1980-02-01,0,20th Century Fox,"Comedy, Drama, Romance"
88192,Dr. Ehrlich's Magic Bullet,Released,1940-02-23,0,Warner Bros. Pictures,Drama
118312,Going! Going! Gosh!,Released,1952-08-23,0,Warner Bros. Pictures,"Animation, Family, Comedy"
71550,The Sight,Released,2000-10-29,0,,"Horror, Mystery, Thriller, TV Movie"
100382,Tortoise Wins by a Hare,Released,1943-02-20,0,Warner Bros. Pictures,"Animation, Comedy, Family"
100374,The Hypo-Chondri-Cat,Released,1950-04-15,0,Warner Bros. Pictures,"Animation, Family, Comedy"
27200,Sherlock Holmes in New York,Released,1976-10-18,0,,"Thriller, TV Movie"
26635,Brother Orchid,Released,1940-06-07,0,Warner Bros. Pictures,"Comedy, Crime, Drama, Romance"
464779,The Simpsons: Christmas,Released,2003-10-14,0,20th Century Fox,"Family, Animation, Comedy"
43449,Romance on the High Seas,Released,1948-06-25,3225000,Warner Bros. Pictures,"Comedy, Romance"
55909,Claudine,Released,1974-04-22,0,20th Century Fox,"Drama, Romance, Comedy"
23280,Nancy Drew... Reporter,Released,1939-02-18,0,Warner Bros. Pictures,"Comedy, Crime, Mystery"
1840,The Brasher Doubloon,Released,1947-02-06,0,20th Century Fox,"Crime, Mystery"
26378,They Made Me a Criminal,Released,1939-01-21,0,Warner Bros. Pictures,"Crime, Drama"
52367,Kiss Them for Me,Released,1957-12-10,0,20th Century Fox,"Comedy, Romance, War"
43485,Night and Day,Released,1946-07-02,0,Warner Bros. Pictures,"Drama, Music, Romance"
166659,Captain Sparky vs. The Flying Saucers,Released,2013-01-06,0,Walt Disney Pictures,"Animation, Family"
84588,Hyde and Go Tweet,Released,1960-05-14,0,Warner Bros. Pictures,"Comedy, Animation, Family"
32202,Hey Good Lookin',Released,1982-10-01,0,Warner Bros. Pictures,"Animation, Comedy, Drama"
264730,Violetta - Live in Concert,Released,2014-05-09,0,Walt Disney Pictures,Documentary
55086,Old Acquaintance,Released,1943-11-27,0,Warner Bros. Pictures,"Drama, Romance"
75892,Blood and Sand,Released,1989-09-22,0,20th Century Fox,"Drama, Romance"
102182,Cat Feud,Released,1958-12-20,0,Warner Bros. Pictures,Animation
65212,The Silver Chalice,Released,1954-12-20,3200000,Warner Bros. Pictures,"Drama, Romance, History"
147282,Jammin' the Blues,Released,1944-05-05,0,Warner Bros. Pictures,"Documentary, Music"
28490,I Died a Thousand Times,Released,1955-11-09,0,Warner Bros. Pictures,"Crime, Drama, Thriller"
13705,The Christmas Star,Released,1986-12-14,0,Walt Disney Pictures,"Drama, Family, TV Movie"
27338,The Pretender 2001,Released,2001-01-22,0,,"TV Movie, Action, Mystery"
38697,Hollywood Canteen,Released,1944-12-15,0,Warner Bros. Pictures,"Comedy, Music, Romance"
451409,Divórcio,Released,2017-09-21,0,,Comedy
29886,The Bride Came C.O.D.,Released,1941-07-12,0,Warner Bros. Pictures,"Comedy, Romance"
109264,This Is Elvis,Released,1981-04-03,2028612,Warner Bros. Pictures,"Drama, Music, Documentary"
145811,Canary Row,Released,1950-10-07,0,Warner Bros. Pictures,Animation
37598,Butch and Sundance: The Early Days,Released,1979-06-15,0,20th Century Fox,Western
84567,Between Heaven and Hell,Released,1956-10-11,1520000,20th Century Fox,"Action, Drama, War"
171019,Pony Soldier,Released,1952-04-01,0,20th Century Fox,Western
100393,Back Alley Oproar,Released,1948-03-25,0,Warner Bros. Pictures,"Animation, Comedy, Family"
417321,The Master: A LEGO Ninjago Short,Released,2016-09-22,0,Warner Bros. Pictures,"Animation, Comedy, Action"
28256,Satan Met a Lady,Released,1936-07-22,0,Warner Bros. Pictures,"Comedy, Crime, Mystery"
48741,Fur of Flying,Released,2010-09-24,0,Warner Bros. Pictures,"Animation, Comedy"
24047,Alien Nation: Dark Horizon,Released,1994-10-25,0,20th Century Fox,"TV Movie, Science Fiction, Drama"
62720,Cry Wolf,Released,1947-08-19,2690000,Warner Bros. Pictures,"Mystery, Thriller"
64378,Canadian Pacific,Released,1949-05-19,0,20th Century Fox,"Western, Adventure, History, Romance"
26380,Out of the Fog,Released,1941-06-14,0,Warner Bros. Pictures,"Crime, Thriller"
24006,O. Henry's Full House,Released,1952-08-07,0,20th Century Fox,Drama
74074,The Raid,Released,1954-08-04,0,20th Century Fox,"War, Western"
35275,Mame,Released,1974-03-07,0,Warner Bros. Pictures,"Comedy, Music"
27655,Tales of Manhattan,Released,1942-08-05,0,20th Century Fox,"Comedy, Drama, Romance"
41204,On Moonlight Bay,Released,1951-07-26,0,Warner Bros. Pictures,"Comedy, Family, Music, Romance"
83105,The Boy in Blue,Released,1986-01-17,0,20th Century Fox,Drama
17978,The Great White Hope,Released,1970-10-11,0,20th Century Fox,Drama
44534,Captain from Castile,Released,1947-12-25,0,20th Century Fox,"Action, Romance, Adventure"
40642,The Secret of Convict Lake,Released,1951-07-29,0,20th Century Fox,Western
148175,Young Again,Released,1986-05-11,0,Walt Disney Pictures,"Family, Drama, TV Movie"
100922,The Blue Bird,Released,1976-04-05,887000,20th Century Fox,"Adventure, Family, Fantasy, Drama"
43597,Lady Killer,Released,1933-12-09,0,Warner Bros. Pictures,"Comedy, Crime"
145948,Canned Feud,Released,1951-02-03,0,Warner Bros. Pictures,"Animation, Family, Comedy"
31147,Tom Petty and the Heartbreakers: Runnin' Down a Dream,Released,2007-10-14,0,Warner Bros. Pictures,"Documentary, Music"
54302,Royal Flash,Released,1975-10-10,0,20th Century Fox,"Adventure, Comedy, Romance"
18705,Mr. Moto's Last Warning,Released,1939-01-20,0,20th Century Fox,"Mystery, Crime"
121163,Old Glory,Released,1939-07-07,0,Warner Bros. Pictures,"Animation, History, Family"
51310,A Mom for Christmas,Released,1990-12-17,0,Walt Disney Pictures,"Comedy, Fantasy, Family, TV Movie"
17836,Virginia City,Released,1940-03-23,2372567,Warner Bros. Pictures,"Action, Drama, Romance, Western"
106635,It's Love I'm After,Released,1937-10-08,0,Warner Bros. Pictures,"Comedy, Romance"
67298,Lisztomania,Released,1975-10-10,0,Warner Bros. Pictures,"Comedy, Music"
71144,The River's Edge,Released,1957-04-11,0,20th Century Fox,"Thriller, Drama, Crime, Adventure"
100377,To Beep or Not to Beep,Released,1963-12-27,0,Warner Bros. Pictures,Animation
36751,Twice Upon a Time,Released,1983-08-05,0,Warner Bros. Pictures,"Animation, Comedy, Adventure, Fantasy"
134102,High Note,Released,1960-12-03,0,Warner Bros. Pictures,"Music, Animation, Family, Comedy"
26747,The Iron Curtain,Released,1948-06-16,0,20th Century Fox,"Mystery, Thriller"
45256,Do Not Disturb,Released,1965-12-22,8000000,20th Century Fox,"Comedy, Romance"
296811,The Goal,Released,2005-01-01,0,Walt Disney Pictures,Drama
49719,Zeppelin,Released,1971-04-08,0,Warner Bros. Pictures,"Adventure, Drama, War"
60112,La cura del gorilla,Released,2006-02-02,0,Warner Bros. Pictures,"Thriller, Comedy, Crime"
74999,A Hare Grows in Manhattan,Released,1947-03-22,0,Warner Bros. Pictures,"Animation, Action, Comedy"
32921,Captains of the Clouds,Released,1942-02-12,0,Warner Bros. Pictures,"Action, Drama, War"
145813,Bunker Hill Bunny,Released,1950-09-23,0,Warner Bros. Pictures,"Animation, Comedy"
113921,Dallas,Released,1950-12-30,0,Warner Bros. Pictures,"Action, Western"
32552,It's a Great Feeling,Released,1949-08-01,2713000,Warner Bros. Pictures,"Comedy, Music"
42996,Five Weeks in a Balloon,Released,1962-08-22,0,20th Century Fox,"Action, Adventure, Comedy, Family"
33390,Charlie Chan in Egypt,Released,1935-06-04,0,20th Century Fox,Mystery
33388,Charlie Chan at Treasure Island,Released,1939-08-31,0,20th Century Fox,"Mystery, Thriller"
140695,Superior Duck,Released,1996-08-23,0,Warner Bros. Pictures,"Animation, Comedy, Family"
83674,Another Froggy Evening,Released,1995-10-06,0,Warner Bros. Pictures,"Animation, Family, Comedy, Music"
389703,Rise,Released,2016-02-19,0,Warner Bros. Pictures,Science Fiction
83752,Dr. Devil and Mr. Hare,Released,1964-03-28,0,Warner Bros. Pictures,"Animation, Comedy, Family"
33670,Up the Academy,Released,1980-06-06,0,Warner Bros. Pictures,Comedy
60816,A Change of Seasons,Released,1980-12-01,0,20th Century Fox,"Drama, Romance, Comedy"
40715,Big Jim McLain,Released,1952-08-30,0,Warner Bros. Pictures,"Action, Adventure, Drama, Thriller"
99920,Confessions of a Nazi Spy,Released,1939-05-06,0,Warner Bros. Pictures,"Drama, War"
145946,Scent-imental Romeo,Released,1951-03-24,0,Warner Bros. Pictures,"Animation, Comedy, Family, Romance"
47460,Daffy - The Commando,Released,1943-11-20,0,Warner Bros. Pictures,"Animation, Comedy, War"
96337,Zandy's Bride,Released,1974-05-19,0,Warner Bros. Pictures,Western
43839,Alexander's Ragtime Band,Released,1938-05-24,4000000,20th Century Fox,"Drama, Music, Romance"
47941,Under the Rainbow,Released,1981-07-31,2297493,Warner Bros. Pictures,Comedy
47944,Without a Trace,Released,1983-02-04,9600000,20th Century Fox,"Drama, Mystery"
80555,Wind Across the Everglades,Released,1958-09-11,0,Warner Bros. Pictures,"Action, Adventure, Drama"
37596,Boy on a Dolphin,Released,1957-04-19,0,20th Century Fox,"Adventure, Romance, Drama"
480913,Alien: Covenant - Epilogue: Advent,Released,2017-08-15,0,20th Century Fox,"Science Fiction, Horror"
83775,From A to Z-Z-Z-Z,Released,1954-10-16,0,Warner Bros. Pictures,"Animation, Family, Comedy"
101512,Knight-Mare Hare,Released,1955-10-01,0,Warner Bros. Pictures,"Animation, Comedy, Family"
100365,The Heckling Hare,Released,1941-07-05,0,Warner Bros. Pictures,"Animation, Comedy"
113736,I Tawt I Taw a Puddy Tat,Released,2011-11-17,0,Warner Bros. Pictures,"Animation, Comedy"
84587,The Hasty Hare,Released,1952-06-07,0,Warner Bros. Pictures,"Animation, Comedy, Family, Science Fiction"
46011,Call Me Madam,Released,1953-03-25,0,20th Century Fox,"Comedy, Music, Romance"
32929,Backfire,Released,1950-01-26,0,Warner Bros. Pictures,"Crime, Mystery, Romance, Thriller"
43327,The Virgin Queen,Released,1955-07-22,0,20th Century Fox,"Drama, History, Romance"
102144,Mister 880,Released,1950-09-29,0,20th Century Fox,"Comedy, Crime, Romance"
115024,Gorilla My Dreams,Released,1948-01-03,0,Warner Bros. Pictures,"Animation, Comedy"
72638,The Fighting 69th,Released,1940-01-27,0,Warner Bros. Pictures,"Action, Drama, War"
100894,The Mayor of Hell,Released,1933-06-24,0,Warner Bros. Pictures,"Crime, Drama"
29020,Horton Hatches the Egg,Released,1942-04-11,0,Warner Bros. Pictures,"Animation, Comedy"
27858,PT 109,Released,1963-06-26,0,Warner Bros. Pictures,"Drama, War"
82203,The Girl in the Red Velvet Swing,Released,1955-10-01,0,20th Century Fox,"Drama, Romance"
74951,Acrobatty Bunny,Released,1946-06-29,0,Warner Bros. Pictures,"Animation, Comedy"
42551,Sky Riders,Released,1976-03-26,0,20th Century Fox,"Action, Adventure"
34932,Big Top Bunny,Released,1951-12-01,0,Warner Bros. Pictures,"Animation, Comedy, Family"
18495,Folks!,Released,1992-05-01,6132924,20th Century Fox,Comedy
43810,Down Argentine Way,Released,1940-10-11,0,20th Century Fox,"Comedy, Drama, Music, Romance"
184902,Star Wars: The Clone Wars - Darth Maul Returns,Released,2012-09-11,0,Warner Bros. Pictures,"Animation, Action, Adventure"
103952,Racketeer Rabbit,Released,1946-09-14,0,Warner Bros. Pictures,"Animation, Comedy, Crime"
37658,Anthony Adverse,Released,1936-08-26,2750000,Warner Bros. Pictures,"Drama, Romance, Adventure, History"
84847,Cinderella Liberty,Released,1973-12-18,0,20th Century Fox,"Drama, Romance"
70812,Redeemer,Released,2004-09-10,0,Warner Bros. Pictures,"Drama, Fantasy"
118316,Stop! Look! and Hasten!,Released,1954-08-13,0,Warner Bros. Pictures,Animation
100355,Steal Wool,Released,1957-06-08,0,Warner Bros. Pictures,Animation
173747,Buckaroo Bugs,Released,1944-08-26,0,Warner Bros. Pictures,"Animation, Action, Comedy, Western"
572204,Family Guy Presents: Stewie Kills Lois and Lois Kills Stewie,Released,2007-11-04,0,,"Animation, Comedy, Action, Adventure, Crime, Thriller, Music, TV Movie"
69017,The Dancing Masters,Released,1943-11-19,0,20th Century Fox,Comedy
19153,The Real Cancun,Released,2003-04-23,5345083,Warner Bros. Pictures,Documentary
15375,"Murder, Inc.",Released,1960-06-28,0,20th Century Fox,"Action, Adventure, Crime, Drama, Mystery, Thriller"
26323,Bordertown,Released,1935-01-23,1237000,Warner Bros. Pictures,"Crime, Drama"
118805,Bad Ol' Putty Tat,Released,1949-07-23,0,Warner Bros. Pictures,Animation
119608,Ain't She Tweet,Released,1952-06-21,0,Warner Bros. Pictures,"Animation, Family"
223993,Rabbit Without Ears and Two-Eared Chick,Released,2013-09-26,2875527,Warner Bros. Pictures,Animation
234708,Zip 'n Snort,Released,1961-01-21,0,Warner Bros. Pictures,"Comedy, Animation, Family"
34944,Background to Danger,Released,1943-07-03,0,Warner Bros. Pictures,"Drama, History, Thriller, War"
235156,Roman Legion-Hare,Released,1955-11-10,0,Warner Bros. Pictures,"Animation, Comedy"
102184,Cheese Chasers,Released,1951-08-25,0,Warner Bros. Pictures,"Animation, Family, Comedy"
103119,Two Flags West,Released,1950-10-12,0,20th Century Fox,"War, Western"
188801,My Little Duckaroo,Released,1954-11-27,0,Warner Bros. Pictures,"Animation, Comedy, Western, Family"
81396,Jimmy the Gent,Released,1934-03-09,0,Warner Bros. Pictures,"Comedy, Crime, Drama, Romance"
35940,Bratz: Passion 4 Fashion - Diamondz,Released,2006-09-26,0,20th Century Fox,"Family, Animation, Adventure"
434942,The Village of No Return,Released,2017-01-26,0,Warner Bros. Pictures,Comedy
321187,High School Musical: The Challenge,Released,2010-02-05,1149000,Walt Disney Pictures,"Music, Romance"
64129,D-Day the Sixth of June,Released,1956-05-29,0,20th Century Fox,"Drama, Romance, War"
305790,"The Magical World of Winnie the Pooh: All for One, One for All",Released,2003-02-01,0,Walt Disney Pictures,"Animation, Family"
59566,"Think Fast, Mr. Moto",Released,1937-07-23,0,20th Century Fox,"Crime, Mystery, Thriller"
55236,Desperate Journey,Released,1942-09-26,0,Warner Bros. Pictures,"Action, Drama, War, Adventure"
65581,Silver River,Released,1948-05-20,0,Warner Bros. Pictures,"Drama, Romance, Western"
43481,Black River,Released,2001-07-06,0,,"Science Fiction, Thriller, TV Movie, Action, Mystery"
83760,Ducking the Devil,Released,1957-08-17,0,Warner Bros. Pictures,"Animation, Family, Comedy"
31043,Mike's Murder,Released,1984-03-09,1059966,Warner Bros. Pictures,"Drama, Mystery, Thriller"
60823,Rabid Rider,Released,2010-12-17,0,Warner Bros. Pictures,"Animation, Family, Comedy"
37123,The Sheriff of Fractured Jaw,Released,1958-10-28,0,20th Century Fox,"Western, Comedy"
83688,Bedevilled Rabbit,Released,1957-04-13,0,Warner Bros. Pictures,"Animation, Family, Comedy"
160660,Confidential Agent,Released,1945-11-02,0,Warner Bros. Pictures,Drama
52840,Chamber of Horrors,Released,1966-10-19,0,Warner Bros. Pictures,Horror
52906,Goodbye Charlie,Released,1964-11-18,0,20th Century Fox,"Comedy, Romance, Fantasy"
49616,The Miracle of Our Lady of Fatima,Released,1952-08-20,0,Warner Bros. Pictures,Drama
13106,Dard Divorce,Released,2007-11-01,0,20th Century Fox,"Horror, Thriller, Crime"
4704,At Long Last Love,Released,1975-03-01,1500000,20th Century Fox,"Comedy, Music, Romance"
69472,A Distant Trumpet,Released,1964-05-20,0,Warner Bros. Pictures,Western
637890,Macabre,Released,2019-10-18,0,,"Thriller, Drama"
61436,Behind Green Lights,Released,1946-02-15,0,20th Century Fox,"Crime, Drama"
76229,Phone Call from a Stranger,Released,1952-02-01,0,20th Century Fox,Drama
42980,Walt: The Man Behind the Myth,Released,2001-09-16,0,Walt Disney Pictures,Documentary
76669,Winnie the Pooh: A Valentine for You,Released,1999-02-12,0,Walt Disney Pictures,"Animation, Family"
180243,Gargantua,Released,1998-05-19,0,,"Science Fiction, Action, Adventure, TV Movie"
43334,Dragnet,Released,1954-09-04,0,Warner Bros. Pictures,"Crime, Drama, Mystery, Thriller"
44533,Prince of Foxes,Released,1949-11-11,0,20th Century Fox,"Adventure, Drama, History"
58732,The Bullfighters,Released,1945-05-01,0,20th Century Fox,"Comedy, Adventure, Music"
44890,The Frogmen,Released,1951-01-25,0,20th Century Fox,"Action, Adventure, Drama, War"
334613,Yusuf Yusuf,Released,2014-12-26,0,Warner Bros. Pictures,Comedy
55328,When Good Ghouls Go Bad,Released,2001-10-20,0,,"Family, TV Movie, Horror, Comedy"
88761,Porky Chops,Released,1949-02-12,0,Warner Bros. Pictures,"Animation, Comedy"
92837,To the Arctic 3D,Released,2012-04-20,0,Warner Bros. Pictures,Documentary
100305,Have You Got Any Castles?,Released,1938-06-25,0,Warner Bros. Pictures,"Animation, Family, Comedy, Music"
2139,Cleopatra Jones and the Casino of Gold,Released,1975-07-11,0,Warner Bros. Pictures,"Action, Adventure, Drama"
286940,The Boxcar Children,Released,2014-08-05,0,Warner Bros. Pictures,"Family, Animation, Adventure"
42734,Dear Brigitte,Released,1965-01-08,0,20th Century Fox,"Comedy, Family"
233913,Spies,Released,1943-08-01,0,Warner Bros. Pictures,"Comedy, Animation, War"
45520,The Hunters,Released,1958-09-01,0,20th Century Fox,"War, Action, Drama"
104720,Forever Amber,Released,1947-10-10,0,20th Century Fox,"Drama, History, Romance"
37468,The Big Lift,Released,1950-04-26,0,20th Century Fox,"War, Action, Adventure, Drama"
205874,All This and Rabbit Stew,Released,1941-09-20,0,Warner Bros. Pictures,"Animation, Comedy"
83807,Katnip Kollege,Released,1938-06-11,0,Warner Bros. Pictures,"Animation, Family, Comedy, Music"
43797,Sun Valley Serenade,Released,1941-08-29,0,20th Century Fox,"Comedy, Music, Romance"
57684,Roxie Hart,Released,1942-02-20,0,20th Century Fox,"Comedy, Romance"
67880,Four Daughters,Released,1938-08-09,0,Warner Bros. Pictures,"Drama, Music, Romance"
80639,They Won't Forget,Released,1937-07-14,0,Warner Bros. Pictures,"Drama, Mystery"
34599,Heart Like a Wheel,Released,1983-04-01,0,20th Century Fox,Drama
83745,Boyhood Daze,Released,1957-04-20,0,Warner Bros. Pictures,"Animation, Family, Comedy"
27597,Stowaway,Released,1936-12-25,0,20th Century Fox,"Music, Adventure, Family"
43812,Knute Rockne All American,Released,1940-10-05,0,Warner Bros. Pictures,Drama
234377,Corn on the Cop,Released,1965-07-23,0,Warner Bros. Pictures,Animation
166613,Herr Meets Hare,Released,1945-01-13,0,Warner Bros. Pictures,"Animation, Comedy"
27966,King of the Underworld,Released,1939-01-14,0,Warner Bros. Pictures,"Romance, Crime, Drama"
100342,Rabbit Transit,Released,1947-05-10,0,Warner Bros. Pictures,"Animation, Comedy"
100340,Rabbit Punch,Released,1948-04-10,0,Warner Bros. Pictures,"Animation, Comedy, Family"
100339,Putty Tat Trouble,Released,1951-02-23,0,Warner Bros. Pictures,Animation
51601,San Quentin,Released,1937-05-24,0,Warner Bros. Pictures,"Action, Drama"
96255,Three Came Home,Released,1950-02-20,0,20th Century Fox,"War, Drama"
480912,Alien: Covenant - Prologue: Phobos,Released,2017-08-15,0,20th Century Fox,Science Fiction
47888,Rollover,Released,1981-10-11,10217873,Warner Bros. Pictures,"Drama, Mystery, Romance, Thriller"
74012,Crash Dive,Released,1943-04-22,0,20th Century Fox,"War, Romance, Drama, Action, Adventure, Thriller"
118615,Mouse Wreckers,Released,1949-04-23,0,Warner Bros. Pictures,"Animation, Comedy, Family"
43321,Pete Kelly's Blues,Released,1955-07-31,0,Warner Bros. Pictures,"Crime, Drama, Music"
24040,My Dream Is Yours,Released,1949-04-15,0,Warner Bros. Pictures,"Comedy, Music, Romance"
43869,Wee Willie Winkie,Released,1937-07-30,0,20th Century Fox,"Adventure, Family"
111678,"Rally 'Round the Flag, Boys!",Released,1958-12-23,0,20th Century Fox,"Comedy, Romance"
188751,Little Red Rodent Hood,Released,1952-05-03,0,Warner Bros. Pictures,"Animation, Family, Comedy"
221239,Hare Trigger,Released,1945-05-05,0,Warner Bros. Pictures,"Western, Comedy, Animation"
165869,Southern Fried Rabbit,Released,1953-05-02,0,Warner Bros. Pictures,"Animation, Comedy"
122084,Easter Yeggs,Released,1947-06-28,0,Warner Bros. Pictures,"Animation, Action, Comedy"
154064,Frontier Marshal,Released,1939-07-28,0,20th Century Fox,Western
21554,Sparkle,Released,1976-04-07,0,Warner Bros. Pictures,"Drama, Music"
25148,Charlie Chan at the Olympics,Released,1937-05-21,0,20th Century Fox,"Action, Mystery, Thriller"
39459,The Oklahoma Kid,Released,1939-03-11,0,Warner Bros. Pictures,"Western, History"
33117,Tea for Two,Released,1950-09-01,0,Warner Bros. Pictures,"Comedy, Music, Romance"
30126,Snow White and the Three Stooges,Released,1961-12-24,0,20th Century Fox,"Adventure, Comedy, Drama, Family, Fantasy"
572202,A Very Special Family Guy Freakin' Christmas,Released,2001-12-21,0,,"Comedy, Animation, Fantasy, TV Movie"
188755,Tabasco Road,Released,1957-07-20,0,Warner Bros. Pictures,"Animation, Family, Comedy"
83763,Feline Frame-Up,Released,1954-02-13,0,Warner Bros. Pictures,"Animation, Family, Comedy"
25862,Blues in the Night,Released,1941-11-15,0,Warner Bros. Pictures,"Crime, Drama, Music"
5686,A Night in Heaven,Released,1983-11-18,0,20th Century Fox,"Comedy, Drama, Romance"
22288,Honeysuckle Rose,Released,1980-07-18,0,Warner Bros. Pictures,"Drama, Music, Romance"
57840,Captain January,Released,1936-04-17,0,20th Century Fox,"Comedy, Family"
108266,The Lone Ranger,Released,1956-02-25,0,Warner Bros. Pictures,"Adventure, Western"
33708,Charlie Chan's Secret,Released,1936-01-10,0,20th Century Fox,"Crime, Mystery, Thriller"
78318,Juarez,Released,1939-06-10,0,Warner Bros. Pictures,"Drama, History, Romance"
84600,The Night of the Living Duck,Released,1988-09-23,0,Warner Bros. Pictures,"Animation, Horror"
154833,Dog Gone South,Released,1950-08-26,0,Warner Bros. Pictures,Animation
75799,The Roots of Heaven,Released,1958-10-15,0,20th Century Fox,"Adventure, Drama"
102188,Now Hear This,Released,1963-04-27,0,Warner Bros. Pictures,Animation
34711,A Bird in a Guilty Cage,Released,1952-08-30,0,Warner Bros. Pictures,Animation
872150,Chain Reaction,Released,2021-09-16,0,,Action
84084,Wilson,Released,1944-08-01,2000000,20th Century Fox,"Drama, History"
75510,The Purchase Price,Released,1932-07-23,0,Warner Bros. Pictures,"Drama, Comedy"
234535,Honey's Money,Released,1962-09-01,0,Warner Bros. Pictures,Animation
33387,Charlie Chan at the Race Track,Released,1936-08-07,0,20th Century Fox,"Mystery, Comedy, Thriller, Crime"
20468,The Big Tease,Released,1999-11-26,0,Warner Bros. Pictures,Comedy
42298,Dressed to Kill,Released,1941-08-08,0,20th Century Fox,"Mystery, Thriller"
428398,Santa Claus. Battle of Mages,Released,2016-12-24,0,,"Fantasy, Action, Adventure"
191678,Conspiracy Theory: Did We Land on the Moon?,Released,2001-02-15,0,,Documentary
101511,Hare Conditioned,Released,1945-08-11,0,Warner Bros. Pictures,"Animation, Comedy, Family"
51787,British Intelligence,Released,1939-11-10,0,Warner Bros. Pictures,"Action, Adventure"
44006,Othello,Released,1965-12-15,0,Warner Bros. Pictures,Drama
17966,Smart Money,Released,1931-06-11,0,Warner Bros. Pictures,"Crime, Drama"
91571,And Hope to Die,Released,1972-09-15,0,20th Century Fox,"Crime, Thriller"
100343,Rebel Rabbit,Released,1949-04-09,0,Warner Bros. Pictures,"Animation, Comedy"
43355,The Master of Ballantrae,Released,1953-08-05,0,Warner Bros. Pictures,Adventure
38454,Charlie Chan on Broadway,Released,1937-09-22,0,20th Century Fox,"Crime, Mystery, Thriller"
37086,A Hatful of Rain,Released,1957-07-17,0,20th Century Fox,Drama
89723,The Gorilla,Released,1939-05-26,0,20th Century Fox,"Horror, Thriller, Comedy"
118318,Ready.. Set.. Zoom!,Released,1955-04-29,0,Warner Bros. Pictures,Animation
43517,This Is the Army,Released,1943-08-14,0,Warner Bros. Pictures,"Comedy, Music, Romance, War"
41588,The New Age,Released,1994-09-16,0,Warner Bros. Pictures,"Comedy, Drama"
70780,The Beast Within: Making Alien,Released,2003-12-02,0,,Documentary
121169,Lovelorn Leghorn,Released,1951-09-08,0,Warner Bros. Pictures,"Animation, Family, Comedy"
89086,Stanley and Livingstone,Released,1939-08-18,0,20th Century Fox,"Adventure, History"
64158,Guns at Batasi,Released,1964-10-30,0,20th Century Fox,"Drama, War"
70849,Wreckage and Rage: Making 'Alien³',Released,2003-12-02,0,,Documentary
49609,A Yank in the R.A.F.,Released,1941-09-26,0,20th Century Fox,"War, Action, Romance"
102157,Mississippi Hare,Released,1949-02-26,0,Warner Bros. Pictures,"Animation, Comedy"
42268,11 Harrowhouse,Released,1974-09-26,0,20th Century Fox,"Drama, Action, Comedy, Crime"
197740,Chariots of Fur,Released,1994-12-20,0,Warner Bros. Pictures,Animation
205139,My Favorite Duck,Released,1942-12-05,0,Warner Bros. Pictures,"Animation, Comedy"
36818,Smorgasbord,Released,1983-04-13,0,Warner Bros. Pictures,Comedy
114096,Bloodbrothers,Released,1978-09-27,0,Warner Bros. Pictures,Drama
27339,The Pretender: Island of the Haunted,Released,2001-12-10,0,,"TV Movie, Action, Crime, Mystery"
42407,The Flim-Flam Man,Released,1967-08-22,1200000,20th Century Fox,Comedy
77553,Hotel,Released,1967-01-19,0,Warner Bros. Pictures,Drama
226799,Sahara Hare,Released,1955-03-26,0,Warner Bros. Pictures,Animation
60963,Serenade,Released,1956-03-23,0,Warner Bros. Pictures,"Drama, Music, Romance"
188682,What Makes Daffy Duck,Released,1948-02-14,0,Warner Bros. Pictures,"Animation, Family, Comedy"
54107,"Splash, Too",Released,1988-05-01,0,Walt Disney Pictures,"Romance, Comedy, Family, TV Movie"
85677,The Constant Nymph,Released,1943-06-23,0,Warner Bros. Pictures,"Drama, Music, Romance"
40686,Trouble Along the Way,Released,1953-04-04,0,Warner Bros. Pictures,"Comedy, Drama"
61411,Che!,Released,1969-06-27,0,"20th Century Fox, 20th Century Fox","Action, Adventure, Drama, History"
268702,Xuxa Twins,Released,2006-12-15,0,,Family
26663,The Man I Love,Released,1946-12-26,0,Warner Bros. Pictures,Drama
171392,Daffy Doodles,Released,1946-04-06,0,Warner Bros. Pictures,"Comedy, Animation"
29477,Highway 301,Released,1950-12-01,0,Warner Bros. Pictures,Crime
29467,Tomorrow Is Another Day,Released,1951-08-08,0,Warner Bros. Pictures,Crime
29473,Let's Do It Again,Released,1975-10-11,11800000,Warner Bros. Pictures,"Comedy, Crime"
33386,Charlie Chan at the Circus,Released,1936-03-27,0,20th Century Fox,"Crime, Mystery, Comedy, Thriller"
81246,Alien Nation: The Udara Legacy,Released,1997-07-29,0,,"TV Movie, Science Fiction, Drama"
83669,90 Day Wondering,Released,1956-12-01,0,Warner Bros. Pictures,"Animation, Family, Comedy"
120481,Come to the Stable,Released,1949-01-01,0,20th Century Fox,"Comedy, Drama"
37300,The Woman in White,Released,1948-05-07,0,Warner Bros. Pictures,"Drama, Mystery, Romance, Thriller"
291211,De Onde Eu Te Vejo,Released,2015-04-23,0,Warner Bros. Pictures,"Comedy, Drama, Romance"
100384,Tweety's S.O.S.,Released,1951-09-21,0,Warner Bros. Pictures,Animation
100369,The Hep Cat,Released,1942-10-03,0,Warner Bros. Pictures,"Animation, Comedy, Family"
87621,Chain Lightning,Released,1950-02-18,0,Warner Bros. Pictures,"Drama, Action, War"
298298,Xuxa and The Treasure of the Lost City,Released,2004-12-10,0,Warner Bros. Pictures,"Adventure, Family"
55240,Uncertain Glory,Released,1944-04-07,0,Warner Bros. Pictures,"Crime, Drama, Romance, Thriller, War"
70844,Superior Firepower: Making 'Aliens',Released,2003-12-02,0,,Documentary
818361,The Last of the Chupacabras,Released,2021-05-28,0,Walt Disney Pictures,"Family, Fantasy"
95576,Ninja Kids!!!,Released,2011-07-23,0,Warner Bros. Pictures,"Action, Drama, Family"
131473,Way of a Gaucho,Released,1952-10-16,0,20th Century Fox,"Western, Adventure"
44398,The Black Rose,Released,1950-09-01,0,20th Century Fox,"War, Adventure, History"
195868,Goldimouse and the Three Cats,Released,1960-03-15,0,Warner Bros. Pictures,"Family, Animation, Comedy"
117423,French Rarebit,Released,1951-06-30,0,Warner Bros. Pictures,"Animation, Comedy"
186579,Batman Tech,Released,2008-07-21,0,Warner Bros. Pictures,Documentary
28497,Brainstorm,Released,1965-05-05,0,Warner Bros. Pictures,Thriller
72613,What Price Glory,Released,1952-08-22,0,20th Century Fox,"Drama, Comedy, Romance, War"
117825,Meeting Venus,Released,1991-11-15,1000348,Warner Bros. Pictures,"Comedy, Drama, Romance"
43252,The Story of Mankind,Released,1957-11-08,0,Warner Bros. Pictures,"Drama, Fantasy, Science Fiction"
51426,Battle Cry,Released,1955-02-02,0,Warner Bros. Pictures,"Drama, Romance, War"
199649,Stupor Duck,Released,1956-07-06,0,Warner Bros. Pictures,"Animation, Comedy, Family"
84914,We 3,Released,2011-11-11,0,Warner Bros. Pictures,Drama
115109,The Rains Came,Released,1939-09-15,0,20th Century Fox,"Drama, Romance, Adventure"
38455,Charlie Chan at Monte Carlo,Released,1937-12-17,0,20th Century Fox,"Mystery, Comedy"
59414,The Concert for Bangladesh,Released,1972-03-23,0,20th Century Fox,"Music, Documentary"
156329,The Mad Genius,Released,1931-09-30,0,Warner Bros. Pictures,"Drama, Horror, Romance"
50379,One on One,Released,1977-06-28,0,Warner Bros. Pictures,Drama
77123,A Royal Scandal,Released,1945-03-26,0,20th Century Fox,"Comedy, Drama, History"
49064,Picture Snatcher,Released,1933-05-06,0,Warner Bros. Pictures,"Drama, Action, Crime"
111752,Man in the Middle,Released,1964-01-27,0,20th Century Fox,"War, Drama"
146645,You Were Never Duckier,Released,1948-08-07,0,Warner Bros. Pictures,"Animation, Comedy"
45182,The Delinquents,Released,1989-12-21,0,Warner Bros. Pictures,"Drama, Romance"
188676,Birdy and the Beast,Released,1944-08-19,0,Warner Bros. Pictures,"Animation, Comedy, Family"
125736,The Crowd Roars,Released,1932-04-16,0,Warner Bros. Pictures,"Drama, Action"
72847,The Unfaithful,Released,1947-07-01,0,Warner Bros. Pictures,"Crime, Drama, Mystery"
33392,Charlie Chan in Honolulu,Released,1938-12-30,0,20th Century Fox,"Mystery, Crime, Comedy, Thriller"
80320,These Thousand Hills,Released,1959-05-07,0,20th Century Fox,"Drama, Western"
236582,Any Bonds Today?,Released,1942-03-30,0,Warner Bros. Pictures,"History, Animation, Comedy"
83744,Bill of Hare,Released,1962-06-09,0,Warner Bros. Pictures,"Animation, Family, Comedy"
213875,A Ham in a Role,Released,1949-12-13,0,Warner Bros. Pictures,Animation
110671,No Down Payment,Released,1957-10-30,0,20th Century Fox,Drama
123295,My Reputation,Released,1946-01-25,0,Warner Bros. Pictures,"Drama, Romance"
341986,Belle's Tales of Friendship,Released,1999-08-17,0,Walt Disney Pictures,"Family, Animation"
299244,Slow Video,Released,2014-10-02,0,,"Comedy, Drama"
154093,Riding Shotgun,Released,1954-04-01,1400000,Warner Bros. Pictures,Western
118697,One Foot in Hell,Released,1960-09-11,0,20th Century Fox,Western
78265,This Woman Is Dangerous,Released,1952-02-09,0,Warner Bros. Pictures,"Drama, Crime"
147209,Dough Ray Me-ow,Released,1948-08-14,0,Warner Bros. Pictures,Animation
98216,House of the Damned,Released,1963-03-01,0,20th Century Fox,"Horror, Thriller"
121020,Illicit,Released,1931-02-14,0,Warner Bros. Pictures,"Drama, Romance"
110139,Westbound,Released,1959-04-25,0,Warner Bros. Pictures,Western
47883,Nancy Drew… Detective,Released,1938-11-19,0,Warner Bros. Pictures,"Comedy, Mystery"
121250,Home Before Dark,Released,1958-11-16,0,Warner Bros. Pictures,Drama
88288,It Happens Every Spring,Released,1949-06-10,1850000,20th Century Fox,Comedy
39494,Private Detective 62,Released,1933-06-10,0,Warner Bros. Pictures,"Crime, Drama"
101307,Rage,Released,1972-11-22,0,Warner Bros. Pictures,"Drama, Thriller"
33039,Princess O'Rourke,Released,1943-10-23,0,Warner Bros. Pictures,"Comedy, Romance"
82260,Taxi!,Released,1931-12-29,0,Warner Bros. Pictures,"Crime, Drama"
84735,So Fine,Released,1981-09-25,0,Warner Bros. Pictures,Comedy
109259,Blume in Love,Released,1973-06-17,0,Warner Bros. Pictures,"Comedy, Drama, Romance"
106932,Rabbit's Feat,Released,1960-06-04,0,Warner Bros. Pictures,"Animation, Comedy, Family"
106931,Hare-Breadth Hurry,Released,1963-06-08,0,Warner Bros. Pictures,"Family, Animation"
52228,Ex-Lady,Released,1933-05-15,0,Warner Bros. Pictures,"Comedy, Drama"
81687,Lloyd's of London,Released,1936-11-25,0,20th Century Fox,"Drama, History, Romance, War"
38458,Charlie Chan in Panama,Released,1940-03-01,0,20th Century Fox,"Crime, Thriller, Mystery, Comedy"
26699,The Doorway to Hell,Released,1930-10-18,0,Warner Bros. Pictures,"Crime, Drama"
29147,Linkin Park: Road to Revolution - Live at Milton Keynes,Released,2008-12-25,0,Warner Bros. Pictures,Music
87612,You Can't Get Away with Murder,Released,1939-03-23,0,Warner Bros. Pictures,"Drama, Crime"
67319,So This Is Paris,Released,1926-07-31,0,Warner Bros. Pictures,Comedy
103977,Daffy's Rhapsody,Released,2012-02-10,0,Warner Bros. Pictures,"Comedy, Animation, Music"
26657,Nobody Lives Forever,Released,1946-11-01,0,Warner Bros. Pictures,"Crime, Drama"
234707,The Pied Piper of Guadalupe,Released,1961-08-19,0,Warner Bros. Pictures,"Animation, Comedy"
59581,"Thank You, Mr. Moto",Released,1937-12-24,0,20th Century Fox,"Mystery, Thriller, Crime, Action"
43746,That Night in Rio,Released,1941-04-11,0,20th Century Fox,"Comedy, Music, Romance"
655797,American Dad!: The New CIA,Released,2005-04-08,0,,"Animation, Comedy"
59589,Mr. Moto in Danger Island,Released,1939-04-07,0,20th Century Fox,"Crime, Mystery, Thriller, Action"
79129,Crime School,Released,1938-05-10,0,Warner Bros. Pictures,"Crime, Drama"
123868,Destination Gobi,Released,1953-03-20,0,20th Century Fox,"Adventure, War"
4462,Diplomatic Courier,Released,1952-06-13,0,20th Century Fox,"Crime, Drama, Mystery, Romance"
50291,Alien Nation: Millennium,Released,1996-01-02,0,,"TV Movie, Science Fiction, Drama"
32484,Dimples,Released,1936-10-09,0,20th Century Fox,"Drama, Family"
55239,Northern Pursuit,Released,1943-11-07,0,Warner Bros. Pictures,"Drama, Adventure, War"
17976,Something's Got to Give,Released,1962-08-04,0,20th Century Fox,"Comedy, Romance"
36748,Raggedy Ann & Andy: A Musical Adventure,Released,1977-04-01,1500000,20th Century Fox,"Animation, Adventure, Music, Family, Fantasy, Comedy"
184666,Gold Diggers of '49,Released,1935-11-02,0,Warner Bros. Pictures,"Animation, Comedy, Family"
84086,One Foot in Heaven,Released,1941-11-01,0,Warner Bros. Pictures,Drama
162511,Hare Brush,Released,1955-05-07,0,Warner Bros. Pictures,"Animation, Comedy"
171269,The Aristo-Cat,Released,1943-06-18,0,Warner Bros. Pictures,"Animation, Comedy, Family"
929569,World's Best,Released,2023-06-23,0,Walt Disney Pictures,"Music, Family, Comedy"
87909,Kidco,Released,1984-04-13,0,20th Century Fox,Comedy
19590,By the Light of the Silvery Moon,Released,1953-03-26,0,Warner Bros. Pictures,"Comedy, Family, Music, Romance"
207421,A Day at the Zoo,Released,1939-03-11,0,Warner Bros. Pictures,"Animation, Family"
161512,Mission to Moscow,Released,1943-04-29,0,Warner Bros. Pictures,"War, Drama, History"
72160,Yellowstone Kelly,Released,1959-11-11,0,Warner Bros. Pictures,"Adventure, Western"
240069,Um Show de Verão,Released,2004-01-30,0,Warner Bros. Pictures,Romance
152986,Gambling Lady,Released,1934-03-08,0,Warner Bros. Pictures,"Drama, Mystery"
24004,We're Not Married!,Released,1952-07-11,0,20th Century Fox,"Comedy, Romance"
77348,Alien Nation: Body and Soul,Released,1995-10-10,0,,"TV Movie, Science Fiction"
86239,The Pack,Released,1977-11-20,0,Warner Bros. Pictures,Horror
81244,Alien Nation: The Enemy Within,Released,1996-11-12,0,,"Science Fiction, TV Movie"
235934,Little Beau Pepé,Released,1952-03-28,0,Warner Bros. Pictures,"Animation, Comedy, Family"
353998,The Story Room: The Making of 'Lilo & Stitch',Released,2005-08-22,0,Walt Disney Pictures,"Animation, Documentary"
23107,Lady Gangster,Released,1942-04-01,0,Warner Bros. Pictures,"Crime, Drama"
132883,Wonder Bar,Released,1934-03-31,0,Warner Bros. Pictures,"Crime, Drama, Music, Romance"
43502,Pin Up Girl,Released,1944-04-25,0,20th Century Fox,"Music, Romance"
89571,Five Days One Summer,Released,1982-11-12,0,Warner Bros. Pictures,Drama
236933,Bugs Bunny Nips the Nips,Released,1944-04-21,0,Warner Bros. Pictures,Animation
102293,The Revolt of Mamie Stover,Released,1956-05-11,0,20th Century Fox,Drama
133328,The Deadly Trackers,Released,1973-12-21,0,Warner Bros. Pictures,Western
64925,The Horn Blows at Midnight,Released,1945-04-28,0,Warner Bros. Pictures,"Comedy, Fantasy, Music"
43504,The Fighting Sullivans,Released,1944-02-03,0,20th Century Fox,"Drama, History, War"
29577,On the Riviera,Released,1951-04-20,0,20th Century Fox,"Comedy, Music, Romance"
385920,I'm Mad,Released,1994-03-30,0,Warner Bros. Pictures,"Comedy, Animation"
26592,Nora Prentiss,Released,1947-02-22,0,Warner Bros. Pictures,Drama
179586,Duck Soup to Nuts,Released,1944-05-27,0,Warner Bros. Pictures,Animation
43510,Guadalcanal Diary,Released,1943-10-27,0,20th Century Fox,"Action, War, Drama"
112705,The Luck of the Irish,Released,1948-09-15,0,20th Century Fox,"Fantasy, Comedy, Romance"
227603,A Knife for the Ladies,Released,1974-05-02,0,Warner Bros. Pictures,"Horror, Western"
605026,The Simpsons: Too Hot For TV,Released,1999-03-08,0,,"Animation, Comedy"
84099,Here Comes the Navy,Released,1934-07-21,0,Warner Bros. Pictures,"War, Drama"
23617,Kim Possible: The Secret Files,Released,2003-09-02,0,Walt Disney Pictures,"Animation, Family, Action"
106929,Compressed Hare,Released,1961-07-29,0,Warner Bros. Pictures,"Animation, Comedy, Family"
84274,Disraeli,Released,1929-11-01,0,Warner Bros. Pictures,"Drama, History"
104449,A Perfect Couple,Released,1979-04-06,0,20th Century Fox,"Comedy, Romance"
18992,My Friend Flicka,Released,1943-05-26,0,20th Century Fox,"Action, Adventure, Drama, Family, Western"
29484,Mysterious Mr. Moto,Released,1938-09-17,0,20th Century Fox,"Mystery, Thriller, Crime, Action"
119799,Room and Bird,Released,1951-06-02,0,Warner Bros. Pictures,"Animation, Comedy, Family"
279388,The Oregon Trail,Released,1959-08-31,0,20th Century Fox,Western
33001,Other Men's Women,Released,1931-01-17,0,Warner Bros. Pictures,"Drama, Romance"
120518,See You in the Morning,Released,1989-04-14,0,Warner Bros. Pictures,"Drama, Romance"
153997,The Big Land,Released,1957-03-01,0,Warner Bros. Pictures,"Romance, Western"
100396,An Itch in Time,Released,1943-12-04,0,Warner Bros. Pictures,"Animation, Family, Comedy"
36612,The Hard Way,Released,1943-01-13,0,Warner Bros. Pictures,"Drama, Music, Romance"
100375,The Mouse That Jack Built,Released,1959-04-03,0,Warner Bros. Pictures,Animation
38774,Mr. Moto Takes a Chance,Released,1938-06-11,0,20th Century Fox,"Thriller, Crime, Mystery, Action"
19388,The Big Shot,Released,1942-06-13,1783000,Warner Bros. Pictures,"Crime, Drama"
38716,Rebecca of Sunnybrook Farm,Released,1938-03-18,0,20th Century Fox,"Drama, Family, Music"
177340,Crowing Pains,Released,1947-07-12,0,Warner Bros. Pictures,Animation
89079,The Burning Hills,Released,1956-09-01,0,Warner Bros. Pictures,"Drama, Romance, Western"
100354,Stage Door Cartoon,Released,1944-12-30,0,Warner Bros. Pictures,"Animation, Comedy"
100359,Swooner Crooner,Released,1944-05-06,0,Warner Bros. Pictures,"Comedy, Animation, Family"
70498,A Fine Madness,Released,1966-06-29,0,Warner Bros. Pictures,"Comedy, Drama, Romance"
38459,Murder Over New York,Released,1940-12-13,0,20th Century Fox,"Crime, Mystery, Comedy, Thriller"
38456,Charlie Chan's Murder Cruise,Released,1940-05-02,0,20th Century Fox,"Comedy, Crime, Mystery, Thriller"
173142,Birth of a Notion,Released,1947-04-12,0,Warner Bros. Pictures,"Animation, Comedy"
98248,A Walk with Love and Death,Released,1969-10-05,0,20th Century Fox,"Adventure, Drama, History, Romance, War"
58752,Don't Look Down,Released,1998-10-28,0,Warner Bros. Pictures,"Horror, Thriller, TV Movie"
43268,Poor Little Rich Girl,Released,1936-07-18,0,20th Century Fox,"Adventure, Family, Music"
126766,Fort Dobbs,Released,1958-04-18,0,Warner Bros. Pictures,Western
64319,Deep Valley,Released,1947-07-30,0,Warner Bros. Pictures,Drama
90391,When Michael Calls,Released,1972-02-05,0,,"Horror, Thriller, TV Movie"
36862,Bratz: Genie Magic,Released,2006-04-11,0,20th Century Fox,"Animation, Family"
188762,Mexicali Shmoes,Released,1959-07-04,0,Warner Bros. Pictures,"Animation, Comedy, Family"
235799,No Parking Hare,Released,1954-05-01,0,Warner Bros. Pictures,"Animation, Comedy"
188805,Rocket-bye Baby,Released,1956-08-04,0,Warner Bros. Pictures,"Science Fiction, Animation, Family, Comedy"
110628,This Above All,Released,1942-05-12,0,20th Century Fox,"Drama, Romance, War"
59584,Mr. Moto's Gamble,Released,1938-04-07,0,20th Century Fox,"Mystery, Thriller, Crime, Action"
180082,Russian Rhapsody,Released,1944-05-20,0,Warner Bros. Pictures,"Animation, Family, Comedy"
45136,A Man Called Peter,Released,1955-03-31,0,20th Century Fox,"Drama, Family"
204812,Robot Rabbit,Released,1953-12-12,0,Warner Bros. Pictures,"Animation, Comedy"
188741,"Home, Tweet Home",Released,1950-01-14,0,Warner Bros. Pictures,"Animation, Family, Comedy"
188754,The High and the Flighty,Released,1956-02-18,0,Warner Bros. Pictures,"Animation, Family, Comedy"
47890,Sphinx,Released,1981-02-11,2022771,Warner Bros. Pictures,"Adventure, Mystery, Thriller"
80196,Invisible Stripes,Released,1939-12-30,0,Warner Bros. Pictures,"Crime, Drama"
235030,Greedy for Tweety,Released,1957-09-27,0,Warner Bros. Pictures,Animation
239605,Cattle Empire,Released,1958-04-01,0,20th Century Fox,Western
140693,So Much for So Little,Released,1949-01-01,0,Warner Bros. Pictures,"Animation, Family, Comedy"
72472,Carson City,Released,1952-06-13,0,Warner Bros. Pictures,Western
33394,Charlie Chan in Reno,Released,1939-06-16,0,20th Century Fox,"Mystery, Thriller"
113843,Woman's World,Released,1954-09-30,0,20th Century Fox,Drama
33731,Marjorie Morningstar,Released,1958-04-24,3000000,Warner Bros. Pictures,"Drama, Romance"
114721,The Mark of Zorro,Released,1974-10-29,0,,"Western, Action, Adventure, TV Movie"
42785,Ensign Pulver,Released,1964-07-31,0,Warner Bros. Pictures,"Comedy, War"
16089,Love Nest,Released,1951-10-10,0,20th Century Fox,"Drama, Comedy, Romance"
44530,Son of Fury: The Story of Benjamin Blake,Released,1942-01-29,0,20th Century Fox,"Action, Drama, Romance"
45581,As Young as You Feel,Released,1951-06-15,0,20th Century Fox,Comedy
86093,Cookie,Released,1989-08-02,0,Warner Bros. Pictures,"Comedy, Crime"
104430,Noah's Ark,Released,1928-11-01,2305000,Warner Bros. Pictures,"Drama, War"
43377,Lullaby of Broadway,Released,1951-03-26,0,Warner Bros. Pictures,"Comedy, Music, Romance"
17818,San Antonio,Released,1945-12-29,0,Warner Bros. Pictures,Western
84208,Ceiling Zero,Released,1936-01-16,0,Warner Bros. Pictures,"Adventure, Drama, Romance"
100321,No Barking,Released,1954-02-26,0,Warner Bros. Pictures,Animation
145941,Early to Bet,Released,1951-05-12,0,Warner Bros. Pictures,Animation
136772,A Ticket to Tomahawk,Released,1950-05-19,0,20th Century Fox,"Comedy, Music, Western"
26589,Dust Be My Destiny,Released,1939-09-16,0,Warner Bros. Pictures,"Crime, Drama"
54501,Checking Out,Released,1989-04-21,0,Warner Bros. Pictures,Comedy
37373,Island in the Sun,Released,1957-06-12,5000000,20th Century Fox,"Drama, Romance"
65403,Vital Signs,Released,1990-04-13,0,20th Century Fox,"Drama, Romance"
379053,A World Unseen: 'The Revenant',Released,2016-01-21,0,20th Century Fox,Documentary
75490,Imaginary Crimes,Released,1994-10-14,0,Warner Bros. Pictures,Drama
49786,Shadows on the Stairs,Released,1941-03-01,0,Warner Bros. Pictures,"Mystery, Thriller"
235567,This Is a Life?,Released,1955-07-09,0,Warner Bros. Pictures,"Animation, Comedy"
235148,Napoleon Bunny-Part,Released,1956-06-16,0,Warner Bros. Pictures,"Animation, Comedy"
111732,The Jackpot,Released,1950-11-01,0,20th Century Fox,Comedy
580075,Chorar de Rir,Released,2019-03-21,0,,Comedy
68714,The House on Skull Mountain,Released,1974-10-04,0,20th Century Fox,"Horror, Thriller"
160466,Parachute Jumper,Released,1933-01-28,0,Warner Bros. Pictures,Drama
52825,Pursuit,Released,1972-12-12,0,,"Action, Thriller, TV Movie"
72473,Belle Starr,Released,1941-09-12,0,20th Century Fox,Western
38457,Charlie Chan at the Wax Museum,Released,1940-09-06,0,20th Century Fox,"Crime, Mystery, Thriller"
38460,Dead Men Tell,Released,1941-03-28,0,20th Century Fox,"Mystery, Thriller, Crime, Comedy"
118905,The Fan,Released,1949-04-01,0,20th Century Fox,Comedy
139408,The Stars Fell on Henrietta,Released,1995-09-15,0,Warner Bros. Pictures,Drama
29328,Castle in the Desert,Released,1942-02-02,0,20th Century Fox,"Crime, Mystery, Thriller"
162303,Tweet Tweet Tweety,Released,1951-12-14,0,Warner Bros. Pictures,Animation
66707,Johnny Apollo,Released,1940-04-19,0,20th Century Fox,"Drama, Crime, Romance"
567929,Emmet's Holiday Party: A LEGO Movie Short,Released,2018-12-10,0,,"Animation, Comedy, Family, Fantasy"
398614,Bigfoot,Released,1987-03-08,0,Walt Disney Pictures,"Adventure, Family, Fantasy, TV Movie"
121890,An Enemy of the People,Released,1978-03-17,0,Warner Bros. Pictures,Drama
56152,Brigham Young,Released,1940-09-27,0,20th Century Fox,"History, Romance, Western"
80844,The Other Side of Midnight,Released,1977-06-08,0,20th Century Fox,"Drama, Romance, Thriller"
60853,Jim Thorpe – All-American,Released,1951-08-24,0,Warner Bros. Pictures,Drama
82970,"Ride Him, Cowboy",Released,1932-08-27,0,Warner Bros. Pictures,"Action, Western, Romance"
106833,April Love,Released,1957-11-27,3700000,20th Century Fox,"Comedy, Drama"
23529,Insignificant Things,Released,2008-09-23,0,Warner Bros. Pictures,"Drama, Family"
107353,The Chairman,Released,1969-06-25,0,20th Century Fox,"Action, Thriller"
234759,Trip for Tat,Released,1960-10-29,0,Warner Bros. Pictures,"Comedy, Animation, Family"
59657,Mr. Moto Takes a Vacation,Released,1939-07-07,0,20th Century Fox,"Action, Crime, Mystery, Thriller"
58035,To the Shores of Tripoli,Released,1942-11-09,0,20th Century Fox,"Drama, War, Romance"
83787,From Hare to Eternity,Released,1997-11-04,0,Warner Bros. Pictures,"Animation, Comedy, Family, Music"
105056,The Double Man,Released,1967-04-25,0,Warner Bros. Pictures,"Mystery, Thriller"
234459,Banty Raids,Released,1963-06-28,0,Warner Bros. Pictures,Animation
234516,Shishkabugs,Released,1962-12-08,0,Warner Bros. Pictures,"Animation, Comedy, Family"
181537,The Late George Apley,Released,1947-03-19,0,20th Century Fox,Comedy
164073,Down to the Sea in Ships,Released,1949-02-15,0,20th Century Fox,"Drama, Adventure, Action"
234751,"Ready, Woolen and Able",Released,1960-07-30,0,Warner Bros. Pictures,"Comedy, Animation, Family"
159615,The Sound and the Fury,Released,1959-03-27,0,20th Century Fox,Drama
147722,This Is My Affair,Released,1937-05-28,0,20th Century Fox,"Romance, Crime, Drama"
67375,The Story of Alexander Graham Bell,Released,1939-04-04,0,20th Century Fox,"Drama, History"
154073,Kid Blue,Released,1973-01-31,0,20th Century Fox,"Comedy, Western"
372284,Back to the Planet of the Apes,Released,1980-11-17,0,,"Action, Thriller, Adventure, Science Fiction, TV Movie"
205878,Goldilocks and the Jivin' Bears,Released,1944-09-02,0,Warner Bros. Pictures,"Comedy, Animation"
52227,Bureau of Missing Persons,Released,1933-09-16,0,Warner Bros. Pictures,"Comedy, Crime, Drama"
52278,That Lady in Ermine,Released,1948-08-24,0,20th Century Fox,"Comedy, Romance, Fantasy, Music"
92299,The Thief Who Came to Dinner,Released,1973-03-01,0,Warner Bros. Pictures,"Romance, Comedy"
42985,Palm Springs Weekend,Released,1963-11-05,0,Warner Bros. Pictures,"Comedy, Romance"
92352,Confession,Released,1937-08-19,0,Warner Bros. Pictures,"Crime, Drama"
61151,Never Say Goodbye,Released,1946-11-09,0,Warner Bros. Pictures,Comedy
201652,Plane Daffy,Released,1944-09-16,0,Warner Bros. Pictures,"Family, Animation, Comedy"
43394,Three Secrets,Released,1950-10-20,0,Warner Bros. Pictures,Drama
527417,L.A. Confidential,Released,2003-09-01,0,Warner Bros. Pictures,"Crime, Drama, Mystery, TV Movie"
56533,Viva Knievel!,Released,1977-06-10,0,Warner Bros. Pictures,"Adventure, Action, Comedy, Thriller"
43794,Moon Over Miami,Released,1941-07-04,0,20th Century Fox,"Comedy, Music, Romance"
42714,Any Wednesday,Released,1966-10-13,0,Warner Bros. Pictures,"Comedy, Romance"
18100,Dr. Renault's Secret,Released,1942-10-19,0,20th Century Fox,"Horror, Mystery, Romance, Science Fiction, Thriller"
65211,Flaxy Martin,Released,1949-02-15,0,Warner Bros. Pictures,"Crime, Drama"
43491,Rhapsody in Blue,Released,1945-06-27,0,Warner Bros. Pictures,"Drama, Music, Romance"
270879,Stripper,Released,1985-10-21,0,20th Century Fox,Documentary
37408,Vicki,Released,1953-10-05,0,20th Century Fox,"Crime, Drama, Mystery, Romance, Thriller"
47463,Tokio Jokio,Released,1943-05-15,0,Warner Bros. Pictures,Animation
237083,Along Came Daffy,Released,1947-06-04,0,Warner Bros. Pictures,"Animation, Comedy, Family"
76258,Plunder of the Sun,Released,1953-08-26,0,Warner Bros. Pictures,"Action, Adventure, Drama"
173605,Seventh Heaven,Released,1937-03-25,0,20th Century Fox,"Drama, Romance"
74604,Sh! The Octopus,Released,1937-12-11,0,Warner Bros. Pictures,"Mystery, Comedy"
74286,The Hasty Heart,Released,1949-09-20,0,Warner Bros. Pictures,"Drama, Romance, War"
50219,Pullet Surprise,Released,1997-03-26,0,Warner Bros. Pictures,"Comedy, Animation"
102038,Bombers B-52,Released,1957-11-22,0,Warner Bros. Pictures,"Drama, Romance"
235158,Red Riding Hoodwinked,Released,1955-10-29,0,Warner Bros. Pictures,"Animation, Comedy, Family"
235150,Rabbitson Crusoe,Released,1956-04-28,0,Warner Bros. Pictures,"Animation, Comedy, Family"
173797,Take Care of My Little Girl,Released,1951-07-06,0,20th Century Fox,Drama
234465,The Million Hare,Released,1963-04-06,0,Warner Bros. Pictures,"Animation, Comedy, Family"
165854,Hare-Less Wolf,Released,1958-02-01,0,Warner Bros. Pictures,"Animation, Comedy"
85601,Tall Man Riding,Released,1955-06-18,0,Warner Bros. Pictures,"Action, Western"
234793,Wild and Woolly Hare,Released,1959-08-01,0,Warner Bros. Pictures,"Animation, Comedy, Western"
80193,The Big Stampede,Released,1932-09-29,0,Warner Bros. Pictures,Western
108345,The Command,Released,1954-02-13,0,Warner Bros. Pictures,Western
48897,Rocky Mountain,Released,1950-11-11,0,Warner Bros. Pictures,"Adventure, Western"
235792,Dog Pounded,Released,1954-01-02,0,Warner Bros. Pictures,"Animation, Comedy, Family"
38727,Susannah of the Mounties,Released,1939-06-13,0,20th Century Fox,"Drama, Western"
71685,Xuxinha and Guto Against the Space Monsters,Released,2005-12-23,1228700,Warner Bros. Pictures,"Family, Animation"
83116,Bright Leaf,Released,1950-06-16,0,Warner Bros. Pictures,"Drama, Romance"
72479,Lightning Strikes Twice,Released,1951-04-12,1144000,Warner Bros. Pictures,"Crime, Drama, Mystery, Thriller"
23098,Manpower,Released,1941-08-09,0,Warner Bros. Pictures,"Crime, Drama"
150604,Star in the Night,Released,1945-10-13,0,Warner Bros. Pictures,"Drama, Family, Western"
46563,Saratoga Trunk,Released,1945-11-21,0,Warner Bros. Pictures,"Drama, Romance, Western"
165269,Pizzicato Pussycat,Released,1955-01-01,0,Warner Bros. Pictures,Animation
100385,The Windblown Hare,Released,1949-08-27,0,Warner Bros. Pictures,"Animation, Comedy, Family"
73919,Play a Song for Me,Released,2009-09-25,0,Warner Bros. Pictures,Drama
147050,Lambchops,Released,1929-10-31,0,Warner Bros. Pictures,Comedy
50675,Fog Over Frisco,Released,1934-06-02,0,Warner Bros. Pictures,"Crime, Mystery, Thriller"
162059,Front Page Woman,Released,1935-07-11,0,Warner Bros. Pictures,"Comedy, Romance"
84599,The Duxorcist,Released,1987-11-20,0,Warner Bros. Pictures,"Animation, Horror"
106239,Sleepers West,Released,1941-03-14,0,20th Century Fox,"Crime, Mystery"
204031,Design for Leaving,Released,1954-03-27,0,Warner Bros. Pictures,"Animation, Comedy"
876262,Garota da Moto,Released,2021-09-23,0,,Action
216364,Awesometown,Released,2006-01-23,0,,Comedy
148675,Suez,Released,1938-10-28,0,20th Century Fox,"Drama, History, Romance"
234464,The Unmentionables,Released,1963-09-07,0,Warner Bros. Pictures,"Animation, Comedy, Crime, Family"
157343,Hard to Handle,Released,1933-01-28,0,Warner Bros. Pictures,"Comedy, Romance"
132654,Les Miserables,Released,1952-08-14,0,20th Century Fox,"Adventure, Drama, History, Romance"
168187,Nelly's Folly,Released,1961-12-30,0,Warner Bros. Pictures,"Animation, Music"
144326,Satan Never Sleeps,Released,1962-02-22,0,20th Century Fox,Drama
103962,Lumber Jack-Rabbit,Released,1953-09-25,0,Warner Bros. Pictures,"Animation, Comedy"
171751,The Bashful Buzzard,Released,1945-09-13,0,Warner Bros. Pictures,"Animation, Family, Comedy"
974936,Trevor: The Musical,Released,2022-06-24,0,Walt Disney Pictures,"Drama, Music"
134618,British Agent,Released,1934-09-15,0,Warner Bros. Pictures,"Romance, Drama, War"
190906,The Dark Tower,Released,1943-10-18,0,Warner Bros. Pictures,"Drama, Thriller"
106515,Ali Baba Goes to Town,Released,1937-10-29,0,20th Century Fox,"Comedy, Family, Fantasy, Music"
131347,David Copperfield,Released,1969-12-01,0,,"Drama, TV Movie"
101288,Ten North Frederick,Released,1958-05-22,0,20th Century Fox,"Romance, Drama"
168012,What's Cookin' Doc?,Released,1944-01-08,0,Warner Bros. Pictures,"Animation, Comedy"
187102,Farm Frolics,Released,1941-05-10,0,Warner Bros. Pictures,"Animation, Comedy"
137662,Time Travelers,Released,1976-03-19,0,,"Science Fiction, TV Movie"
152992,The Wayward Bus,Released,1957-05-27,1750000,20th Century Fox,Drama
114735,Kenny & Company,Released,1976-11-01,0,20th Century Fox,"Comedy, Drama"
101572,Snafuperman,Released,1944-03-15,0,Warner Bros. Pictures,"Comedy, Animation"
100373,Thugs with Dirty Mugs,Released,1939-05-06,0,Warner Bros. Pictures,"Comedy, Animation, Crime, Family"
100353,Speaking of the Weather,Released,1937-09-04,0,Warner Bros. Pictures,"Animation, Comedy"
100295,A Gruesome Twosome,Released,1945-06-09,0,Warner Bros. Pictures,"Animation, Comedy"
188783,The Lion's Busy,Released,1950-02-18,0,Warner Bros. Pictures,"Animation, Family, Comedy"
235795,Captain Hareblower,Released,1954-01-16,0,Warner Bros. Pictures,"Animation, Comedy"
235946,Foxy by Proxy,Released,1952-02-22,0,Warner Bros. Pictures,"Comedy, Animation"
234785,Hare-Abian Nights,Released,1959-02-28,0,Warner Bros. Pictures,"Animation, Comedy"
165868,Mutiny on the Bunny,Released,1950-02-11,0,Warner Bros. Pictures,"Comedy, Animation"
188383,Ding Dog Daddy,Released,1942-12-04,0,Warner Bros. Pictures,Animation
158800,A Majority of One,Released,1961-12-27,0,Warner Bros. Pictures,"Comedy, Family, Drama"
113785,His Majesty O'Keefe,Released,1954-01-16,0,Warner Bros. Pictures,"Action, Adventure"
237290,A-Lad-in His Lamp,Released,1948-10-22,0,Warner Bros. Pictures,"Animation, Fantasy, Comedy"
818356,Growing Fangs,Released,2021-05-28,0,Walt Disney Pictures,Drama
89647,Clash of the Wolves,Released,1925-11-17,270000,Warner Bros. Pictures,"Western, Adventure, Romance"
64928,It All Came True,Released,1940-04-06,0,Warner Bros. Pictures,"Comedy, Crime, Drama, Music, Romance"
28187,State Fair,Released,1962-03-09,0,20th Century Fox,"Comedy, Music, Romance"
74057,Steelyard Blues,Released,1973-01-31,0,Warner Bros. Pictures,"Drama, Comedy, Crime"
46898,Malcolm X,Released,1972-05-24,0,Warner Bros. Pictures,Documentary
80592,The Man from Monterey,Released,1933-07-15,0,Warner Bros. Pictures,"Action, Western"
35405,S*P*Y*S,Released,1974-09-05,0,20th Century Fox,"Action, Comedy"
43784,Springtime in the Rockies,Released,1942-11-06,0,20th Century Fox,"Romance, Comedy"
83751,"Drafty, Isn't It?",Released,1957-12-31,0,Warner Bros. Pictures,"Animation, Family, Comedy"
83633,Pigskin Parade,Released,1936-10-23,0,20th Century Fox,"Comedy, Music"
84906,The Telegraph Trail,Released,1933-03-18,0,Warner Bros. Pictures,"Action, Western"
84481,The Only Game in Town,Released,1970-01-21,0,20th Century Fox,"Romance, Drama, Comedy"
472918,Wiro Sableng: 212 Warrior,Released,2018-08-30,0,20th Century Fox,"Action, Comedy, Adventure"
43375,I'll See You in My Dreams,Released,1951-12-06,0,Warner Bros. Pictures,"Comedy, Drama, Music"
65787,With a Song in My Heart,Released,1952-04-03,0,20th Century Fox,"Drama, Music"
33389,City in Darkness,Released,1939-11-15,0,20th Century Fox,"Crime, Thriller, Mystery"
55472,Colt .45,Released,1950-05-27,0,Warner Bros. Pictures,"Action, Western"
82931,Day-time Wife,Released,1939-11-24,0,20th Century Fox,"Comedy, Romance"
49508,I Was a Communist for the FBI,Released,1951-05-02,0,Warner Bros. Pictures,"Crime, Drama, Thriller"
24002,Let's Make It Legal,Released,1951-10-31,0,20th Century Fox,"Comedy, Drama, Romance"
78028,Lionheart,Released,1987-08-14,0,Warner Bros. Pictures,"Adventure, Drama"
75770,The Case of the Curious Bride,Released,1935-04-13,0,Warner Bros. Pictures,"Comedy, Crime, Mystery"
95015,The Green Pastures,Released,1936-08-01,0,Warner Bros. Pictures,Drama
94618,Dreamboat,Released,1952-07-26,0,20th Century Fox,Comedy
60550,The Purple Heart,Released,1944-02-25,0,20th Century Fox,"Drama, War"
91781,HealtH,Released,1980-09-12,0,20th Century Fox,Comedy
69847,Wing and a Prayer,Released,1944-01-01,0,20th Century Fox,"War, Action, Drama"
30306,Devil's Island,Released,1939-01-07,0,Warner Bros. Pictures,"Drama, Thriller"
41776,This Is My Life,Released,1992-02-21,0,20th Century Fox,"Comedy, Drama"
74512,American Guerrilla in the Philippines,Released,1950-11-08,0,20th Century Fox,"Drama, War"
240406,A Boy and His Dog,Released,1946-12-26,0,Warner Bros. Pictures,"Drama, Family"
221702,The Keyhole,Released,1933-03-25,0,Warner Bros. Pictures,"Comedy, Drama, Romance"
26376,Castle on the Hudson,Released,1940-02-17,0,Warner Bros. Pictures,"Crime, Drama"
109332,A Lion Is in the Streets,Released,1953-09-23,0,Warner Bros. Pictures,Drama
108668,The Adventures of Hajji Baba,Released,1954-10-01,0,20th Century Fox,"Adventure, Romance"
252539,Miracle on 34th Street,Released,1973-12-14,0,,"Drama, Family, Fantasy, TV Movie, Comedy"
168408,Esther and the King,Released,1960-11-18,0,20th Century Fox,Drama
30809,Geppetto,Released,2000-05-07,0,Walt Disney Pictures,"Drama, Family, Fantasy"
142358,A Night Full of Rain,Released,1978-01-17,0,Warner Bros. Pictures,Drama
159102,Kiddin' the Kitten,Released,1952-04-05,0,Warner Bros. Pictures,"Animation, Comedy, Family"
56131,The Beautiful Blonde from Bashful Bend,Released,1949-05-27,2889000,20th Century Fox,"Action, Comedy, Romance, Western"
52337,Pride of the Marines,Released,1945-08-24,0,Warner Bros. Pictures,"Drama, Romance, War"
84905,Somewhere in Sonora,Released,1933-05-27,0,Warner Bros. Pictures,"Action, Western"
84080,Thunder and Lightning,Released,1977-08-12,0,20th Century Fox,"Action, Thriller"
168018,Sandy Claws,Released,1955-04-02,0,Warner Bros. Pictures,Animation
159424,Ever in My Heart,Released,1933-10-28,0,Warner Bros. Pictures,"War, Drama, Romance"
114875,The Dark at the Top of the Stairs,Released,1960-09-28,0,Warner Bros. Pictures,Drama
54615,When Willie Comes Marching Home,Released,1950-02-17,0,20th Century Fox,"Comedy, War"
352719,Molly and Me,Released,1945-05-25,0,20th Century Fox,Comedy
818367,Let's Be Tigers,Released,2021-05-28,0,Walt Disney Pictures,Drama
43030,Cash McCall,Released,1960-01-20,0,Warner Bros. Pictures,"Comedy, Drama, Romance"
818336,American Eid,Released,2021-05-28,0,Walt Disney Pictures,Drama
19089,Metallica: The Videos 1989-2004,Released,2006-12-04,0,Warner Bros. Pictures,Music
51227,King Richard and the Crusaders,Released,1954-08-07,0,Warner Bros. Pictures,"Adventure, Drama, History"
568635,Alien: Covenant - Prologue: Crew Messages,Released,2017-04-17,0,20th Century Fox,Science Fiction
79052,The Big Shakedown,Released,1934-01-06,0,Warner Bros. Pictures,"Drama, Crime"
188782,A Horse Fly Fleas,Released,1947-12-13,0,Warner Bros. Pictures,"Animation, Family, Comedy"
52983,China Girl,Released,1942-12-09,1400000,20th Century Fox,"Drama, War"
165229,A Peck O' Trouble,Released,1953-03-27,0,Warner Bros. Pictures,Animation
195698,Prep & Landing: Tiny's Big Adventure,Released,2011-11-22,0,Walt Disney Pictures,"Animation, Family"
54843,Born to Ride,Released,1991-05-03,0,Warner Bros. Pictures,Action
18985,Green Grass of Wyoming,Released,1948-06-03,0,20th Century Fox,"Drama, Family, Western"
197748,(Blooper) Bunny!,Released,1991-08-02,0,Warner Bros. Pictures,"Animation, Comedy, Family"
71349,Waiting for a Miracle,Released,2007-04-05,0,,"Romance, Comedy"
40750,The Wiggles Movie,Released,1997-12-18,0,20th Century Fox,"Adventure, Comedy, Family, Music, Romance"
174494,Beauty and the Beast,Released,1934-04-14,0,Warner Bros. Pictures,"Family, Comedy, Animation"
100750,The Home Front,Released,1943-11-01,0,Warner Bros. Pictures,"War, Animation, Comedy"
36635,Danger Signal,Released,1945-11-21,1110000,Warner Bros. Pictures,"Crime, Drama, Romance"
39211,W.W. and the Dixie Dancekings,Released,1975-05-21,0,"20th Century Fox, 20th Century Fox","Comedy, Drama, Music"
100372,The Honey-Mousers,Released,1956-12-08,0,Warner Bros. Pictures,Animation
61828,The Story of Seabiscuit,Released,1949-11-12,0,Warner Bros. Pictures,"Drama, Family, Romance"
180114,Holy Matrimony,Released,1943-08-24,0,20th Century Fox,"Comedy, Drama"
101393,Censored,Released,1944-07-15,0,Warner Bros. Pictures,"Comedy, Animation, War"
101380,Booby Traps,Released,1944-01-15,0,Warner Bros. Pictures,"Animation, Comedy, War"
47845,12 Paces without a Head,Released,2009-12-10,0,Warner Bros. Pictures,Comedy
391690,Chicken Scratch,Released,2002-07-03,0,Warner Bros. Pictures,"Animation, Comedy"
61262,Task Force,Released,1949-08-30,0,Warner Bros. Pictures,"Drama, Romance, War"
47882,Nancy Drew and the Hidden Staircase,Released,1939-09-09,0,Warner Bros. Pictures,"Comedy, Crime, Mystery"
5745,The Seven Minutes,Released,1971-07-23,0,20th Century Fox,Drama
47173,King of the Khyber Rifles,Released,1953-12-23,0,20th Century Fox,"Adventure, Drama, Romance"
98648,Marriage on the Rocks,Released,1965-09-24,0,Warner Bros. Pictures,"Comedy, Romance"
38959,The Alien Legacy,Released,1999-06-01,0,,Documentary
226427,Curtain Razor,Released,1949-05-21,0,Warner Bros. Pictures,"Animation, Comedy"
146731,Hot Cross Bunny,Released,1948-08-21,0,Warner Bros. Pictures,"Animation, Comedy"
44868,Moss Rose,Released,1947-05-30,0,20th Century Fox,"Mystery, Thriller"
177790,The Man I Married,Released,1940-08-09,0,20th Century Fox,Drama
89158,The President's Lady,Released,1953-05-21,0,20th Century Fox,"Drama, Romance, Western"
89059,Don Juan,Released,1926-08-06,0,Warner Bros. Pictures,"Adventure, Romance"
178341,Mandalay,Released,1934-02-10,0,Warner Bros. Pictures,Drama
91961,The Star Witness,Released,1931-08-22,0,Warner Bros. Pictures,"Crime, Drama"
205650,Tom Turk and Daffy,Released,1944-02-12,0,Warner Bros. Pictures,Animation
226820,Backwoods Bunny,Released,1959-06-13,0,Warner Bros. Pictures,"Animation, Comedy"
226819,All Fowled Up,Released,1955-02-19,0,Warner Bros. Pictures,Animation
180505,I Won't Play,Released,1944-11-11,0,Warner Bros. Pictures,"Drama, Music"
121707,Montana,Released,1950-01-28,0,Warner Bros. Pictures,"Western, Action, Adventure, Romance"
45627,This Side of the Law,Released,1950-06-17,0,Warner Bros. Pictures,Crime
234761,Crockett-Doodle-Do,Released,1960-06-25,0,Warner Bros. Pictures,"Comedy, Animation, Family"
234755,Horse Hare,Released,1960-02-13,0,Warner Bros. Pictures,"Comedy, Animation, Family, Western"
234758,Person to Bunny,Released,1960-04-01,0,Warner Bros. Pictures,"Animation, Comedy, Family"
94915,Rome Adventure,Released,1962-04-21,0,Warner Bros. Pictures,"Drama, Romance"
234974,Weasel While You Work,Released,1958-09-06,0,Warner Bros. Pictures,Animation
59838,Critic's Choice,Released,1963-02-24,0,Warner Bros. Pictures,"Comedy, Romance"
234424,False Hare,Released,1964-07-18,0,Warner Bros. Pictures,"Animation, Comedy, Family"
38461,Charlie Chan in Rio,Released,1941-09-05,0,20th Century Fox,"Crime, Mystery, Thriller"
130134,Lafayette Escadrille,Released,1958-02-28,0,Warner Bros. Pictures,"Drama, Romance, War"
94092,Susan Slade,Released,1961-11-08,0,Warner Bros. Pictures,"Drama, Romance"
154066,Fury at Furnace Creek,Released,1948-04-30,0,20th Century Fox,Western
112134,Wild 7,Released,2011-12-21,0,Warner Bros. Pictures,Action
37463,Phantom of the Rue Morgue,Released,1954-03-27,0,Warner Bros. Pictures,"Crime, Horror, Mystery"
569888,The Predator Holiday Special,Released,2018-12-19,0,20th Century Fox,"Comedy, Horror, Science Fiction, Animation"
113430,The Green Goddess,Released,1930-02-13,0,Warner Bros. Pictures,Adventure
113534,The Moon Is Down,Released,1943-03-14,0,20th Century Fox,Drama
38769,Little Miss Broadway,Released,1938-07-29,0,20th Century Fox,"Drama, Family, Music"
247434,"Selma, Lord, Selma",Released,1999-01-17,0,Walt Disney Pictures,Drama
193311,Something for the Boys,Released,1944-11-01,0,20th Century Fox,"Comedy, Music"
131083,The Couch,Released,1962-02-21,0,Warner Bros. Pictures,Drama
199045,Hare Ribbin',Released,1944-06-24,0,Warner Bros. Pictures,"Animation, Comedy"
123281,Youngblood Hawke,Released,1964-11-04,0,Warner Bros. Pictures,Drama
198973,Bugsy and Mugsy,Released,1957-08-31,0,Warner Bros. Pictures,"Animation, Comedy"
39695,The Rains of Ranchipur,Released,1955-12-14,0,20th Century Fox,"Action, Adventure, Drama, Romance"
199321,Elmer's Pet Rabbit,Released,1941-01-04,0,Warner Bros. Pictures,Animation
121088,Personal Effects,Released,2006-09-01,0,Warner Bros. Pictures,"Comedy, Drama, Romance"
158715,The Restless Breed,Released,1957-05-01,0,20th Century Fox,Western
120933,Outward Bound,Released,1930-09-17,0,Warner Bros. Pictures,Drama
121992,Michael Shayne: Private Detective,Released,1940-12-19,0,20th Century Fox,"Comedy, Mystery"
72803,SPFX: The Empire Strikes Back,Released,1980-09-22,0,,"Documentary, TV Movie"
127064,White Feather,Released,1955-02-16,0,20th Century Fox,"Action, Western"
53851,The Baroness and the Butler,Released,1938-02-18,0,20th Century Fox,"Comedy, Drama, Romance"
155685,Apache Rifles,Released,1964-11-26,0,20th Century Fox,Western
35262,George Washington Slept Here,Released,1942-10-30,0,Warner Bros. Pictures,Comedy
124963,Monsignor,Released,1982-10-22,0,20th Century Fox,"Crime, Drama, War"
57698,Gold Diggers of 1937,Released,1936-12-28,0,Warner Bros. Pictures,"Comedy, Romance"
71357,Lovesick,Released,1983-02-18,0,Warner Bros. Pictures,"Romance, Comedy, Fantasy"
39306,The 13th Letter,Released,1951-02-21,0,20th Century Fox,Crime
281139,Meeting Dr. Sun,Released,2014-07-05,0,Warner Bros. Pictures,"Comedy, Drama"
217565,Return of the Frontiersman,Released,1950-06-24,0,Warner Bros. Pictures,Western
818342,Dinner Is Served,Released,2021-05-28,0,Walt Disney Pictures,Drama
365543,The Watchers: The Last Hero,Released,2015-10-29,194157,,"Crime, Romance"
177870,Fighting Man of the Plains,Released,1949-11-16,0,20th Century Fox,"Action, Romance, Western"
144613,Beau Brummel,Released,1924-03-30,495000,Warner Bros. Pictures,Drama
79730,Sea Wife,Released,1957-10-16,0,20th Century Fox,"Drama, Romance, Thriller, War"
5652,The James Dean Story,Released,1957-08-13,0,Warner Bros. Pictures,Documentary
318929,Kim Possible: Monkey Business,Released,2007-11-05,0,Walt Disney Pictures,Animation
165300,Hotel Berlin,Released,1945-03-02,0,Warner Bros. Pictures,"War, Drama"
89907,Sex Hygiene,Released,1942-02-01,0,20th Century Fox,Drama
240400,Hitler Lives,Released,1945-12-29,0,Warner Bros. Pictures,Documentary
226251,Jumpin' at the Boneyard,Released,1991-11-01,0,20th Century Fox,Drama
184604,Billboard Frolics,Released,1935-11-09,0,Warner Bros. Pictures,"Animation, Comedy"
235169,Feather Dusted,Released,1955-01-14,0,Warner Bros. Pictures,Animation
340067,Intimate Enemies,Released,2015-06-25,0,,"Action, Adventure, Comedy, Thriller"
85847,Prudence and the Pill,Released,1968-05-23,0,20th Century Fox,"Comedy, Romance"
236804,The Gay Parisian,Released,1942-01-10,0,Warner Bros. Pictures,"Music, Romance"
234975,A Bird in a Bonnet,Released,1958-09-27,0,Warner Bros. Pictures,Animation
236710,Jack-Wabbit and the Beanstalk,Released,1943-06-12,0,Warner Bros. Pictures,"Animation, Comedy"
236706,Greetings Bait,Released,1943-05-14,0,Warner Bros. Pictures,Animation
236020,It's Hummer Time,Released,1950-07-21,0,Warner Bros. Pictures,"Animation, Comedy"
235789,Sheep Ahoy,Released,1954-12-10,0,Warner Bros. Pictures,Animation
235811,Hare Trimmed,Released,1953-06-19,0,Warner Bros. Pictures,"Comedy, Animation"
236009,Hare We Go,Released,1951-01-05,0,Warner Bros. Pictures,"Comedy, Animation"
235818,A Street Cat Named Sylvester,Released,1953-09-04,0,Warner Bros. Pictures,Animation
44042,Shadow of a Woman,Released,1946-09-14,732000,Warner Bros. Pictures,Drama
84164,Term of Trial,Released,1962-08-16,0,Warner Bros. Pictures,Drama
234416,Hawaiian Aye Aye,Released,1964-06-26,0,Warner Bros. Pictures,Animation
234428,Dumb Patrol,Released,1964-01-18,0,Warner Bros. Pictures,Animation
234430,War and Pieces,Released,1964-06-06,0,Warner Bros. Pictures,Animation
179987,Calling Philo Vance,Released,1940-02-03,0,Warner Bros. Pictures,"Crime, Mystery"
87123,Heat Lightning,Released,1934-03-01,0,Warner Bros. Pictures,"Crime, Drama"
234748,From Hare to Heir,Released,1960-09-03,0,Warner Bros. Pictures,"Animation, Comedy, Family"
234762,Fastest with the Mostest,Released,1960-01-19,0,Warner Bros. Pictures,"Family, Animation"
236952,Wagon Heels,Released,1945-07-25,0,Warner Bros. Pictures,"Animation, Comedy, Western"
234811,Bonanza Bunny,Released,1959-09-05,0,Warner Bros. Pictures,"Animation, Comedy"
43537,The Spider,Released,1945-12-01,0,20th Century Fox,"Crime, Mystery"
234536,Mexican Boarders,Released,1962-05-11,0,Warner Bros. Pictures,"Animation, Comedy"
102199,Gold of the Seven Saints,Released,1961-02-18,0,Warner Bros. Pictures,"Adventure, Western"
353399,Circus on Ice,Released,1954-09-18,0,Warner Bros. Pictures,Documentary
109716,A Dispatch from Reuter's,Released,1940-10-19,0,Warner Bros. Pictures,"Drama, History"
46012,A Glimpse of Hell,Released,2001-03-18,0,,"Drama, TV Movie"
173689,Lights of New York,Released,1928-07-18,1200000,Warner Bros. Pictures,"Crime, Drama"
229638,Alcatraz Island,Released,1937-10-13,0,Warner Bros. Pictures,"Romance, Drama, Action, Crime"
109933,My Gal Sal,Released,1942-04-30,0,20th Century Fox,"Comedy, Music, Romance"
145364,Portnoy's Complaint,Released,1972-06-19,0,Warner Bros. Pictures,"Comedy, Drama"
42104,"Careful, He Might Hear You",Released,1983-01-01,0,20th Century Fox,"Drama, Family"
226801,Ant Pasted,Released,1953-05-09,0,Warner Bros. Pictures,"Animation, Family"
77964,That Certain Woman,Released,1937-08-30,0,Warner Bros. Pictures,"Drama, Romance"
94510,The Crowded Sky,Released,1960-09-02,0,Warner Bros. Pictures,"Action, Adventure, Drama"
377471,Down and Out with Donald Duck,Released,1987-03-25,0,Walt Disney Pictures,"Animation, TV Movie, Family"
101864,Fighter Squadron,Released,1948-11-27,0,Warner Bros. Pictures,"Action, War"
214521,Instant Justice,Released,1986-10-17,0,Warner Bros. Pictures,"Action, Thriller, Crime, Drama"
234696,Strangled Eggs,Released,1961-03-18,0,Warner Bros. Pictures,"Comedy, Animation, Family"
234698,Prince Violent,Released,1961-09-02,0,Warner Bros. Pictures,"Animation, Comedy, Fantasy"
438143,Pigeon Toady's Guide to Your New Baby,Released,2016-12-20,0,,"Animation, Comedy"
234531,Crows' Feat,Released,1962-04-20,0,Warner Bros. Pictures,"Animation, Comedy"
68013,Week-End in Havana,Released,1941-10-17,0,20th Century Fox,"Comedy, Romance, Music"
121678,Aunt Fanny's Tour of Booty,Released,2005-09-19,0,20th Century Fox,"Animation, Family"
85226,The Mysterious Doctor,Released,1943-03-03,0,Warner Bros. Pictures,"Horror, Mystery, Thriller"
95574,They Call It Sin,Released,1932-11-05,0,Warner Bros. Pictures,Drama
235796,Dr. Jerkyl's Hide,Released,1954-05-07,0,Warner Bros. Pictures,"Animation, Comedy, Family, Horror"
235793,Yankee Doodle Bugs,Released,1954-08-28,0,Warner Bros. Pictures,"Animation, Comedy"
234979,A Pizza Tweety-Pie,Released,1958-02-21,0,Warner Bros. Pictures,Animation
151913,I Like Mountain Music,Released,1933-06-10,0,Warner Bros. Pictures,"Animation, Comedy, Family, Music"
86208,The Squeeze,Released,1977-07-12,0,Warner Bros. Pictures,"Thriller, Crime"
31899,Ever Since Eve,Released,1937-07-15,0,Warner Bros. Pictures,"Comedy, Romance"
95997,Big Shot: Confessions of a Campus Bookie,Released,2002-03-31,0,,"Drama, TV Movie, Comedy"
121848,Isle of Fury,Released,1936-10-10,0,Warner Bros. Pictures,Adventure
235134,Weasel Stop,Released,1956-02-10,0,Warner Bros. Pictures,Animation
235133,Raw! Raw! Rooster!,Released,1956-08-24,0,Warner Bros. Pictures,"Animation, Comedy"
47884,Nancy Drew... Trouble Shooter,Released,1939-06-17,0,Warner Bros. Pictures,"Comedy, Mystery"
90093,Devotion,Released,1946-04-05,0,Warner Bros. Pictures,Drama
34945,The Conspirators,Released,1944-10-24,0,Warner Bros. Pictures,"Drama, Thriller"
132094,The Model and the Marriage Broker,Released,1951-11-01,0,20th Century Fox,"Drama, Comedy"
144475,The Case of the Howling Dog,Released,1934-09-22,0,Warner Bros. Pictures,"Crime, Mystery"
46662,The Girl on the Bridge,Released,1951-12-01,0,20th Century Fox,"Crime, Drama, Romance"
176627,"Mary Stevens, M.D.",Released,1933-07-22,0,Warner Bros. Pictures,Drama
132269,White Witch Doctor,Released,1953-07-01,0,20th Century Fox,Adventure
153228,The Moonlighter,Released,1953-09-19,0,Warner Bros. Pictures,Western
177212,Miracle at Midnight,Released,1998-03-17,0,Walt Disney Pictures,Drama
98536,So Big!,Released,1932-04-30,0,Warner Bros. Pictures,"Drama, Romance"
62507,Footsteps in the Dark,Released,1941-03-08,0,Warner Bros. Pictures,"Comedy, Mystery, Crime"
4809,"Good Morning, Miss Dove",Released,1955-11-23,0,20th Century Fox,"Comedy, Drama"
144794,The Hard Guy,Released,1930-09-06,0,Warner Bros. Pictures,Drama
65213,Smart Girls Don't Talk,Released,1948-10-09,0,Warner Bros. Pictures,Drama
100836,Rumors,Released,1943-12-01,0,Warner Bros. Pictures,Animation
233117,Gold Is Where You Find It,Released,1938-02-12,0,Warner Bros. Pictures,"Drama, Romance, Western"
624160,Alien: Covenant - Epilogue: David's Lab - Last Signs of Life,Released,2019-08-16,0,20th Century Fox,Science Fiction
92864,Mara Maru,Released,1952-04-23,0,Warner Bros. Pictures,"Adventure, Drama"
36760,The 3rd Voice,Released,1960-03-05,0,20th Century Fox,"Drama, Thriller, Crime"
6558,Mail To The Chief,Released,2000-04-02,0,Walt Disney Pictures,"Comedy, Family, TV Movie"
100740,The Gold Brick,Released,1943-09-01,0,Warner Bros. Pictures,Animation
100743,Gripes,Released,1943-07-01,0,Warner Bros. Pictures,Animation
385733,Farewell to the Planet of the Apes,Released,1980-11-21,0,,"TV Movie, Thriller, Adventure, Science Fiction"
100368,The Film Fan,Released,1939-12-16,0,Warner Bros. Pictures,"Animation, Comedy, Family"
120747,The Adventures of Mark Twain,Released,1944-07-20,2350000,Warner Bros. Pictures,"Adventure, Drama"
150347,The Snow Queen's Revenge,Released,1996-01-01,0,Warner Bros. Pictures,"Family, Animation"
50566,Running Brave,Released,1983-11-04,0,Walt Disney Pictures,Drama
72904,John Paul Jones,Released,1959-06-16,0,Warner Bros. Pictures,"Action, History, Romance, War"
161967,Sittin' on a Backyard Fence,Released,1933-12-16,0,Warner Bros. Pictures,"Animation, Comedy, Action"
79521,Miracle in the Rain,Released,1956-03-31,0,Warner Bros. Pictures,"Drama, Romance"
161945,Buddy's Day Out,Released,1933-09-09,0,Warner Bros. Pictures,"Family, Animation"
116973,Four Men and a Prayer,Released,1938-04-29,0,20th Century Fox,"Adventure, Mystery"
140995,The Sisters,Released,1938-10-14,0,Warner Bros. Pictures,Drama
106825,Mother Wore Tights,Released,1947-08-20,0,20th Century Fox,Music
117394,Doll Face,Released,1945-12-31,0,20th Century Fox,"Comedy, Music, Romance"
50549,Belles on Their Toes,Released,1952-05-02,0,20th Century Fox,Comedy
136548,The Secret Bride,Released,1934-12-22,0,Warner Bros. Pictures,Drama
249846,Lure of the Wilderness,Released,1952-07-16,0,20th Century Fox,"Adventure, Drama, Romance"
354305,Xuxa em Sonho de Menina,Released,2007-12-27,0,Warner Bros. Pictures,Family
78191,Racket Busters,Released,1938-07-16,0,Warner Bros. Pictures,"Crime, Drama"
243248,Sierra Baron,Released,1958-07-01,0,20th Century Fox,Western
149561,Point of Seduction: Body Chemistry III,Released,1994-02-23,0,,"Action, Thriller"
568708,Alien: Covenant - Prologue: She Won't Go Quietly,Released,2017-05-05,0,20th Century Fox,Science Fiction
41599,Escape,Released,1948-03-01,0,20th Century Fox,Thriller
84085,The Pied Piper,Released,1942-08-21,0,20th Century Fox,"Drama, War"
199750,House Hunting Mice,Released,1947-09-06,0,Warner Bros. Pictures,"Animation, Family, Comedy"
184551,Into Your Dance,Released,1935-06-07,0,Warner Bros. Pictures,"Animation, Comedy"
17637,Untamed,Released,1955-03-01,0,20th Century Fox,"Adventure, Drama, Romance"
84365,Whiplash,Released,1948-12-24,0,Warner Bros. Pictures,Drama
43781,Orchestra Wives,Released,1942-09-04,0,20th Century Fox,"Drama, Music, Romance"
237085,Inki at the Circus,Released,1947-06-20,0,Warner Bros. Pictures,Animation
83805,Black Samson,Released,1974-08-14,0,Warner Bros. Pictures,"Action, Drama"
83762,Father Of The Bird,Released,1997-01-01,0,Warner Bros. Pictures,"Animation, Family, Comedy"
184741,Cain and Mabel,Released,1936-09-26,0,Warner Bros. Pictures,"Comedy, Romance"
168031,Café Metropole,Released,1937-04-28,0,20th Century Fox,"Comedy, Drama"
55321,The Diary of Anne Frank,Released,1980-11-17,0,,"Drama, TV Movie"
236635,"Hold the Lion, Please",Released,1942-06-06,0,Warner Bros. Pictures,"Animation, Comedy"
236972,Trap Happy Porky,Released,1945-02-23,0,Warner Bros. Pictures,"Animation, Family, Comedy"
197746,Invasion of the Bunny Snatchers,Released,1992-05-27,0,Warner Bros. Pictures,"Animation, Comedy, Science Fiction"
197749,Box-Office Bunny,Released,1990-05-27,0,Warner Bros. Pictures,"Animation, Comedy"
197765,Portrait of the Artist as a Young Bunny,Released,1980-05-27,0,Warner Bros. Pictures,Animation
236004,Corn Plastered,Released,1951-03-02,0,Warner Bros. Pictures,Animation
117959,A Bell for Adano,Released,1945-06-21,0,20th Century Fox,"War, Drama"
84678,Dangerous Dan McFoo,Released,1939-07-15,0,Warner Bros. Pictures,Animation
56106,The Blue Yonder,Released,1985-11-10,0,Walt Disney Pictures,"Adventure, Science Fiction, TV Movie"
236538,Porky's Bear Facts,Released,1941-03-28,0,Warner Bros. Pictures,"Animation, Comedy"
42321,Circumstantial Evidence,Released,1945-04-20,0,20th Century Fox,"Crime, Drama"
134480,The Great Garrick,Released,1937-10-30,0,Warner Bros. Pictures,"Comedy, Romance"
259773,When the Legends Die,Released,1972-10-19,0,20th Century Fox,"Drama, Western"
236114,Two's a Crowd,Released,1950-12-29,0,Warner Bros. Pictures,Animation
236197,Wholly Smoke,Released,1938-08-26,0,Warner Bros. Pictures,"Animation, Comedy"
138172,The Voice of the Turtle,Released,1947-12-25,0,Warner Bros. Pictures,"Comedy, Romance"
45679,The System,Released,1953-04-18,0,Warner Bros. Pictures,Crime
130933,Hilda Crane,Released,1956-05-08,0,20th Century Fox,Drama
236427,The Timid Toreador,Released,1940-12-20,0,Warner Bros. Pictures,"Animation, Comedy"
52864,Special Agent,Released,1935-09-14,0,Warner Bros. Pictures,"Drama, Crime"
138341,Big City Blues,Released,1932-09-18,0,Warner Bros. Pictures,"Comedy, Drama"
43365,Stars and Stripes Forever,Released,1952-12-22,0,20th Century Fox,"Drama, Music"
218105,Home in Indiana,Released,1944-06-15,0,20th Century Fox,"Adventure, Drama, Romance"
237370,Knights Must Fall,Released,1949-07-16,0,Warner Bros. Pictures,"Animation, Comedy"
43157,Just Around the Corner,Released,1938-11-11,0,20th Century Fox,"Comedy, Music"
132635,Not by Chance,Released,2007-06-07,0,,Drama
234814,Mouse-Placed Kitten,Released,1959-01-23,0,Warner Bros. Pictures,"Animation, Family"
236875,Cavalcade of Dance,Released,1943-10-03,0,Warner Bros. Pictures,"Documentary, Music"
236971,Nasty Quacks,Released,1945-12-01,0,Warner Bros. Pictures,Animation
235011,Fox-Terror,Released,1957-05-10,0,Warner Bros. Pictures,Animation
149991,Banjo on My Knee,Released,1936-12-11,0,20th Century Fox,"Comedy, Romance"
252956,Bullet Scars,Released,1942-03-07,0,Warner Bros. Pictures,"Crime, Drama"
236813,Forty Boys and a Song,Released,1941-12-06,0,Warner Bros. Pictures,Documentary
226815,Birds of a Father,Released,1961-04-01,0,Warner Bros. Pictures,"Comedy, Animation, Family"
141871,The Miracle on 34th Street,Released,1955-12-14,0,,"TV Movie, Drama"
237274,Hare Splitter,Released,1948-09-25,0,Warner Bros. Pictures,"Animation, Comedy"
148021,Toward the Unknown,Released,1956-09-27,0,Warner Bros. Pictures,"Drama, History, Romance, War"
131785,A Dog of Flanders,Released,1959-03-17,0,20th Century Fox,"Drama, Family"
234756,West of the Pesos,Released,1960-01-23,0,Warner Bros. Pictures,"Animation, Comedy"
234700,Hoppy Daze,Released,1961-02-11,0,Warner Bros. Pictures,"Comedy, Family, Animation"
110603,The Three Musketeers,Released,1939-02-17,0,20th Century Fox,"Adventure, Action, Comedy"
81305,You're in the Navy Now,Released,1951-02-23,0,20th Century Fox,"Comedy, War, Drama"
695617,Alien: Covenant - Prologue: The Audi Lunar Quattro,Released,2017-04-27,0,20th Century Fox,Science Fiction
106826,Pillow to Post,Released,1945-06-09,0,Warner Bros. Pictures,Comedy
79887,Rings on Her Fingers,Released,1942-03-20,0,20th Century Fox,"Comedy, Crime, Romance"
107593,June Bride,Released,1948-10-29,0,Warner Bros. Pictures,"Romance, Comedy"
165853,Devil's Feud Cake,Released,1963-02-09,0,Warner Bros. Pictures,"Animation, Comedy, Family"
72471,Thunder Over the Plains,Released,1953-10-27,0,Warner Bros. Pictures,"Western, Action, War, Romance"
25498,Strange Triangle,Released,1946-05-17,0,20th Century Fox,"Adventure, Crime, Drama"
111794,20 Dates,Released,1998-01-01,0,20th Century Fox,"Romance, Comedy"
75771,Another Dawn,Released,1937-06-26,0,Warner Bros. Pictures,"Adventure, Drama, Romance"
176670,Shoot-Out At Medicine Bend,Released,1957-05-04,0,Warner Bros. Pictures,Western
99729,Central Airport,Released,1933-04-15,747000,Warner Bros. Pictures,Drama
177317,West Of Shanghai,Released,1937-10-30,0,Warner Bros. Pictures,"War, Adventure, Drama"
177214,Moby Dick,Released,1930-09-20,0,Warner Bros. Pictures,"Adventure, Drama, Romance"
171345,The Adventurous Blonde,Released,1937-11-13,0,Warner Bros. Pictures,"Romance, Comedy, Mystery"
90978,The Male Animal,Released,1942-03-12,0,Warner Bros. Pictures,"Comedy, Romance"
169953,Going Under,Released,1991-08-23,0,Warner Bros. Pictures,"Action, Adventure, Comedy"
316101,The Silver Whip,Released,1953-02-04,0,20th Century Fox,Western
99924,Espionage Agent,Released,1939-09-30,0,Warner Bros. Pictures,"Drama, War, Thriller, Romance"
170343,The Stripper,Released,1963-06-19,0,20th Century Fox,"Romance, Drama"
88972,Smart Blonde,Released,1937-01-02,0,Warner Bros. Pictures,"Mystery, Crime"
94565,The Wagons Roll at Night,Released,1941-04-25,0,Warner Bros. Pictures,"Drama, Romance"
174150,The Desert Song,Released,1943-12-17,0,Warner Bros. Pictures,"Music, Romance"
96797,Inside Out,Released,1975-10-19,0,Warner Bros. Pictures,"Comedy, Crime, Thriller"
173267,Housewife,Released,1934-08-11,0,Warner Bros. Pictures,Drama
97821,The Magnificent Dope,Released,1942-07-01,0,20th Century Fox,Comedy
171744,Bartholomew Versus the Wheel,Released,1964-02-29,0,Warner Bros. Pictures,Animation
4459,Night Without Sleep,Released,1952-09-26,0,20th Century Fox,"Thriller, Drama, Mystery"
174786,Cannery Woe,Released,1961-01-07,0,Warner Bros. Pictures,"Comedy, Family, Animation"
97586,Under Eighteen,Released,1932-01-02,0,Warner Bros. Pictures,"Drama, Romance"
306464,Seth & Alex's Almost Live Comedy Show,Released,2009-11-08,0,,"Animation, Comedy, Music"
184659,My Green Fedora,Released,1935-05-03,0,Warner Bros. Pictures,"Animation, Comedy"
83683,I Can Get It for You Wholesale,Released,1951-04-05,0,20th Century Fox,Drama
15478,The Abdication,Released,1974-10-03,0,Warner Bros. Pictures,"Drama, History"
106060,The Man Who Wouldn't Die,Released,1942-04-27,0,20th Century Fox,"Crime, Mystery"
86739,Of Fox and Hounds,Released,1940-12-07,0,Warner Bros. Pictures,Animation
334931,Dreams: Cinema of the Subconscious,Released,2010-12-07,0,Warner Bros. Pictures,Documentary
671119,Love Spell,Released,2021-10-14,0,,Comedy
203586,I Taw a Putty Tat,Released,1948-04-02,0,Warner Bros. Pictures,"Animation, Comedy"
68977,So Big,Released,1953-10-31,0,Warner Bros. Pictures,"Drama, Romance, Western"
36460,The Man with Bogart's Face,Released,1980-10-03,0,20th Century Fox,"Comedy, Thriller"
68439,The House in the Square,Released,1951-12-07,0,20th Century Fox,"Drama, Fantasy, Romance"
61471,The Buddy System,Released,1984-05-04,0,20th Century Fox,"Drama, Comedy, Romance"
157382,Swingtime in the Movies,Released,1938-12-24,0,Warner Bros. Pictures,"Comedy, Music"
65580,Four's a Crowd,Released,1938-08-04,0,Warner Bros. Pictures,"Comedy, Romance"
201978,Little Beau Porky,Released,1936-10-14,0,Warner Bros. Pictures,"Animation, Comedy"
67220,Hard Contract,Released,1969-04-30,1750000,20th Century Fox,"Crime, Romance"
35924,-30-,Released,1959-11-11,0,Warner Bros. Pictures,Drama
126922,Lawyer Man,Released,1932-12-24,0,Warner Bros. Pictures,"Drama, Romance"
121906,Strange Lady in Town,Released,1955-04-12,0,Warner Bros. Pictures,"Drama, Romance, Western"
201025,The Burly Man Chronicles,Released,2004-12-04,0,Warner Bros. Pictures,Documentary
204604,Lillian Russell,Released,1940-05-24,0,20th Century Fox,"Drama, Music"
71433,Dangerously They Live,Released,1941-12-24,0,Warner Bros. Pictures,"Drama, Romance, Thriller, War"
129697,Along the Way,Released,2012-08-10,0,,Drama
196693,The Girl from 10th Avenue,Released,1935-06-01,69,Warner Bros. Pictures,Drama
59977,Student Exchange,Released,1987-11-29,0,Walt Disney Pictures,"Comedy, Family, Romance, TV Movie"
268357,The Penguins of Madagascar: New to the Zoo,Released,2010-08-10,0,20th Century Fox,"Family, Animation, Comedy, Adventure"
118889,Kentucky,Released,1938-12-30,0,20th Century Fox,"Drama, Romance"
262780,Guns of the Timberland,Released,1960-02-01,0,Warner Bros. Pictures,Western
198581,The Boy from Oklahoma,Released,1954-02-27,0,Warner Bros. Pictures,Western
198980,Hare Lift,Released,1952-12-20,0,Warner Bros. Pictures,"Animation, Comedy"
60908,Breakthrough,Released,1950-11-17,0,Warner Bros. Pictures,War
267857,Phineas and Ferb: The Perry Files,Released,2012-06-05,0,Walt Disney Pictures,"Family, Animation"
181353,Kipps,Released,1941-06-28,0,20th Century Fox,"Comedy, Drama"
213695,The Beloved Brat,Released,1938-04-30,0,Warner Bros. Pictures,"Comedy, Drama"
174484,The Girl at the Ironing Board,Released,1934-08-22,0,Warner Bros. Pictures,Animation
172493,Kangaroo,Released,1952-05-16,0,20th Century Fox,"Adventure, Drama, Romance"
1849,Nine Hours to Rama,Released,1963-04-30,0,20th Century Fox,"History, Drama"
1864,Hello-Goodbye,Released,1970-07-12,0,20th Century Fox,Comedy
210103,Fuzzbucket,Released,1986-05-18,0,Walt Disney Pictures,"Adventure, Comedy, Family, TV Movie"
207408,The Fair Haired Hare,Released,1951-04-14,0,Warner Bros. Pictures,"Animation, Comedy"
179085,A Kiss in the Dark,Released,1949-03-25,0,Warner Bros. Pictures,Comedy
35671,Kaleidoscope,Released,1966-07-01,0,Warner Bros. Pictures,"Comedy, Crime"
176259,The Golden Arrow,Released,1936-05-23,0,Warner Bros. Pictures,"Family, Comedy"
436743,Vincent Price: The Versatile Villain,Released,1997-10-12,0,,Documentary
208216,Girls on Probation,Released,1938-10-22,0,Warner Bros. Pictures,"Crime, Drama"
208128,Independence Day,Released,1983-01-21,0,Warner Bros. Pictures,"Romance, Drama"
155208,Night Unto Night,Released,1949-06-10,0,Warner Bros. Pictures,"Romance, Drama"
25971,Slattery's Hurricane,Released,1949-08-11,0,20th Century Fox,"Adventure, Drama"
199151,The Very Thought of You,Released,1944-10-20,0,Warner Bros. Pictures,"Romance, Drama"
199072,Woman Obsessed,Released,1959-05-27,0,20th Century Fox,"Drama, Romance"
192550,Bloodhounds of Broadway,Released,1952-11-14,0,20th Century Fox,"Comedy, Music"
219494,Picador Porky,Released,1937-02-26,0,Warner Bros. Pictures,"Animation, Comedy"
26777,The Outcasts of Poker Flat,Released,1952-11-03,0,20th Century Fox,Western
42157,One Trick Pony,Released,1980-10-03,0,Warner Bros. Pictures,Drama
200386,Princess of the Nile,Released,1954-07-01,0,20th Century Fox,"Romance, Adventure, Fantasy"
42128,I Ought to Be in Pictures,Released,1982-03-26,0,20th Century Fox,"Drama, Comedy"
199749,Roughly Squeaking,Released,1946-11-23,0,Warner Bros. Pictures,"Animation, Family, Comedy"
40793,The Nickel Ride,Released,1975-01-15,0,20th Century Fox,"Crime, Drama"
28284,Parrish,Released,1961-05-04,4200000,Warner Bros. Pictures,"Drama, Romance"
161172,"Blue, White, and Perfect",Released,1942-01-06,0,20th Century Fox,"Crime, Mystery, Romance"
161951,Shuffle Off to Buffalo,Released,1933-07-08,0,Warner Bros. Pictures,"Animation, Comedy"
197768,Freeze Frame,Released,1979-11-27,0,Warner Bros. Pictures,"Animation, Comedy"
152237,Winning Your Wings,Released,1942-05-28,0,Warner Bros. Pictures,"Documentary, History, War"
43147,Blessed Event,Released,1932-09-10,0,Warner Bros. Pictures,"Drama, Comedy"
43188,The Pride of St. Louis,Released,1952-05-02,0,20th Century Fox,Drama
156970,While the Patient Slept,Released,1935-03-09,0,Warner Bros. Pictures,Mystery
34018,Lucky Me,Released,1954-04-09,0,Warner Bros. Pictures,"Comedy, Music, Romance"
43870,As You Like It,Released,1936-09-02,0,20th Century Fox,"Comedy, Romance, Drama"
184619,The Lady in Red,Released,1935-09-06,0,Warner Bros. Pictures,Animation
184532,Country Boy,Released,1935-02-09,0,Warner Bros. Pictures,"Animation, Comedy"
184799,Just Tell Me What You Want,Released,1980-01-18,0,Warner Bros. Pictures,"Comedy, Romance"
429976,Conni & Co 2 - Das Geheimnis des T-Rex,Released,2017-04-20,615194,Warner Bros. Pictures,"Adventure, Comedy, Family"
190074,Wings of the Morning,Released,1937-02-19,0,20th Century Fox,"Romance, Drama"
42609,Justine,Released,1969-08-06,0,20th Century Fox,"Drama, Mystery, Romance"
149116,Seven Cities of Gold,Released,1955-10-07,0,20th Century Fox,Adventure
158834,I Got Plenty of Mutton,Released,1944-03-11,0,Warner Bros. Pictures,"Animation, Comedy"
148678,'Til We Meet Again,Released,1940-04-20,0,Warner Bros. Pictures,"Romance, Drama"
188786,Strife with Father,Released,1950-04-01,0,Warner Bros. Pictures,"Animation, Family, Comedy"
165874,Wet Hare,Released,1962-01-20,0,Warner Bros. Pictures,Animation
279640,"Wait Till the Sun Shines, Nellie",Released,1952-06-27,0,20th Century Fox,Drama
113003,Margie,Released,1946-10-15,0,20th Century Fox,Comedy
359611,The Salzburg Connection,Released,1972-08-30,0,20th Century Fox,"Action, Thriller"
115549,Blue Denim,Released,1959-07-30,0,20th Century Fox,Drama
286396,Madonna: The Video Collection 93:99,Released,1999-11-02,0,Warner Bros. Pictures,Music
74631,The Hidden Hand,Released,1942-11-07,0,Warner Bros. Pictures,"Comedy, Drama, Horror, Mystery, Romance"
286868,Captain Thunder,Released,1930-12-27,0,Warner Bros. Pictures,"Western, Drama, Adventure, Music"
115111,"Goodbye, My Fancy",Released,1951-05-19,0,Warner Bros. Pictures,"Comedy, Romance"
126596,The Mudlark,Released,1950-10-03,0,20th Century Fox,Drama
61086,The Wild Bunch: An Album in Montage,Released,1996-11-01,0,Warner Bros. Pictures,Documentary
526306,Make a Bow and Kiss,Released,2017-11-11,0,Warner Bros. Pictures,"Romance, Drama"
62483,Mr. Belvedere Rings the Bell,Released,1951-08-01,0,20th Century Fox,Comedy
62433,Spectre,Released,1977-05-21,0,,"TV Movie, Horror"
62098,City of Chance,Released,1940-01-13,0,20th Century Fox,"Crime, Drama"
122190,Endurance,Released,1999-05-14,137124,Walt Disney Pictures,"Drama, Documentary"
275613,Broken Saints,Released,2001-02-23,0,,"Animation, Mystery, Science Fiction"
124429,Badman's Country,Released,1958-08-02,0,Warner Bros. Pictures,Western
124115,Four Wives,Released,1939-12-22,0,Warner Bros. Pictures,"Drama, Romance"
271561,The Blue Angel,Released,1959-09-04,0,20th Century Fox,Drama
101826,Hot Spot,Released,1945-07-15,0,Warner Bros. Pictures,Animation
101828,In the Aleutians,Released,1945-02-15,0,Warner Bros. Pictures,Animation
101842,Operation Snafu,Released,1945-10-15,0,Warner Bros. Pictures,Animation
101866,Tiger Town,Released,1983-10-09,0,Walt Disney Pictures,"Drama, Family, TV Movie"
100723,Fighting Tools,Released,1943-10-01,0,Warner Bros. Pictures,Animation
85286,Inside the Walls of Folsom Prison,Released,1951-05-18,0,Warner Bros. Pictures,"Crime, Drama"
86213,Moving Violation,Released,1976-07-16,0,20th Century Fox,"Drama, Comedy, Crime"
336157,"Murnau, Borzage and Fox",Released,2008-12-09,0,,Documentary
103207,A Tale of Two Mice,Released,1945-06-30,0,Warner Bros. Pictures,"Animation, Family"
95012,The Iron Mistress,Released,1952-11-19,0,Warner Bros. Pictures,"History, Drama, Action, Western"
95977,The Man Behind The Gun,Released,1953-01-31,0,Warner Bros. Pictures,Western
95724,Man Wanted,Released,1932-04-23,0,Warner Bros. Pictures,"Romance, Comedy, Drama"
94182,Torrid Zone,Released,1940-05-18,0,Warner Bros. Pictures,"Action, Adventure, Comedy, Romance"
96163,Ratboy,Released,1986-10-17,0,Warner Bros. Pictures,"Comedy, Crime, Drama"
94577,The Gay Sisters,Released,1942-08-01,0,Warner Bros. Pictures,"Drama, Romance"
99909,Angels Wash Their Faces,Released,1939-08-26,0,Warner Bros. Pictures,"Drama, Romance"
296104,I Was an Adventuress,Released,1940-05-10,0,20th Century Fox,"Drama, Comedy, Crime"
108245,Force of Arms,Released,1951-08-13,0,Warner Bros. Pictures,"War, Romance, Drama"
292632,Alice in Movieland,Released,1940-03-03,0,Warner Bros. Pictures,"Music, Drama"
292190,Fort Courageous,Released,1965-05-01,0,20th Century Fox,"Action, Western"
78213,Our Miss Brooks,Released,1956-04-24,0,Warner Bros. Pictures,Comedy
78317,The Great O'Malley,Released,1937-02-13,0,Warner Bros. Pictures,Drama
303657,Red Hot Tires,Released,1935-02-02,0,Warner Bros. Pictures,"Drama, Crime, Romance"
105882,Peeper,Released,1975-12-03,0,"20th Century Fox, 20th Century Fox","Comedy, Thriller, Mystery"
108222,Tin Pan Alley,Released,1940-11-29,0,20th Century Fox,"Drama, Romance, Music"
82092,Swing Your Lady,Released,1938-01-08,0,Warner Bros. Pictures,"Comedy, Music, Romance"
82239,Love Is News,Released,1937-02-26,0,20th Century Fox,"Comedy, Romance"
82237,"Thank You, Jeeves!",Released,1936-10-04,0,20th Century Fox,Comedy
81700,The Wool Cap,Released,2004-11-20,0,,"Drama, TV Movie"
234294,The Solid Tin Coyote,Released,1966-02-18,0,Warner Bros. Pictures,Animation
58076,Immortal Sergeant,Released,1943-04-29,0,20th Century Fox,"War, Drama"
234140,Raton Pass,Released,1951-04-07,0,Warner Bros. Pictures,Western
143838,The Mouthpiece,Released,1932-03-21,0,Warner Bros. Pictures,Drama
233710,The Man Without a Country,Released,1937-11-27,0,Warner Bros. Pictures,Drama
233693,Give Me Liberty,Released,1936-12-19,0,Warner Bros. Pictures,"Drama, History"
234753,The Dixie Fryer,Released,1960-09-24,0,Warner Bros. Pictures,"Comedy, Animation, Family"
240050,The Siege at Red River,Released,1954-05-01,0,20th Century Fox,"Action, War, Western"
143170,That Wonderful Urge,Released,1948-11-20,0,20th Century Fox,"Romance, Comedy"
132608,Kings & Rats,Released,2012-02-17,0,Warner Bros. Pictures,"Drama, Comedy"
234702,Rebel Without Claws,Released,1961-07-15,0,Warner Bros. Pictures,"Animation, Comedy"
57748,Master Spy: The Robert Hanssen Story,Released,2002-11-10,0,,"Drama, TV Movie"
240410,Facing Your Danger,Released,1946-05-11,0,Warner Bros. Pictures,"Documentary, Adventure"
234538,Mother Was a Rooster,Released,1962-10-20,0,Warner Bros. Pictures,"Animation, Comedy, Family"
51107,Whispers: An Elephant's Tale,Released,2000-10-03,537,Walt Disney Pictures,"Drama, Family"
236795,Teddy the Rough Rider,Released,1940-02-21,0,Warner Bros. Pictures,"Drama, History"
236836,Beyond the Line of Duty,Released,1942-11-07,0,Warner Bros. Pictures,War
236632,Daffy's Southern Exposure,Released,1942-05-01,0,Warner Bros. Pictures,Animation
236907,Slightly Daffy,Released,1944-06-16,0,Warner Bros. Pictures,Animation
237296,The Up-Standing Sitter,Released,1948-07-02,0,Warner Bros. Pictures,"Animation, Comedy"
236915,The Weakly Reporter,Released,1944-03-24,0,Warner Bros. Pictures,"Animation, Comedy"
237094,The Gay Anties,Released,1947-02-15,0,Warner Bros. Pictures,"Animation, Comedy, Family"
236283,The Little Lion Hunter,Released,1939-10-06,0,Warner Bros. Pictures,Animation
235142,Tweet and Sour,Released,1956-03-23,0,Warner Bros. Pictures,Animation
235139,Tree Cornered Tweety,Released,1956-05-18,0,Warner Bros. Pictures,Animation
234982,"Now, Hare This",Released,1958-05-31,0,Warner Bros. Pictures,"Animation, Comedy"
234970,Pre-Hysterical Hare,Released,1958-11-01,0,Warner Bros. Pictures,"Family, Animation"
235020,Piker's Peak,Released,1957-05-25,0,Warner Bros. Pictures,"Animation, Comedy"
256371,Shining Victory,Released,1941-05-30,0,Warner Bros. Pictures,Drama
235022,Tweet Zoo,Released,1957-01-11,0,Warner Bros. Pictures,Animation
236094,Caveman Inki,Released,1950-11-24,0,Warner Bros. Pictures,Animation
402883,How to Marry a Billionaire: A Christmas Tale,Released,2000-06-20,0,,"Comedy, TV Movie"
235781,Bell Hoppy,Released,1954-04-16,0,Warner Bros. Pictures,"Animation, Comedy"
235806,Catty Cornered,Released,1953-10-30,0,Warner Bros. Pictures,"Animation, Crime, Family, Comedy"
235807,Fowl Weather,Released,1953-04-03,0,Warner Bros. Pictures,"Animation, Comedy"
130204,Sons of Liberty,Released,1939-05-20,0,Warner Bros. Pictures,"Drama, History"
46615,Darby's Rangers,Released,1958-02-12,0,Warner Bros. Pictures,"War, Action, Drama"
245372,Crack-Up,Released,1936-12-14,0,20th Century Fox,"Thriller, Drama"
261593,Stowaway to the Moon,Released,1975-01-10,0,,"Family, Science Fiction"
130813,So Long Letty,Released,1929-10-16,0,Warner Bros. Pictures,"Comedy, Music"
222459,The Road to Singapore,Released,1931-09-02,0,Warner Bros. Pictures,"Romance, Drama"
452140,The Forgotten City of the Planet of the Apes,Released,1980-11-18,0,,"TV Movie, Science Fiction, Adventure"
222499,The Cisco Kid and the Lady,Released,1939-12-29,0,20th Century Fox,Western
188468,Page Miss Glory,Released,1935-09-07,0,Warner Bros. Pictures,"Comedy, Music, Romance"
242669,Indianapolis Speedway,Released,1939-08-05,0,Warner Bros. Pictures,"Action, Drama, Romance"
188954,The Ruling Voice,Released,1931-09-10,0,Warner Bros. Pictures,"Romance, Drama, Crime"
189279,The Invisible Menace,Released,1938-01-11,0,Warner Bros. Pictures,Mystery
697921,Willow: The Making of an Adventure,Released,1988-04-26,0,20th Century Fox,"Documentary, Fantasy, Adventure"
243038,Crashing the Water Barrier,Released,1956-04-15,0,Warner Bros. Pictures,Documentary
441776,The Ernest Green Story,Released,1993-01-17,0,Walt Disney Pictures,Drama
329304,My Bill,Released,1938-07-08,0,Warner Bros. Pictures,Drama
227965,When Were You Born,Released,1938-06-18,0,Warner Bros. Pictures,"Mystery, Romance"
173645,Wallflower,Released,1948-06-13,0,Warner Bros. Pictures,Comedy
173533,Target Zero,Released,1955-11-15,0,Warner Bros. Pictures,War
174819,Sleepy Time Possum,Released,1951-11-03,0,Warner Bros. Pictures,"Animation, Comedy, Family"
440766,The Thanksgiving Promise,Released,1986-11-23,0,Walt Disney Pictures,"Adventure, Drama, TV Movie"
236279,Little Brother Rat,Released,1939-09-01,0,Warner Bros. Pictures,"Family, Animation, Comedy"
236195,Cinderella Meets Fella,Released,1938-07-23,0,Warner Bros. Pictures,"Animation, Comedy, Family"
236638,Who's Who in the Zoo,Released,1942-02-14,0,Warner Bros. Pictures,Animation
236534,Inki and the Lion,Released,1941-07-18,0,Warner Bros. Pictures,Animation
235802,Gone Batty,Released,1954-09-03,0,Warner Bros. Pictures,"Animation, Comedy"
235835,Of Rice and Hen,Released,1953-11-13,0,Warner Bros. Pictures,Animation
235679,Dr. Socrates,Released,1935-10-19,0,Warner Bros. Pictures,Crime
235941,Sock a Doodle Do,Released,1952-05-09,0,Warner Bros. Pictures,Animation
237270,The Pest That Came to Dinner,Released,1948-09-10,0,Warner Bros. Pictures,Animation
237295,"What's Brewin', Bruin?",Released,1948-02-27,0,Warner Bros. Pictures,Animation
237309,The Bee-Deviled Bruin,Released,1949-05-14,0,Warner Bros. Pictures,Animation
236814,Kings of the Turf,Released,1941-09-27,0,Warner Bros. Pictures,Documentary
236953,Ain't That Ducky,Released,1945-05-18,0,Warner Bros. Pictures,Animation
223242,The Payoff,Released,1935-01-09,0,Warner Bros. Pictures,"Romance, Crime, Drama"
237053,Hush My Mouse,Released,1946-05-03,0,Warner Bros. Pictures,"Animation, Family, Comedy"
184050,Tugboat Granny,Released,1956-06-23,0,Warner Bros. Pictures,Animation
179569,Terrier-Stricken,Released,1952-11-29,0,Warner Bros. Pictures,Animation
234338,Boulder Wham!,Released,1965-10-08,0,Warner Bros. Pictures,"Animation, Comedy"
234340,Chaser on the Rocks,Released,1965-12-25,0,Warner Bros. Pictures,"Animation, Comedy"
234518,The Slick Chick,Released,1962-07-20,0,Warner Bros. Pictures,Animation
234525,Good Noose,Released,1962-11-10,0,Warner Bros. Pictures,Animation
179207,Desert Killer,Released,1953-06-27,0,Warner Bros. Pictures,"Documentary, Drama"
235646,The Declaration of Independence,Released,1938-11-26,0,Warner Bros. Pictures,"History, Drama"
234742,Mice Follies,Released,1960-08-20,0,Warner Bros. Pictures,"Comedy, Family, Animation"
180427,Frisco Kid,Released,1935-11-30,0,Warner Bros. Pictures,"Adventure, Romance, Action"
234881,Feather Bluster,Released,1958-05-09,0,Warner Bros. Pictures,Animation
234750,Wild Wild World,Released,1960-02-27,0,Warner Bros. Pictures,"Family, Animation, Comedy"
234794,Tweet and Lovely,Released,1959-07-17,0,Warner Bros. Pictures,Animation
204020,The EGGcited Rooster,Released,1952-10-04,0,Warner Bros. Pictures,Animation
536584,The Late Batsby,Released,2018-07-27,0,Warner Bros. Pictures,"Animation, Comedy, Family"
460224,Truth of the Situation: Making 'The Counselor',Released,2014-02-11,0,20th Century Fox,Documentary
547028,The Mad Empress,Released,1939-12-16,0,Warner Bros. Pictures,"Drama, Romance, War"
214602,Black Patch,Released,1957-09-15,0,Warner Bros. Pictures,"Action, Western, Romance, Adventure"
374499,Circle of Life: An Environmental Fable,Released,1995-01-21,0,Walt Disney Pictures,Animation
543208,Trust Machine: The Story of Blockchain,Released,2018-10-26,0,Warner Bros. Pictures,Documentary
256426,It Happened in Athens,Released,1962-06-20,0,20th Century Fox,"Comedy, Drama"
214131,To Kill A Clown,Released,1972-08-23,0,20th Century Fox,"Drama, Thriller"
385902,"Life, Liberty and Pursuit on the Planet of the Apes",Released,1980-11-20,0,,"TV Movie, Adventure, Science Fiction, Thriller"
267597,Polly: Comin' Home!,Released,1990-11-18,0,Walt Disney Pictures,"Family, Music"
205445,The Haunted Mouse,Released,1941-02-15,0,Warner Bros. Pictures,"Animation, Comedy"
212241,Half-Fare Hare,Released,1956-08-18,0,Warner Bros. Pictures,"Animation, Comedy"
206321,Love Leads the Way: A True Story,Released,1984-10-07,0,Walt Disney Pictures,"Drama, History, Family, TV Movie"
206377,Second Honeymoon,Released,1937-11-13,0,20th Century Fox,"Comedy, Romance"
248713,City of Bad Men,Released,1953-09-11,0,20th Century Fox,Western
217387,"Hi, Nellie!",Released,1934-01-20,0,Warner Bros. Pictures,"Comedy, Drama, Crime"
294513,New Faces,Released,1954-02-19,0,20th Century Fox,"Music, Comedy"
190752,Lost and Foundling,Released,1944-09-30,0,Warner Bros. Pictures,"Animation, Family, Comedy"
244888,Jack Kirby: Story Teller,Released,2007-06-05,0,,Documentary
245222,Treasure of the Golden Condor,Released,1953-02-04,0,20th Century Fox,Adventure
197704,Santiago,Released,1956-07-13,0,Warner Bros. Pictures,"Adventure, Action"
197926,Sincerely Yours,Released,1955-11-05,0,Warner Bros. Pictures,"Music, Romance, Drama"
197747,Off His Rockers,Released,1992-07-16,0,Walt Disney Pictures,"Animation, Comedy, Family"
252615,The Scarecrow,Released,2000-08-26,0,Warner Bros. Pictures,Animation
217153,My Wild Irish Rose,Released,1947-12-24,0,Warner Bros. Pictures,Music
216925,The Jazz Singer,Released,1953-02-14,0,Warner Bros. Pictures,"Music, Drama"
68936,RFK,Released,2002-08-25,0,,"Drama, History, TV Movie"
65585,Batgirl,Released,1967-01-01,0,,"Adventure, Action"
141651,Hudson's Bay,Released,1941-01-03,0,20th Century Fox,"Adventure, History"
52661,99 and 44/100% Dead,Released,1974-08-29,0,"20th Century Fox, 20th Century Fox","Action, Crime, Comedy, Adventure"
169922,Mardi Gras,Released,1958-11-18,0,20th Century Fox,Music
103281,Amanhã Nunca Mais,Released,2011-11-11,0,,Comedy
134810,The Miracle,Released,1959-11-12,0,Warner Bros. Pictures,Drama
110116,South Sea Woman,Released,1953-06-27,0,Warner Bros. Pictures,"Adventure, Comedy, Romance, War"
34785,I-Man,Released,1986-04-06,0,Walt Disney Pictures,"Science Fiction, Adventure, Fantasy, Drama"
52848,The West Point Story,Released,1950-11-25,0,Warner Bros. Pictures,"Comedy, Music, Romance"
110227,The Borrowers,Released,1973-12-14,0,,"Family, Fantasy, TV Movie"
43472,Colonel Effingham's Raid,Released,1946-01-01,0,20th Century Fox,"Comedy, Romance"
14376,The Little Polar Bear 2: The Mysterious Island,Released,2005-09-29,9612667,Warner Bros. Pictures,"Family, Animation, Adventure, Drama"
68238,I'd Climb the Highest Mountain,Released,1951-02-17,0,20th Century Fox,"Romance, Drama"
118139,The Hatchet Man,Released,1932-02-06,0,Warner Bros. Pictures,"Crime, Drama"
170533,Two Against the World,Released,1932-09-03,0,Warner Bros. Pictures,Drama
158114,The Case of the Black Cat,Released,1936-10-31,0,Warner Bros. Pictures,"Crime, Mystery"
101830,It's Murder She Says...,Released,1945-05-15,0,Warner Bros. Pictures,Animation
36823,Margin for Error,Released,1943-02-10,0,20th Century Fox,"Crime, Comedy, Drama, War"
85615,The Lion,Released,1962-08-19,0,20th Century Fox,Drama
161971,Bosko's Mechanical Man,Released,1933-09-27,0,Warner Bros. Pictures,Animation
65698,Her Kind of Man,Released,1946-05-11,0,Warner Bros. Pictures,Drama
110669,Wabash Avenue,Released,1950-03-31,2039000,20th Century Fox,Music
121259,Lady with Red Hair,Released,1940-11-30,0,Warner Bros. Pictures,Drama
94251,"Tall, Dark and Handsome",Released,1941-01-24,0,20th Century Fox,"Crime, Comedy"
43859,Hollywood Hotel,Released,1938-01-15,0,Warner Bros. Pictures,"Comedy, Music, Romance"
135985,Saturday's Children,Released,1940-05-04,0,Warner Bros. Pictures,"Drama, Romance"
75797,"Too Much, Too Soon",Released,1958-04-17,0,Warner Bros. Pictures,Drama
69204,Coney Island,Released,1943-06-18,3305000,20th Century Fox,"Comedy, Music"
42462,Daughter of the Mind,Released,1969-12-09,0,,"Horror, Thriller, TV Movie"
40693,April in Paris,Released,1952-12-24,0,Warner Bros. Pictures,"Comedy, Music, Romance"
74550,The Smiling Ghost,Released,1941-09-06,0,Warner Bros. Pictures,"Comedy, Mystery, Horror"
74548,Find the Blackmailer,Released,1943-11-06,0,Warner Bros. Pictures,"Crime, Drama, Mystery"
47923,The Invisible Wall,Released,1947-10-15,0,20th Century Fox,Crime
43270,The Hand Behind the Mouse: The Ub Iwerks Story,Released,1999-10-08,0,Walt Disney Pictures,Documentary
92296,The Games,Released,1970-08-07,0,20th Century Fox,Drama
116214,Popeye Doyle,Released,1986-01-01,0,,"Thriller, TV Movie, Crime"
74861,The Steel Jungle,Released,1956-03-10,0,Warner Bros. Pictures,"Crime, Drama"
151839,The Runner Stumbles,Released,1979-11-16,0,20th Century Fox,Drama
145865,Harry Black and the Tiger,Released,1958-07-22,0,20th Century Fox,"Action, Adventure, Drama"
131944,Daughters Courageous,Released,1939-06-23,0,Warner Bros. Pictures,"Drama, Romance"
48618,Good Against Evil,Released,1977-05-22,0,,"TV Movie, Horror"
100084,Underground,Released,1941-06-28,0,Warner Bros. Pictures,"Adventure, Drama, Romance, War"
117714,A Rat's Tale,Released,1997-03-27,0,Warner Bros. Pictures,"Adventure, Family, Comedy"
39581,Ice Palace,Released,1960-01-02,0,Warner Bros. Pictures,"Adventure, Drama"
98912,For Heaven's Sake,Released,1950-12-15,0,20th Century Fox,"Comedy, Fantasy"
112493,The Young Mr. Pitt,Released,1942-09-21,0,20th Century Fox,"Drama, History"
39540,Girl in 313,Released,1940-05-31,0,20th Century Fox,"Crime, Drama"
77775,Young People,Released,1940-08-30,0,20th Century Fox,Drama
154276,The Stone Boy,Released,1984-04-04,261033,20th Century Fox,Drama
132928,No Time for Comedy,Released,1940-09-14,0,Warner Bros. Pictures,"Comedy, Romance"
66748,Under Pressure: Making 'The Abyss',Released,1993-09-01,0,20th Century Fox,Documentary
36007,Care Bears: Oopsy Does It!,Released,2007-08-04,0,,"Adventure, Animation, Family"
160840,College Coach,Released,1933-11-04,0,Warner Bros. Pictures,Drama
160162,Blondes at Work,Released,1938-02-05,0,Warner Bros. Pictures,Crime
107874,Escape Me Never,Released,1947-11-07,0,Warner Bros. Pictures,"Drama, Romance"
101543,Outpost,Released,1944-08-15,0,Warner Bros. Pictures,Animation
101598,God Is My Co-Pilot,Released,1945-04-07,0,Warner Bros. Pictures,"Action, Adventure, War"
107973,The Dolly Sisters,Released,1945-11-14,0,20th Century Fox,"Romance, Music, Drama"
111333,Chetniks!,Released,1943-01-11,0,20th Century Fox,"War, Drama"
77012,Mr. Belvedere Goes to College,Released,1949-04-15,0,20th Century Fox,Comedy
38658,Battle at Bloody Beach,Released,1961-06-20,0,20th Century Fox,"Drama, War"
117969,House of Women,Released,1962-04-11,0,Warner Bros. Pictures,"Crime, Drama"
166655,Sinners' Holiday,Released,1930-10-11,0,Warner Bros. Pictures,"Crime, Romance"
121850,Two Against the World,Released,1936-07-11,0,Warner Bros. Pictures,"Crime, Drama"
106334,Cruise of the Zaca,Released,1952-12-06,0,Warner Bros. Pictures,Documentary
36611,"Quiet Please, Murder",Released,1943-03-19,0,20th Century Fox,"Crime, Drama, Thriller"
101406,A Lecture on Camouflage,Released,1944-04-15,0,Warner Bros. Pictures,"Animation, War"
101400,Gas,Released,1944-05-15,0,Warner Bros. Pictures,"Animation, War"
95358,The Pleasure Seekers,Released,1964-12-25,2000000,20th Century Fox,"Comedy, Music, Romance"
121632,Men Are Such Fools,Released,1938-06-15,0,Warner Bros. Pictures,"Comedy, Drama, Romance"
131457,Green Light,Released,1937-02-20,0,Warner Bros. Pictures,"Drama, Romance"
155065,Nothing Ever Happens,Released,1933-03-25,0,Warner Bros. Pictures,"Music, Comedy"
206820,Soup for One,Released,1982-04-30,0,Warner Bros. Pictures,Comedy
704882,Predators: Moments of Extraction,Released,2010-10-19,0,20th Century Fox,"Action, Animation"
207083,He Was Her Man,Released,1934-06-16,0,Warner Bros. Pictures,"Drama, Romance"
136008,That Way with Women,Released,1947-02-14,0,Warner Bros. Pictures,"Comedy, Romance"
207178,The Lion and the Horse,Released,1952-05-16,0,Warner Bros. Pictures,Western
135988,Flowing Gold,Released,1940-08-24,0,Warner Bros. Pictures,"Adventure, Drama, Romance"
53865,The Key,Released,1934-06-09,0,Warner Bros. Pictures,Drama
86209,Fighting Mad,Released,1976-02-21,0,20th Century Fox,"Drama, Action"
431864,Poochinski,Released,1990-07-09,0,,"TV Movie, Fantasy, Comedy"
292790,Exploring 'The Tree of Life',Released,2011-10-11,0,20th Century Fox,Documentary
200171,Always Goodbye,Released,1938-06-24,0,20th Century Fox,"Comedy, Drama, Romance"
159215,The Silk Express,Released,1933-06-01,0,Warner Bros. Pictures,"Drama, Mystery, Thriller"
111100,Boy Meets Girl,Released,1938-08-27,0,Warner Bros. Pictures,Comedy
38556,Tough Enough,Released,1983-05-20,0,20th Century Fox,"Action, Drama, Romance"
111477,The Helen Morgan Story,Released,1957-10-02,0,Warner Bros. Pictures,"Drama, Music, Romance"
256392,Two Guys from Milwaukee,Released,1946-07-26,0,Warner Bros. Pictures,Comedy
198146,Upperworld,Released,1934-04-19,0,Warner Bros. Pictures,"Crime, Drama"
291891,Sweet Rosie O'Grady,Released,1943-10-01,0,20th Century Fox,Music
111919,The Third Day,Released,1965-08-04,0,Warner Bros. Pictures,"Drama, Mystery"
198881,The White Cockatoo,Released,1935-01-29,0,Warner Bros. Pictures,Mystery
204799,Public Enemy's Wife,Released,1936-07-24,0,Warner Bros. Pictures,"Drama, Crime"
450297,Prep & Landing: Totally Tinsel Collection,Released,2012-11-06,0,Walt Disney Pictures,"Family, Animation, Comedy"
251920,Honeymoon with a Stranger,Released,1969-12-23,0,,"Thriller, Mystery, TV Movie"
206070,September Storm,Released,1960-09-09,0,20th Century Fox,"Adventure, Drama"
397808,Stop!,Released,1970-05-16,0,Warner Bros. Pictures,Drama
135773,East of the River,Released,1940-11-09,0,Warner Bros. Pictures,"Crime, Drama"
108844,The Winning Team,Released,1952-06-20,0,Warner Bros. Pictures,"Drama, Romance"
450224,Secrets of the Bermuda Triangle,Released,1978-07-20,0,Warner Bros. Pictures,"Documentary, Mystery"
158113,The Case of the Stuttering Bishop,Released,1937-06-08,0,Warner Bros. Pictures,"Mystery, Crime"
254138,Black Beauty,Released,1946-08-29,0,20th Century Fox,"Drama, Family"
65742,The Corrs: Live in Geneva,Released,2005-11-14,0,Warner Bros. Pictures,Music
204040,Slave Ship,Released,1937-06-16,0,20th Century Fox,"Adventure, Drama"
52827,Thunderhead - Son of Flicka,Released,1945-03-15,0,20th Century Fox,"Drama, Family, Western, Action"
134774,The Gift of Love,Released,1958-02-11,0,20th Century Fox,"Drama, Romance"
134773,Stopover Tokyo,Released,1957-11-28,0,20th Century Fox,"Action, Thriller, Romance"
94615,Look for the Silver Lining,Released,1949-07-30,0,Warner Bros. Pictures,"Drama, Romance"
385903,Treachery and Greed on the Planet of the Apes,Released,1980-11-19,0,,"TV Movie, Adventure, Thriller, Science Fiction"
101839,No Buddy Atoll,Released,1945-10-15,0,Warner Bros. Pictures,Animation
235880,Orange Blossoms for Violet,Released,1952-05-23,0,Warner Bros. Pictures,Comedy
61334,Charley's Aunt,Released,1941-08-01,0,20th Century Fox,Comedy
95321,The Working Man,Released,1933-04-20,0,Warner Bros. Pictures,"Comedy, Drama"
225510,Tear Gas Squad,Released,1940-05-04,0,Warner Bros. Pictures,"Drama, Crime"
101266,In Our Time,Released,1944-02-19,0,Warner Bros. Pictures,"Drama, Romance"
235546,In Caliente,Released,1935-05-25,0,Warner Bros. Pictures,"Comedy, Music, Romance"
101577,Target Snafu,Released,1944-10-15,0,Warner Bros. Pictures,Animation
101582,Three Brothers,Released,1944-09-15,0,Warner Bros. Pictures,Animation
101546,Pay Day,Released,1944-09-15,0,Warner Bros. Pictures,Animation
101567,Private Snafu vs. Malaria Mike,Released,1944-03-15,0,Warner Bros. Pictures,Animation
236796,Service with the Colors,Released,1940-08-31,0,Warner Bros. Pictures,Drama
236857,A Ship Is Born,Released,1942-01-01,0,Warner Bros. Pictures,"Documentary, War"
148784,Hound-Dog Man,Released,1959-11-11,0,20th Century Fox,"Comedy, Drama"
237047,The Mouse-Merized Cat,Released,1946-10-18,0,Warner Bros. Pictures,"Animation, Comedy"
148617,The Case of the Lucky Legs,Released,1935-10-05,0,Warner Bros. Pictures,"Comedy, Crime, Mystery"
237086,Catch as Cats Can,Released,1947-12-05,0,Warner Bros. Pictures,Animation
317221,Twilight: Saya in Sasara,Released,2014-11-08,0,Warner Bros. Pictures,Drama
98091,Gospel Road: A Story of Jesus,Released,1973-03-31,0,20th Century Fox,"Drama, Music"
98508,A Certain Smile,Released,1958-07-31,0,20th Century Fox,"Romance, Drama"
59833,Stakeout on Dope Street,Released,1958-05-03,0,Warner Bros. Pictures,"Crime, Drama"
100807,The Infantry Blues,Released,1943-09-01,0,Warner Bros. Pictures,Animation
100536,Wings for the Eagle,Released,1942-07-18,0,Warner Bros. Pictures,"Adventure, Drama, Romance"
96161,The Office Wife,Released,1930-08-23,0,Warner Bros. Pictures,"Drama, Romance"
234728,Dog Gone People,Released,1960-11-12,0,Warner Bros. Pictures,"Comedy, Animation, Family"
146818,The Forbidden Street,Released,1949-03-31,0,20th Century Fox,"Drama, History"
96771,God's Gift to Women,Released,1931-04-13,0,Warner Bros. Pictures,"Comedy, Romance"
146439,The Loves of Edgar Allan Poe,Released,1942-08-28,0,20th Century Fox,Drama
152705,Girl in the News,Released,1940-08-28,0,20th Century Fox,"Crime, Thriller"
152043,Count Me Out,Released,1938-12-17,0,Warner Bros. Pictures,Animation
686515,'Robin Hood: Men In Tights' – The Legend Had It Coming,Released,1993-07-27,0,20th Century Fox,"Documentary, Comedy"
89255,A Saintly Switch,Released,1999-01-24,0,Walt Disney Pictures,"Family, Comedy, Fantasy"
212713,Kisses for My President,Released,1964-08-21,0,Warner Bros. Pictures,Comedy
245297,Meet Me After the Show,Released,1951-08-15,0,20th Century Fox,"Comedy, Music"
428977,Divorce Among Friends,Released,1930-12-13,0,Warner Bros. Pictures,Comedy
240394,Story of a Dog,Released,1945-10-27,0,Warner Bros. Pictures,Documentary
150433,"The Time, The Place and The Girl",Released,1946-12-26,0,Warner Bros. Pictures,"Music, Comedy, Romance"
139922,She's Working Her Way Through College,Released,1952-07-09,0,Warner Bros. Pictures,"Comedy, Music"
218212,Apartment for Peggy,Released,1948-09-30,0,20th Century Fox,Drama
309167,Love is Forever,Released,1983-04-03,0,,"TV Movie, Adventure, Drama, Romance"
239175,The Man Who Understood Women,Released,1959-10-02,0,20th Century Fox,Comedy
140692,Museum Scream,Released,2003-11-14,0,Warner Bros. Pictures,"Animation, Family, Comedy"
32939,The Tanks Are Coming,Released,1941-10-04,0,Warner Bros. Pictures,"Comedy, War"
92323,Willie and Phil,Released,1980-08-15,4400000,20th Century Fox,"Comedy, Drama, Romance"
103926,Mark Twain and Me,Released,1991-11-22,0,Walt Disney Pictures,"Drama, TV Movie"
27001,Under My Skin,Released,1950-03-17,0,20th Century Fox,Drama
242378,That Hagen Girl,Released,1947-11-01,0,Warner Bros. Pictures,Drama
242964,Grandad of Races,Released,1950-09-02,0,Warner Bros. Pictures,Documentary
243016,Beauty and the Bull,Released,1954-12-24,0,Warner Bros. Pictures,"Documentary, Action"
217185,I'll Get By,Released,1950-10-02,0,20th Century Fox,"Romance, Comedy, Music"
217155,The Foxes of Harrow,Released,1947-09-24,0,20th Century Fox,"Romance, Drama"
508666,Three Cheers for the Girls,Released,1943-05-08,0,Warner Bros. Pictures,Music
178574,The Irish in Us,Released,1935-07-31,0,Warner Bros. Pictures,"Comedy, Romance"
178927,The Millionaire,Released,1931-05-01,0,Warner Bros. Pictures,"Comedy, Drama"
372481,Jailbreak,Released,1936-08-05,0,Warner Bros. Pictures,Drama
283334,The Crazy World of Julius Vrooder,Released,1974-10-17,0,20th Century Fox,"Drama, Comedy"
488706,"The Simpsons - On Your Marks, Get Set, D'oh!",Released,2004-08-16,0,,Animation
170517,The Cool Ones,Released,1967-04-12,0,Warner Bros. Pictures,Comedy
41036,Fire Sale,Released,1977-06-09,0,20th Century Fox,Comedy
116772,Crime by Night,Released,1944-09-09,0,Warner Bros. Pictures,"Mystery, Drama"
372776,Time Out for Romance,Released,1937-02-10,0,20th Century Fox,"Adventure, Comedy"
188609,Give Me Your Heart,Released,1936-09-17,0,Warner Bros. Pictures,"Drama, Romance"
188377,Gold Rush Daze,Released,1939-02-25,0,Warner Bros. Pictures,Animation
179155,The Life of Jimmy Dolan,Released,1933-06-03,0,Warner Bros. Pictures,"Drama, Romance"
189084,Convict Stage,Released,1965-01-01,0,20th Century Fox,Western
188729,Stolen Holiday,Released,1937-02-06,0,Warner Bros. Pictures,"Drama, Romance"
129437,Half Angel,Released,1951-05-05,0,20th Century Fox,Comedy
191473,High Tension,Released,1936-07-10,0,20th Century Fox,Comedy
74709,The Patient in Room 18,Released,1938-01-08,0,Warner Bros. Pictures,"Comedy, Crime, Mystery, Romance"
74707,Mystery House,Released,1938-05-21,0,Warner Bros. Pictures,"Adventure, Crime, Mystery"
47833,"The Mafia, The Salesman",Released,2007-09-20,0,,"Comedy, Action"
43009,Red Nightmare,Released,1962-02-11,0,Warner Bros. Pictures,"Drama, Science Fiction"
118738,We're in the Money,Released,1935-08-17,0,Warner Bros. Pictures,"Comedy, Music, Romance"
42259,Lepke,Released,1975-05-23,0,Warner Bros. Pictures,"Drama, Crime"
118908,Centennial Summer,Released,1946-07-10,0,20th Century Fox,"History, Comedy, Music"
280129,Ace Eli and Rodger of the Skies,Released,1973-03-31,0,20th Century Fox,"Romance, Drama, Adventure"
485532,Food and Magic,Released,1943-11-18,0,Warner Bros. Pictures,"War, Documentary, Fantasy"
184648,Little Dutch Plate,Released,1935-10-18,0,Warner Bros. Pictures,Animation
484616,Wanted: The Sundance Woman,Released,1976-10-01,0,,"Drama, Western"
127146,Dr. Monica,Released,1934-06-23,0,Warner Bros. Pictures,Drama
119312,The Green-Eyed Blonde,Released,1957-12-14,0,Warner Bros. Pictures,"Crime, Drama"
117999,Last of the Mobile Hot Shots,Released,1970-01-14,0,Warner Bros. Pictures,Drama
187327,Each Dawn I Crow,Released,1949-09-23,0,Warner Bros. Pictures,"Animation, Comedy"
187262,Heaven with a Barbed Wire Fence,Released,1939-11-03,0,20th Century Fox,Drama
263322,Scooby-Doo! 13 Spooky Tales From Around The World Volume 1,Released,2012-05-15,0,Warner Bros. Pictures,"Animation, Comedy, Family, Mystery"
188082,Bubbles,Released,1930-01-31,0,Warner Bros. Pictures,"Fantasy, Music"
188001,Traveling Saleslady,Released,1935-03-28,0,Warner Bros. Pictures,"Comedy, Romance"
444250,The Leftovers,Released,1986-11-16,0,Walt Disney Pictures,"Family, Drama"
187647,Powder River,Released,1953-06-17,0,20th Century Fox,Western
76269,Storm Over the Nile,Released,1955-12-26,0,20th Century Fox,"Adventure, Drama"
118444,Onionhead,Released,1958-10-25,0,Warner Bros. Pictures,"Drama, Comedy"
126019,First Lady,Released,1937-12-04,0,Warner Bros. Pictures,Comedy
118245,Beauty and the Boss,Released,1932-04-09,0,Warner Bros. Pictures,"Comedy, Romance"
167060,Fly Away Baby,Released,1937-06-19,0,Warner Bros. Pictures,"Adventure, Comedy"
45241,"Take Her, She's Mine",Released,1963-11-13,0,20th Century Fox,Comedy
259593,Where Do We Go from Here?,Released,1945-05-23,0,20th Century Fox,Music
162785,Submarine D-1,Released,1937-11-27,0,Warner Bros. Pictures,"Action, Drama"
175386,Cheyenne,Released,1947-06-06,3303000,Warner Bros. Pictures,Western
122712,Mister Scoutmaster,Released,1953-09-02,0,20th Century Fox,Comedy
161983,Young and Healthy,Released,1933-03-04,0,Warner Bros. Pictures,"Comedy, Animation, Music"
131758,"How To Be Very, Very Popular",Released,1955-07-22,0,20th Century Fox,Comedy
162236,Sweet and Low-Down,Released,1944-09-21,0,20th Century Fox,"Music, Romance"
258076,Rocky and Bullwinkle,Released,2014-10-14,0,20th Century Fox,"Animation, Comedy, Family"
80612,The Christmas Tree,Released,1996-12-22,0,Walt Disney Pictures,"Drama, Family, TV Movie"
114302,The Man Who Played God,Released,1932-02-09,0,Warner Bros. Pictures,"Romance, Drama"
67291,High Pressure,Released,1932-01-10,0,Warner Bros. Pictures,Comedy
71432,Blackwell's Island,Released,1939-01-24,0,Warner Bros. Pictures,"Comedy, Crime, Drama"
175933,From Headquarters,Released,1933-11-16,0,Warner Bros. Pictures,"Mystery, Drama"
131402,Those Beautiful Dames,Released,1934-11-10,0,Warner Bros. Pictures,"Comedy, Animation, Family"
171346,Torchy Blane in Panama,Released,1938-05-07,0,Warner Bros. Pictures,"Crime, Comedy, Mystery"
45112,Tail Spin,Released,1939-02-19,0,20th Century Fox,Drama
131404,I Only Have Eyes for You,Released,1937-03-06,0,Warner Bros. Pictures,"Family, Animation, Comedy"
257081,Submarine Patrol,Released,1938-11-25,0,20th Century Fox,"Adventure, Drama"
402163,Mickey Mouse Clubhouse: Mickey's Sport-Y-Thon,Released,2016-05-24,0,Walt Disney Pictures,Animation
3161,Making Frankensense of Young Frankenstein,Released,1996-01-01,0,,Documentary
130191,The Perfect Specimen,Released,1937-10-23,0,Warner Bros. Pictures,"Romance, Comedy"
130415,The Lady Takes a Sailor,Released,1949-12-16,0,Warner Bros. Pictures,"Comedy, Romance"
114104,The Bobo,Released,1967-03-31,0,Warner Bros. Pictures,Comedy
193429,A Trip Thru a Hollywood Studio,Released,1935-02-02,0,Warner Bros. Pictures,Documentary
346696,Little Shop of Horrors,Released,1960-01-01,0,Warner Bros. Pictures,"Horror, Comedy, Music"
171349,Torchy Runs for Mayor,Released,1939-05-13,0,Warner Bros. Pictures,"Action, Adventure, Comedy"
122325,The Rich Are Always with Us,Released,1932-05-19,0,Warner Bros. Pictures,"Drama, Romance"
446930,O Martelo de Vulcano,Released,2003-10-10,0,Warner Bros. Pictures,"Adventure, Family, Fantasy"
232034,The Desert Song,Released,1953-05-30,0,Warner Bros. Pictures,"Music, Romance"
99379,You're in the Army Now,Released,1941-12-25,0,Warner Bros. Pictures,Comedy
140216,Bugged by a Bee,Released,1969-07-26,0,Warner Bros. Pictures,"Animation, Comedy"
240440,Calgary Stampede,Released,1948-05-29,0,Warner Bros. Pictures,"Documentary, Western"
119822,"Bert Rigby, You're a Fool",Released,1989-02-24,0,Warner Bros. Pictures,Comedy
240415,Smart as a Fox,Released,1946-04-27,0,Warner Bros. Pictures,"Documentary, Adventure"
120002,Adventures of the Queen,Released,1975-02-14,0,,"Action, Drama, TV Movie"
140276,The Road to Glory,Released,1936-09-04,0,20th Century Fox,"Drama, War"
104433,Old San Francisco,Released,1927-09-04,0,Warner Bros. Pictures,"Drama, History, Romance"
240594,Born Reckless,Released,1937-06-25,0,20th Century Fox,"Adventure, Crime"
99234,Thunder Birds,Released,1942-10-28,0,20th Century Fox,"Drama, Romance, War"
239623,Code of the Secret Service,Released,1939-05-27,0,Warner Bros. Pictures,"Action, Adventure, Crime, Drama"
122515,The Great Bank Hoax,Released,1978-11-01,0,Warner Bros. Pictures,Comedy
236265,The Curious Puppy,Released,1939-12-29,0,Warner Bros. Pictures,Animation
269739,They Came to Blow Up America,Released,1943-05-07,0,20th Century Fox,"Drama, War"
837521,30 for 30: The Bunny & the GOAT,Released,2021-06-06,0,Warner Bros. Pictures,Comedy
100824,The Rear Gunner,Released,1943-04-10,0,Warner Bros. Pictures,"Drama, War"
234781,Tweet Dreams,Released,1959-12-04,0,Warner Bros. Pictures,Animation
234801,Trick or Tweet,Released,1959-04-20,0,Warner Bros. Pictures,Animation
122331,When a Man Loves,Released,1927-08-21,1037000,Warner Bros. Pictures,"History, Romance"
234136,Oil for the Lamps of China,Released,1935-06-08,0,Warner Bros. Pictures,Drama
58442,Chu Chu and the Philly Flash,Released,1981-08-28,0,20th Century Fox,Comedy
120837,Three Faces East,Released,1930-07-18,0,Warner Bros. Pictures,Drama
124210,First Family,Released,1980-12-25,0,Warner Bros. Pictures,Comedy
267583,Disney Presents: Main Street Electrical Parade - Farewell Season,Released,1996-11-25,0,Walt Disney Pictures,"Documentary, Family"
99673,The Body Disappears,Released,1941-11-22,0,Warner Bros. Pictures,Comedy
43457,Winter Meeting,Released,1948-04-07,0,Warner Bros. Pictures,"Drama, Romance"
237741,Little Old New York,Released,1940-02-09,0,20th Century Fox,"Romance, Comedy, Drama, History"
232625,My Love Came Back,Released,1940-07-13,0,Warner Bros. Pictures,"Comedy, Drama, Music"
317293,Looney Tunes Super Stars Tweety & Sylvester: Feline Fwenzy,Released,2010-11-30,0,Warner Bros. Pictures,"Comedy, Animation, Family"
43528,Broadway Gondolier,Released,1935-07-27,0,Warner Bros. Pictures,"Romance, Comedy"
461836,Cooking with Alfred,Released,2017-06-14,0,,"Family, Animation, Comedy"
236570,The Battle of the Villa Fiorita,Released,1965-05-26,0,Warner Bros. Pictures,Drama
461834,Batman Is Just Not That Into You,Released,2017-06-14,0,,"Family, Animation, Comedy"
100016,Murder in the Air,Released,1940-06-01,0,Warner Bros. Pictures,"Action, Thriller, Drama"
461838,Movie Sound Effects: How Do They Do That?,Released,2017-06-14,0,,"Family, Animation, Comedy"
461833,Dark Hoser,Released,2017-06-14,0,,"Animation, Comedy, Family"
99998,Wings of the Navy,Released,1939-02-11,0,Warner Bros. Pictures,"Drama, Romance"
236658,Hiss and Make Up,Released,1943-09-11,0,Warner Bros. Pictures,"Animation, Comedy"
44536,Sailor of the King,Released,1953-06-11,0,20th Century Fox,"Action, Drama, War"
43835,Second Fiddle,Released,1939-06-30,0,20th Century Fox,Comedy
236452,Wacky Wildlife,Released,1940-11-08,0,Warner Bros. Pictures,Animation
236466,Circus Today,Released,1940-06-21,0,Warner Bros. Pictures,Animation
236842,The United States Marine Band,Released,1942-11-14,0,Warner Bros. Pictures,"Music, War"
50107,The House on 56th Street,Released,1933-12-23,0,Warner Bros. Pictures,"History, Drama"
37699,36 Hours to Kill,Released,1936-07-24,0,20th Century Fox,"Drama, Romance"
130652,Three Men on a Horse,Released,1936-11-21,0,Warner Bros. Pictures,Comedy
38070,Earthworm Tractors,Released,1936-07-24,0,Warner Bros. Pictures,Comedy
253804,Off the Record,Released,1939-01-21,0,Warner Bros. Pictures,Drama
253802,Naughty But Nice,Released,1939-06-23,0,Warner Bros. Pictures,"Comedy, Music"
253767,Inspector Hornleigh on Holiday,Released,1939-12-01,0,20th Century Fox,Crime
108352,Honeymoon for Three,Released,1941-01-18,0,Warner Bros. Pictures,Comedy
704935,Predators: Crucified,Released,2010-10-19,0,20th Century Fox,"Action, Animation"
704838,Predators: The Chosen,Released,2010-10-19,0,20th Century Fox,"Action, Science Fiction"
296780,Prince and the Revolution: The Makings Of Rain,Released,1983-08-03,0,Warner Bros. Pictures,"Music, History, Drama"
112083,Bright Lights,Released,1935-07-27,0,Warner Bros. Pictures,"Comedy, Music"
51416,Escape from Crime,Released,1942-07-25,0,Warner Bros. Pictures,Crime
256342,I Found Stella Parish,Released,1935-11-16,0,Warner Bros. Pictures,"Drama, Romance"
287952,Celebration at Big Sur,Released,1971-12-10,0,20th Century Fox,"Documentary, Music, History"
293973,Walt Disney Treasures - The Complete Goofy,Released,2002-12-03,0,Walt Disney Pictures,"Family, Animation"
111042,The Shocking Miss Pilgrim,Released,1947-01-04,0,20th Century Fox,"Comedy, Music, Romance"
293742,The Great American Broadcast,Released,1941-05-09,0,20th Century Fox,"Comedy, Music, Romance"
294264,Where the North Begins,Released,1923-07-01,0,Warner Bros. Pictures,"Family, Action, Adventure, Drama"
293012,Champagne Charlie,Released,1936-05-06,0,20th Century Fox,"Drama, Crime"
292633,The White Angel,Released,1936-06-25,0,Warner Bros. Pictures,Drama
255429,Dakota Lil,Released,1950-02-17,0,20th Century Fox,Western
111183,The Meanest Man in the World,Released,1943-02-12,0,20th Century Fox,Comedy
288512,I'll Give a Million,Released,1938-07-27,0,20th Century Fox,"Comedy, Drama"
280134,The Sweet Ride,Released,1968-06-12,2600000,20th Century Fox,Drama
245108,Follow the Sun,Released,1951-05-22,0,20th Century Fox,Drama
303139,Cover Me Babe,Released,1970-10-01,0,20th Century Fox,Drama
106223,On Your Toes,Released,1939-10-14,0,Warner Bros. Pictures,Comedy
242968,Why Korea?,Released,1950-12-31,0,20th Century Fox,Documentary
242961,My Country 'Tis of Thee,Released,1950-12-01,0,Warner Bros. Pictures,"History, Documentary"
279896,The Big Gamble,Released,1961-07-25,0,20th Century Fox,"Drama, Action, Comedy"
139278,Terror on the Beach,Released,1973-09-18,0,,"TV Movie, Drama, Thriller"
119103,Murder in the Big House,Released,1942-04-11,0,Warner Bros. Pictures,"Action, Adventure, Crime, Drama, Romance"
248741,Alexander Hamilton,Released,1931-09-12,0,Warner Bros. Pictures,"Drama, History"
300171,"Paree, Paree",Released,1934-09-08,0,Warner Bros. Pictures,"Romance, Music, Comedy"
248639,The Narrow Corner,Released,1933-07-08,0,Warner Bros. Pictures,Drama
48985,Highway West,Released,1941-08-07,0,Warner Bros. Pictures,"Crime, Drama"
36336,Deep Waters,Released,1948-07-22,0,20th Century Fox,Drama
36921,Snow Job,Released,1972-02-02,0,Warner Bros. Pictures,"Crime, Drama"
302064,Planes: Meet the Stars,Released,2013-08-09,0,Walt Disney Pictures,"Family, Animation"
395845,A Shot in the Dark,Released,1941-04-05,0,Warner Bros. Pictures,"Mystery, Comedy, Drama"
395844,An Angel from Texas,Released,1940-04-27,0,Warner Bros. Pictures,"Comedy, Romance"
137826,The Remarkable Mr. Pennypacker,Released,1959-02-20,0,20th Century Fox,Comedy
413749,Logan's Run,Planned,,0,Warner Bros. Pictures,"Action, Adventure, Drama, Science Fiction, Thriller"
282859,The Time Tunnel,Released,2006-06-06,0,20th Century Fox,Science Fiction
247602,Hard to Get,Released,1938-11-05,0,Warner Bros. Pictures,"Comedy, Romance"
137429,Babbitt,Released,1934-12-08,0,Warner Bros. Pictures,Drama
107019,The Strange Vengeance of Rosalie,Released,1972-06-16,0,20th Century Fox,"Thriller, Drama"
48732,America's Heart and Soul,Released,2004-07-04,314402,Walt Disney Pictures,"Documentary, Family"
85718,Intent to Kill,Released,1958-07-16,0,20th Century Fox,"Thriller, Drama"
210719,Caddyshack: The 19th Hole,Released,1999-05-05,60000000,Warner Bros. Pictures,"Documentary, Comedy"
618163,Celebrating Mickey,Released,2018-10-23,0,Walt Disney Pictures,"Animation, Family, Comedy"
574837,An Old Fashioned Love Story: Making 'The Bridges of Madison County',Released,2008-05-06,0,Warner Bros. Pictures,Documentary
210808,Sanctuary,Released,1961-04-18,0,20th Century Fox,Drama
380482,Looney Tunes Super Stars Pepé Le Pew: Zee Best of Zee Best,Released,2011-12-27,0,Warner Bros. Pictures,"Comedy, Animation"
380479,Looney Tunes Super Stars Road Runner & Wile E. Coyote: Supergenius Hijinks,Released,2011-10-04,0,Warner Bros. Pictures,"Animation, Comedy"
209830,Hell's Kitchen,Released,1939-07-08,0,Warner Bros. Pictures,Drama
186524,The Crash,Released,1932-10-09,0,Warner Bros. Pictures,Drama
154489,A Dairy Tale,Released,2004-09-14,0,Walt Disney Pictures,Animation
188520,Golden Girl,Released,1951-11-01,0,20th Century Fox,"Drama, Western"
156306,A Successful Calamity,Released,1932-09-17,0,Warner Bros. Pictures,"Comedy, Drama"
207185,The St. Louis Kid,Released,1934-11-10,0,Warner Bros. Pictures,"Romance, Drama"
168419,Seasoned Greetings,Released,1933-09-23,0,Warner Bros. Pictures,Music
183825,Bad Men of Missouri,Released,1941-07-26,0,Warner Bros. Pictures,Western
215885,Living on Velvet,Released,1935-03-02,0,Warner Bros. Pictures,"Romance, Drama"
331133,King of the Lumberjacks,Released,1940-04-13,0,Warner Bros. Pictures,"Romance, Drama"
626660,We Are Champions,Released,2019-08-23,0,Warner Bros. Pictures,Drama
183188,Secrets of an Actress,Released,1938-09-10,0,Warner Bros. Pictures,"Drama, Romance"
185291,Act One,Released,1963-12-26,0,Warner Bros. Pictures,Drama
184957,Claudia,Released,1943-11-04,0,20th Century Fox,"Comedy, Drama"
212549,I Live for Love,Released,1935-09-28,0,Warner Bros. Pictures,"Comedy, Romance"
193313,Greenwich Village,Released,1944-09-27,0,20th Century Fox,"Comedy, Music"
199898,My Wife's Best Friend,Released,1952-10-09,0,20th Century Fox,"Comedy, Drama"
376642,L.A. Law: The Movie,Released,2002-05-12,0,,"Drama, TV Movie"
884571,Quatro Amigas Numa Fria,Released,2022-05-19,0,,Comedy
197279,13 Lead Soldiers,Released,1948-04-30,0,20th Century Fox,"Crime, Mystery"
161324,Hex,Released,1973-10-05,0,20th Century Fox,"Drama, Horror, Western"
203555,Girls Dormitory,Released,1936-08-08,0,20th Century Fox,"Drama, Romance"
83301,Love Child,Released,1982-10-15,112940,Warner Bros. Pictures,"Romance, Drama, Crime"
190073,The King and the Chorus Girl,Released,1937-03-27,0,Warner Bros. Pictures,"Romance, Comedy"
203830,Easy to Love,Released,1934-01-13,0,Warner Bros. Pictures,"Romance, Comedy"
190396,I Am a Thief,Released,1934-11-24,0,Warner Bros. Pictures,"Crime, Drama, Mystery"
157150,Personal Maid's Secret,Released,1935-10-26,0,Warner Bros. Pictures,"Romance, Comedy, Drama"
83630,Perfect Strangers,Released,1950-03-11,0,Warner Bros. Pictures,"Drama, Romance"
445652,Quest for the Ring,Released,2001-11-29,0,,"Documentary, TV Movie"
201074,When My Baby Smiles at Me,Released,1948-11-10,0,20th Century Fox,"Music, Romance"
82257,Winner Take All,Released,1932-07-16,0,Warner Bros. Pictures,Drama
202259,Rhythmitis,Released,1936-06-13,0,Warner Bros. Pictures,"Music, Comedy"
202057,The Fire Alarm,Released,1935-12-23,0,Warner Bros. Pictures,"Comedy, Animation, Family"
170514,Stranded,Released,1935-06-29,0,Warner Bros. Pictures,"Romance, Drama"
174767,Valley of the Giants,Released,1938-09-17,0,Warner Bros. Pictures,Adventure
518689,John Con Noir,Released,2015-01-16,0,Warner Bros. Pictures,Animation
327478,13 Graves,Released,2006-11-18,0,,"Drama, TV Movie"
179139,As the Earth Turns,Released,1934-02-14,0,Warner Bros. Pictures,Drama
171130,Starlift,Released,1951-12-14,0,Warner Bros. Pictures,Music
94811,Devil Dogs of the Air,Released,1935-02-09,0,Warner Bros. Pictures,"Romance, Action, Comedy, Drama"
176526,The Last Ride,Released,1944-10-07,0,Warner Bros. Pictures,"Crime, Drama, Mystery"
224023,Romance of the Rio Grande,Released,1941-01-17,0,20th Century Fox,"Romance, Western"
171347,Torchy Gets Her Man,Released,1938-11-12,0,Warner Bros. Pictures,"Comedy, Crime, Mystery"
225112,The Better 'Ole,Released,1926-10-23,1273000,Warner Bros. Pictures,"Comedy, Drama, War"
171209,A Plantation Act,Released,1926-10-07,0,Warner Bros. Pictures,Music
95124,Nine Lives Are Not Enough,Released,1941-09-20,0,Warner Bros. Pictures,"Drama, Mystery"
95105,What Became of Jack and Jill?,Released,1972-06-16,0,20th Century Fox,"Thriller, Horror, Mystery"
61046,Tovarich,Released,1937-12-25,0,Warner Bros. Pictures,"Romance, Comedy, Drama"
27897,You Can't Escape Forever,Released,1942-10-10,0,Warner Bros. Pictures,Thriller
94508,California Mail,Released,1936-11-14,0,Warner Bros. Pictures,Western
561601,Dead Men Tell No Tales,Released,1971-12-17,0,,"Thriller, TV Movie"
94257,Teenage Rebel,Released,1956-11-01,0,20th Century Fox,Drama
324817,An Intimate Dinner in Celebration of Warner Bros. Silver Jubilee,Released,1930-08-01,0,Warner Bros. Pictures,"History, Music"
217190,Sand,Released,1949-08-03,0,20th Century Fox,Western
217646,Kansas City Princess,Released,1934-09-14,0,Warner Bros. Pictures,"Comedy, Romance"
180424,The Goose and the Gander,Released,1935-09-21,0,Warner Bros. Pictures,"Comedy, Drama, Romance"
218343,Mr. Dodd Takes the Air,Released,1937-08-11,0,Warner Bros. Pictures,"Comedy, Music"
173239,Ladies In Love,Released,1936-10-09,0,20th Century Fox,"Romance, Comedy"
218395,Fugitive in the Sky,Released,1936-11-28,0,Warner Bros. Pictures,"Mystery, Drama, Action"
218404,King of Burlesque,Released,1936-01-03,0,20th Century Fox,"Drama, Music"
217302,#1 Fan: A Darkomentary,Released,2005-02-15,0,,Comedy
218302,Ten Gentlemen from West Point,Released,1942-06-26,0,20th Century Fox,"Western, Drama"
74529,The Sins of Rachel Cade,Released,1961-04-02,0,Warner Bros. Pictures,"Romance, Drama"
97745,Women at War,Released,1943-10-02,0,Warner Bros. Pictures,"Drama, War"
98257,Berlin Correspondent,Released,1942-08-17,0,20th Century Fox,"Thriller, Drama"
97767,Always in My Heart,Released,1942-03-14,0,Warner Bros. Pictures,"Drama, Music"
367001,Looney Tunes Collection: Best Of Bugs Bunny Volume 1,Released,2004-02-28,0,Warner Bros. Pictures,"Animation, Comedy, Family"
169925,The Charge at Feather River,Released,1953-07-11,0,Warner Bros. Pictures,Western
219539,He Was Her Man,Released,1937-01-02,0,Warner Bros. Pictures,Animation
219297,Kiss Tomorrow Goodbye,Released,2000-08-24,0,,"TV Movie, Thriller"
329443,Son of Robin Hood,Released,1958-11-01,0,20th Century Fox,Adventure
352788,She Had to Eat,Released,1937-07-02,0,20th Century Fox,"Adventure, Comedy, Crime, Music, Romance"
373210,The Making of 'Nosferatu',Released,1979-10-06,0,20th Century Fox,Documentary
374493,Recycle Rex,Released,1993-03-12,0,Walt Disney Pictures,Animation
115555,Permission to Kill,Released,1975-11-20,0,Warner Bros. Pictures,"Drama, Thriller"
45240,Going Places,Released,1938-12-31,0,Warner Bros. Pictures,"Romance, Comedy"
120621,FBI Code 98,Released,1963-01-04,0,Warner Bros. Pictures,"Crime, Drama"
119106,Secret Enemies,Released,1942-09-17,0,Warner Bros. Pictures,"Drama, Crime"
119003,April Showers,Released,1948-03-27,0,Warner Bros. Pictures,Music
356563,We're Going to Be Rich,Released,1938-07-03,0,20th Century Fox,"Comedy, History"
118578,Island in the Sky,Released,1938-04-01,0,20th Century Fox,"Mystery, Crime"
74455,Don't Bet on Blondes,Released,1935-07-13,0,Warner Bros. Pictures,"Comedy, Romance"
278306,Donald Duck - 75th Anniversary,Released,2009-07-08,0,Walt Disney Pictures,"Animation, Comedy, Fantasy, Family"
761432,Enter the Ninjago,Released,2014-06-17,0,,"Animation, Comedy, Family"
279101,So You Think You're a Nervous Wreck,Released,1946-12-28,0,Warner Bros. Pictures,Comedy
74392,Times Square Playboy,Released,1936-05-09,0,Warner Bros. Pictures,Comedy
46954,Laura's Star and the Mysterious Dragon Nian,Released,2009-09-24,0,Warner Bros. Pictures,"Family, Animation"
119343,Of Human Bondage,Released,1946-07-05,0,Warner Bros. Pictures,"Romance, Drama"
358665,"20,000 Men a Year",Released,1939-10-26,0,20th Century Fox,Action
72687,Bird of Paradise,Released,1951-03-14,0,20th Century Fox,"Drama, Romance"
121903,Tender Is the Night,Released,1962-01-19,0,20th Century Fox,Drama
354549,The Red Badge of Courage,Released,1974-12-03,0,,"Drama, Western, War"
274060,John Loves Mary,Released,1949-02-04,0,Warner Bros. Pictures,Comedy
353567,One More Mountain,Released,1994-03-06,0,Walt Disney Pictures,"Adventure, Drama, TV Movie"
116764,Dealing: Or the Berkeley-to-Boston Forty-Brick Lost-Bag Blues,Released,1972-02-25,0,Warner Bros. Pictures,"Drama, Comedy"
546769,Making the Connection: Untold Stories of 'The French Connection',Released,2001-09-25,0,20th Century Fox,"Documentary, TV Movie"
76781,Jamboree!,Released,1957-12-07,0,Warner Bros. Pictures,"Music, Romance"
46282,A Disney Halloween,Released,1983-10-01,0,Walt Disney Pictures,Animation
121615,I Deal In Danger,Released,1966-12-01,0,,"Drama, War"
282658,They Call It Murder,Released,1971-12-17,0,,"Mystery, Drama, Crime, TV Movie"
371921,Bengal Tiger,Released,1936-07-29,0,Warner Bros. Pictures,"Action, Adventure, Drama, Romance"
121559,"Step Lively, Jeeves!",Released,1937-06-30,0,20th Century Fox,"Comedy, Crime"
282169,One Last Fling,Released,1949-06-30,0,Warner Bros. Pictures,"Romance, Comedy"
91470,Mammy,Released,1930-03-26,0,Warner Bros. Pictures,"Music, Comedy"
91468,Make Your Own Bed,Released,1944-06-10,0,Warner Bros. Pictures,Comedy
526221,The Antique,Released,2018-11-01,0,,"Drama, Mystery"
90667,Expensive Women,Released,1931-10-24,0,Warner Bros. Pictures,Drama
327858,Old Hickory,Released,1939-12-23,0,Warner Bros. Pictures,Drama
625518,Pacified,Released,2022-08-11,0,,Drama
106249,Cavalcade of Archery,Released,1946-01-12,0,Warner Bros. Pictures,"History, Documentary"
302812,Always a Bride,Released,1940-11-02,0,Warner Bros. Pictures,Comedy
333502,Sweepstakes Winner,Released,1939-05-20,0,Warner Bros. Pictures,Comedy
106228,Just Off Broadway,Released,1942-08-28,0,20th Century Fox,"Action, Crime, Mystery, Romance"
305515,My Four Years in Germany,Released,1918-03-10,0,Warner Bros. Pictures,"War, Drama"
56558,Remember the Day,Released,1941-12-25,0,20th Century Fox,"War, Drama, Romance"
89545,Class of '44,Released,1973-04-10,13843000,Warner Bros. Pictures,Drama
96960,The Murder of Dr. Harrigan,Released,1936-01-11,0,Warner Bros. Pictures,Mystery
99906,The Story of Will Rogers,Released,1952-07-17,0,Warner Bros. Pictures,"Comedy, Drama"
315530,Belle Starr's Daughter,Released,1948-11-13,0,20th Century Fox,Western
97776,Whispering Ghosts,Released,1942-05-17,0,20th Century Fox,"Mystery, Comedy"
97910,Juke Girl,Released,1942-05-30,0,Warner Bros. Pictures,"Crime, Drama"
98239,It Happened in Flatbush,Released,1942-05-28,0,20th Century Fox,Comedy
97596,Wild Bill Hickok Rides,Released,1942-01-31,0,Warner Bros. Pictures,Western
320600,Wall of Noise,Released,1963-09-04,0,Warner Bros. Pictures,Drama
99324,Busses Roar,Released,1942-09-19,0,Warner Bros. Pictures,"War, Drama, Romance"
101395,The Chow Hound,Released,1944-06-15,0,Warner Bros. Pictures,"Animation, War"
95626,Tourist Trap,Released,1998-04-05,0,Walt Disney Pictures,"Family, Adventure, TV Movie"
101037,The United States Army Band,Released,1943-01-01,0,Warner Bros. Pictures,Music
100903,The Making of Minutes to Midnight,Released,2007-05-15,0,Warner Bros. Pictures,"Music, Documentary"
101209,The Doughgirls,Released,1944-11-25,0,Warner Bros. Pictures,Comedy
314927,Meet the Fleet,Released,1940-12-21,0,Warner Bros. Pictures,War
101665,Hayabusa,Released,2011-10-01,0,20th Century Fox,"Adventure, Drama"
111499,God's Country and the Woman,Released,1937-01-16,0,Warner Bros. Pictures,"Drama, Romance"
342051,Compliments of the Season,Released,1930-11-27,0,Warner Bros. Pictures,Drama
82937,Madison Avenue,Released,1961-04-13,0,20th Century Fox,Drama
604227,Vengeance Is Mine: Reinventing 'Man on Fire',Released,2005-05-24,0,,Documentary
346993,Call Me Mister,Released,1951-02-01,0,20th Century Fox,Music
80138,The Girl Next Door,Released,1953-05-13,0,20th Century Fox,"Comedy, Music, Romance"
50971,Johnny Firecloud,Released,1975-08-01,0,20th Century Fox,"Crime, Drama, Thriller"
288989,Public Jitterbug No. 1,Released,1938-05-09,0,Warner Bros. Pictures,Music
288781,Romance of Louisiana,Released,1937-07-08,0,Warner Bros. Pictures,"Drama, History"
51386,Hollywood Cavalcade,Released,1939-10-13,0,20th Century Fox,"Comedy, Drama, History"
51420,Strange Alibi,Released,1941-04-19,0,Warner Bros. Pictures,"Crime, Drama"
295335,One More Tomorrow,Released,1946-05-24,0,Warner Bros. Pictures,"Romance, Drama, Comedy"
86574,Together Brothers,Released,1974-08-07,0,20th Century Fox,"Drama, Thriller"
108032,Do You Love Me,Released,1946-05-17,0,20th Century Fox,Music
336961,Little Miss Thoroughbred,Released,1938-06-04,0,Warner Bros. Pictures,"Romance, Drama"
301764,Davy Crockett: Rainbow in the Thunder,Released,1988-11-20,0,Walt Disney Pictures,"Adventure, Drama, TV Movie"
380886,Looney Tunes Mouse Chronicles: The Chuck Jones Collection,Released,2012-08-28,0,Warner Bros. Pictures,Animation
335498,The Penalty,Released,1941-03-13,0,Warner Bros. Pictures,"Drama, Crime"
106821,Four Jills in a Jeep,Released,1944-03-17,0,20th Century Fox,"Comedy, Music, War"
334631,Hollywood Wonderland,Released,1947-08-09,0,Warner Bros. Pictures,Music
296266,Looney Tunes Spotlight Collection Vol:2,Released,2004-11-02,0,Warner Bros. Pictures,Animation
109239,The Kid from Left Field,Released,1953-07-01,0,20th Century Fox,Comedy
53613,You're My Everything,Released,1949-07-22,0,20th Century Fox,"Music, Drama"
52992,The Gorilla Man,Released,1943-01-16,0,Warner Bros. Pictures,Thriller
499344,Who Goes Next?,Released,1938-03-01,0,20th Century Fox,War
298327,Public Deb No. 1,Released,1940-09-13,0,20th Century Fox,Comedy
108217,On the Avenue,Released,1937-02-12,0,20th Century Fox,"Comedy, Romance"
297626,Gateway,Released,1938-08-05,0,20th Century Fox,Drama
147157,Alex & the Gypsy,Released,1976-10-03,0,20th Century Fox,"Drama, Comedy"
241244,Kentucky Moonshine,Released,1938-05-20,0,20th Century Fox,"Comedy, Romance"
151749,The Audition,Released,1933-07-08,0,Warner Bros. Pictures,Music
33808,The House Across the Street,Released,1949-09-10,0,Warner Bros. Pictures,"Comedy, Drama, Crime"
190076,"Ready, Willing and Able",Released,1937-03-06,0,Warner Bros. Pictures,"Romance, Comedy"
215689,Janie,Released,1944-09-02,0,Warner Bros. Pictures,"Comedy, Romance"
146919,Bullets for O'Hara,Released,1941-07-19,0,Warner Bros. Pictures,"Romance, Crime, Drama"
157898,Desirable,Released,1934-09-08,0,Warner Bros. Pictures,"Romance, Drama"
151852,Kissing Time,Released,1933-12-16,0,Warner Bros. Pictures,"Romance, Music"
225742,The Firebird,Released,1934-11-03,0,Warner Bros. Pictures,"Romance, Mystery, Drama"
262457,The First Auto,Released,1927-06-27,0,Warner Bros. Pictures,Comedy
242134,"Love, Honor and Behave",Released,1938-03-12,0,Warner Bros. Pictures,Comedy
201644,Sweet Music,Released,1935-02-23,0,Warner Bros. Pictures,"Music, Romance"
216108,Operation Secret,Released,1952-11-05,0,Warner Bros. Pictures,"War, Drama"
242329,Wake Up and Live,Released,1937-08-23,0,20th Century Fox,Music
132597,Ramona,Released,1936-09-25,0,20th Century Fox,"Drama, Romance, Western"
147859,Roughly Speaking,Released,1945-01-31,0,Warner Bros. Pictures,"Comedy, Drama"
164011,Golden Dawn,Released,1930-06-14,0,Warner Bros. Pictures,"Comedy, Drama, Music"
247728,Sentimental Journey,Released,1946-03-06,0,20th Century Fox,Drama
247759,Hold That Co-ed,Released,1938-09-16,0,20th Century Fox,"Comedy, Music"
241532,Shine on Harvest Moon,Released,1944-03-10,0,Warner Bros. Pictures,"Drama, Music"
190908,Lucky Cisco Kid,Released,1940-06-28,0,20th Century Fox,Western
241663,King of Hockey,Released,1936-12-19,0,Warner Bros. Pictures,Drama
224264,Smarty,Released,1934-05-19,0,Warner Bros. Pictures,Comedy
255259,Key Exchange,Released,1985-08-14,0,20th Century Fox,"Comedy, Romance"
186691,Women in the Wind,Released,1939-04-15,0,Warner Bros. Pictures,Adventure
140402,"John Goldfarb, Please Come Home!",Released,1965-03-24,0,20th Century Fox,Comedy
443676,Trifles,Released,1930-01-30,0,Warner Bros. Pictures,Drama
146145,The Personality Kid,Released,1934-06-06,0,Warner Bros. Pictures,"Comedy, Crime, Romance"
152569,I've Got Your Number,Released,1934-02-24,0,Warner Bros. Pictures,"Romance, Crime, Comedy"
185269,Brides Are Like That,Released,1936-04-18,0,Warner Bros. Pictures,"Comedy, Romance"
792764,Mark of the Devil,Released,1984-09-05,0,,Thriller
239519,Close to My Heart,Released,1951-10-01,0,Warner Bros. Pictures,Drama
255193,Ozzie Nelson and His Orchestra,Released,1943-03-27,0,Warner Bros. Pictures,Music
202727,Cattle Town,Released,1952-09-06,0,Warner Bros. Pictures,Western
248945,The Widow from Monte Carlo,Released,1935-12-19,0,Warner Bros. Pictures,"Comedy, Romance"
264573,The Eve of St. Mark,Released,1944-05-22,0,20th Century Fox,"War, Drama"
475959,Walking Down Broadway,Released,1938-03-11,0,20th Century Fox,Drama
203240,Men in Exile,Released,1937-04-04,0,Warner Bros. Pictures,"Crime, Drama, Romance"
127769,Bernardine,Released,1957-07-24,0,20th Century Fox,Comedy
150488,The Eyes Have It,Released,1931-10-01,0,Warner Bros. Pictures,Comedy
258088,Three Blind Mice,Released,1938-06-18,0,20th Century Fox,"Comedy, Romance"
199727,Chicken Every Sunday,Released,1949-01-18,0,20th Century Fox,Comedy
260409,Barricade,Released,1950-03-24,0,Warner Bros. Pictures,Western
131861,An American Dream,Released,1966-08-31,0,Warner Bros. Pictures,"Drama, Thriller"
130348,Everything Happens at Night,Released,1939-12-22,0,20th Century Fox,"Comedy, Drama"
159441,Street of Women,Released,1932-06-04,0,Warner Bros. Pictures,"Drama, Romance"
131472,The Walls of Jericho,Released,1948-11-22,0,20th Century Fox,Drama
26852,Tonight We Raid Calais,Released,1943-04-30,0,20th Century Fox,"War, Drama, History"
218365,"Sing, Baby, Sing",Released,1936-08-21,0,20th Century Fox,Music
218560,The Adventures of Jane Arden,Released,1939-03-18,0,Warner Bros. Pictures,"Crime, Drama, Romance"
245385,Angela,Released,1954-11-16,0,20th Century Fox,"Crime, Thriller"
245457,The Big Punch,Released,1948-06-26,0,Warner Bros. Pictures,Drama
197097,Johnny Green & His Orchestra,Released,1935-10-11,0,Warner Bros. Pictures,Music
218092,Irish Eyes Are Smiling,Released,1944-10-19,0,20th Century Fox,"Drama, Music, Romance"
197225,My Generation G... G... Gap,Released,2004-03-30,0,Warner Bros. Pictures,"Animation, Comedy"
197231,Hare and Loathing in Las Vegas,Released,2004-03-30,0,Warner Bros. Pictures,"Animation, Comedy, Family"
219390,Blood Sport,Released,1973-12-05,0,,"Drama, TV Movie"
148410,The Case of the Velvet Claws,Released,1936-07-03,0,Warner Bros. Pictures,"Mystery, Comedy, Crime"
243265,Ups and Downs,Released,1937-10-09,0,Warner Bros. Pictures,Music
1113686,A Very Sunny Christmas,Released,2009-11-17,0,,Comedy
216418,The Black Network,Released,1936-04-04,0,Warner Bros. Pictures,Music
192513,Fools for Scandal,Released,1938-04-16,0,Warner Bros. Pictures,Comedy
216648,Stop the World: I Want to Get Off,Released,1966-04-25,0,Warner Bros. Pictures,Music
242621,Nob Hill,Released,1945-06-13,0,20th Century Fox,"Drama, Music"
426534,Supercalifragilisticexpialidocious: The Making of 'Mary Poppins',Released,2004-12-14,0,Walt Disney Pictures,Documentary
260681,Everybody Does It,Released,1949-10-24,0,20th Century Fox,Comedy
884579,She and I,Released,2021-12-10,0,,Drama
148863,The Man from Galveston,Released,1963-12-18,0,Warner Bros. Pictures,Western
162744,The Wall Street Mystery,Released,1931-11-04,0,Warner Bros. Pictures,"Mystery, Comedy"
162635,"How I Play Golf, by Bobby Jones No. 11: 'Practice Shots'",Released,1931-04-15,0,Warner Bros. Pictures,Documentary
261077,Happy Land,Released,1943-11-10,0,20th Century Fox,"Drama, Romance, War"
455951,The Day Christ Died,Released,1980-03-26,0,,"Drama, TV Movie"
177438,A Modern Hero,Released,1934-04-21,0,Warner Bros. Pictures,"Drama, Romance"
927830,Mr. Bean Goes to a Première,Released,1991-07-31,0,20th Century Fox,Comedy
927824,Mr. Bean Takes an Exam,Released,1991-10-04,0,20th Century Fox,Comedy
177219,The Sea Beast,Released,1926-01-15,938000,Warner Bros. Pictures,"Adventure, Fantasy"
176375,Voltaire,Released,1933-08-05,0,Warner Bros. Pictures,"History, Drama"
176363,Down the Stretch,Released,1936-09-18,0,Warner Bros. Pictures,Drama
141955,A Flea In Her Ear,Released,1968-11-27,0,20th Century Fox,Comedy
176877,The Nurse's Secret,Released,1941-05-24,0,Warner Bros. Pictures,"Mystery, Crime, Drama"
177043,Flap,Released,1970-11-13,0,Warner Bros. Pictures,"Comedy, Drama, Western"
237334,Smoky,Released,1946-06-26,0,20th Century Fox,"Drama, Family, Western"
125420,The Fiend Who Walked The West,Released,1958-08-01,0,20th Century Fox,Western
237378,Philbert (Three's a Crowd),Released,1963-04-15,0,Warner Bros. Pictures,"Comedy, TV Movie, Animation"
43783,Song of the Islands,Released,1942-03-13,0,20th Century Fox,"Comedy, Music, Romance"
180557,The Merry Frinks,Released,1934-05-26,0,Warner Bros. Pictures,"Drama, Comedy"
179941,River's End,Released,1940-08-10,0,Warner Bros. Pictures,"Action, Drama, Western"
43848,My Lucky Star,Released,1938-09-09,0,20th Century Fox,"Comedy, Music, Romance"
237118,The Foxy Duckling,Released,1947-08-22,0,Warner Bros. Pictures,Animation
178447,Wide Open,Released,1930-02-01,0,Warner Bros. Pictures,Comedy
179118,On Trial,Released,1939-04-01,0,Warner Bros. Pictures,Drama
38101,The Right to Live,Released,1935-01-26,0,Warner Bros. Pictures,Drama
235548,Stars Over Broadway,Released,1935-11-23,0,Warner Bros. Pictures,"Drama, Romance"
173642,Girl Missing,Released,1933-03-04,0,Warner Bros. Pictures,"Comedy, Crime, Mystery"
142146,Lancer Spy,Released,1937-10-08,0,20th Century Fox,"Drama, Thriller"
236436,Confederate Honey,Released,1940-03-29,0,Warner Bros. Pictures,Animation
269763,All American Drawback,Released,1935-10-05,0,Warner Bros. Pictures,Comedy
171660,Split Wide Open,Released,1999-09-01,0,20th Century Fox,"Drama, Crime"
153855,Battle Of Broadway,Released,1938-04-22,0,20th Century Fox,"Action, Adventure, Comedy"
124574,The Tanks Are Coming,Released,1951-10-31,0,Warner Bros. Pictures,War
209024,Garden of the Moon,Released,1938-09-23,0,Warner Bros. Pictures,"Comedy, Music, Romance"
233827,Guns of the Pecos,Released,1936-12-28,0,Warner Bros. Pictures,Western
236468,Ceiling Hero,Released,1940-08-23,0,Warner Bros. Pictures,Animation
236469,Cross Country Detours,Released,1940-03-15,0,Warner Bros. Pictures,Animation
437978,The Omen,Released,1995-09-08,0,,"TV Movie, Mystery, Thriller, Horror"
236516,The Crackpot Quail,Released,1941-02-14,0,Warner Bros. Pictures,Animation
171344,Torchy Blane.. Playing with Dynamite,Released,1939-08-12,0,Warner Bros. Pictures,"Action, Crime, Comedy"
236524,Breakdowns of 1941,Released,1941-11-14,0,Warner Bros. Pictures,"Documentary, Comedy"
171354,Glorious Betsy,Released,1928-04-25,0,Warner Bros. Pictures,"Drama, History"
233771,Foals: Live at the Royal Albert Hall,Released,2013-11-05,0,Warner Bros. Pictures,"Music, Documentary"
174629,Gambling on the High Seas,Released,1940-06-22,0,Warner Bros. Pictures,Crime
124233,A Nice Little Bank That Should Be Robbed,Released,1958-12-01,0,20th Century Fox,"Comedy, Crime"
124250,The Cavern,Released,1964-06-26,0,20th Century Fox,"Adventure, War, Drama"
143523,Red Skies of Montana,Released,1952-01-23,0,20th Century Fox,"Adventure, Drama, Romance"
37740,Everybody Loves Donald,Released,2003-11-03,0,Walt Disney Pictures,"Animation, Comedy, Family"
205673,Pretty Baby,Released,1950-09-16,0,Warner Bros. Pictures,Comedy
183053,Move,Released,1970-07-31,0,20th Century Fox,"Comedy, Fantasy"
183653,She's Back on Broadway,Released,1953-03-14,0,Warner Bros. Pictures,Comedy
254522,Swing Cat's Jamboree,Released,1938-08-06,0,Warner Bros. Pictures,Music
38351,The Sword of Monte Cristo,Released,1951-03-03,0,20th Century Fox,"Action, Adventure"
250142,Navy Blues,Released,1941-09-13,0,Warner Bros. Pictures,"Comedy, Music, Romance"
943459,Everybody Loves Hypnotoad,Released,2007-12-14,0,,Animation
145436,The Guru,Released,1969-02-10,0,20th Century Fox,Comedy
184714,Mary Jane's Pa,Released,1935-04-27,0,Warner Bros. Pictures,"Comedy, Romance"
168417,Rambling 'Round Radio Row #2,Released,1932-10-22,0,Warner Bros. Pictures,Music
168338,Five Gates to Hell,Released,1959-09-23,0,20th Century Fox,"Adventure, Drama, War"
429059,I Thank You,Released,1928-09-11,0,Warner Bros. Pictures,Comedy
180778,Flight from Destiny,Released,1941-02-08,0,Warner Bros. Pictures,"Crime, Drama"
181374,Maybe It's Love,Released,1930-10-04,0,Warner Bros. Pictures,"Romance, Comedy"
144423,The Case of the Black Parrot,Released,1941-01-09,0,Warner Bros. Pictures,"Crime, Drama, Mystery"
181980,"11th. Naval District ""United States Coast Guard Band""",Released,1944-01-01,0,Warner Bros. Pictures,Music
88390,Black Eye,Released,1974-03-15,0,Warner Bros. Pictures,"Action, Crime"
150496,All Girl Revue,Released,1940-06-22,0,Warner Bros. Pictures,Music
150449,"20,000 Cheers for the Chain Gang",Released,1933-08-12,0,Warner Bros. Pictures,"Comedy, Music"
150476,Out Where the Stars Begin,Released,1938-05-28,0,Warner Bros. Pictures,"Music, Comedy"
214463,Mother Didn't Tell Me,Released,1950-03-03,0,20th Century Fox,Comedy
217672,Snowed Under,Released,1936-03-29,0,Warner Bros. Pictures,Comedy
218213,You Were Meant for Me,Released,1948-01-28,0,20th Century Fox,Music
218392,The Right of Way,Released,1930-12-11,0,Warner Bros. Pictures,"Drama, Romance"
218397,My Past,Released,1931-05-03,0,Warner Bros. Pictures,"Romance, Drama"
215691,Janie Gets Married,Released,1946-06-22,0,Warner Bros. Pictures,Comedy
154089,Sugarfoot,Released,1951-02-11,0,Warner Bros. Pictures,"Western, Romance, Action"
429057,The Country Gentlemen,Released,1929-01-28,0,Warner Bros. Pictures,Comedy
429058,"Chaz Chase, The Unique Comedian",Released,1928-10-17,0,Warner Bros. Pictures,Comedy
383857,The Kid Comes Back,Released,1938-02-12,0,Warner Bros. Pictures,"Drama, Comedy"
216392,International Settlement,Released,1938-02-04,0,20th Century Fox,Adventure
211816,Secret World,Released,1969-07-09,900000,20th Century Fox,Drama
429181,A Cycle of Songs,Released,1928-09-21,0,Warner Bros. Pictures,Music
1167358,BURN-E,Released,2008-11-18,0,Walt Disney Pictures,Animation
330077,Kid Nightingale,Released,1939-11-04,0,Warner Bros. Pictures,"Comedy, Music"
152060,The Monroe Doctrine,Released,1939-10-14,0,Warner Bros. Pictures,"War, Drama, History, Romance"
334789,The Great Hospital Mystery,Released,1937-05-14,0,20th Century Fox,Mystery
152062,Postal Union,Released,1937-09-11,0,Warner Bros. Pictures,"Music, Comedy"
330453,Public Wedding,Released,1937-07-09,0,Warner Bros. Pictures,Comedy
333572,Granny Get Your Gun,Released,1940-02-10,0,Warner Bros. Pictures,"Western, Comedy"
331554,Jacqueline Susann's Valley of the Dolls,Released,1981-10-19,0,,"Drama, TV Movie"
428840,Vaudeville Days,Released,1942-12-19,0,Warner Bros. Pictures,"Documentary, Music"
429133,A Breath of Broadway,Released,1928-09-04,0,Warner Bros. Pictures,"Music, Comedy"
861101,Pluft: O Fantasminha,Released,2022-07-21,0,,"Comedy, Family, Fantasy"
216328,Side Show,Released,1931-09-19,0,Warner Bros. Pictures,"Comedy, Music"
152818,Pier 13,Released,1940-08-08,0,20th Century Fox,Mystery
151854,Henry Busse and His Orchestra,Released,1940-11-30,0,Warner Bros. Pictures,Music
151859,Slap Happy Pappy,Released,1940-04-13,0,Warner Bros. Pictures,Animation
99237,Manila Calling,Released,1942-10-16,0,20th Century Fox,"Drama, War"
319983,Secret Agent of Japan,Released,1942-04-03,0,20th Century Fox,"Thriller, Mystery, Romance"
518154,Wells Fargo Days,Released,1944-04-01,0,Warner Bros. Pictures,Western
145511,Discover Spot,Released,2000-01-01,0,Walt Disney Pictures,Family
234112,Romance Road,Released,1938-01-29,0,Warner Bros. Pictures,"Adventure, Music, Romance, Western"
234249,The Littlest Diplomat,Released,1937-09-06,0,Warner Bros. Pictures,"Comedy, Family"
461102,Lon Chaney: Son of a Thousand Faces,Released,1995-10-25,0,20th Century Fox,Documentary
423302,Forêt Debussy,Released,2016-10-28,0,Warner Bros. Pictures,Drama
389293,The Fiercest Heart,Released,1961-04-30,0,20th Century Fox,Adventure
99675,Steel Against the Sky,Released,1941-12-13,0,Warner Bros. Pictures,"Action, Adventure, Comedy"
316732,Seeing Red,Released,1939-08-25,0,Warner Bros. Pictures,Comedy
99845,That Other Woman,Released,1942-11-13,0,20th Century Fox,"Romance, Comedy"
221346,Stage Struck,Released,1936-09-12,0,Warner Bros. Pictures,Comedy
221790,Here Comes Carter,Released,1936-10-24,0,Warner Bros. Pictures,Comedy
384923,Looney Tunes: Spotlight Collection Vol. 5,Released,2007-10-30,0,Warner Bros. Pictures,Animation
222682,Viva Cisco Kid,Released,1940-04-12,0,20th Century Fox,Western
148493,Scudda Hoo! Scudda Hay!,Released,1948-03-10,0,20th Century Fox,"Comedy, Drama, Romance"
92863,Tampico,Released,1944-04-10,0,20th Century Fox,"War, Drama"
149636,Grand Slam,Released,1933-02-22,0,Warner Bros. Pictures,Comedy
149414,If I'm Lucky,Released,1946-09-02,0,20th Century Fox,Music
95982,Mr. Headmistress,Released,1998-03-15,0,Walt Disney Pictures,"Comedy, TV Movie"
95968,Comet Over Broadway,Released,1938-12-03,0,Warner Bros. Pictures,"Drama, Romance"
96136,Confirm or Deny,Released,1941-12-12,0,20th Century Fox,"War, Drama"
95733,Melanie,Released,1982-02-12,0,20th Century Fox,"Drama, Romance"
322781,The Magical world of Winnie the Pooh : Growing up with Pooh,Released,2016-03-22,0,Walt Disney Pictures,"Animation, Family"
226013,Paris After Dark,Released,1943-10-15,0,20th Century Fox,"Drama, War"
96401,Merry Wives of Reno,Released,1934-04-18,0,Warner Bros. Pictures,Comedy
223970,Five of a Kind,Released,1938-10-14,0,20th Century Fox,"Comedy, Drama"
223704,Ride on Vaquero,Released,1941-04-18,0,20th Century Fox,Western
94730,Million Dollar Baby,Released,1941-05-31,0,Warner Bros. Pictures,"Comedy, Romance"
147860,Mountain Justice,Released,1937-04-24,0,Warner Bros. Pictures,"Drama, Romance"
61270,Cobalt Blue,Released,2009-06-27,0,20th Century Fox,Drama
76797,The Little Polar Bear: A Visitor from the South Pole,Released,2004-11-05,0,Warner Bros. Pictures,"Animation, Family"
76701,The Magical World of Winnie the Pooh: A Great Day of Discovery,Released,2003-06-01,0,Walt Disney Pictures,"Animation, Family"
68829,Mickey's Laugh Factory,Released,2005-03-14,0,Walt Disney Pictures,Animation
68969,Comme une bête,Released,1998-12-16,0,Warner Bros. Pictures,Comedy
186263,"Wine, Women and Horses",Released,1937-09-11,0,Warner Bros. Pictures,Drama
443596,After the Round-Up,Released,1929-01-25,0,Warner Bros. Pictures,"Comedy, Music"
443543,Cut Yourself a Piece of Cake,Released,1928-06-29,0,Warner Bros. Pictures,"Comedy, Music"
77119,50 Million Frenchmen,Released,1931-02-14,0,Warner Bros. Pictures,"Romance, Comedy"
187807,Slim,Released,1937-06-24,0,Warner Bros. Pictures,"Drama, Romance"
76882,The Magical World of Winnie the Pooh: It’s Playtime with Pooh,Released,2003-05-01,0,Walt Disney Pictures,"Family, Animation"
166649,Big Boy,Released,1930-04-27,0,Warner Bros. Pictures,"Comedy, Music"
184238,Yours Sincerely,Released,1933-03-11,0,Warner Bros. Pictures,"Comedy, Music"
357503,Man of Iron,Released,1935-12-21,0,Warner Bros. Pictures,Drama
76011,My Blue Heaven,Released,1950-09-15,0,20th Century Fox,"Drama, Music"
185126,Desi Arnaz and His Orchestra,Released,1946-10-12,0,Warner Bros. Pictures,Music
190897,The Heart of New York,Released,1932-03-26,0,Warner Bros. Pictures,Comedy
352536,The Gay Caballero,Released,1940-10-04,0,20th Century Fox,Western
352537,The Man Who Wouldn't Talk,Released,1940-01-11,0,20th Century Fox,"Crime, Drama"
165165,It Shouldn't Happen to a Dog,Released,1946-07-01,0,20th Century Fox,"Action, Adventure, Comedy, Crime"
190393,The Great Mr. Nobody,Released,1941-02-15,0,Warner Bros. Pictures,"Romance, Comedy, Drama"
163773,Scarlet Dawn,Released,1932-11-12,0,Warner Bros. Pictures,"Drama, History, Romance"
188768,We Are Not Alone,Released,1939-11-25,0,Warner Bros. Pictures,"Crime, Drama"
189041,The Royal Rodeo,Released,1939-11-25,0,Warner Bros. Pictures,"Music, Western, Comedy"
372691,White Bondage,Released,1937-08-05,0,Warner Bros. Pictures,Drama
190024,Varsity Show,Released,1937-09-04,0,Warner Bros. Pictures,Music
165663,Harry Warren: America's Foremost Composer,Released,1933-11-18,0,Warner Bros. Pictures,Music
165665,Buzzin' Around,Released,1933-02-04,0,Warner Bros. Pictures,Comedy
171348,Torchy Blane in Chinatown,Released,1939-02-02,0,Warner Bros. Pictures,"Action, Comedy, Crime"
175723,Manhattan Parade,Released,1931-12-24,0,Warner Bros. Pictures,Comedy
175861,Little Church Around the Corner,Released,1923-03-09,0,Warner Bros. Pictures,Drama
176087,The Marriage of a Young Stockbroker,Released,1971-08-19,0,20th Century Fox,Comedy
175993,The Expert,Released,1932-03-05,0,Warner Bros. Pictures,"Comedy, Drama"
552694,"Happy Birthday, Bugs! 50 Looney Years",Released,1990-05-09,0,Warner Bros. Pictures,"Comedy, TV Movie, Documentary"
363375,The United States Navy Band,Released,1943-01-25,0,Warner Bros. Pictures,Music
176867,Heart of the North,Released,1938-12-10,0,Warner Bros. Pictures,"Western, Adventure"
367162,Those Who Dance,Released,1930-04-18,0,Warner Bros. Pictures,"Crime, Drama"
173800,Broadway Hostess,Released,1935-12-07,0,Warner Bros. Pictures,"Drama, Romance"
174278,Duffy of San Quentin,Released,1954-03-16,0,Warner Bros. Pictures,"Drama, Crime"
436764,FOX 25th Anniversary Special,Released,2012-04-22,0,,"Comedy, TV Movie"
181133,Service with a Smile,Released,1934-07-28,0,Warner Bros. Pictures,"Comedy, Music"
549082,Love Thy Neighbor,Released,1984-05-23,0,,"Comedy, Romance, TV Movie"
178580,Shipmates Forever,Released,1935-10-12,0,Warner Bros. Pictures,"Drama, Music"
178579,Moonlight on the Prairie,Released,1935-11-02,0,Warner Bros. Pictures,Western
178819,Midnight Court,Released,1937-03-06,0,Warner Bros. Pictures,"Romance, Crime, Drama"
441003,Tiger Rose,Released,1923-12-09,0,Warner Bros. Pictures,Drama
562487,The Bill of Rights,Released,1939-08-19,0,Warner Bros. Pictures,"Drama, History"
180534,Love Is on the Air,Released,1937-10-02,0,Warner Bros. Pictures,"Romance, Mystery, Crime"
180223,Hangup,Released,1974-10-01,0,Warner Bros. Pictures,"Drama, Action"
179103,On Dress Parade,Released,1939-11-18,0,Warner Bros. Pictures,Drama
340567,The Return of the Cisco Kid,Released,1939-04-28,0,20th Century Fox,Western
340299,On Seventh Avenue,Released,1996-06-10,0,,"Crime, Drama"
18805,The Jackals,Released,1967-11-11,0,20th Century Fox,"Action, Drama, Romance, Adventure, Western"
605768,"It's a Mad, Mad, Mad, Mad Show",Released,2019-02-01,0,Warner Bros. Pictures,Comedy
202408,Big Game Haunt,Released,1968-02-09,0,Warner Bros. Pictures,"Animation, Comedy"
431453,The 42nd Street Special,Released,1933-02-20,0,Warner Bros. Pictures,Documentary
380519,Looney Tunes Super Stars Sylvester & Hippety Hopper: Marsupial Mayhem,Released,2013-04-23,0,Warner Bros. Pictures,Animation
380514,Looney Tunes Super Stars Porky & Friends: Hilarious Ham,Released,2012-11-06,0,Warner Bros. Pictures,Animation
336290,Bobbikins,Released,1959-07-28,0,20th Century Fox,Comedy
380467,Looney Tunes Super Stars Foghorn Leghorn & Friends: Barnyard Bigmouth,Released,2010-11-30,0,Warner Bros. Pictures,Animation
380466,Looney Tunes Super Stars Daffy Duck: Frustrated Fowl,Released,2010-08-10,0,Warner Bros. Pictures,Animation
615754,The Rocky Horror Double Feature Video Show,Released,1995-08-14,0,20th Century Fox,Documentary
22751,Mickey's Summer Madness,Released,2006-09-06,0,Walt Disney Pictures,Animation
84465,Made For Each Other,Released,1971-12-12,0,20th Century Fox,"Comedy, Romance"
207841,Earl Burtnett and His Biltmore Hotel Orchestra (III),Released,1928-03-02,0,Warner Bros. Pictures,Music
207856,Hazel Green & Company,Released,1927-09-15,0,Warner Bros. Pictures,Music
85074,Angel's Holiday,Released,1937-06-07,0,20th Century Fox,"Comedy, Romance, Crime"
207143,The Singing Fool,Released,1928-09-19,5916000,Warner Bros. Pictures,"Drama, Music"
80702,Rise and Shine,Released,1941-11-21,0,20th Century Fox,"Comedy, Crime, Romance"
192968,Baby Rose Marie: The Child Wonder,Released,1929-06-12,0,Warner Bros. Pictures,"Family, Music"
193310,Winged Victory,Released,1944-12-22,0,20th Century Fox,"Drama, War"
373985,Once a Doctor,Released,1937-01-23,0,Warner Bros. Pictures,Drama
193688,Secret Service of the Air,Released,1939-03-04,0,Warner Bros. Pictures,"Action, Adventure, Crime, Drama, Thriller"
921609,Manimal,Released,1983-09-30,0,,"Fantasy, Crime"
193638,A Soldier's Plaything,Released,1930-10-30,0,Warner Bros. Pictures,"Comedy, Drama, Romance, War"
162955,The Matrimonial Bed,Released,1930-08-01,0,Warner Bros. Pictures,Comedy
198930,Say It with Songs,Released,1929-08-05,2266000,Warner Bros. Pictures,Music
159017,A Modern Cinderella,Released,1932-11-05,0,Warner Bros. Pictures,"Music, Comedy"
80769,Star Dust,Released,1940-04-06,0,20th Century Fox,"Comedy, Drama"
197103,Double Exposure,Released,1935-11-23,0,Warner Bros. Pictures,Comedy
160149,Smashing the Money Ring,Released,1939-10-21,0,Warner Bros. Pictures,"Action, Adventure, Crime, Drama"
198600,Three Sailors and a Girl,Released,1953-11-23,0,Warner Bros. Pictures,Comedy
197884,Dreamer,Released,1979-04-27,0,20th Century Fox,Drama
539112,Which Way to the Ocean,Released,2017-12-19,0,,"Animation, Comedy"
256839,We Go Fast,Released,1941-09-19,0,20th Century Fox,"Action, Adventure, Comedy"
256749,Love and Learn,Released,1947-05-02,0,Warner Bros. Pictures,Comedy
132630,Love Under Fire,Released,1937-08-20,0,20th Century Fox,"War, Crime, Drama"
401688,Disneyland: The First 50 Magical Years,Released,2005-05-05,0,Walt Disney Pictures,"Comedy, Documentary"
51207,Second Chance,Released,1947-07-18,0,20th Century Fox,"Crime, Drama"
255749,Watch the Birdie,Released,1935-08-10,0,Warner Bros. Pictures,Comedy
255191,Six Hits and a Miss,Released,1942-10-24,0,Warner Bros. Pictures,Music
255083,The Canadians,Released,1961-03-11,0,20th Century Fox,"Action, Drama, Western"
255173,Skinnay Ennis and His Orchestra,Released,1941-01-04,0,Warner Bros. Pictures,Music
255164,Ozzie Nelson & His Orchestra,Released,1940-06-29,0,Warner Bros. Pictures,Music
38752,The Alphabet Conspiracy,Released,1959-01-26,0,Warner Bros. Pictures,"Family, TV Movie, Animation, Documentary"
132944,Danger – Love at Work,Released,1937-09-30,0,20th Century Fox,"Comedy, Romance"
291801,Five Minutes from the Station,Released,1930-09-30,0,Warner Bros. Pictures,Drama
130342,One in a Million,Released,1937-01-01,0,20th Century Fox,"Comedy, Music, Romance"
130385,The Farmer Takes a Wife,Released,1953-06-12,0,20th Century Fox,"Music, Comedy, Romance"
286743,The Law in Her Hands,Released,1936-05-16,0,Warner Bros. Pictures,"Drama, Comedy, Crime"
260078,Shooting High,Released,1940-04-25,0,20th Century Fox,"Music, Action, Comedy, Western"
114838,Brother Rat,Released,1938-10-29,0,Warner Bros. Pictures,Comedy
402875,Under Your Spell,Released,1936-11-06,0,20th Century Fox,"Comedy, Music, Romance"
130090,The Girl from Jones Beach,Released,1949-07-16,0,Warner Bros. Pictures,Comedy
286235,You Can't Have Everything,Released,1937-08-02,0,20th Century Fox,"Comedy, Music, Romance"
402168,Miles From Tomorrowland: Let's Rocket,Released,2015-08-11,0,Walt Disney Pictures,"Family, Adventure, Science Fiction, Animation"
50929,About Face,Released,1952-05-23,0,Warner Bros. Pictures,"Comedy, Romance"
50747,Time to Kill,Released,1942-12-24,0,20th Century Fox,Mystery
39766,The Challenge,Released,1970-02-10,0,,"War, Drama, TV Movie"
130980,Holiday for Lovers,Released,1959-07-21,0,20th Century Fox,Comedy
108506,The Reward,Released,1965-09-15,0,20th Century Fox,"Drama, Western"
298167,The Magical World of Winnie the Pooh: Little Things Mean a Lot,Released,2003-04-01,0,Walt Disney Pictures,"Animation, Family"
297870,Earthbound,Released,1940-06-06,0,20th Century Fox,"Fantasy, Mystery"
298464,Walt Disney Treasures: More Silly Symphonies,Released,2006-12-19,0,Walt Disney Pictures,"Animation, Family, Comedy, Music, Fantasy"
298602,Wild Geese Calling,Released,1941-08-15,0,20th Century Fox,Drama
252142,The Romance Of Robert Burns,Released,1937-04-10,0,Warner Bros. Pictures,Drama
252138,Home Run on the Keys,Released,1937-04-24,0,Warner Bros. Pictures,Music
297594,Lydia Bailey,Released,1952-05-30,0,20th Century Fox,"History, Adventure"
297577,Josette,Released,1938-06-03,0,20th Century Fox,"Comedy, Crime, Music"
297656,Passions,Released,1984-10-01,0,Warner Bros. Pictures,"Drama, TV Movie"
135748,Girl of the Night,Released,1960-11-11,0,Warner Bros. Pictures,Drama
500665,The Voice That Thrilled the World,Released,1943-10-16,0,Warner Bros. Pictures,"History, Documentary"
299878,Tom and Jerry Cute and Cuddly,Released,2013-10-30,0,Warner Bros. Pictures,Animation
701163,Groovin' with Ken,Released,2010-05-28,0,Walt Disney Pictures,"Animation, Comedy"
249185,Women Are Like That,Released,1938-04-23,0,Warner Bros. Pictures,Drama
249972,Brother Rat and a Baby,Released,1940-01-13,0,Warner Bros. Pictures,Comedy
249969,Three Cheers for the Irish,Released,1940-03-16,0,Warner Bros. Pictures,"Romance, Comedy"
250272,I Married a Doctor,Released,1936-04-25,0,Warner Bros. Pictures,Drama
108145,The Band Beautiful,Released,1928-10-01,0,Warner Bros. Pictures,Music
249460,High School,Released,1940-01-26,0,20th Century Fox,Comedy
249734,Madame du Barry,Released,1934-10-13,0,Warner Bros. Pictures,Drama
703021,C.S. Lewis: Dreamer of Narnia,Released,2006-12-12,0,Walt Disney Pictures,Documentary
52507,Pendulum:  Live At Brixton Academy,Released,2009-07-11,0,Warner Bros. Pictures,Music
498464,Adventures of Batman & Robin: Poison Ivy/The Penguin,Released,1992-09-01,1000000,Warner Bros. Pictures,Animation
253930,The Villiers Diamond,Released,1938-01-01,0,20th Century Fox,"Crime, Drama"
254394,Breakdowns of 1938,Released,1938-12-31,0,Warner Bros. Pictures,"Documentary, Comedy"
254523,Jimmy Dorsey and His Orchestra,Released,1938-10-22,0,Warner Bros. Pictures,"Documentary, Music"
296091,Broadway's Like That,Released,1930-03-04,0,Warner Bros. Pictures,Drama
499572,The Flip Side,Released,2018-08-30,0,20th Century Fox,"Comedy, Drama"
109640,Life Begins at Eight-Thirty,Released,1942-12-09,0,20th Century Fox,Drama
252453,Pack Up Your Troubles,Released,1939-10-24,0,20th Century Fox,"War, Comedy"
252708,Along Came a Spider,Released,1970-02-03,0,20th Century Fox,"Drama, TV Movie, Mystery, Thriller"
252693,The Trial of Chaplain Jensen,Released,1975-02-11,0,,"Drama, TV Movie"
418167,My Egg Boy,Released,2016-09-23,0,Warner Bros. Pictures,Romance
295740,Expensive Husbands,Released,1937-11-27,0,Warner Bros. Pictures,"Romance, Comedy"
398764,The Night Before the Divorce,Released,1942-03-06,0,20th Century Fox,"Comedy, Crime, Drama"
134911,On With the Show!,Released,1929-07-13,0,Warner Bros. Pictures,"Romance, Music"
43868,Thin Ice,Released,1937-09-03,0,20th Century Fox,"Comedy, Romance, Music"
43843,Happy Landing,Released,1938-01-23,0,20th Century Fox,"Comedy, Music"
121899,The Best Things in Life Are Free,Released,1956-09-28,0,20th Century Fox,Music
274950,Waterfront,Released,1939-07-15,0,Warner Bros. Pictures,"Action, Crime, Drama"
43077,Gordon's War,Released,1973-08-09,0,20th Century Fox,"Adventure, Action, Crime"
46590,The Absent-Minded Professor,Released,1988-11-27,0,Walt Disney Pictures,"Comedy, TV Movie"
120971,Gentlemen Are Born,Released,1934-11-17,0,Warner Bros. Pictures,"Drama, Music, Romance"
43694,Sweet Adeline,Released,1934-12-29,0,Warner Bros. Pictures,"Romance, Music"
43524,Iceland,Released,1942-09-21,0,20th Century Fox,"Romance, Music"
45558,For Those About to Rock: Monsters In Moscow,Released,1992-10-14,0,Warner Bros. Pictures,Documentary
123070,The Great Jewel Robber,Released,1950-07-15,0,Warner Bros. Pictures,"Crime, Drama"
411275,Broadway Musketeers,Released,1938-10-08,0,Warner Bros. Pictures,"Music, Drama"
122200,I Was Framed,Released,1942-04-04,0,Warner Bros. Pictures,"Action, Adventure, Crime, Drama"
273339,"Strawberry Shortcake: Bright Lights, Big Dreams",Released,2011-06-01,0,20th Century Fox,"Family, Animation"
273459,Safeguarding Military Information,Released,1941-01-16,0,20th Century Fox,Documentary
262536,Draegerman Courage,Released,1937-05-15,0,Warner Bros. Pictures,Drama
129165,Claudelle Inglish,Released,1961-09-20,0,Warner Bros. Pictures,Drama
262260,The Desert Song,Released,1929-04-08,3022000,Warner Bros. Pictures,"Music, Romance"
283670,Singapore Woman,Released,1941-05-17,0,Warner Bros. Pictures,Drama
283800,A Child Is Born,Released,1939-12-07,0,Warner Bros. Pictures,Drama
116783,Sit Tight,Released,1931-02-18,0,Warner Bros. Pictures,"Romance, Comedy, Action"
263256,Painting The Clouds With Sunshine,Released,1951-10-10,0,Warner Bros. Pictures,Music
116155,Alibi Ike,Released,1935-06-15,0,Warner Bros. Pictures,"Comedy, Romance"
129422,Home Sweet Homicide,Released,1946-10-02,0,20th Century Fox,"Comedy, Mystery"
116755,The Caribbean Mystery,Released,1945-06-01,0,20th Century Fox,"Crime, Drama, Mystery"
116750,"Roger Touhy, Gangster",Released,1944-06-03,0,20th Century Fox,"Crime, Drama"
279266,Return of the Texan,Released,1952-02-13,0,20th Century Fox,Western
118922,Sons o' Guns,Released,1936-05-13,0,Warner Bros. Pictures,"Comedy, War"
279926,"Christmas Miracle in Caufield, U.S.A.",Released,1977-12-26,0,,"Drama, TV Movie"
280039,The Archangel,Released,1969-07-02,0,20th Century Fox,"Crime, Comedy"
485741,The Gold Diggers,Released,1923-09-22,0,Warner Bros. Pictures,Comedy
42821,The Florentine Dagger,Released,1935-03-30,0,Warner Bros. Pictures,"Mystery, Crime"
119593,A Fever in the Blood,Released,1961-01-28,0,Warner Bros. Pictures,Drama
757844,Faith & Fear: The Conjuring Universe,Released,2021-06-04,0,Warner Bros. Pictures,"Documentary, Horror"
756099,Incompatível,Released,2022-04-28,0,,"Comedy, Romance"
278967,America's Prince: The John F. Kennedy Jr. Story,Released,2003-01-12,0,,"Drama, TV Movie"
278784,Deliberate Intent,Released,2000-08-06,0,,"Thriller, Drama"
750244,The Hardy Boys: The Mystery of the Chinese Junk,Released,1967-09-08,0,,"Adventure, Mystery, TV Movie"
281180,First to Fight,Released,1967-01-25,0,Warner Bros. Pictures,War
280406,Blow-Ups of 1947,Released,1947-12-31,0,Warner Bros. Pictures,"Documentary, Comedy"
47925,The Story on Page One,Released,1959-12-01,0,20th Century Fox,Drama
48212,KT,Released,2002-05-02,0,,"Drama, Action, Thriller"
118258,The Great Profile,Released,1940-08-30,0,20th Century Fox,Comedy
127798,Chad Hanna,Released,1940-12-25,0,20th Century Fox,"Romance, Drama"
238998,Accidents Will Happen,Released,1938-04-09,0,Warner Bros. Pictures,"Crime, Drama"
241497,"Oh, You Beautiful Doll",Released,1949-11-11,0,20th Century Fox,"Drama, Music"
244201,"Yes, My Darling Daughter",Released,1939-02-25,0,Warner Bros. Pictures,"Comedy, Romance"
505603,Daughter of the Streets,Released,1990-02-26,0,,"Drama, TV Movie"
245047,Barricade,Released,1939-12-08,0,20th Century Fox,"Adventure, Drama, Romance, War"
236938,Brother Brat,Released,1944-07-15,0,Warner Bros. Pictures,"Animation, Comedy"
141723,The Lieutenant Wore Skirts,Released,1956-01-11,0,20th Century Fox,Comedy
464174,M*A*S*H: 30th Anniversary Reunion,Released,2002-05-17,0,,Documentary
507882,I Am an American,Released,1944-12-23,0,Warner Bros. Pictures,"Drama, History"
508395,For Love and Honor,Released,1983-09-23,0,,"Drama, TV Movie"
242177,Carnival in Costa Rica,Released,1947-03-28,0,20th Century Fox,Music
1188200,Watchmen:(The Ultimate Cut),Released,2009-03-06,185000000,Warner Bros. Pictures,"Action, Mystery, Science Fiction, Crime"
422130,Air Patrol,Released,1962-07-17,0,20th Century Fox,"Drama, Crime"
139210,Big Hearted Herbert,Released,1934-10-06,0,Warner Bros. Pictures,Comedy
242631,So This Is Love,Released,1953-07-15,0,Warner Bros. Pictures,"Music, Romance"
242398,"Hey, Pop!",Released,1932-11-12,0,Warner Bros. Pictures,Comedy
242397,Over the Goal,Released,1937-10-16,0,Warner Bros. Pictures,"Comedy, Romance"
138618,The King's Vacation,Released,1933-02-25,0,Warner Bros. Pictures,Comedy
464693,Stolen Kisses,Released,1929-02-23,0,Warner Bros. Pictures,Comedy
508601,A Star Is Born World Premiere,Released,1954-09-28,0,Warner Bros. Pictures,Documentary
102936,Back to Hannibal: The Return of Tom Sawyer and Huckleberry Finn,Released,1990-10-21,0,Walt Disney Pictures,"Adventure, Drama"
241909,Claudia and David,Released,1946-02-25,0,20th Century Fox,"Drama, Comedy"
56559,Under Two Flags,Released,1936-04-30,0,20th Century Fox,"Adventure, Romance"
508564,"March On, America!",Released,1942-06-20,0,Warner Bros. Pictures,History
106823,"Welcome Home, Soldier Boys",Released,1972-01-01,0,20th Century Fox,Drama
102082,The McConnell Story,Released,1955-09-29,0,Warner Bros. Pictures,"Drama, War, History"
142286,Love That Brute,Released,1950-06-06,0,20th Century Fox,"Comedy, Crime"
301883,The Trans-Atlantic Mystery,Released,1932-08-31,0,Warner Bros. Pictures,Mystery
247782,Play Girl,Released,1932-03-12,0,Warner Bros. Pictures,Drama
142629,Junior Miss,Released,1945-06-16,0,20th Century Fox,Comedy
236246,Hobo Gadget Band,Released,1939-06-17,0,Warner Bros. Pictures,"Animation, Family"
142414,Colleen,Released,1936-03-21,0,Warner Bros. Pictures,"Drama, Romance"
301110,Better Late Than Never,Released,1983-02-21,0,Warner Bros. Pictures,Comedy
246910,Sin of Innocence,Released,1986-03-26,0,,"Drama, Romance, TV Movie"
247515,Sunday Dinner for a Soldier,Released,1944-12-08,0,20th Century Fox,"Drama, War"
142339,In Love and War,Released,1958-10-31,0,20th Century Fox,"War, Drama"
698817,Dolly Daisy in Hearts and Flowers,Released,1930-12-31,0,Warner Bros. Pictures,Animation
235558,The Go-Getter,Released,1937-05-22,0,Warner Bros. Pictures,"Comedy, Romance"
236450,Malibu Beach Party,Released,1940-09-14,0,Warner Bros. Pictures,Animation
301934,Back in Circulation,Released,1937-08-27,0,Warner Bros. Pictures,"Comedy, Drama, Mystery"
301921,Midnight Taxi,Released,1937-04-04,0,20th Century Fox,"Drama, Crime"
443692,Pack Up Your Troubles,Released,1929-11-19,0,Warner Bros. Pictures,Music
443693,She Who Gets Slapped,Released,1930-05-15,0,Warner Bros. Pictures,Comedy
443672,Satires,Released,1929-09-06,0,Warner Bros. Pictures,"Comedy, Music"
443656,Oklahoma Bob Albright and His Rodeo Do Flappers,Released,1929-06-11,0,Warner Bros. Pictures,"Comedy, Music"
443673,Carlena Diamond: Harpist Supreme,Released,1929-09-06,0,Warner Bros. Pictures,Music
443563,The Wild Westerner,Released,1928-11-14,0,Warner Bros. Pictures,"Comedy, Western"
443558,Song Impressions,Released,1928-10-17,0,Warner Bros. Pictures,Music
443562,A Musicale Melange,Released,1929-03-12,0,Warner Bros. Pictures,Music
443586,Songs and Impressions,Released,1928-08-24,0,Warner Bros. Pictures,"Comedy, Music"
443662,The Bee & the Fox,Released,1929-07-22,0,Warner Bros. Pictures,"Comedy, Music"
443665,The Gotham Rhythm Boys,Released,1929-09-27,0,Warner Bros. Pictures,Music
443588,Earl Burtnett and His Biltmore Hotel Orchestra (IV),Released,1928-03-30,0,Warner Bros. Pictures,Music
443667,Poor Aubrey,Released,1930-01-30,0,Warner Bros. Pictures,Comedy
443655,Dooley's the Name,Released,1929-01-31,0,Warner Bros. Pictures,Comedy
475958,My Marriage,Released,1936-01-31,0,20th Century Fox,"Crime, Drama"
443600,Frank Whitman: That Surprising Fiddler,Released,1929-01-28,0,Warner Bros. Pictures,"Comedy, Music"
443539,Earl Burtnett and His Biltmore Hotel Orchestra (I),Released,1928-03-03,0,Warner Bros. Pictures,Music
445204,Treasure Island,Released,1973-07-11,0,Warner Bros. Pictures,"Animation, Adventure"
445164,Daniel Boone: Frontier Trail Rider,Released,1966-07-23,0,20th Century Fox,Western
458609,Golden Dreams,Released,2001-02-08,0,Walt Disney Pictures,"Drama, History"
514525,The United States Army Air Force Band,Released,1942-03-27,0,Warner Bros. Pictures,Music
514545,Ring of Steel,Released,1942-04-02,0,Warner Bros. Pictures,Documentary
511862,Breakdowns of 1949,Released,1949-12-31,0,Warner Bros. Pictures,"Documentary, Comedy"
511860,Breakdowns of 1944,Released,1944-12-31,0,Warner Bros. Pictures,"Documentary, Comedy"
550982,One for the Book,Released,1940-02-03,0,Warner Bros. Pictures,"Comedy, Fantasy, Music"
1040195,Kingsman: The Secret Service Revealed,Released,2015-06-08,0,,Documentary
554411,Little Journeys to Great Masters,Released,1931-08-01,0,Warner Bros. Pictures,Documentary
476382,Manhunt in the Jungle,Released,1958-04-10,0,Warner Bros. Pictures,"Mystery, Action, Adventure, Drama, History"
511369,Men of the Sky,Released,1942-07-25,0,Warner Bros. Pictures,"Drama, War"
1017333,Minha Família Perfeita,Released,2022-09-08,0,,Comedy
483221,The Food World,Released,2018-02-21,200,Warner Bros. Pictures,"Family, Comedy"
469170,The Legend of Custer,Released,1968-01-01,0,20th Century Fox,Western
465462,The Tender Years,Released,1948-01-03,0,20th Century Fox,Drama
470012,Looney Tunes Super Stars Bugs Bunny: Wascally Wabbit,Released,,0,Warner Bros. Pictures,"Comedy, Animation"
496834,Voice of the Islands,Released,2017-03-07,0,Walt Disney Pictures,Documentary
507271,Things You Never See on the Screen,Released,1935-12-01,0,Warner Bros. Pictures,"Documentary, Comedy"
533993,Hello Kitty Tells Fairy Tales,Released,2004-02-17,0,,Animation
526209,Spills for Thrills,Released,1940-01-07,0,Warner Bros. Pictures,"Documentary, Action, Comedy"
1012953,Last Video and Testament,Released,1984-09-12,0,,"TV Movie, Mystery, Thriller, Horror"
500671,The Police Quartette,Released,1927-12-29,0,Warner Bros. Pictures,Music
452261,Stallion Road,Released,1947-04-12,2350000,Warner Bros. Pictures,"Western, Drama"
1012677,The Hundred Days,Released,2004-04-20,0,,Documentary
491211,"Ride, Cowboy, Ride",Released,1939-09-09,0,Warner Bros. Pictures,"Western, Music"
446191,Lone Star Ranger,Released,1942-03-20,0,20th Century Fox,Western
490707,Who Is Hope Schuyler?,Released,1942-04-17,0,20th Century Fox,"Action, Adventure, Comedy, Crime, Mystery, Romance"
490708,The Mad Martindales,Released,1942-05-15,0,20th Century Fox,Comedy
490655,Youth Will Be Served,Released,1940-11-22,0,20th Century Fox,Drama
490661,Golden Hoofs,Released,1941-02-14,0,20th Century Fox,Comedy
490664,A Very Young Lady,Released,1941-06-27,0,20th Century Fox,Comedy
490480,Your Uncle Dudley,Released,1935-12-13,0,20th Century Fox,Comedy
490514,The Holy Terror,Released,1937-02-05,0,20th Century Fox,Comedy
490521,45 Fathers,Released,1937-11-26,0,20th Century Fox,"Family, Comedy"
1036013,Ocean's Team 3.0,Released,2018-09-11,0,Warner Bros. Pictures,Documentary
490872,Jewels of Brandenburg,Released,1947-05-02,0,20th Century Fox,"Action, Crime, Mystery, Thriller"
449139,The History of 'Cruising',Released,2007-09-18,0,Warner Bros. Pictures,Documentary
449140,Exorcising 'Cruising',Released,2007-09-18,0,Warner Bros. Pictures,Documentary
495172,Cops: Shots Fired,Released,2004-03-23,0,20th Century Fox,Crime
464608,Mickey's Audition,Released,1992-10-01,0,Walt Disney Pictures,"Animation, Family"
538405,Script Girl,Released,1938-01-15,0,Warner Bros. Pictures,"Music, Comedy"
463977,The Midnight Taxi,Released,1928-09-01,0,Warner Bros. Pictures,Drama
1205833,Star Wars: The Clone Wars,Released,2008-10-25,68,Warner Bros. Pictures,"Action, Adventure, Animation"
798432,Macy's Thanksgiving Day Parade: Floating in History,Released,2006-11-21,0,,Documentary
799821,Rooster,Released,1982-08-19,0,,"Crime, Comedy, Mystery, TV Movie"
790628,Laura,Released,1955-10-19,0,20th Century Fox,"TV Movie, Drama, Mystery"
787977,A Day at Hollywood Park,Released,1947-06-07,0,Warner Bros. Pictures,Documentary
797406,Salzburg Sight and Sound,Released,1965-01-01,0,20th Century Fox,Documentary
1104547,According to Plan: The Making of 'Pirates of the Caribbean: Dead Man's Chest',Released,2006-12-06,0,Walt Disney Pictures,Documentary
775620,The Naggers at Breakfast,Released,1930-09-05,0,Warner Bros. Pictures,Comedy
1220526,Ice Age - 4D Experience,Released,2012-03-31,0,20th Century Fox,"Animation, Comedy, Adventure"
761435,The Emmet Awards Show!,Released,2014-09-10,0,,"Animation, Comedy"
768494,An Amazing Time: A Conversation About End of the Road,Released,2012-10-10,0,Warner Bros. Pictures,Documentary
921737,Stardust,Released,1938-12-12,0,Warner Bros. Pictures,Music
1181249,The Exorcist: The Version You've Never Seen,Released,2000-10-20,0,Warner Bros. Pictures,Horror
935507,Cover Up,Released,1984-09-22,0,,"Action, TV Movie"
842712,Wuzzles: Bulls of a Feather,Released,1986-01-06,0,Walt Disney Pictures,Animation
938608,Stand By Me,Released,1995-12-22,0,Walt Disney Pictures,"Comedy, Animation, Music"
931440,Gummi Bears: A New Beginning,Released,1986-07-18,0,Walt Disney Pictures,Animation
854741,Checkin in with Goofy,Released,2011-02-16,0,Walt Disney Pictures,"Animation, Comedy"
1326239,Family Guy 100th Episode Special,Released,2007-11-04,0,,"Animation, Comedy, TV Movie, Documentary"
1326063,The Simpsons Guy: A Family Guy Special,Released,2014-09-28,0,,"Animation, Comedy, TV Movie"
1326028,Family Guy: 200 Episodes Later,Released,2012-11-11,0,,"Animation, Documentary, TV Movie"
1326183,Family Guy: And Then There Were Fewer,Released,2010-09-26,0,,"Animation, Comedy, TV Movie"
595649,Love and the Devil,Released,1929-03-24,0,Warner Bros. Pictures,Drama
605595,The Spirit of 1918,Released,1928-10-07,0,Warner Bros. Pictures,Music
604847,The Origins of Ebbing,Released,2018-06-25,0,20th Century Fox,Documentary
625732,Better Dayz,Released,2002-07-16,0,Warner Bros. Pictures,"Drama, Action, Romance"
568890,Hot Sands,Released,1931-02-01,0,Warner Bros. Pictures,Comedy
574313,Ship Ahoy,Released,1920-04-11,0,Warner Bros. Pictures,Comedy
570481,Happy Log,Released,2016-01-21,0,20th Century Fox,"Action, Adventure, Drama"
554588,The Prisoner of Swing,Released,1938-06-11,0,Warner Bros. Pictures,"Music, Comedy"
563493,Pip's Predicament: A Pop-Up Adventure,Released,2008-04-07,0,Walt Disney Pictures,"Fantasy, Animation"
561610,Rambling 'Round Radio Row #7,Released,1933-06-01,0,Warner Bros. Pictures,Drama
595456,The Missing Link,Released,1927-05-06,0,Warner Bros. Pictures,Comedy
595317,Across the Pacific,Released,1926-10-02,0,Warner Bros. Pictures,"Adventure, Romance, War"
579566,Let's Sing a Song About the Moonlight,Released,1948-01-24,0,Warner Bros. Pictures,Music
582468,Oklahoma Outlaws,Released,1943-09-14,0,Warner Bros. Pictures,Western
697804,Let's Sing an Old Time Song,Released,1947-12-27,0,Warner Bros. Pictures,"Music, Family"
967486,The Making of 'The Marine',Released,2006-01-01,0,,"Documentary, Action"
1088108,Weyland Industries Testimonial,Released,2012-06-27,0,20th Century Fox,Science Fiction
715809,In and Out,Released,1921-07-17,0,Warner Bros. Pictures,Comedy
656284,The Hunters and the Hunted: The Making of 'Predator 2',Released,2005-01-25,0,,Documentary
639855,Ring of Passion,Released,1978-02-04,0,,"Action, Drama, History, TV Movie"
660523,The United States Service Bands,Released,1943-01-01,0,Warner Bros. Pictures,"Documentary, Music"
971041,Os Aventureiros – A Origem,Released,2023-07-06,0,,"Family, Science Fiction"
667690,Let's Sing a Song of the West,Released,1947-09-27,0,Warner Bros. Pictures,Music
119252,Prince of Players,Released,1955-01-11,0,20th Century Fox,Drama
297403,"Wife, Doctor and Nurse",Released,1937-09-17,0,20th Century Fox,"Comedy, Romance"
386736,Here Comes Happiness,Released,1941-03-15,0,Warner Bros. Pictures,"Comedy, Romance"
226034,Freshman Love,Released,1936-01-18,0,Warner Bros. Pictures,Comedy
181115,Corn on the Cop,Released,1934-04-28,0,Warner Bros. Pictures,Comedy
297158,To Mary - with Love,Released,1936-08-01,0,20th Century Fox,Drama
297152,White Fang,Released,1936-07-17,0,20th Century Fox,"Adventure, Action, Drama"
386618,The Arizona Wildcat,Released,1939-02-11,0,20th Century Fox,"Comedy, Western"
180950,And She Learned About Dames,Released,1934-03-27,0,Warner Bros. Pictures,Music
271827,Thunder in the Valley,Released,1947-11-01,0,20th Century Fox,Drama
154878,Career Woman,Released,1936-12-18,0,20th Century Fox,"Crime, Romance"
118646,Friends of Mr. Sweeney,Released,1934-07-28,0,Warner Bros. Pictures,Comedy
226704,One Sunday Afternoon,Released,1948-12-25,0,Warner Bros. Pictures,"Romance, Music"
118583,Time Out for Murder,Released,1938-09-25,0,20th Century Fox,"Crime, Mystery"
297669,Gone Are the Dayes,Released,1984-05-06,0,Walt Disney Pictures,"TV Movie, Comedy, Crime"
118938,It Could Happen to You,Released,1939-06-08,0,20th Century Fox,"Comedy, Mystery"
77563,Tonight We Sing,Released,1953-01-26,0,20th Century Fox,Music
118900,"In the Meantime, Darling",Released,1944-09-22,0,20th Century Fox,"Comedy, War"
224948,The Old Grey Mayor,Released,1935-04-06,0,Warner Bros. Pictures,Comedy
296688,Charter Pilot,Released,1940-12-06,0,20th Century Fox,Adventure
153498,Ladies of Washington,Released,1944-05-25,0,20th Century Fox,Thriller
354151,Pride of the Blue Grass,Released,1939-10-06,0,Warner Bros. Pictures,Drama
386466,Meet the Girls,Released,1938-10-06,0,20th Century Fox,"Crime, Comedy"
405530,A Laugh or Two,Released,1928-02-04,0,Warner Bros. Pictures,Comedy
405541,Fair Warning,Released,1937-03-05,0,20th Century Fox,Mystery
176857,Hot Money,Released,1936-07-18,0,Warner Bros. Pictures,Comedy
228304,Lucretia Lombard,Released,1923-12-08,0,Warner Bros. Pictures,Drama
387877,All-Star Vaudeville,Released,1935-04-26,0,Warner Bros. Pictures,Comedy
1483994,Burn-E,Released,2008-11-18,0,Walt Disney Pictures,"Animation, Adventure, Comedy, Family, Science Fiction"
177077,Kisses for Breakfast,Released,1941-07-05,0,Warner Bros. Pictures,"Romance, Comedy"
176008,Stranger in Town,Released,1932-07-07,0,Warner Bros. Pictures,Drama
260960,She Loved a Fireman,Released,1937-12-18,0,Warner Bros. Pictures,"Drama, Action"
260943,Private Number,Released,1936-06-05,0,20th Century Fox,"Drama, Romance"
328356,The Captain's Kid,Released,1936-11-14,0,Warner Bros. Pictures,"Music, Comedy, Drama"
178658,A Fugitive from Justice,Released,1940-06-15,0,Warner Bros. Pictures,Crime
298295,Walt Disney Treasures: Disney Rarities,Released,2005-12-06,0,Walt Disney Pictures,Animation
118283,The Girl He Left Behind,Released,1956-10-26,0,Warner Bros. Pictures,"Comedy, Drama"
227202,Black Gold,Released,1962-07-21,0,Warner Bros. Pictures,Adventure
241280,Give My Regards to Broadway,Released,1948-06-08,0,20th Century Fox,Music
118328,Swanee River,Released,1939-12-29,0,20th Century Fox,"Drama, Music, Thriller"
271114,Cinderella Jones,Released,1946-03-09,0,Warner Bros. Pictures,"Music, Comedy"
387601,When East Meets West,Released,1928-08-01,0,Warner Bros. Pictures,Music
328786,Dublin in Brass,Released,1935-09-07,0,Warner Bros. Pictures,"Music, Comedy"
294375,Jaws of Steel,Released,1927-09-10,0,Warner Bros. Pictures,"Drama, Family, Action"
257655,Three Women,Released,1924-08-18,0,Warner Bros. Pictures,Drama
294366,While London Sleeps,Released,1926-11-27,0,Warner Bros. Pictures,"Crime, Action, Adventure"
294369,Hills of Kentucky,Released,1927-02-26,0,Warner Bros. Pictures,"Drama, Action"
221280,Tugboat Annie Sails Again,Released,1940-10-26,0,Warner Bros. Pictures,"Comedy, Drama, Romance"
243039,I Never Forget a Face,Released,1956-04-28,0,Warner Bros. Pictures,"Documentary, History"
274773,Cops: Bad Girls,Released,2004-01-01,0,20th Century Fox,Crime
185352,Tracked by the Police,Released,1927-05-07,0,Warner Bros. Pictures,"Action, Adventure"
221793,Talent Scout,Released,1937-07-24,0,Warner Bros. Pictures,"Drama, Music, Romance"
310978,Always Together,Released,1947-12-10,0,Warner Bros. Pictures,Comedy
383684,Pepper,Released,1936-08-08,0,20th Century Fox,Comedy
417011,We Have Come for Your Daughters,Released,1971-09-20,0,Warner Bros. Pictures,"Documentary, Music"
220614,On the Threshold of Space,Released,1956-03-29,0,20th Century Fox,Drama
150498,The Great Library Misery,Released,1938-09-10,0,Warner Bros. Pictures,Comedy
275496,Fraulein,Released,1958-06-08,0,20th Century Fox,"War, Romance"
257402,The Shining Future,Released,1944-04-11,0,Warner Bros. Pictures,"Music, Documentary"
121384,B.S. I Love You,Released,1971-03-31,0,"20th Century Fox, 20th Century Fox","Comedy, Drama"
320465,The Escape,Released,1939-10-05,0,20th Century Fox,"Crime, Drama"
411706,Flying Stewardess,Released,1940-08-16,0,20th Century Fox,Documentary
353805,Frontier Days,Released,1945-12-08,0,Warner Bros. Pictures,Western
120996,"Wife, Husband and Friend",Released,1939-03-03,0,20th Century Fox,Comedy
182895,Embraceable You,Released,1948-08-21,0,Warner Bros. Pictures,"Drama, Romance, Thriller"
152039,Toyland Casino,Released,1938-10-08,0,Warner Bros. Pictures,"Music, Comedy"
152040,Night Intruder,Released,1938-07-23,0,Warner Bros. Pictures,"Drama, Crime"
152056,At Home,Released,1939-04-15,0,Warner Bros. Pictures,"Music, Comedy"
413376,Let's Sing Grandfather's Favorites,Released,1948-08-08,0,Warner Bros. Pictures,Music
185125,The Road to Victory,Released,1944-05-18,0,Warner Bros. Pictures,Documentary
151853,The Camera Speaks,Released,1934-08-11,0,Warner Bros. Pictures,Drama
185285,Boulder Dam,Released,1936-03-07,0,Warner Bros. Pictures,"Action, Drama"
295137,The Daredevil Drivers,Released,1938-02-12,0,Warner Bros. Pictures,"Action, Crime, Drama, Romance"
352450,"March On, Marines",Released,1940-12-14,0,Warner Bros. Pictures,Drama
152332,Use Your Imagination,Released,1933-09-02,0,Warner Bros. Pictures,Romance
223361,Go Into Your Dance,Released,1935-04-20,0,Warner Bros. Pictures,"Music, Drama"
274441,Murder in Peyton Place,Released,1977-10-03,0,,"Drama, TV Movie"
242749,Wake Up and Dream,Released,1946-12-02,0,20th Century Fox,Drama
97583,On the Sunny Side,Released,1942-02-13,0,20th Century Fox,"Drama, War"
109367,Les Aventures effrayantes de Scoubidou,Released,2003-07-02,0,Warner Bros. Pictures,"Adventure, Animation, Comedy"
322441,Dixie Dugan,Released,1943-03-12,0,20th Century Fox,Comedy
361509,"Oh, Sailor Behave!",Released,1930-08-15,0,Warner Bros. Pictures,"Music, Comedy"
160463,The Footloose Heiress,Released,1937-10-08,0,Warner Bros. Pictures,"Comedy, Romance"
234946,24 Hour Alert,Released,1955-12-22,0,Warner Bros. Pictures,"Drama, Documentary"
109537,Kidnapped,Released,1938-05-27,0,20th Century Fox,"Adventure, Drama"
99212,Girl Trouble,Released,1942-10-09,0,20th Century Fox,Comedy
1452426,24: Redemption,Released,2008-11-23,13593473,,"Action, Adventure, Crime, Drama, Thriller"
265841,"Sally, Irene and Mary",Released,1938-03-04,0,20th Century Fox,"Comedy, Romance"
98867,Party Husband,Released,1931-06-06,0,Warner Bros. Pictures,Comedy
234251,A Guide for the Married Woman,Released,1978-10-13,0,,"Comedy, Drama, Romance, TV Movie"
325096,At the Party,Released,1929-06-12,0,Warner Bros. Pictures,Comedy
266424,Under a Texas Moon,Released,1930-04-01,0,Warner Bros. Pictures,"Adventure, Comedy, Western"
95367,International Squadron,Released,1941-08-13,0,Warner Bros. Pictures,"Adventure, Drama, War"
110525,Four Sons,Released,1940-06-14,0,20th Century Fox,"Drama, History, War"
110191,A Gentleman at Heart,Released,1942-01-16,0,20th Century Fox,Comedy
238345,Maryland,Released,1940-07-19,0,20th Century Fox,Drama
162630,Nine O'clock Folks,Released,1931-04-15,0,Warner Bros. Pictures,"Music, Comedy"
102764,My Pal Gus,Released,1952-12-01,0,20th Century Fox,"Drama, Comedy"
264745,Sweet Kitty Bellairs,Released,1930-08-09,0,Warner Bros. Pictures,"Music, Romance"
104719,"Oh, Men! Oh, Women!",Released,1957-02-22,0,20th Century Fox,Comedy
164026,Rufus Jones for President,Released,1933-09-09,0,Warner Bros. Pictures,"Comedy, Music"
164040,Salt Water Daffy,Released,1933-09-16,0,Warner Bros. Pictures,Comedy
106495,Little Big Shot,Released,1935-09-07,0,Warner Bros. Pictures,"Comedy, Crime"
264431,Old English,Released,1930-08-12,0,Warner Bros. Pictures,Drama
162800,Viennese Nights,Released,1930-11-25,0,Warner Bros. Pictures,Music
162780,Bought!,Released,1931-08-22,0,Warner Bros. Pictures,"Drama, Romance"
263287,Thanks for Everything,Released,1938-12-23,0,20th Century Fox,Comedy
100632,Always Leave Them Laughing,Released,1949-11-26,0,Warner Bros. Pictures,"Drama, Comedy"
165669,Barber Shop Blues,Released,1933-09-30,0,Warner Bros. Pictures,Music
165672,Mills Blue Rhythm Band,Released,1933-01-30,0,Warner Bros. Pictures,Music
165673,Smash Your Baggage,Released,1932-10-29,0,Warner Bros. Pictures,Music
99863,Flight Angels,Released,1940-05-18,0,Warner Bros. Pictures,Drama
235609,Dancing Sweeties,Released,1930-07-19,0,Warner Bros. Pictures,"Romance, Comedy, Drama"
108205,Diamond Horseshoe,Released,1945-05-02,0,20th Century Fox,"Music, Comedy"
108142,The Ham What Am,Released,1928-06-30,0,Warner Bros. Pictures,"Comedy, Music"
362456,Dangerously Yours,Released,1937-09-21,0,20th Century Fox,"Drama, Crime"
108231,Father Was a Fullback,Released,1949-09-30,0,20th Century Fox,Comedy
102410,Fillmore,Released,1972-06-14,0,20th Century Fox,Music
107598,The Kid from Kokomo,Released,1939-05-23,0,Warner Bros. Pictures,"Romance, Comedy"
358191,Sidney Shorr: A Girl's Best Friend,Released,1981-10-05,0,Warner Bros. Pictures,"Drama, Comedy, TV Movie"
358076,A Letter to Three Wives,Released,1985-12-16,0,,"TV Movie, Drama"
358048,Bomber's Moon,Released,1943-08-05,0,20th Century Fox,"Drama, War, Adventure"
156348,A Fool's Advice,Released,1932-02-20,0,Warner Bros. Pictures,Comedy
156350,In the Dough,Released,1933-11-15,0,Warner Bros. Pictures,Comedy
115857,The Cherokee Strip,Released,1937-05-15,0,Warner Bros. Pictures,"Action, Music, Western"
175382,Accent on Love,Released,1941-07-11,0,20th Century Fox,Drama
115287,Over the Wall,Released,1938-04-02,0,Warner Bros. Pictures,"Romance, Drama"
269712,Hotel a la Swing,Released,1937-03-13,0,Warner Bros. Pictures,"Music, Comedy"
156589,6 Day Bike Rider,Released,1934-10-20,0,Warner Bros. Pictures,Comedy
174798,She Couldn't Say No,Released,1940-12-07,0,Warner Bros. Pictures,Comedy
89989,The Cowboy Quarterback,Released,1939-07-29,0,Warner Bros. Pictures,Comedy
89996,Truck Busters,Released,1943-01-28,0,Warner Bros. Pictures,Drama
325842,Murder: By Reason of Insanity,Released,1985-10-01,0,,"Crime, Drama, TV Movie"
170851,A Friendship in Vienna,Released,1988-08-27,0,Walt Disney Pictures,"Drama, History"
301917,Crack in the Mirror,Released,1960-05-19,0,20th Century Fox,"Crime, Drama"
171435,How to Know God,Released,2006-11-07,0,20th Century Fox,Documentary
171412,Private Detective,Released,1939-12-09,0,Warner Bros. Pictures,Mystery
390113,Behind the Lines,Released,1926-10-04,0,Warner Bros. Pictures,Music
112007,"Mary, Mary",Released,1963-10-24,0,Warner Bros. Pictures,Comedy
159019,Roseland,Released,1930-09-07,0,Warner Bros. Pictures,Music
170055,Big Business,Released,1937-06-18,0,20th Century Fox,Comedy
365509,The Devil's Saddle Legion,Released,1937-08-14,0,Warner Bros. Pictures,Western
233622,Mischa Elman,Released,1926-08-06,0,Warner Bros. Pictures,Music
170568,Within These Walls,Released,1945-07-13,0,20th Century Fox,Drama
325643,Quick Millions,Released,1939-08-25,0,20th Century Fox,Comedy
170738,Missing Witnesses,Released,1937-12-11,0,Warner Bros. Pictures,"Romance, Action, Adventure, Crime, Drama"
1471626,Phobos,Released,2017-08-15,0,20th Century Fox,"Science Fiction, Horror"
230984,A Night at the Ritz,Released,1935-03-23,0,Warner Bros. Pictures,Comedy
1471612,Advent,Released,2017-08-15,0,20th Century Fox,"Science Fiction, Horror"
171854,Father's Son,Released,1941-02-12,0,Warner Bros. Pictures,Drama
1471575,Transmission,Released,2012-09-06,0,20th Century Fox,Science Fiction
280405,Blow-Ups of 1946,Released,1946-12-31,0,Warner Bros. Pictures,"Documentary, Comedy"
280401,Breakdowns of 1940,Released,1940-12-31,0,Warner Bros. Pictures,"Documentary, Comedy"
134238,Song of the Saddle,Released,1936-02-28,0,Warner Bros. Pictures,"Comedy, Romance"
253248,Money and the Woman,Released,1940-08-17,0,Warner Bros. Pictures,"Crime, Drama"
253610,The Dipsy Doodler,Released,1940-02-01,0,Warner Bros. Pictures,Music
430063,Double or Nothing,Released,1940-04-20,0,Warner Bros. Pictures,"Comedy, Music"
43834,Rose of Washington Square,Released,1939-05-05,0,20th Century Fox,"Drama, Music"
43520,Wintertime,Released,1943-09-17,0,20th Century Fox,"Comedy, Music, Romance"
252933,Mrs. Sundance,Released,1974-01-15,0,,"Western, TV Movie"
247210,Elopement,Released,1951-11-23,0,20th Century Fox,Comedy
288351,A Trip to Paris,Released,1938-05-06,0,20th Century Fox,"Adventure, Comedy"
429506,Garfield: Holiday Celebrations,Released,2004-10-26,0,,"Comedy, Animation"
429140,Harry Fox and His Six American Beauties,Released,1929-07-21,0,Warner Bros. Pictures,"Music, Comedy"
429139,Ship Ahoy,Released,1929-03-11,0,Warner Bros. Pictures,Comedy
429134,Ben Bernie and His Orchestra,Released,1930-05-15,0,Warner Bros. Pictures,"Comedy, Music"
429130,You Don't Know the Half of It,Released,1929-12-09,0,Warner Bros. Pictures,Comedy
429157,Harry Wayman and His 'Debutantes',Released,1928-02-04,0,Warner Bros. Pictures,Music
198068,Red Nichols and His Five Pennies,Released,1929-09-16,0,Warner Bros. Pictures,Music
212363,The Jazzmania Quintette,Released,1928-07-05,0,Warner Bros. Pictures,Music
212365,Gus Arnheim and His Cocoanut Grove Orchestra,Released,1928-07-05,0,Warner Bros. Pictures,Music
212370,Blossom Seeley and Bennie Fields,Released,1927-07-11,0,Warner Bros. Pictures,Music
198379,Hotel for Women,Released,1939-08-03,0,20th Century Fox,Drama
134439,The Daughter of Rosie O'Grady,Released,1950-04-29,0,Warner Bros. Pictures,"Comedy, Romance"
252139,Breakdowns of 1937,Released,1937-12-31,0,Warner Bros. Pictures,"Documentary, Comedy"
200717,One Mile From Heaven,Released,1937-08-18,0,20th Century Fox,Drama
211775,Decline and Fall of a Birdwatcher,Released,1968-10-30,0,20th Century Fox,Comedy
337888,Sailor's Lady,Released,1940-07-05,0,20th Century Fox,Comedy
337970,Her Husband's Secretary,Released,1937-02-26,0,Warner Bros. Pictures,Drama
254516,Rambling 'Round Radio Row #9,Released,1934-05-19,0,Warner Bros. Pictures,Comedy
50415,LeapFrog: Word Caper,Released,2004-11-01,0,Warner Bros. Pictures,"Family, Animation"
254510,Rambling 'Round Radio Row #1,Released,1932-06-25,0,Warner Bros. Pictures,"Documentary, Music"
372831,Broadway Ballyhoo,Released,1935-12-28,0,Warner Bros. Pictures,Music
278805,The Eddie Cantor Story,Released,1953-12-25,0,Warner Bros. Pictures,"Music, Drama"
289982,Headin' for Broadway,Released,1980-05-01,0,20th Century Fox,"Drama, Music"
195456,All This and World War II,Released,1976-11-12,0,20th Century Fox,"History, Documentary, Music, War"
254618,Don Juan Quilligan,Released,1945-06-01,0,20th Century Fox,Comedy
131401,"Good Morning, Eve!",Released,1934-09-22,0,Warner Bros. Pictures,"Comedy, Music"
278862,Fireball Forward,Released,1972-03-05,0,,"War, TV Movie"
195068,Hearts Divided,Released,1936-06-20,0,Warner Bros. Pictures,"Drama, Romance, Music, History"
279660,The I Don't Care Girl,Released,1953-01-14,0,20th Century Fox,Music
345550,The Secret Life of an American Wife,Released,1968-06-25,0,20th Century Fox,Comedy
279630,The Guy Who Came Back,Released,1951-08-16,0,20th Century Fox,Drama
429054,The Cowboy and the Girl,Released,1928-04-20,0,Warner Bros. Pictures,Comedy
429046,"Okay, José",Released,1935-12-07,0,Warner Bros. Pictures,"Music, Comedy"
429041,Bring on the Girls,Released,1937-03-06,0,Warner Bros. Pictures,Comedy
429034,Trouble in Toyland,Released,1935-11-30,0,Warner Bros. Pictures,Music
379904,"Free, Blonde and 21",Released,1940-03-28,0,20th Century Fox,"Romance, Drama"
48353,Japanese War Bride,Released,1952-01-29,0,20th Century Fox,Drama
285319,Donald Loves Daisy,Released,1988-11-11,0,Walt Disney Pictures,Animation
204967,River's End,Released,1930-11-01,0,Warner Bros. Pictures,"Western, Drama, Romance"
204703,Red Nichols & His World Famous Pennies,Released,1936-01-04,0,Warner Bros. Pictures,Music
316238,One Wild Night,Released,1938-06-02,0,20th Century Fox,"Comedy, Crime"
316235,Thomas & Friends: Tales from the Tracks,Released,2006-05-23,0,,"Animation, Family"
342085,Hot News Margie,Released,1931-11-27,0,Warner Bros. Pictures,Comedy
342404,Private Lessons,Released,1934-05-04,0,Warner Bros. Pictures,Music
342406,Picture Palace,Released,1934-02-10,0,Warner Bros. Pictures,Family
282980,Murder by an Aristocrat,Released,1936-06-13,0,Warner Bros. Pictures,Mystery
340899,News Is Made at Night,Released,1939-07-20,0,20th Century Fox,"Action, Comedy"
206661,He Couldn't Say No,Released,1938-03-19,0,Warner Bros. Pictures,"Crime, Adventure, Comedy"
438498,Opening Night,Released,1931-01-05,0,Warner Bros. Pictures,Comedy
249973,South of Suez,Released,1940-11-16,0,Warner Bros. Pictures,"Mystery, Drama"
341926,Les nouvelles aventure de Courtemanche,Released,1993-05-26,0,Warner Bros. Pictures,Comedy
207738,"Pie, Pie Blackbird",Released,1932-06-03,0,Warner Bros. Pictures,Music
139730,Miss Pacific Fleet,Released,1935-12-14,0,Warner Bros. Pictures,"Romance, Comedy"
338754,Three Sons o' Guns,Released,1941-08-02,0,Warner Bros. Pictures,"Romance, Comedy"
286571,The Country Doctor,Released,1936-03-12,0,20th Century Fox,Drama
247691,Three Brave Men,Released,1956-12-01,0,20th Century Fox,Drama
201125,Trial by Trigger,Released,1944-05-27,0,Warner Bros. Pictures,Western
247596,"Straight, Place and Show",Released,1938-09-30,0,20th Century Fox,"Comedy, Music"
344050,Wagon Wheels West,Released,1943-10-30,0,Warner Bros. Pictures,Western
137343,The Racers,Released,1955-02-04,0,20th Century Fox,Drama
342852,D-Day Revisited,Released,1968-01-01,0,20th Century Fox,Documentary
315797,Dead on Target,Released,1976-03-16,0,,"Action, Adventure, Drama, TV Movie"
315541,"Marines, Let's Go",Released,1961-08-15,0,20th Century Fox,"Comedy, War"
374484,Oilspot and Lipstick,Released,1987-07-28,0,Walt Disney Pictures,Animation
209373,King for a Day,Released,1934-06-29,0,Warner Bros. Pictures,"Music, Comedy"
377205,The Best of the Tracey Ullman Show,Released,1990-05-26,0,,Comedy
434584,Help Wanted: Kids,Released,1986-02-02,0,Walt Disney Pictures,Adventure
209454,Making It,Released,1971-03-21,0,20th Century Fox,"Comedy, Drama"
277513,A Private's Affair,Released,1959-08-14,0,20th Century Fox,"Comedy, Music"
129156,The Bottom of the Bottle,Released,1956-02-01,0,20th Century Fox,Drama
419237,Stories in Song,Released,1928-03-31,0,Warner Bros. Pictures,Music
334961,Kung Fu - A Legend Reborn,Released,1992-01-01,0,Warner Bros. Pictures,"Crime, Action, TV Movie"
256482,Here I Am a Stranger,Released,1939-09-29,0,20th Century Fox,Drama
192059,Dance Charlie Dance,Released,1937-07-06,0,Warner Bros. Pictures,Comedy
418525,At the Stroke of Twelve,Released,1941-11-15,0,Warner Bros. Pictures,Drama
418527,Polo with the Stars,Released,1941-09-20,0,Warner Bros. Pictures,Documentary
56602,Affectionately Yours,Released,1941-05-10,0,Warner Bros. Pictures,"Comedy, Romance"
291238,The Sultan's Jester,Released,1930-05-24,0,Warner Bros. Pictures,Music
129461,The Younger Brothers,Released,1949-05-03,0,Warner Bros. Pictures,Western
333560,The Big Noise,Released,1936-06-22,0,Warner Bros. Pictures,Comedy
420812,Bambi,Released,,0,Walt Disney Pictures,"Adventure, Drama, Family"
190334,Show of Shows,Released,1929-11-21,0,Warner Bros. Pictures,Music
148304,The Decision of Christopher Blake,Released,1948-12-23,0,Warner Bros. Pictures,"Romance, Drama"
218582,Thieves Fall Out,Released,1941-05-03,0,Warner Bros. Pictures,Comedy
218597,Everybody's Hobby,Released,1939-08-26,0,Warner Bros. Pictures,"Drama, Comedy"
126417,Catch a Wave,Released,2006-04-29,0,Warner Bros. Pictures,"Action, Adventure, Drama"
1445167,"Archivos de Peter Weyland: Conferencia TED, 2023",Released,2012-09-10,0,,Science Fiction
190084,Call It a Day,Released,1937-04-17,0,Warner Bros. Pictures,Comedy
190015,Cowboy from Brooklyn,Released,1938-07-09,0,Warner Bros. Pictures,"Comedy, Western"
334465,Slapsie Maxie's,Released,1939-09-16,0,Warner Bros. Pictures,Comedy
188116,Captain Eddie,Released,1945-06-18,0,20th Century Fox,Drama
245984,The Singing Marine,Released,1937-07-03,0,Warner Bros. Pictures,"Romance, Comedy"
130098,Treachery Rides the Range,Released,1936-05-02,0,Warner Bros. Pictures,"Music, Western"
215369,Southern Comfort,Released,2006-01-01,0,,Drama
193470,Keystone Hotel,Released,1935-09-21,0,Warner Bros. Pictures,Comedy
346985,I Wonder Who's Kissing Her Now,Released,1947-07-31,0,20th Century Fox,Music
256997,Two Guys from Texas,Released,1948-08-27,0,Warner Bros. Pictures,"Comedy, Western"
130452,Gold Diggers in Paris,Released,1938-06-11,0,Warner Bros. Pictures,"Comedy, Music, Romance"
64770,Incident on a Dark Street,Released,1973-01-13,0,,"Crime, Drama, TV Movie"
53833,Dancing in the Dark,Released,1949-12-02,0,20th Century Fox,"Comedy, Romance"
130507,Four Mothers,Released,1941-01-04,0,Warner Bros. Pictures,"Drama, Romance"
278483,Law of the Tropics,Released,1941-10-04,0,Warner Bros. Pictures,"Romance, Drama"
255172,Cliff Edwards and His Buckaroos,Released,1941-03-08,0,Warner Bros. Pictures,"Music, Western"
255205,Stan Kenton and His Orchestra,Released,1947-02-06,0,Warner Bros. Pictures,Music
243791,Gold Dust Gertie,Released,1931-06-27,0,Warner Bros. Pictures,Comedy
255199,Bob Wills and His Texas Playboys,Released,1944-09-02,0,Warner Bros. Pictures,Music
215805,In the Name of Love: A Texas Tragedy,Released,1995-09-12,0,,"Drama, Romance, TV Movie"
243778,The Two Little Bears,Released,1961-11-01,0,20th Century Fox,"Fantasy, Comedy"
1184346,Haunted Mansion: Swinging Wake,Released,2023-07-26,0,Walt Disney Pictures,"Animation, Mystery"
1184348,Haunted Mansion: Enter If You Dare,Released,2023-07-26,0,Walt Disney Pictures,"Animation, Mystery"
1503281,The Little Mermaid: Into the Storm,Canceled,,0,Walt Disney Pictures,"Adventure, Animation, Comedy, Drama, Family, Fantasy, Music, Romance"
1502478,Danny Boyle: Retrospective,Released,2013-07-23,0,,Documentary
1165491,Black Belts,Released,2023-09-29,0,Walt Disney Pictures,Drama
1165492,Project CC,Released,2023-09-29,0,Walt Disney Pictures,Drama
1170603,Grelo - A Face do Medo,Released,,45,Warner Bros. Pictures,"Horror, Romance"
1160551,Accidental Heroes: The Best of...,Released,2004-04-06,0,Warner Bros. Pictures,Documentary
1160894,Tangled,Planned,,0,Walt Disney Pictures,"Adventure, Comedy, Family, Fantasy, Romance"
1178086,Toy Story Funday Football,Released,2023-10-01,0,Walt Disney Pictures,"Animation, Family"
1504349,Lilo & Stitch 2,Planned,,0,Walt Disney Pictures,"Family, Science Fiction, Comedy, Adventure"
1174401,Untitled Pirates of the Caribbean Movie,Planned,,0,Walt Disney Pictures,"Action, Adventure, Fantasy"
1175918,Jan & Dean: On the Run,Released,1966-08-01,0,,"Comedy, TV Movie"
1227722,Dare Mighty Things: NASA's Journey To Mars,Released,2016-01-12,0,20th Century Fox,Documentary
1230975,The Artist Who did Not Want to Paint,Released,1965-10-07,0,20th Century Fox,Documentary
1228888,The Meet Arnold Movie,Released,2022-01-04,0,Warner Bros. Pictures,"Comedy, Adventure, Action, Horror, Drama, Fantasy"
1219371,Untitled Diary Of A Wimpy Kid Animated film,Released,,0,Walt Disney Pictures,"Comedy, Family, Animation"
1225047,Bis ans Ende der Welt - Director's cut,Released,2015-03-07,0,Warner Bros. Pictures,"Drama, Science Fiction, Adventure"
1239253,Attack of the 50 Foot Woman,Planned,,0,Warner Bros. Pictures,Science Fiction
1239253,Attack of the 50 Foot Woman,Planned,,0,Warner Bros. Pictures,Science Fiction
1238997,Bowser Sees Space Jam,Released,2023-12-31,5,Warner Bros. Pictures,Comedy
1490444,The Silent Partner,Released,1931-08-02,0,Warner Bros. Pictures,Drama
1243034,Untitled seventh Ice Age film,Rumored,,0,Walt Disney Pictures,"Animation, Comedy, Adventure, Family"
1241982,Moana 2,Post Production,2024-11-27,0,Walt Disney Pictures,"Animation, Adventure, Family, Comedy, Fantasy"
1202533,La Noche Del Demonio,In Production,2024-11-01,0,Warner Bros. Pictures,Horror
1499683,Little Shop of Halloween Horrors,Released,,0,Warner Bros. Pictures,"Comedy, Horror"
1204680,Coyote vs. Acme,Post Production,,0,,"Family, Comedy, Animation"
1198333,Good Old Corn,Released,1943-09-30,0,Warner Bros. Pictures,Comedy
1496600,Untitled A Christmas Carol Film,Planned,,0,Warner Bros. Pictures,Fantasy
1216627,Leah Willamson,In Production,2024-07-12,0,Warner Bros. Pictures,"Horror, Thriller, Drama"
1208453,La Noche Del Demonio,Planned,,0,Warner Bros. Pictures,Horror
1208029,The Fourth Star Of Cleopatra,Released,1964-01-01,0,20th Century Fox,Documentary
1075337,Man on the Ledge,Released,1955-12-28,0,,"Drama, TV Movie"
1522433,They Were Champions,Released,1954-01-23,0,Warner Bros. Pictures,Documentary
1078556,As Aventuras de Poliana: O Filme,In Production,2023-11-30,0,,"Comedy, Adventure"
1079100,Excuse the Pardon,Released,1930-10-10,0,Warner Bros. Pictures,Drama
1075783,Below Deck: An Interactive History Of Pirates,Released,2003-12-02,0,Walt Disney Pictures,Documentary
1077428,Dive Bombing Crashes,Released,,0,Warner Bros. Pictures,Animation
1523511,Charity Case,Released,2016-01-01,0,,"TV Movie, Drama"
1069852,Them!,Planned,,0,Warner Bros. Pictures,"Horror, Science Fiction"
1088012,Project Prometheus: Mission,Released,2012-05-30,0,20th Century Fox,Science Fiction
1089688,Kermit: A Frog's Life,Released,2005-09-17,0,Walt Disney Pictures,Family
1082388,Billy Summers,Planned,,0,Warner Bros. Pictures,Crime
1086663,Marty and Bobby,Released,2011-01-11,0,,Documentary
1519780,Diary of a Wimpy Kid: The Getaway,Released,,0,Walt Disney Pictures,"Animation, Family"
1086377,Impressions of the Merriest Musical of 1938,Released,1938-01-01,0,Warner Bros. Pictures,Documentary
1084657,On Location Napoleon Dynamite,Released,2006-05-16,0,,"Documentary, Comedy"
1084242,Zootopia 2,In Production,,0,Walt Disney Pictures,"Animation, Comedy, Family"
1084244,Toy Story 5,Planned,,0,Walt Disney Pictures,"Animation, Adventure, Family"
1085300,Occupant,Planned,,0,Warner Bros. Pictures,Horror
1032795,The Hijacking of Flight 375,In Production,2023-12-07,0,,"Thriller, Drama"
1032823,Trap,In Production,2024-08-01,0,Warner Bros. Pictures,Thriller
1033227,Calling All Tars,Released,1936-03-25,0,Warner Bros. Pictures,Comedy
1029904,Figment,Planned,,0,Walt Disney Pictures,Fantasy
1528265,X2: Nightcrawler Reborn,Released,2003-11-25,0,,Documentary
1034726,The Making of 'Speed',Released,,0,20th Century Fox,"TV Movie, Documentary"
1033978,1001 Nights,Planned,,0,Walt Disney Pictures,Fantasy
1035286,Society Of Explorers And Adventurers,Planned,,0,Walt Disney Pictures,Adventure
1054867,Untitled CK/PTA Studio Feature Film,Planned,,0,Warner Bros. Pictures,Drama
1059774,Prudence and the Chief,Released,1970-08-26,0,,"Comedy, Western, TV Movie"
1059776,Rush Hour 4,Planned,,0,Warner Bros. Pictures,"Action, Adventure, Comedy, Crime, Thriller"
1047807,Heat 2,Planned,,0,Warner Bros. Pictures,"Crime, Thriller, Action"
1052656,Darryl F. Zanuck: A Dream Fulfilled,Released,2006-05-23,0,,Documentary
1051949,Resurgence: It's Early Albuquerque,Released,2016-06-18,0,,"Comedy, Science Fiction"
1051947,Another Day: The Making of 'Independence Day: Resurgence',Released,2016-06-18,0,,Documentary
1139087,Once Upon a Studio,Released,2023-11-22,0,Walt Disney Pictures,"Family, Animation, Fantasy, Comedy"
1138290,Meet The Flintstones,Planned,,0,,Animation
1138526,The Lunar Chronicles,Planned,,0,,"Animation, Fantasy, Science Fiction"
1138528,Bad Fairies,Planned,,0,,"Animation, Comedy"
1143429,"Beautiful, FL",Released,2023-07-17,0,Walt Disney Pictures,Drama
1143516,Maxine,Released,2023-07-23,0,Walt Disney Pictures,Drama
1135111,The Roof,Released,2023-07-23,0,Walt Disney Pictures,Drama
1136067,Hocus Pocus 3,Planned,,0,Walt Disney Pictures,Fantasy
1512827,The Black Hole,Rumored,,0,Walt Disney Pictures,Science Fiction
1152855,Terra,Released,2003-05-15,0,20th Century Fox,"Animation, Science Fiction"
1155221,Here We Go Again,Released,1952-11-15,0,Warner Bros. Pictures,Comedy
1146171,Electronic Control System of the C-1 Auto Pilot Part 1: Basic Electricity as Applied to Electronic Control System,Released,1943-01-27,0,Walt Disney Pictures,"War, Documentary, Animation"
1510695,Untitled National Treasure 3,Rumored,,0,Walt Disney Pictures,"Adventure, Mystery"
1150895,Mighty Morphin Power Rangers: The Movie - Secrets Revealed,Released,1995-01-01,66,20th Century Fox,Documentary
1106739,Juror No. 2,In Production,,0,Warner Bros. Pictures,"Drama, Thriller"
1108427,Moana,Planned,2025-06-26,0,Walt Disney Pictures,"Adventure, Comedy, Family, Fantasy"
1109778,Evidências do Amor,In Production,2024-02-22,0,,"Comedy, Romance"
1097982,The Campus Mystery,Released,1932-07-01,0,Warner Bros. Pictures,Mystery
1097965,The Side Show Mystery,Released,1932-06-01,0,Warner Bros. Pictures,Mystery
1097978,The Crane Poison Case,Released,1932-07-08,0,Warner Bros. Pictures,Mystery
1099388,The Elvira Show,Released,1993-01-01,0,,"Comedy, TV Movie"
1097945,The Clyde Mystery,Released,1931-10-01,0,Warner Bros. Pictures,Mystery
1097513,Fabulous Mexico,Released,1962-10-01,0,Warner Bros. Pictures,Documentary
1097509,Under Carib Skies,Released,1957-02-16,0,Warner Bros. Pictures,Documentary
1097501,The Blue Danube,Released,1957-07-13,0,Warner Bros. Pictures,Documentary
1097504,Alpine Glory,Released,1957-08-03,0,Warner Bros. Pictures,Documentary
1517425,The Land of Stories,Planned,,0,Warner Bros. Pictures,"Adventure, Fantasy, Family"
1101383,Flowervale Street,Planned,,0,Warner Bros. Pictures,"Mystery, Thriller"
1123050,Cedo Demais,Post Production,,0,,"Comedy, Romance"
1123093,Diary of a Wimpy Kid Christmas: Cabin Fever,Post Production,2023-12-08,0,Walt Disney Pictures,"Animation, Comedy, Family"
1121324,Bugs Bunny,In Production,,0,,Animation
1125257,Freaky Friday 2,Planned,,0,Walt Disney Pictures,"Comedy, Family, Fantasy"
1514948,All The Looney Tunes,Released,2025-05-17,0,Warner Bros. Pictures,"Animation, Adventure, Comedy, Horror, Western, Music"
1366809,The Original Hillbillies,Released,1929-03-07,0,Warner Bros. Pictures,Music
1364797,Dynamic Duo,Planned,,0,,Animation
1366133,Bright Moments,Released,1928-07-30,0,Warner Bros. Pictures,Comedy
1451567,Coco 2,Planned,,0,Walt Disney Pictures,"Animation, Adventure, Music, Family"
1451628,I Pretended to Be a Missing Girl,Planned,,0,Warner Bros. Pictures,Thriller
1451698,Inside Out 3,Rumored,,0,Walt Disney Pictures,"Family, Animation"
1380152,Emily the Strange,Planned,,0,,"Animation, Fantasy"
1380804,Untitled Game of Thrones Film,Rumored,,0,Warner Bros. Pictures,"Action, Fantasy"
1380572,Divide and Conquer,Released,1942-08-29,0,Warner Bros. Pictures,"Documentary, War"
1372840,Prince Charming,Planned,,0,Walt Disney Pictures,Fantasy
1375181,In the Nick of Time,Released,1929-10-01,0,Warner Bros. Pictures,Comedy
1373164,Untitled Live-Action Lord of the Rings Film,Rumored,,0,Warner Bros. Pictures,Fantasy
1340492,Project XX,Planned,,0,Warner Bros. Pictures,Comedy
1458808,Revenge of the Nerds Unaired Pilot,Released,1991-05-06,0,,Comedy
1452994,La revanche du dragon,Released,1976-08-11,0,,"Action, Adventure, Crime"
1357938,Jehanne d’Arc,Planned,,0,Warner Bros. Pictures,History
1452495,American Horror Story: Asylum,Released,2012-10-17,0,,"Horror, Drama, Science Fiction"
1452549,American Horror Story: Freak Show,Released,2014-10-08,0,,"Horror, Drama, Thriller"
1452522,American Horror Story: Coven,Released,2013-10-09,0,,"Horror, Crime, Fantasy"
1452441,American Horror Story: Murder House,Released,2011-10-05,0,,"Horror, Drama, Crime"
1352809,Oceans 14,Planned,,0,Warner Bros. Pictures,"Crime, Thriller"
1428590,Gotta Get Off This Merry-Go-Round: 'Valley of the Dolls',Released,2006-07-15,0,20th Century Fox,Documentary
1427073,On Deadly Ground,Released,1994-02-18,49000000,Warner Bros. Pictures,Action
1427969,Aryan Papers,Rumored,,0,Warner Bros. Pictures,History
1403836,Bluey: The Movie,Planned,,0,Walt Disney Pictures,"Animation, Family"
1406446,Alien³ - Assembly Cut,Released,1992-05-22,0,20th Century Fox,"Horror, Science Fiction, Thriller"
1405074,The ScrATIST,Released,2012-02-21,0,20th Century Fox,"Animation, Family, Comedy"
1421691,X-Men: Days of Future Past - The Rogue Cut,Released,2015-07-14,0,,"Action, Adventure, Science Fiction"
1426820,New Car Smell,Released,2005-01-01,0,,Comedy
1415639,The Magic of the Glass Slipper: A Cinderella Story,Released,2012-09-26,0,Walt Disney Pictures,Fantasy
1439520,"Lucas, Coppola, and Kurosawa",Released,2005-01-01,0,20th Century Fox,Documentary
1388497,Untitled Forbidden Planet Remake,Planned,,0,Warner Bros. Pictures,Science Fiction
1387394,Rubinoff and His Orchestra,Released,1933-07-13,0,Warner Bros. Pictures,Music
1387187,A Havana Cocktail,Released,1931-10-10,0,Warner Bros. Pictures,Music
1387199,Freshman Love,Released,1931-04-13,0,Warner Bros. Pictures,Music
1390622,Listening In,Released,1934-06-16,0,Warner Bros. Pictures,Music
1390820,Sgt. Rock,Rumored,,0,Warner Bros. Pictures,"Action, War"
1385209,Wonka 2,Planned,,0,Warner Bros. Pictures,"Family, Fantasy"
1397127,Nico and Pedro,Planned,,0,Walt Disney Pictures,"Animation, Family"
1397972,Panic Carefully,Planned,,0,Warner Bros. Pictures,Thriller
1401224,Tom and Jerry,Planned,,0,,"Animation, Comedy"
1400872,Becoming Houdini,Planned,,0,Walt Disney Pictures,"Drama, History, Thriller"
1401889,PlushPlusLIVE Production's Mickey and Friends Halloween,Released,1987-09-12,30,Walt Disney Pictures,"Family, Comedy, Adventure"
1433837,Untitled 'Muppets' Movie,In Production,,0,Walt Disney Pictures,Family
1392984,Vitaphone Billboard,Released,1936-02-15,0,Warner Bros. Pictures,Music
1391875,Eggs Mark the Spot,Released,1935-03-30,0,Warner Bros. Pictures,Music
1437242,Blow Up the Chat,Planned,,0,Warner Bros. Pictures,Comedy
1396504,Untitled Jane Goodall Film,Released,,0,Walt Disney Pictures,Drama
1395270,Ducks,Rumored,,0,Walt Disney Pictures,"Animation, Family"
1395426,Deeper,Planned,,0,Warner Bros. Pictures,Thriller
1275386,Untitled Meerkat Manor Animated Film,Planned,,0,,Animation
1277013,Journey to Murder,Released,1971-01-01,0,20th Century Fox,"TV Movie, Mystery, Horror"
1483933,The March of Time: Teen-Age Girls,Released,1945-06-15,0,20th Century Fox,Documentary
1273591,Frozen,Planned,,0,Walt Disney Pictures,"Family, Fantasy"
1273310,Journey Into Darkness,Released,1968-01-01,0,,Horror
1284216,Kingdom Hearts,Planned,,0,Walt Disney Pictures,"Action, Adventure, Fantasy"
1489655,Sinners 2,Planned,,0,Warner Bros. Pictures,"Horror, Thriller"
1247216,Days of Future Past: The Rogue Cut,Released,2015-07-13,0,20th Century Fox,"Action, Adventure, Science Fiction"
1263058,National Treasure 3,Rumored,,0,Walt Disney Pictures,"Action, Adventure, Family, Thriller"
1265008,The Bet,Planned,,0,Warner Bros. Pictures,Thriller
1265203,End of the Rainbow,Released,1986-06-20,0,20th Century Fox,"Drama, Fantasy, Music"
1257696,Scenic Sweden,Released,1947-01-01,0,20th Century Fox,Documentary
1257698,Barbie 2,Rumored,,0,Warner Bros. Pictures,Comedy
1486488,Titanic: Behind The Scenes,Released,,0,20th Century Fox,Documentary
1258752,The Lincoln Highway,Released,,0,Warner Bros. Pictures,Drama
1321804,Col. Stoopnagle's Cavalcade of Stuff #1,Released,1938-04-01,0,20th Century Fox,Comedy
1321809,Col. Stoopnagle's Cavalcade of Stuff #2,Released,1938-09-01,0,20th Century Fox,Comedy
1315500,Jose Chung's From Outer Space,Released,1996-04-12,8000000,,"Drama, Crime, Mystery, Science Fiction"
1317862,Plymptoons Couch Gag 2,Released,2013-03-10,0,,Animation
1317422,战·无双,Released,,0,20th Century Fox,Action
1461519,A Minecraft Movie 2,Rumored,,0,Warner Bros. Pictures,"Family, Comedy, Adventure, Fantasy"
1333012,Do the Bartman,Released,1990-12-06,0,,"Music, Animation, Comedy"
1460527,Skip Chasers,Released,1998-01-01,0,,"Action, Comedy"
1333114,"Deep, Deep Trouble",Released,1991-03-07,0,,"Music, Animation, Comedy"
1463901,Madonna: Vogue,Released,1990-03-20,0,Warner Bros. Pictures,Music
1327770,Family Guy: Road to the Multiverse,Released,2009-09-27,0,,"Animation, Comedy"
1327821,Incredibles 3,Planned,,0,Walt Disney Pictures,"Action, Adventure, Animation, Family"
1327665,The X Files: The Truth,Released,2002-05-19,0,,"Adventure, Crime, Drama, Mystery, Science Fiction, Thriller"
1290195,Harry Potter and the Philosopher's Stone (Extended),Released,,976475550,Warner Bros. Pictures,"Adventure, Fantasy"
1474338,Little Me,Released,1938-03-05,0,Warner Bros. Pictures,"Music, Fantasy"
1474260,Romance in the Air,Released,1936-05-16,0,Warner Bros. Pictures,"Comedy, Music"
1293799,Untitled Pirates of the Caribbean Spin-Off,Planned,,0,Walt Disney Pictures,"Action, Adventure, Fantasy"
1303552,Horizon: An American Saga - Chapter 3,In Production,,0,Warner Bros. Pictures,"Western, Drama"
1303553,Horizon: An American Saga - Chapter 4,Planned,,0,Warner Bros. Pictures,"Western, Drama"
1471591,David's Lab - Last Signs of Life,Released,2019-08-15,0,20th Century Fox,Science Fiction
1301457,"The Peter Weyland Files: TED Conference, 2023",Released,2012-10-09,0,,"Drama, Science Fiction"
1305001,Angry Birds Rio,Released,2011-01-27,0,20th Century Fox,Animation
1304620,From Alpha to Omega: Building a Sequel,Released,2008-11-04,0,,Documentary
1304623,The Secret Behind Escape,Released,2008-11-04,0,,Documentary
1304626,End of an Epic: The Final Battle,Released,2008-11-04,0,,Documentary
1304630,Riots & Revolutions: Confronting the Times,Released,2008-11-04,0,,Documentary
1304617,Evolution of the Apes,Released,2008-11-04,0,,Documentary
1304612,Impact of the Apes,Released,2008-11-04,0,,Documentary
539579,Prince of Cats,Planned,,0,Warner Bros. Pictures,"Action, Crime"
538899,Demon of the Sea,Released,1931-03-12,0,Warner Bros. Pictures,Drama
535652,When the Talkies Were Young,Released,1955-04-29,0,Warner Bros. Pictures,"Documentary, History"
544898,China Rich Girlfriend,Planned,,0,Warner Bros. Pictures,"Drama, Comedy, Romance"
547082,The Friendship Train,Released,1948-01-01,0,Warner Bros. Pictures,Documentary
542798,A Masterpiece of Murder,Released,1986-01-27,0,,"Comedy, Mystery, TV Movie"
542069,Sadé,Planned,,0,Walt Disney Pictures,"Family, Fantasy"
542018,Tomorrow's Child,Released,1982-03-22,0,,"TV Movie, Drama, Science Fiction"
544364,DEVO: Live in London,Released,2009-05-06,0,Warner Bros. Pictures,Music
525958,Public Enemy,Planned,,0,Warner Bros. Pictures,"Action, Comedy"
528285,Slightly Used,Released,1927-09-03,0,Warner Bros. Pictures,Comedy
522957,Words & Music,Released,1931-11-01,0,Warner Bros. Pictures,Music
522357,The Lost Lake,Released,1946-01-11,0,20th Century Fox,Documentary
532878,Bitter Apples,Released,1927-04-23,0,Warner Bros. Pictures,"Drama, Romance"
532594,Peyton Place: The Next Generation,Released,1985-05-13,0,,"Drama, TV Movie"
534732,The College Widow,Released,1927-10-15,0,Warner Bros. Pictures,"Comedy, Romance"
533817,Hail Columbia,Released,1934-08-28,0,Warner Bros. Pictures,"History, Documentary"
533533,TRON: Ares,In Production,,0,Walt Disney Pictures,"Science Fiction, Action, Adventure"
533892,The Girl from Chicago,Released,1927-11-09,0,Warner Bros. Pictures,"Action, Crime, Drama, Romance"
529693,The River Changes,Released,1956-02-14,0,Warner Bros. Pictures,Drama
530082,The Chronicles of Prydain,Planned,,0,Walt Disney Pictures,Fantasy
531752,From Headquarters,Released,1929-04-27,0,Warner Bros. Pictures,Drama
563433,Are Animals Actors?,Released,1945-12-29,0,Warner Bros. Pictures,Documentary
565392,Alex in Wonderland,Released,1940-03-09,0,Warner Bros. Pictures,Comedy
562358,So You Want to Move,Released,1950-08-19,0,Warner Bros. Pictures,Comedy
572802,Aquaman and the Lost Kingdom,Post Production,2023-12-14,0,Warner Bros. Pictures,"Action, Adventure, Fantasy"
568110,Bob the Musical,Planned,,0,Walt Disney Pictures,"Music, Comedy"
566628,Dixieland,Released,1934-08-28,0,Warner Bros. Pictures,Documentary
566688,Sesame Street,Planned,,0,Warner Bros. Pictures,"Comedy, Family, Music"
567209,Matinee Idle,Released,1930-05-21,0,Warner Bros. Pictures,Comedy
568133,"20,000 Leagues Under the Sea: Captain Nemo",Planned,,0,Walt Disney Pictures,"Adventure, Action, Drama, Science Fiction"
568602,True Guardians of the Earth,Released,2010-12-17,0,Warner Bros. Pictures,Documentary
568701,Super Soozie,Released,2018-12-11,0,,"Animation, Comedy"
552524,Lilo & Stitch,In Production,,0,Walt Disney Pictures,"Family, Science Fiction, Adventure"
552895,Stars on Horseback,Released,1943-04-23,0,Warner Bros. Pictures,Documentary
552898,Maid for a Day,Released,1936-05-23,0,Warner Bros. Pictures,"Comedy, Music"
552904,Let's Sing a Song from the Movies,Released,1948-07-17,0,Warner Bros. Pictures,Music
548929,My Official Wife,Released,1926-10-16,0,Warner Bros. Pictures,"Drama, Romance, War"
549038,Untitled Grumpy Old Men Remake,Planned,,0,Warner Bros. Pictures,Comedy
550446,The Last Train to New York,Planned,,0,Warner Bros. Pictures,"Action, Horror, Adventure, Thriller"
550325,Brass,Released,1923-03-04,0,Warner Bros. Pictures,"Drama, Romance"
550253,The Wild Bunch,Planned,,0,Warner Bros. Pictures,Western
558588,Those Good Old Days,Released,1941-08-16,0,Warner Bros. Pictures,Music
485997,Star Wars: The Magic & the Mystery,Released,1997-02-06,0,,"Documentary, TV Movie"
490951,The Way to the Gold,Released,1957-05-10,0,20th Century Fox,"Adventure, Crime"
490954,Under Fire,Released,1957-09-23,0,20th Century Fox,"Drama, War"
490961,Villa!!,Released,1958-10-01,0,20th Century Fox,"Adventure, Western"
490919,Out of This World,Released,1954-05-04,0,20th Century Fox,Documentary
490865,Johnny Comes Flying Home,Released,1946-04-05,0,20th Century Fox,"Adventure, Drama, Romance"
487969,Chasing Titles Vol. 1,Released,2017-09-15,0,Warner Bros. Pictures,"Action, Drama"
490706,Young America,Released,1942-02-06,0,20th Century Fox,"Adventure, Drama"
490652,On Their Own,Released,1940-05-17,0,20th Century Fox,Comedy
490653,The Girl from Avenue A,Released,1940-08-09,0,20th Century Fox,Comedy
490663,For Beauty's Sake,Released,1941-06-06,0,20th Century Fox,Comedy
490669,Cadet Girl,Released,1941-11-28,0,20th Century Fox,"Comedy, Romance, Music"
490494,Can This Be Dixie?,Released,1936-11-13,0,20th Century Fox,"Comedy, Music"
490512,Woman-Wise,Released,1937-01-22,0,20th Century Fox,"Crime, Drama"
490516,Fifty Roads to Town,Released,1937-06-03,0,20th Century Fox,Comedy
490518,Borneo,Released,1937-09-03,0,20th Century Fox,Documentary
490519,Wild and Woolly,Released,1937-07-19,0,20th Century Fox,"Comedy, Music, Western"
490520,Hot Water,Released,1937-09-24,0,20th Century Fox,Comedy
490522,Borrowing Trouble,Released,1937-12-10,0,20th Century Fox,Comedy
490523,Checkers,Released,1937-12-08,0,20th Century Fox,Drama
490524,Safety in Numbers,Released,1938-05-30,0,20th Century Fox,Comedy
490525,Up the River,Released,1938-12-09,0,20th Century Fox,Comedy
490526,Down on the Farm,Released,1938-10-11,0,20th Century Fox,Comedy
490530,The Jones Family in Hollywood,Released,1939-06-02,0,20th Century Fox,"Adventure, Comedy, Romance"
490493,Back to Nature,Released,1936-08-14,0,20th Century Fox,Comedy
490492,The First Baby,Released,1936-04-02,0,20th Century Fox,Comedy
490491,Gentle Julia,Released,1936-04-10,0,20th Century Fox,"Comedy, Drama, Romance"
490490,Everybody's Old Man,Released,1936-03-20,0,20th Century Fox,Drama
490478,Redheads on Parade,Released,1935-09-07,0,20th Century Fox,Music
489775,"Sister, Sister",Released,1982-06-07,0,,TV Movie
470603,Okay for Sound,Released,1946-09-07,0,Warner Bros. Pictures,"History, Documentary"
470309,Little Miss Everybody,Released,1929-11-29,0,Warner Bros. Pictures,Music
472877,"The Time, the Place and the Girl",Released,1929-07-07,0,Warner Bros. Pictures,"Comedy, Music"
466620,No Defense,Released,1929-04-05,0,Warner Bros. Pictures,"Romance, Drama"
465488,Hardboiled Rose,Released,1929-03-30,0,Warner Bros. Pictures,"Crime, Drama, Romance"
465516,The Purple Hills,Released,1961-10-31,0,20th Century Fox,Western
468427,Untitled Jason Eisener Techno-Thriller Project,Planned,,0,Warner Bros. Pictures,Thriller
468534,No Exit,Released,1930-07-01,0,Warner Bros. Pictures,"Romance, Comedy"
467737,Glad Rag Doll,Released,1929-05-04,0,Warner Bros. Pictures,"Romance, Comedy"
468188,Prisoners,Released,1929-05-18,0,Warner Bros. Pictures,Drama
468113,Two Weeks Off,Released,1929-05-11,0,Warner Bros. Pictures,"Romance, Comedy"
468335,Madonna of Avenue A,Released,1929-06-21,0,Warner Bros. Pictures,Drama
467888,Hold Everything,Released,1930-03-20,0,Warner Bros. Pictures,"Music, Comedy"
477982,In Possession,Released,1984-08-01,0,20th Century Fox,"TV Movie, Horror, Thriller"
476907,Pretty Poison,Released,1996-09-24,0,20th Century Fox,"Thriller, Romance, TV Movie"
474378,Jerry Hood and His Merry Meeces,Released,1991-12-07,0,Warner Bros. Pictures,"Comedy, Animation"
474375,Good Knight Droopy,Released,1991-11-01,0,Warner Bros. Pictures,"Comedy, Animation"
474082,The Birds and the Beasts Were There,Released,1944-12-30,0,Warner Bros. Pictures,Documentary
513453,Hearts in Exile,Released,1929-09-14,0,Warner Bros. Pictures,Romance
512554,Queen of the Air,Rumored,,0,Warner Bros. Pictures,Drama
513863,Portrait of a Choreographer,Released,2007-01-01,0,,Documentary
509414,The Music Makers,Released,1929-07-03,0,Warner Bros. Pictures,"Music, Comedy"
511899,My Girl Tisa,Released,1948-02-07,0,Warner Bros. Pictures,Drama
520263,New York's Game: History of the Knicks (1946-1990),Released,1989-11-09,0,20th Century Fox,"Documentary, History"
521493,Mickey & Anders har en bondegård,Released,,0,Walt Disney Pictures,"Animation, Family, Adventure"
517031,I'm Much Obliged,Released,1936-05-02,0,Warner Bros. Pictures,"Comedy, Music"
501653,Le festival des cartoons,Released,2004-04-23,0,Warner Bros. Pictures,Animation
500663,The Voice from the Screen,Released,1926-10-27,0,Warner Bros. Pictures,Documentary
495598,Drawn for Glory: Animation's Triumph at the Oscars,Released,2008-02-12,0,Warner Bros. Pictures,Documentary
497293,Isle of Escape,Released,1930-03-01,0,Warner Bros. Pictures,Drama
497295,Evidence,Released,1929-12-05,0,Warner Bros. Pictures,"Drama, Romance"
643394,Knights,Planned,,0,Walt Disney Pictures,"Adventure, Action"
643376,Marley,Planned,,0,Walt Disney Pictures,"Music, Family"
623107,The Last Adventure of Constance Verity,Planned,,0,Warner Bros. Pictures,"Fantasy, Adventure"
632638,The Right Way,Released,1939-07-01,0,Warner Bros. Pictures,Comedy
631837,Fool's Day,Planned,,0,Warner Bros. Pictures,"Comedy, Drama"
631841,Funko,Planned,,0,Warner Bros. Pictures,Animation
631731,The Curious Incident of the Dog in the Night-Time,Planned,,0,Warner Bros. Pictures,"Adventure, Mystery"
662818,Ares,Planned,,0,Warner Bros. Pictures,"Drama, Science Fiction, Thriller"
662822,The Great Machine,Planned,,0,Warner Bros. Pictures,"Science Fiction, Action"
662825,Seance on a Wet Afternoon,Planned,,0,Warner Bros. Pictures,"Thriller, Drama"
661528,The New World,Planned,,0,Warner Bros. Pictures,Science Fiction
663906,Toto: The Dog-Gone Amazing Story of Wizard of Oz,Planned,,0,Warner Bros. Pictures,"Adventure, Family, Fantasy, Animation"
659379,History in the Making: Titanic,Released,1998-01-01,0,20th Century Fox,Documentary
670792,The Return of the Rocketeer,Planned,,0,Walt Disney Pictures,"Action, Adventure, Science Fiction"
664972,Olivier Talks About Othello,Released,1965-01-01,0,Warner Bros. Pictures,Documentary
666840,Envy,Released,1930-12-01,0,Warner Bros. Pictures,"Drama, Romance"
667461,The Lady and the Lug,Released,1941-03-22,0,Warner Bros. Pictures,Comedy
666694,The Day the Bubble Burst,Released,1982-02-07,0,,"Drama, TV Movie"
666384,The Love Department,Released,1935-05-18,0,Warner Bros. Pictures,"Music, Romance"
666408,Football Royal,Released,1955-03-19,0,Warner Bros. Pictures,Documentary
649420,Untitled Fede Alvarez White House Project,Rumored,,0,Warner Bros. Pictures,Horror
651419,The Fugitive,Planned,,0,Warner Bros. Pictures,"Action, Thriller, Drama"
656160,The Dirty Dozen,Planned,,0,Warner Bros. Pictures,"War, Action"
656182,Permanent Record,Planned,,0,Warner Bros. Pictures,Drama
655421,Untitled Lovecraft Thriller,Planned,,0,Warner Bros. Pictures,Thriller
656669,Spy vs. Spy,Planned,,0,Warner Bros. Pictures,"Action, Comedy"
654591,Beachhead to Berlin,Released,1945-01-06,0,Warner Bros. Pictures,"Documentary, War"
654579,America the Beautiful,Released,1945-08-04,0,Warner Bros. Pictures,Documentary
653854,Shrunk,Planned,,0,Walt Disney Pictures,"Comedy, Family, Science Fiction"
592262,Beyond a Reasonable Doubt: Making '12 Angry Men',Released,2008-03-04,0,,Documentary
591266,Over the Wall,Released,1943-12-25,0,Warner Bros. Pictures,Crime
590867,Hunchback,Planned,,0,Walt Disney Pictures,"Fantasy, Comedy, Romance, Family, Drama"
587915,Devil Boats,Released,1944-03-13,0,Warner Bros. Pictures,Documentary
588021,Rich People Problems,Planned,,0,Warner Bros. Pictures,"Romance, Comedy, Drama"
587872,Target: Japan,Released,1944-10-26,0,20th Century Fox,"Documentary, War"
587885,At His Side,Released,1944-01-24,0,20th Century Fox,"Documentary, War"
595615,Across the Atlantic,Released,1928-01-18,0,Warner Bros. Pictures,Romance
595618,Pay as You Enter,Released,1928-05-12,0,Warner Bros. Pictures,"Comedy, Romance"
595622,The Crimson City,Released,1928-04-07,0,Warner Bros. Pictures,"Action, Drama, Romance"
595623,Powder My Back,Released,1928-03-10,0,Warner Bros. Pictures,Comedy
595625,The Head Man,Released,1928-07-08,0,Warner Bros. Pictures,Comedy
595626,Night Watch,Released,1928-09-09,0,Warner Bros. Pictures,"War, Drama"
595631,The Haunted House,Released,1928-11-04,0,Warner Bros. Pictures,"Horror, Comedy, Drama"
595636,Outcast,Released,1928-11-11,0,Warner Bros. Pictures,Drama
595639,Companionate Marriage,Released,1928-10-21,0,Warner Bros. Pictures,"Drama, Romance"
595641,The Little Wildcat,Released,1928-12-08,0,Warner Bros. Pictures,"Comedy, Drama, Romance"
596313,Fifty Years Before Your Eyes,Released,1950-06-27,0,Warner Bros. Pictures,Documentary
597269,Beware!,Released,1919-06-01,0,Warner Bros. Pictures,War
593954,About Time,Released,1962-02-05,0,Warner Bros. Pictures,"Animation, Family"
595156,The Golden Cocoon,Released,1925-12-14,0,Warner Bros. Pictures,"Drama, Romance"
595169,The Love Toy,Released,1926-02-13,0,Warner Bros. Pictures,Comedy
595155,Rose of the World,Released,1925-11-09,0,Warner Bros. Pictures,Drama
595154,The Pleasure Buyers,Released,1925-12-19,0,Warner Bros. Pictures,"Mystery, Romance"
595118,Eve's Lover,Released,1925-07-06,0,Warner Bros. Pictures,Comedy
595119,"His Majesty, Bunker Bean",Released,1925-09-14,130000,Warner Bros. Pictures,Comedy
595121,Satan in Sables,Released,1925-10-14,0,Warner Bros. Pictures,Drama
595205,Bride of the Storm,Released,1926-02-20,0,Warner Bros. Pictures,Drama
595207,The Gilded Highway,Released,1926-03-13,0,Warner Bros. Pictures,Drama
595208,The Cave Man,Released,1926-02-06,0,Warner Bros. Pictures,Comedy
595209,The Little Irish Girl,Released,1926-03-06,0,Warner Bros. Pictures,"Crime, Drama"
595219,His Jazz Bride,Released,1926-01-15,0,Warner Bros. Pictures,Drama
595115,The Woman Hater,Released,1925-07-12,0,Warner Bros. Pictures,Drama
595109,My Wife and I,Released,1925-05-16,0,Warner Bros. Pictures,Drama
594971,Being Respectable,Released,1924-07-01,0,Warner Bros. Pictures,Drama
594977,Cornered,Released,1924-08-01,0,Warner Bros. Pictures,"Crime, Drama"
594980,This Woman,Released,1924-11-02,0,Warner Bros. Pictures,Drama
595094,The Narrow Street,Released,1925-01-04,0,Warner Bros. Pictures,Comedy
595098,A Broadway Butterfly,Released,1925-03-29,0,Warner Bros. Pictures,Comedy
595106,The Bridge of Sighs,Released,1925-01-01,0,Warner Bros. Pictures,Drama
595107,The Man Without a Conscience,Released,1925-06-07,0,Warner Bros. Pictures,Drama
595480,Ham and Eggs at the Front,Released,1927-11-29,0,Warner Bros. Pictures,"Comedy, War"
595477,If I Were Single,Released,1927-12-17,0,Warner Bros. Pictures,"Comedy, Romance"
595476,The Silver Slave,Released,1927-11-12,0,Warner Bros. Pictures,Drama
595447,The Heart of Maryland,Released,1927-07-13,0,Warner Bros. Pictures,"Action, Drama, Romance, War"
595470,A Sailor's Sweetheart,Released,1927-09-24,0,Warner Bros. Pictures,"Adventure, Comedy, Romance"
595321,Millionaires,Released,1926-10-01,0,Warner Bros. Pictures,Comedy
595325,The Third Degree,Released,1926-12-01,0,Warner Bros. Pictures,Romance
595344,Finger Prints,Released,1927-01-08,0,Warner Bros. Pictures,"Comedy, Crime"
595350,Don't Tell the Wife,Released,1927-01-22,0,Warner Bros. Pictures,"Comedy, Romance"
595361,White Flannels,Released,1927-03-19,0,Warner Bros. Pictures,"Drama, Romance"
595397,The Black Diamond Express,Released,1927-06-04,0,Warner Bros. Pictures,"Action, Adventure"
595396,Simple Sis,Released,1927-06-01,0,Warner Bros. Pictures,"Comedy, Drama"
595394,The Climbers,Released,1927-05-03,0,Warner Bros. Pictures,"Drama, Romance"
595395,Irish Hearts,Released,1927-05-21,0,Warner Bros. Pictures,Comedy
594965,The Lover of Camille,Released,1924-09-15,0,Warner Bros. Pictures,"Drama, Romance"
594962,Babbitt,Released,1924-06-15,0,Warner Bros. Pictures,Drama
594839,Parted Curtains,Released,1920-04-02,0,Warner Bros. Pictures,Crime
594923,Heroes of the Street,Released,1922-12-24,0,Warner Bros. Pictures,"Crime, Drama"
594919,The Country Kid,Released,1923-10-29,0,Warner Bros. Pictures,Drama
594904,The Tie That Binds,Released,1923-03-15,0,Warner Bros. Pictures,Drama
594909,Main Street,Released,1923-04-25,0,Warner Bros. Pictures,Drama
594812,The Beautiful and Damned,Released,1922-12-10,0,Warner Bros. Pictures,Drama
577792,No Exceptions,Released,1943-12-30,0,20th Century Fox,"Drama, War"
577184,Making History: Mel Brooks on Creating the World,Released,2009-12-15,0,,Documentary
577185,Musical Mel: Inventing The Inquisition,Released,2009-12-15,0,,Documentary
573388,Happy Times and Jolly Moments,Released,1943-01-01,0,Warner Bros. Pictures,Comedy
576175,Wild Boar Hunt,Released,1940-01-21,0,Warner Bros. Pictures,Documentary
583439,Open Your Eyes,Released,1919-05-24,0,Warner Bros. Pictures,Drama
584677,The Big Wide World of Carl Laemke,Released,2003-06-18,0,,"Comedy, Fantasy"
582111,Kaiser's Finish,Released,1918-11-02,0,Warner Bros. Pictures,"Drama, War"
582838,Beware of Married Men,Released,1928-01-14,0,Warner Bros. Pictures,"Comedy, Romance"
582026,Law of the Badlands,Released,1945-04-14,0,Warner Bros. Pictures,Western
615127,Hello Kitty,Planned,,0,Warner Bros. Pictures,Animation
615187,By All,Planned,,0,Warner Bros. Pictures,"Crime, Drama"
614921,Undying Love,Planned,,0,Warner Bros. Pictures,"Action, Romance, Drama"
616438,The Shower,Planned,,0,Warner Bros. Pictures,"Action, Science Fiction, Comedy"
616440,Untitled eSports Project,Planned,,0,Warner Bros. Pictures,Comedy
615462,Enter the Dragon,Planned,,0,Warner Bros. Pictures,Action
615334,Methuselah,Planned,,0,Warner Bros. Pictures,"Action, Adventure"
615755,"Don't Dream It, Be It: The Search for the 35th Anniversary Shadowcast Part I",Released,2010-10-19,0,,Documentary
615756,An-tici-pation: The Search for the 35th Anniversary Shadowcast Part II,Released,2010-08-19,0,,Documentary
612212,Augmented,Planned,,0,Warner Bros. Pictures,Science Fiction
613447,The Forest Commandos,Released,1946-01-19,0,Warner Bros. Pictures,Documentary
620773,Peeks at Hollywood,Released,1946-01-26,0,Warner Bros. Pictures,Comedy
620275,Uptown Saturday Night,Planned,,0,Warner Bros. Pictures,Comedy
621874,Untitled Fairy Tale Project,Planned,,0,Walt Disney Pictures,Fantasy
621869,Challenger Deep,Planned,,0,Walt Disney Pictures,Drama
618177,Genies,Planned,,0,Walt Disney Pictures,Comedy
616920,Beautiful Things,Planned,,0,Warner Bros. Pictures,Thriller
616921,Barbed Wire Heart,Planned,,0,Warner Bros. Pictures,Drama
616768,The Forever War,Planned,,0,Warner Bros. Pictures,Science Fiction
616783,In the Land of Imagined Things,Planned,,0,Walt Disney Pictures,"Animation, Adventure"
616787,The Black Hole,Planned,,0,Walt Disney Pictures,Science Fiction
618852,Hitchcock and Mel: Spoofing the Master of Suspense,Released,2009-12-15,0,,Documentary
618726,Jett Day,Planned,,0,Warner Bros. Pictures,Action
601821,Roaring Guns,Released,1944-02-19,0,Warner Bros. Pictures,Western
604641,American High,Released,2000-08-02,0,,Documentary
288574,Inside Story,Released,1939-03-10,0,20th Century Fox,Drama
288773,Double Talk,Released,1937-06-26,0,Warner Bros. Pictures,Comedy
289507,Garfield and Friends: Dreams & Schemes,Released,2007-09-04,50000,,"Animation, Comedy, Family, Fantasy"
287912,The Cowboy and the Blonde,Released,1941-05-16,0,20th Century Fox,"Western, Comedy"
288389,Passport Husband,Released,1938-07-15,0,20th Century Fox,Comedy
291834,Something for the Birds,Released,1952-09-30,0,20th Century Fox,Comedy
289926,Human Cargo,Released,1936-05-15,0,20th Century Fox,"Action, Comedy, Crime, Mystery"
289862,Shawn Kemp - The Reign Man,Released,1995-05-02,0,,Documentary
287169,The Studio Murder Mystery,Released,1932-02-17,0,Warner Bros. Pictures,"Comedy, Mystery"
285458,Little Einsteins: Mission Celebration,Released,2006-08-22,0,Walt Disney Pictures,"Animation, Family"
285459,Little Einsteins: The Legend of the Golden Pyramid,Released,2007-02-27,0,Walt Disney Pictures,"Family, Animation"
297708,Sherlock Holmes 3,Planned,,0,Warner Bros. Pictures,"Mystery, Action, Crime"
297194,Reunion,Released,1936-11-20,0,20th Century Fox,Comedy
297280,White Hunter,Released,1936-11-25,0,20th Century Fox,Adventure
298047,Too Busy to Work,Released,1939-11-17,0,20th Century Fox,Comedy
297906,Once Over Lightly,Released,1944-10-14,0,Warner Bros. Pictures,Comedy
296426,It Had to Happen,Released,1936-02-14,0,20th Century Fox,Drama
296227,The Desired Woman,Released,1927-08-27,0,Warner Bros. Pictures,"Romance, Drama"
296228,Tenderloin,Released,1928-03-14,0,Warner Bros. Pictures,"Drama, Crime"
296882,Half Angel,Released,1936-05-22,0,20th Century Fox,Comedy
296587,The Country Beyond,Released,1936-04-24,0,20th Century Fox,Drama
296787,Good Time Charley,Released,1927-11-05,0,Warner Bros. Pictures,Drama
293380,The Nativity,Released,1978-12-17,0,,"Drama, History, Family"
292650,The Grand Dame,Released,1931-05-02,0,Warner Bros. Pictures,Comedy
294945,Sing Me a Love Song,Released,1936-12-25,0,Warner Bros. Pictures,"Comedy, Music, Romance"
294342,The Lighthouse by the Sea,Released,1924-12-01,0,Warner Bros. Pictures,"Family, Drama"
294349,Tracked in the Snow Country,Released,1925-07-13,0,Warner Bros. Pictures,"Family, Drama"
294292,Find Your Man,Released,1924-09-01,0,Warner Bros. Pictures,"Drama, Action"
294358,Below the Line,Released,1925-09-20,0,Warner Bros. Pictures,"Drama, Action"
294364,The Night Cry,Released,1926-02-27,0,Warner Bros. Pictures,"Drama, Family"
294365,A Hero of the Big Snows,Released,1926-07-24,0,Warner Bros. Pictures,"Romance, Action, Adventure"
294377,A Dog of the Regiment,Released,1927-10-29,0,Warner Bros. Pictures,Drama
271806,On the Wagon,Released,1935-08-24,0,Warner Bros. Pictures,Comedy
271804,While the Cat's Away,Released,1936-01-04,0,Warner Bros. Pictures,Comedy
271803,The Officer's Mess,Released,1935-11-09,0,Warner Bros. Pictures,Comedy
266394,Song of the West,Released,1930-03-15,0,Warner Bros. Pictures,"Music, Western"
269460,Sheik to Sheik,Released,1936-10-10,0,Warner Bros. Pictures,"Comedy, Music"
280403,Breakdowns of 1942,Released,1942-12-31,0,Warner Bros. Pictures,"Documentary, Comedy"
280400,Breakdowns of 1939,Released,1939-12-31,0,Warner Bros. Pictures,"Documentary, Comedy"
280786,The Mild West,Released,1933-11-18,0,Warner Bros. Pictures,Comedy
279438,Taxi,Released,1953-01-21,0,20th Century Fox,"Drama, Romance"
281678,Justin Case,Released,1988-05-15,0,Walt Disney Pictures,"TV Movie, Crime, Comedy"
281689,Dai Henwood: Adapt Or Dai,Released,2013-08-16,0,Warner Bros. Pictures,Comedy
318496,Silken Shackles,Released,1926-05-13,0,Warner Bros. Pictures,Comedy
313690,The Tenth Woman,Released,1924-08-24,0,Warner Bros. Pictures,Romance
316008,The Screen Director,Released,1951-03-12,0,Warner Bros. Pictures,Documentary
324553,Astro Boy,Planned,,0,Warner Bros. Pictures,"Science Fiction, Adventure, Action"
325014,Marry the Boss's Daughter,Released,1941-11-28,0,20th Century Fox,Comedy
328226,Half Nelson,Released,1985-03-24,0,,"TV Movie, Comedy, Drama"
328227,In Like Flynn,Released,1985-08-14,0,,"TV Movie, Adventure, Drama"
322177,Gun to Gun,Released,1944-01-08,0,Warner Bros. Pictures,Western
322802,Those who dance,Released,1930-12-05,0,Warner Bros. Pictures,"Romance, Crime, Drama"
304398,Domestic Troubles,Released,1928-03-28,0,Warner Bros. Pictures,Comedy
305985,Love and Hisses,Released,1937-12-21,0,20th Century Fox,Comedy
301881,Three Of A Kind,Released,1941-08-01,0,20th Century Fox,Comedy
303158,How to Educate a Wife,Released,1924-05-01,0,Warner Bros. Pictures,Comedy
303161,Broadway After Dark,Released,1924-05-19,0,Warner Bros. Pictures,Comedy
303173,Lovers' Lane,Released,1924-08-10,0,Warner Bros. Pictures,"Comedy, Drama"
303681,The Limited Mail,Released,1925-09-05,0,Warner Bros. Pictures,Drama
303687,Red Hot Tires,Released,1925-10-31,0,Warner Bros. Pictures,Comedy
303692,Hogan's Alley,Released,1925-12-12,0,Warner Bros. Pictures,"Action, Drama"
303675,Kiss Me Again,Released,1925-08-01,0,Warner Bros. Pictures,Comedy
303802,Other Women's Husbands,Released,1926-03-17,0,Warner Bros. Pictures,Comedy
303796,Why Girls Go Back Home,Released,1926-03-01,0,Warner Bros. Pictures,"Comedy, Drama, Romance"
311665,The Man Who Dared,Released,1939-06-03,0,Warner Bros. Pictures,"Crime, Drama"
127537,Change of Heart,Released,1938-01-14,0,20th Century Fox,"Comedy, Romance"
133680,Kristian Valen - Et musikalsk kaos,Released,2008-11-19,0,Warner Bros. Pictures,Comedy
111073,Over My Dead Body,Released,1942-01-15,0,20th Century Fox,"Mystery, Comedy"
110679,Street Justice,Released,1987-01-01,0,Warner Bros. Pictures,"Action, Drama"
103930,Mother Is a Freshman,Released,1949-03-12,0,20th Century Fox,Comedy
107053,All Hands on Deck,Released,1961-03-30,0,20th Century Fox,"Music, Comedy"
120585,Murder Among Friends,Released,1941-02-28,0,20th Century Fox,Mystery
120477,While New York Sleeps,Released,1938-12-16,0,20th Century Fox,"Crime, Drama"
112476,Time Warped,Released,1995-01-01,0,,"Comedy, Music"
117117,Paddy O'Day,Released,1936-01-17,0,20th Century Fox,"Comedy, Drama, Music, Romance"
168380,The Further Perils of Laurel and Hardy,Released,1967-12-01,0,20th Century Fox,Comedy
171629,The Second Floor Mystery,Released,1930-04-26,0,Warner Bros. Pictures,"Mystery, Comedy"
163953,No Contest!,Released,1934-10-06,0,Warner Bros. Pictures,Music
145709,Cinema Circus,Released,1937-01-27,0,Warner Bros. Pictures,"Comedy, Family"
138540,Father Is A Prince,Released,1940-11-18,0,Warner Bros. Pictures,"Comedy, Drama"
140872,Mr. and Mrs. Bo Jo Jones,Released,1971-11-16,0,,"Drama, TV Movie"
141013,Nancy Steele Is Missing!,Released,1937-03-12,0,20th Century Fox,Drama
152074,Alibi Mark,Released,1937-12-25,0,Warner Bros. Pictures,"Crime, Drama"
151867,Under Southern Stars,Released,1937-02-20,0,Warner Bros. Pictures,"Drama, History, War"
151754,The Smart Set-Up,Released,1931-09-30,0,Warner Bros. Pictures,"Romance, Comedy, Music"
151844,Plane Crazy,Released,1933-12-23,0,Warner Bros. Pictures,"Music, Comedy"
154234,True Facts,Released,1992-02-16,0,Warner Bros. Pictures,Comedy
154306,The Perfect Snob,Released,1941-12-19,0,20th Century Fox,"Romance, Comedy"
5517,Finders Keepers,Released,1929-12-27,0,Warner Bros. Pictures,"Crime, Drama"
43521,Footlight Serenade,Released,1942-08-01,0,20th Century Fox,"Comedy, Music, Romance"
44670,Gold Diggers of Broadway,Released,1929-08-30,3967000,Warner Bros. Pictures,"Comedy, Music"
91025,Brothers,Released,1977-03-31,0,Warner Bros. Pictures,Drama
97629,Last of the Duanes,Released,1941-09-26,0,20th Century Fox,Western
98241,"Little Tokyo, U.S.A.",Released,1942-07-08,0,20th Century Fox,"Action, Drama"
98256,The Postman Didn't Ring,Released,1942-07-03,0,20th Century Fox,"Romance, Comedy"
100443,Spy Ship,Released,1942-06-06,0,Warner Bros. Pictures,Drama
91545,Sunday Drive,Released,1986-11-30,0,Walt Disney Pictures,"Comedy, Family, TV Movie"
94636,Harold Teen,Released,1934-04-07,0,Warner Bros. Pictures,"Comedy, Romance"
94504,"Stop, You're Killing Me",Released,1952-12-10,0,Warner Bros. Pictures,Comedy
95541,Man at Large,Released,1941-09-26,0,20th Century Fox,"War, Mystery, Thriller"
242488,Love on a Budget,Released,1938-03-04,0,20th Century Fox,Comedy
242743,Polo Joe,Released,1936-11-04,0,Warner Bros. Pictures,Comedy
241290,No Place to Go,Released,1939-09-23,0,Warner Bros. Pictures,Drama
243497,The Sad Horse,Released,1959-03-01,0,20th Century Fox,"Family, Drama"
243042,Time Stood Still,Released,1956-04-20,0,Warner Bros. Pictures,Documentary
243017,Jet Carrier,Released,1954-08-01,0,20th Century Fox,Documentary
243015,The Word,Released,1953-01-01,0,20th Century Fox,Documentary
243001,Vesuvius Express,Released,1953-12-16,0,20th Century Fox,Documentary
243412,Sing Boy Sing,Released,1958-02-21,0,20th Century Fox,Drama
238384,Covenant,Released,1985-08-05,0,,"Drama, Horror, TV Movie"
238240,Swan Song,Released,1980-02-08,0,,"Action, Drama, TV Movie"
238913,The Homestretch,Released,1947-05-04,0,20th Century Fox,Drama
248458,Howd' Ya Like That?,Released,1934-01-13,0,Warner Bros. Pictures,Comedy
248952,Second Choice,Released,1930-01-04,0,Warner Bros. Pictures,"Drama, Romance"
247984,Little Miss Nobody,Released,1936-06-05,0,20th Century Fox,Drama
249991,"The Wrong, Wrong Trail",Released,1934-02-13,0,Warner Bros. Pictures,Comedy
249167,I Scream,Released,1934-05-19,0,Warner Bros. Pictures,Comedy
244811,Ladies Must Live,Released,1940-07-27,0,Warner Bros. Pictures,Comedy
245256,First Family of the Stone Age,Released,2005-03-22,0,Warner Bros. Pictures,Documentary
245223,"Paul Revere, Jr.",Released,1933-10-07,0,Warner Bros. Pictures,Comedy
244603,Close Relations,Released,1933-09-30,0,Warner Bros. Pictures,Comedy
233684,Double or Nothing,Released,1936-01-18,0,Warner Bros. Pictures,"Comedy, Music"
236828,Life of a Thoroughbred,Released,1941-01-01,0,20th Century Fox,Documentary
236830,Soldiers of the Sky,Released,1941-01-01,0,20th Century Fox,Documentary
261182,Come Spy with Me,Released,1967-01-18,0,20th Century Fox,"Action, Crime"
262155,Courage,Released,1930-05-22,0,Warner Bros. Pictures,Drama
262927,The Last Shot You Hear,Released,1969-05-14,0,20th Century Fox,Thriller
262654,General Crack,Released,1929-12-16,0,Warner Bros. Pictures,"Action, Drama, History, Romance, War"
251807,The Yacht Party,Released,1932-09-29,0,Warner Bros. Pictures,Music
250670,Here Comes Flossie!,Released,1933-12-09,0,Warner Bros. Pictures,Comedy
252482,Mushrooms,Released,1934-02-14,0,Warner Bros. Pictures,Comedy
252014,Pugs and Kisses,Released,1934-02-17,0,Warner Bros. Pictures,Comedy
252018,The Affairs of Pierre,Released,1937-08-06,0,20th Century Fox,Comedy
256718,Art Trouble,Released,1934-06-23,0,Warner Bros. Pictures,Comedy
257467,Always in Trouble,Released,1938-10-28,0,20th Century Fox,Comedy
256390,Very Close Veins,Released,1934-04-14,0,Warner Bros. Pictures,Comedy
255620,The View from Pompey's Head,Released,1955-11-04,0,20th Century Fox,Drama
191845,Professional Soldier,Released,1935-12-27,0,20th Century Fox,"Action, Adventure, Drama"
191774,Penrod and Sam,Released,1937-02-28,0,Warner Bros. Pictures,"Drama, Crime"
191128,Escape in the Desert,Released,1945-05-01,0,Warner Bros. Pictures,"Drama, Thriller, War"
193456,His First Flame,Released,1935-03-08,0,Warner Bros. Pictures,Comedy
187998,Breakdowns of 1936,Released,1936-12-30,0,Warner Bros. Pictures,"Documentary, Comedy"
188299,She Couldn't Say No,Released,1930-02-15,0,Warner Bros. Pictures,"Drama, Romance"
187324,A Day at Santa Anita,Released,1937-05-22,0,Warner Bros. Pictures,Drama
187535,Calling All Girls,Released,1942-01-24,0,Warner Bros. Pictures,Music
188970,The Little Archer,Released,1949-10-07,0,Warner Bros. Pictures,"Documentary, Family"
188752,The High Powered Rifle,Released,1960-09-01,0,20th Century Fox,Crime
201186,Recompense,Released,1925-04-26,0,Warner Bros. Pictures,Drama
200617,Smoked Hams,Released,1934-10-20,0,Warner Bros. Pictures,Comedy
178870,Melody for Two,Released,1937-05-01,0,Warner Bros. Pictures,"Music, Romance"
178615,Penrod's Double Trouble,Released,1938-07-23,0,Warner Bros. Pictures,Comedy
172440,Down Among the Sheltering Palms,Released,1953-03-01,0,20th Century Fox,"Romance, Comedy, Music"
172563,City Girl,Released,1938-01-07,0,20th Century Fox,"Drama, Crime"
175177,Mr. Chump,Released,1938-08-08,0,Warner Bros. Pictures,Comedy
173662,Stella,Released,1950-07-20,0,20th Century Fox,Comedy
174239,Portrait of a Mobster,Released,1961-04-19,0,Warner Bros. Pictures,"Drama, Crime"
185121,Musical Movieland,Released,1944-09-09,0,Warner Bros. Pictures,Music
184351,The Diamond Queen,Released,1953-11-28,0,Warner Bros. Pictures,"Romance, Adventure"
184686,Hit Parade of the Gay Nineties,Released,1943-09-18,0,Warner Bros. Pictures,"Documentary, Music"
181166,Going Highbrow,Released,1935-07-06,0,Warner Bros. Pictures,"Comedy, Romance"
180949,A Penny a Peep,Released,1934-03-27,0,Warner Bros. Pictures,Comedy
181113,Story Conference,Released,1934-04-07,0,Warner Bros. Pictures,"Comedy, Music"
182918,Sergeant Murphy,Released,1938-01-01,0,Warner Bros. Pictures,Drama
221814,Free and Easy,Released,1931-10-01,0,Warner Bros. Pictures,Comedy
217035,"Careful, Soft Shoulders",Released,1942-09-18,0,20th Century Fox,"Comedy, Romance, War"
216876,Unchained,Released,1955-08-25,0,Warner Bros. Pictures,"Crime, Drama"
217713,How to Break 90 #2: Position and Back Swing,Released,1933-06-09,0,Warner Bros. Pictures,Comedy
217770,Sisters and Other Strangers,Released,1997-05-06,0,,"Drama, TV Movie"
206137,23 -- Skidoo,Released,1930-06-06,0,Warner Bros. Pictures,Comedy
207864,Green's Twentieth Century Faydettes,Released,1929-03-20,0,Warner Bros. Pictures,Music
207890,Dick Rich and His Synco-Symphonists,Released,1928-07-15,0,Warner Bros. Pictures,Music
208650,The Rookie,Released,1959-12-01,0,20th Century Fox,Comedy
207791,The Night Court,Released,1927-11-15,0,Warner Bros. Pictures,"Music, Comedy"
202844,15 Maiden Lane,Released,1936-10-16,0,20th Century Fox,"Drama, Crime"
204707,Nut Guilty,Released,1936-11-21,0,Warner Bros. Pictures,Comedy
204751,Jon Reep: Metro Jethro,Released,2009-10-20,0,Warner Bros. Pictures,Comedy
204774,Wild Brian Kent,Released,1936-11-06,0,20th Century Fox,Western
203721,The Emergency Case,Released,1930-09-01,0,Warner Bros. Pictures,Comedy
213044,The Flame Song,Released,1934-10-27,0,Warner Bros. Pictures,"Music, Romance"
214265,Marilyn,Released,1963-04-18,0,20th Century Fox,Documentary
211826,Footloose Widows,Released,1926-06-19,0,Warner Bros. Pictures,Comedy
212255,Marry the Girl,Released,1937-07-13,0,Warner Bros. Pictures,"Romance, Comedy"
211167,Murder on the Waterfront,Released,1943-09-18,0,Warner Bros. Pictures,"Mystery, Drama"
422428,Carnival Day,Released,1936-01-11,0,Warner Bros. Pictures,"Crime, Comedy"
420807,The Sword in the Stone,Planned,,0,Walt Disney Pictures,"Adventure, Family, Fantasy"
420810,The Jungle Book 2,Planned,2026-07-10,0,Walt Disney Pictures,"Adventure, Family, Drama, Fantasy"
420811,Rose Red,Planned,,0,Walt Disney Pictures,"Adventure, Fantasy, Family"
420837,Bernado De Pace,Released,1927-04-05,0,Warner Bros. Pictures,Music
420838,Dream Cafe,Released,1927-12-27,0,Warner Bros. Pictures,Music
420922,"Here, Prince",Released,1932-10-01,0,Warner Bros. Pictures,Comedy
420930,Wrongorilla,Released,1933-03-04,0,Warner Bros. Pictures,Comedy
422641,Fantastic Beasts 4,Rumored,,0,Warner Bros. Pictures,"Action, Adventure, Fantasy"
422642,Fantastic Beasts 5,Canceled,,0,Warner Bros. Pictures,"Action, Adventure, Fantasy"
423152,Absorbing Junior,Released,1936-05-08,0,Warner Bros. Pictures,Comedy
417445,Honky Tonk,Released,1929-08-31,0,Warner Bros. Pictures,"Drama, Comedy"
417613,Wolf Totem,Rumored,,0,Walt Disney Pictures,Animation
419668,Rags to Riches,Released,1922-09-24,0,Warner Bros. Pictures,Drama
420099,So You Want to Hold Your Husband,Released,1950-07-01,0,Warner Bros. Pictures,"Documentary, Comedy"
419762,So You Want a Model Railroad,Released,1955-08-27,0,Warner Bros. Pictures,Comedy
419003,Requiem & Rebirth: Superman Lives!,Released,2007-09-18,0,Warner Bros. Pictures,Documentary
418768,The Two College Nuts,Released,1929-07-01,0,Warner Bros. Pictures,"Comedy, Music"
429597,Is Everybody Happy?,Released,1929-10-19,0,Warner Bros. Pictures,"Comedy, Drama, Music"
430171,Best of Warner Bros. 25 Cartoon Collection: Hanna-Barbera,Released,2013-05-21,0,Warner Bros. Pictures,Animation
428825,Show Kids,Released,1935-01-05,0,Warner Bros. Pictures,"Family, Music"
428986,The Honeymoon Express,Released,1926-09-02,0,Warner Bros. Pictures,Drama
429004,Soft Drinks and Sweet Music,Released,1934-12-08,0,Warner Bros. Pictures,Music
428972,Misbehaving Ladies,Released,1931-04-16,0,Warner Bros. Pictures,Drama
429033,Believe It or Not (Second Series) #1,Released,1931-09-26,0,Warner Bros. Pictures,Documentary
429159,Going Places,Released,1930-06-08,0,Warner Bros. Pictures,Comedy
429065,Success,Released,1931-06-30,0,Warner Bros. Pictures,Comedy
425824,Training Day: Day of the Riot,Planned,,0,Warner Bros. Pictures,"Crime, Drama"
427729,My Man,Released,1928-12-15,0,Warner Bros. Pictures,"Drama, Music"
428198,Deep Purple: Rises Over Japan,Released,1985-03-01,0,Warner Bros. Pictures,Music
405356,The Night Invader,Released,1943-12-05,0,Warner Bros. Pictures,"Drama, Thriller"
404235,Love Begins at Twenty,Released,1936-08-22,0,Warner Bros. Pictures,"Comedy, Music, Romance"
413680,Pony Express Days,Released,1940-07-13,0,Warner Bros. Pictures,Western
413697,Manhattan Heartbeat,Released,1940-07-11,0,20th Century Fox,Drama
413751,The Galton Case,Rumored,,0,Warner Bros. Pictures,Crime
406435,The Darwin Adventure,Released,1972-09-27,0,20th Century Fox,Drama
412507,Like Normal People,Released,1979-04-13,0,,"Romance, TV Movie, Drama"
413950,The Flag of Humanity,Released,1940-10-19,0,Warner Bros. Pictures,"Drama, History"
414062,A Million Bid,Released,1927-05-27,0,Warner Bros. Pictures,"Drama, Romance"
408256,Two Good Boys Gone Wrong,Released,1929-10-29,0,Warner Bros. Pictures,Comedy
406758,The Gone World,Planned,,0,20th Century Fox,Science Fiction
409860,Jennifer Hale,Released,1937-10-06,0,20th Century Fox,Crime
454990,The Knight Is Young,Released,1938-10-29,0,Warner Bros. Pictures,Romance
452407,Queen of the Night Clubs,Released,1929-03-23,0,Warner Bros. Pictures,Drama
451556,Live Fast Die Hot,Planned,,0,Warner Bros. Pictures,Drama
451340,Young as You Feel,Released,1940-02-16,0,20th Century Fox,Comedy
462340,Wings of Steel,Released,1941-04-04,0,Warner Bros. Pictures,"War, Drama"
462222,Royal River,Released,1959-08-23,0,20th Century Fox,Documentary
462786,The Man Killers,Released,1943-05-29,0,Warner Bros. Pictures,Documentary
462683,Flaming Frontier,Released,1958-08-01,0,20th Century Fox,Western
464383,Conquest,Released,1928-12-22,0,Warner Bros. Pictures,Drama
464394,Fancy Baggage,Released,1929-01-26,0,Warner Bros. Pictures,Drama
464341,Star for a Night,Released,1936-08-28,0,20th Century Fox,Drama
464067,Beware of Bachelors,Released,1928-10-27,0,Warner Bros. Pictures,Comedy
464219,On Trial,Released,1928-12-01,1454000,Warner Bros. Pictures,Drama
464199,The Home Towners,Released,1928-11-03,0,Warner Bros. Pictures,Comedy
465112,Kid Gloves,Released,1929-03-23,0,Warner Bros. Pictures,Drama
464649,The Redeeming Sin,Released,1929-02-16,0,Warner Bros. Pictures,"Drama, Romance, Crime"
464568,The Greyhound Limited,Released,1929-02-09,0,Warner Bros. Pictures,"Drama, Crime"
463976,State Street Sadie,Released,1928-08-25,0,Warner Bros. Pictures,"Crime, Drama"
463187,Macushla,Released,1937-01-01,0,20th Century Fox,Drama
463850,The Lion and the Mouse,Released,1928-05-21,0,Warner Bros. Pictures,Drama
463788,Van and Schenck: Pennant Winning Battery of Songland,Released,1927-02-03,0,Warner Bros. Pictures,"Music, Comedy"
463970,Women They Talk About,Released,1928-08-10,0,Warner Bros. Pictures,"Drama, Comedy"
463974,Caught in the Fog,Released,1928-08-25,0,Warner Bros. Pictures,Thriller
440641,King of the Islands,Released,1936-02-22,0,Warner Bros. Pictures,"Comedy, Romance, Music"
434597,The Gamblers,Released,1929-06-29,0,Warner Bros. Pictures,Drama
433305,Riders of the Purple Sage,Released,1941-10-09,0,20th Century Fox,"Drama, Western"
446188,Sundown Jim,Released,1942-03-27,0,20th Century Fox,Western
445312,Splash,Planned,,0,Walt Disney Pictures,"Romance, Comedy"
448556,Gateways to the Mind,Released,1958-10-23,0,Warner Bros. Pictures,"Documentary, Animation"
447273,Snow White,In Production,2024-03-20,0,Walt Disney Pictures,"Family, Fantasy"
442521,Seven Sinners,Released,1925-11-07,0,Warner Bros. Pictures,"Comedy, Crime"
441111,What Happened To Father,Released,1927-06-25,0,Warner Bros. Pictures,Comedy
441724,The Dark Swan,Released,1924-11-26,0,Warner Bros. Pictures,Drama
443546,A Colorful Sermon,Released,1928-05-18,0,Warner Bros. Pictures,Music
443556,The Book Worm,Released,1928-02-10,0,Warner Bros. Pictures,Comedy
443559,Retribution,Released,1928-06-16,0,Warner Bros. Pictures,Drama
443590,The Death Ship,Released,1928-06-01,0,Warner Bros. Pictures,Drama
443593,Gossip,Released,1929-04-29,0,Warner Bros. Pictures,Comedy
443668,Hilda,Released,1929-08-19,0,Warner Bros. Pictures,Comedy
443669,Revival Day,Released,1930-01-15,0,Warner Bros. Pictures,Comedy
443671,Niagara Falls,Released,1930-01-30,0,Warner Bros. Pictures,Drama
443680,Fishing Around,Released,1929-09-27,0,Warner Bros. Pictures,Comedy
443684,Surprise,Released,1930-03-15,0,Warner Bros. Pictures,Comedy
443685,What a Life,Released,1930-03-15,0,Warner Bros. Pictures,"Comedy, Music"
443690,Thanksgiving Day,Released,1928-08-17,0,Warner Bros. Pictures,Comedy
443695,Let's Elope!,Released,1930-03-15,0,Warner Bros. Pictures,Comedy
443663,Songology,Released,1929-09-13,0,Warner Bros. Pictures,Music
443660,The Prince of Wails,Released,1929-08-29,0,Warner Bros. Pictures,Comedy
443658,Sympathy,Released,1929-08-29,0,Warner Bros. Pictures,Comedy
443601,A Bird in the Hand,Released,1929-04-29,0,Warner Bros. Pictures,Comedy
443284,2 1/2 Dads,Released,1986-02-16,0,Walt Disney Pictures,"Family, Adventure, Drama"
353333,Coisa de Mulher,Released,2005-09-02,0,Warner Bros. Pictures,"Comedy, Romance"
346857,"Shake, Mr. Shakespeare",Released,1936-08-21,0,Warner Bros. Pictures,Comedy
360195,"Goodbye, Miss 4th of July",Released,1988-12-03,0,Walt Disney Pictures,Drama
358623,The Outlaw's Daughter,Released,1954-11-01,0,20th Century Fox,Western
359074,Thunder Mountain,Released,1935-09-27,0,20th Century Fox,Western
359195,13 Fighting Men,Released,1960-03-31,0,20th Century Fox,"War, Western"
359206,Prairie Thunder,Released,1937-09-10,0,Warner Bros. Pictures,Western
355241,Winnie Puuh - Honigsüße Abenteuer 7: Freunde helfen einander,Released,2004-10-21,0,Walt Disney Pictures,"Animation, Family"
354348,"Ride, Kelly, Ride",Released,1941-02-07,0,20th Century Fox,"Crime, Drama"
357715,To the Victor,Released,1948-10-26,0,Warner Bros. Pictures,"Drama, Music, Romance"
358247,Song and Dance Man,Released,1936-03-11,0,20th Century Fox,"Drama, Music"
358039,Scotland Yard,Released,1941-04-03,0,20th Century Fox,Crime
357038,Panamint's Bad Man,Released,1938-07-07,0,20th Century Fox,Western
333087,That Man's Here Again,Released,1937-04-16,0,Warner Bros. Pictures,"Romance, Comedy"
336326,Swingin' Along,Released,1961-04-16,0,20th Century Fox,Comedy
330168,Stark Mad,Released,1929-02-02,0,Warner Bros. Pictures,"Crime, Adventure, Action"
328653,The Korea Story,Released,1953-01-01,0,Warner Bros. Pictures,"Documentary, War"
328790,Laughing at Trouble,Released,1936-12-11,0,20th Century Fox,"Drama, Comedy, Crime"
343770,Bobbed Hair,Released,1925-10-25,0,Warner Bros. Pictures,Comedy
342152,Lincoln in the White House,Released,1939-02-11,0,Warner Bros. Pictures,"Drama, History"
342711,So This Is London,Released,1939-03-01,0,20th Century Fox,Comedy
342885,Movie-Mania,Released,1937-05-08,0,Warner Bros. Pictures,"Music, Comedy"
342356,The Red Shadow,Released,1932-12-03,0,Warner Bros. Pictures,"Drama, Music, Mystery"
342407,The Winnah!,Released,1934-07-20,0,Warner Bros. Pictures,Music
345992,English as She Is Not Spoken,Released,1928-06-30,0,Warner Bros. Pictures,Comedy
338872,Calling All Husbands,Released,1940-09-07,0,Warner Bros. Pictures,Comedy
337375,Small Town Deb,Released,1941-11-07,0,20th Century Fox,Comedy
338020,Return of the Terror,Released,1934-07-07,0,Warner Bros. Pictures,Mystery
337837,Rough Waters,Released,1930-06-06,0,Warner Bros. Pictures,Drama
337836,The Man Hunter,Released,1930-05-02,0,Warner Bros. Pictures,Adventure
337828,A Race for Life,Released,1928-01-28,0,Warner Bros. Pictures,"Action, Adventure"
337829,Rinty of the Desert,Released,1928-04-20,0,Warner Bros. Pictures,"Adventure, Family"
337831,The Million Dollar Collar,Released,1929-02-09,0,Warner Bros. Pictures,"Adventure, Family"
337832,Frozen River,Released,1929-04-20,0,Warner Bros. Pictures,"Adventure, Family"
337833,Tiger Rose,Released,1929-12-21,0,Warner Bros. Pictures,"Action, Drama, Music"
337835,On the Border,Released,1930-03-14,0,Warner Bros. Pictures,"Western, Drama, Family"
341175,Chicken Wagon Family,Released,1939-08-10,0,20th Century Fox,Comedy
386679,Everybody's Baby,Released,1939-03-24,0,20th Century Fox,Comedy
386615,Rascals,Released,1938-05-20,0,20th Century Fox,Comedy
386616,Keep Smiling,Released,1938-08-12,0,20th Century Fox,Comedy
386627,"Stop, Look and Love",Released,1939-09-22,0,20th Century Fox,Comedy
386632,Street of Memories,Released,1940-11-15,0,20th Century Fox,Drama
386769,Passage from Hong Kong,Released,1941-09-01,0,Warner Bros. Pictures,Mystery
386458,Speed to Burn,Released,1938-06-07,0,20th Century Fox,"Drama, Crime"
386460,Road Demon,Released,1938-12-02,0,20th Century Fox,"Drama, Crime"
386461,Winner Take All,Released,1939-03-29,0,20th Century Fox,"Drama, Comedy"
386474,Pardon Our Nerve,Released,1939-02-24,0,20th Century Fox,Comedy
386476,Sharpshooters,Released,1938-11-18,0,20th Century Fox,Adventure
387328,Africa Speaks -- English,Released,1933-02-06,0,Warner Bros. Pictures,Comedy
386019,Boy Friend,Released,1939-05-19,0,20th Century Fox,"Drama, Comedy, Crime"
389326,The Man in the Trunk,Released,1942-09-19,0,20th Century Fox,"Crime, Comedy"
389075,Moon Over Her Shoulder,Released,1941-10-23,0,20th Century Fox,Comedy
387457,The Operation,Released,1930-02-17,0,Warner Bros. Pictures,Comedy
383371,The Crime of Dr. Forbes,Released,1936-07-05,0,20th Century Fox,"Drama, Crime"
383335,Every Saturday Night,Released,1936-03-13,0,20th Century Fox,Comedy
383339,Educating Father,Released,1936-05-23,0,20th Century Fox,Comedy
383342,Off to the Races,Released,1937-02-05,0,20th Century Fox,"Comedy, Drama, Romance"
383702,Big Town Girl,Released,1937-12-03,0,20th Century Fox,"Comedy, Drama"
395870,Too Young to Know,Released,1945-12-01,0,Warner Bros. Pictures,"Romance, Drama, War"
396676,Thru Different Eyes,Released,1942-06-19,0,20th Century Fox,"Drama, Crime"
396630,Don't Get Nervous,Released,1929-08-20,0,Warner Bros. Pictures,"Comedy, Music"
396561,Platinum Comedy Series: Steve Harvey - One Man,Released,2004-08-10,0,20th Century Fox,Comedy
390909,Sing and Be Happy,Released,1937-06-25,0,20th Century Fox,Comedy
390804,Tip Tap Toe,Released,1932-10-21,0,Warner Bros. Pictures,"Music, Comedy"
389966,One Way Out,Released,1931-01-05,0,Warner Bros. Pictures,Comedy
390242,Rushin' Art,Released,1936-01-01,0,Warner Bros. Pictures,Comedy
368401,The Woman Inside,Released,1981-09-01,0,20th Century Fox,Drama
369132,The Yellow Canary,Released,1963-05-15,0,20th Century Fox,"Thriller, Drama"
367068,The Six Billion Dollar Man,Planned,,0,Warner Bros. Pictures,"Action, Science Fiction"
367111,The Threat,Released,1960-03-01,0,Warner Bros. Pictures,"Drama, Crime"
371021,Batman and Friends,Released,2014-04-01,0,Warner Bros. Pictures,Animation
369886,Chicken Soup for the Soul,Released,,0,Warner Bros. Pictures,Drama
362445,Sins of Man,Released,1936-06-19,0,20th Century Fox,Drama
362557,Tess of the Storm Country,Released,1960-12-08,0,20th Century Fox,Drama
364738,Bermuda Mystery,Released,1944-05-01,0,20th Century Fox,Mystery
364884,The Royal Four-Flusher,Released,1930-05-07,0,Warner Bros. Pictures,Comedy
364793,Masks and Memories,Released,1934-05-12,0,Warner Bros. Pictures,"Comedy, Music"
376677,The Battle for the Marianas,Released,1944-09-21,0,Warner Bros. Pictures,"Documentary, War"
377170,Trailin' West,Released,1936-09-04,0,Warner Bros. Pictures,Western
380460,Just a Cute Kid,Released,1940-10-05,0,Warner Bros. Pictures,Comedy
380382,Bungalow 13,Released,1948-11-19,0,20th Century Fox,Mystery
379750,Chasing Danger,Released,1939-05-05,0,20th Century Fox,Adventure
373090,Man Hunt,Released,1936-01-29,0,Warner Bros. Pictures,"Crime, Drama, Comedy"
375916,Apollo 11: Men on the Moon,Released,2003-08-19,0,20th Century Fox,Documentary
921047,The Legacy,Released,1930-08-31,0,Warner Bros. Pictures,Music
921393,Animatrix 2.0,Rumored,,0,Warner Bros. Pictures,"Animation, Science Fiction"
920613,Seeing Things,Released,1930-11-25,0,Warner Bros. Pictures,Comedy
920091,Disney's Christmas,Released,2003-12-10,0,Walt Disney Pictures,"Animation, Family, Comedy"
911391,Metal Men,Planned,,0,,"Animation, Science Fiction"
912665,"Giuseppe De Luca, Singing 'Largo al factotum' from 'The Barber of Seville'",Released,1927-05-06,0,Warner Bros. Pictures,Music
904049,Big Rose: Double Trouble,Released,1974-03-26,0,,"Mystery, Crime, TV Movie"
908141,Miracles of the Jungle,Released,1921-07-16,0,Warner Bros. Pictures,"Adventure, Action"
906407,Akira,Planned,,0,Warner Bros. Pictures,"Action, Drama, Mystery"
918210,Meu Álbum de Amores,Released,2022-08-18,0,,"Drama, Music"
917232,High Spots of the Far East,Released,1933-02-06,0,Warner Bros. Pictures,Documentary
917200,Believe It or Not (Second Series) #11,Released,1932-06-11,0,Warner Bros. Pictures,Documentary
917423,Shop Talk,Released,1936-02-15,0,Warner Bros. Pictures,Comedy
917496,Beetlejuice 2,In Production,2024-09-05,0,Warner Bros. Pictures,"Comedy, Fantasy"
914421,Believe It or Not (Second Series) #2,Released,1931-10-24,0,Warner Bros. Pictures,Documentary
914423,Believe It or Not (Second Series) #3,Released,1931-11-21,0,Warner Bros. Pictures,Documentary
914797,Headline Bands,Released,1946-01-26,0,Warner Bros. Pictures,Music
943683,Bullitt,Planned,,0,Warner Bros. Pictures,"Thriller, Action, Crime"
943598,Remember When,Released,1974-03-23,0,,"Drama, TV Movie"
940090,Charlie Chan Is Missing: The Last Days of Warner Oland,Released,2007-08-14,0,,Documentary
947245,Number One Son: The Life of Keye Luke,Released,2006-12-05,0,,Documentary
947246,"Layne Tom, Jr: The Adventures of Charlie Chan, Jr.",Released,2006-12-05,0,,Documentary
944954,The Real Charlie Chan,Released,2006-06-20,0,20th Century Fox,Documentary
944957,Charlie Chan and the Rise of the Modern Detective,Released,2007-08-14,0,,Documentary
944959,Dr. Henry Lee: The Modern Day Charlie Chan,Released,2007-08-14,0,,Documentary
945956,I Am Legend 2,Planned,,0,Warner Bros. Pictures,"Science Fiction, Thriller, Drama"
929343,The AristoCats,Planned,,0,Walt Disney Pictures,"Family, Comedy, Adventure"
938180,Iemanjá - Ocean's Goddess,In Production,2025-01-01,0,,Fantasy
876139,Flight of the Navigator,Planned,,0,Walt Disney Pictures,"Science Fiction, Family, Adventure"
873505,New Jack City 2,Planned,,0,Warner Bros. Pictures,"Crime, Drama"
878839,Continental Holiday,Released,1952-01-01,0,Warner Bros. Pictures,Documentary
861426,Jungle Cruise 2,Planned,,0,Walt Disney Pictures,"Fantasy, Adventure, Action, Comedy"
870028,The Accountant 2,Planned,,0,Warner Bros. Pictures,"Crime, Thriller, Drama"
865383,The Witches of Eastwick,Planned,,0,Warner Bros. Pictures,"Comedy, Horror, Fantasy"
892567,That Goes Double,Released,1933-07-29,0,Warner Bros. Pictures,Music
892896,Hyperion,Planned,,0,Warner Bros. Pictures,Science Fiction
898789,Lethal Weapon 5,Planned,,0,Warner Bros. Pictures,"Action, Comedy"
898826,Wayne Train,Released,1973-02-07,0,Warner Bros. Pictures,Documentary
882446,Daughter of the Deep,Planned,,0,Walt Disney Pictures,Adventure
889737,Joker: Folie à Deux,Post Production,2024-10-02,0,Warner Bros. Pictures,"Drama, Crime, Thriller"
889971,A Dangerous Adventure,Released,1922-11-01,142000,Warner Bros. Pictures,Adventure
888487,Thaw,Planned,,0,Warner Bros. Pictures,"Horror, Thriller"
1003128,Five Fingers: The Judas Goat,Released,1961-10-01,0,,Mystery
1003120,Five Fingers : Dossier,Released,1961-08-01,0,,Mystery
1003171,Five Fingers : The Temple of the Swinging Doll,Released,1961-12-01,0,,Drama
1003173,Five Fingers : Thin Ice,Released,1961-07-01,0,,Thriller
1002299,Ave Maria,Released,1929-12-29,0,Warner Bros. Pictures,Music
1002635,Penelope,Planned,,0,Walt Disney Pictures,Fantasy
1004343,Silent Laughter: The Reel Inspirations of 'Silent Movie',Released,2009-12-15,0,,Documentary
1000589,And the Wall Came Tumbling Down,Released,1984-09-01,0,20th Century Fox,"Horror, Drama, Mystery, Science Fiction, Thriller"
1000998,The Starlost: The Beginning,Released,1980-01-01,0,20th Century Fox,Science Fiction
1001884,Dashing Through the Snow,In Production,2023-11-17,0,Walt Disney Pictures,Comedy
1001982,The Graveyard Book,Planned,,0,Walt Disney Pictures,"Fantasy, Horror"
990665,The Sundance Kid Might Have Some Regrets,Planned,,0,Warner Bros. Pictures,Thriller
991549,Moving In,Released,1931-06-05,0,Warner Bros. Pictures,Comedy
998245,Thunder Beach,Released,1956-06-23,0,Warner Bros. Pictures,Documentary
1022789,Inside Out 2,In Production,2024-06-12,0,Walt Disney Pictures,"Animation, Family"
1022796,Wish,Post Production,2023-11-22,0,Walt Disney Pictures,"Animation, Family, Fantasy, Adventure"
1022787,Elio,In Production,2024-02-28,0,Walt Disney Pictures,"Animation, Family, Adventure, Science Fiction, Comedy"
1021076,Cool Cats - The Official 1997 NCAA Championship Video,Released,1998-01-01,0,20th Century Fox,Documentary
1022017,Fugly,Released,2007-01-01,0,,"TV Movie, Comedy"
1021281,James at 15,Released,1977-09-05,0,,"Drama, TV Movie"
1025239,Spearfield's Daughter,Released,1986-05-25,0,,"Drama, TV Movie"
1012859,A Distant Scream,Released,1984-11-05,0,,"TV Movie, Horror, Mystery"
1012862,Czech Mate,Released,1985-03-02,0,,"TV Movie, Thriller, Mystery"
1014618,The End of the Road,Released,1936-10-01,0,20th Century Fox,"Comedy, Music"
1013601,Wise Guys,In Production,2024-01-31,0,Warner Bros. Pictures,"Drama, Crime"
1013799,Disaster Wedding,Planned,,0,Warner Bros. Pictures,Comedy
1017362,Whatever Happened to Dobie Gillis?,Released,1977-05-10,0,,"Comedy, TV Movie"
1019250,Hard Rock Treasures,Released,2005-08-08,0,20th Century Fox,Documentary
1019010,Tourist,Released,1980-07-17,0,,"Comedy, Romance, TV Movie"
1015267,Riviera Days,Released,1950-06-03,0,Warner Bros. Pictures,Documentary
960301,The Swell Head,Released,1928-07-14,0,Warner Bros. Pictures,Comedy
959432,Paris Paramount,Planned,,0,Warner Bros. Pictures,"Romance, Comedy"
969183,Hot Wheels,Planned,,0,Warner Bros. Pictures,Action
968301,Old Lace,Released,1931-08-04,0,Warner Bros. Pictures,Music
966410,In Five Years,Released,,0,Warner Bros. Pictures,"Drama, Romance"
958846,Demarco Affairs,Released,2004-12-31,0,,"Drama, Comedy"
955803,Black,Planned,,0,Warner Bros. Pictures,Action
983058,National Treasure 3,Rumored,,0,Walt Disney Pictures,"Action, Adventure, Family"
972659,Untitled 'Crazy Rich Asians' Spin-Off,Planned,,0,Warner Bros. Pictures,"Romance, Comedy, Drama"
971606,Out of My Mind,In Production,,0,Walt Disney Pictures,Drama
975839,Charlie Chan’s Killer Actress,Released,2008-02-12,0,,Documentary
975830,Welcome to Reno: America’s Divorce Resort,Released,2008-02-12,0,,Documentary
976999,The Making of Charlie Chan in City of Darkness,Released,2008-02-12,0,,Documentary
977002,Writing Chan: Robert Ellis & Helen Logan,Released,2008-02-12,0,,Documentary
976343,Ship Ahoy,Released,1931-03-01,0,Warner Bros. Pictures,Music
737535,Untitled Prince Anders Project,Planned,,0,Walt Disney Pictures,"Adventure, Fantasy, Comedy, Family"
743181,Untitled LA Youth Orchestra Project,Planned,,0,Walt Disney Pictures,Music
743292,State Fair,Released,1976-05-14,0,,"TV Movie, Drama"
738606,Nemesis,Planned,,0,Warner Bros. Pictures,"Action, Science Fiction, Thriller"
724728,Disney's Best: The Fabulous '50s,Released,1984-03-06,0,Walt Disney Pictures,"Animation, Family"
721053,It's Your America,Released,1946-07-25,0,Warner Bros. Pictures,"Drama, War, Documentary"
729772,The Backyard Broadcast,Released,1936-09-26,0,Warner Bros. Pictures,Music
727337,Spooked,Planned,,0,Walt Disney Pictures,Comedy
728910,Once on This Island,Planned,,0,Walt Disney Pictures,"Music, Romance"
728227,Remembering Fay Wray,Released,2020-05-27,0,Warner Bros. Pictures,Documentary
761304,Alice & Só,Released,2020-11-12,0,,"Comedy, Romance"
762509,Mufasa: The Lion King,In Production,2024-07-03,0,Walt Disney Pictures,"Adventure, Animation, Family"
748230,Salem's Lot,Post Production,,0,Warner Bros. Pictures,"Horror, Thriller, Mystery"
748865,Oh The Places You'll Go!,Planned,,0,,"Animation, Adventure"
745734,The Paper Magician,Planned,,0,Walt Disney Pictures,"Fantasy, Adventure"
746107,Nerd Herd,Released,2015-01-01,0,,"Comedy, TV Movie"
751693,Space Mountain,Planned,,0,Walt Disney Pictures,"Family, Adventure"
688590,Hot from Petrograd,Released,1933-09-02,0,Warner Bros. Pictures,"Comedy, Music"
688595,Dave Apollon and His Orchestra,Released,1940-03-02,0,Warner Bros. Pictures,"Comedy, Music"
688552,Meet the Kernel,Released,1936-05-16,0,Warner Bros. Pictures,"Comedy, Music"
688554,Dave Apollon and His Club Casanova Orchestra,Released,1939-04-22,0,Warner Bros. Pictures,"Comedy, Music"
688559,Dave Apollon & His Orchestra,Released,1938-12-24,0,Warner Bros. Pictures,"Comedy, Music"
685187,Syncopated City,Released,1934-09-01,0,Warner Bros. Pictures,"Comedy, Music"
687254,Wouldn’t It Be Nice,Planned,,0,Walt Disney Pictures,Comedy
691406,Truce,Planned,,0,Warner Bros. Pictures,"War, Drama"
691504,The Cole Case,Released,1932-04-01,0,Warner Bros. Pictures,Mystery
691790,Robin Hood,Planned,,0,Walt Disney Pictures,"Family, Adventure, Comedy"
691689,Sister Act 3,Planned,,0,Walt Disney Pictures,"Comedy, Family"
693072,Backstory: 'How Green Was My Valley',Released,2000-10-14,0,,"Documentary, Drama"
680309,The Pinkerton,Planned,,0,Warner Bros. Pictures,"Thriller, Western"
714230,All Night Long,Planned,,0,Walt Disney Pictures,Music
718821,Twisters,In Production,2024-07-17,0,Warner Bros. Pictures,"Action, Adventure"
716913,The Halloween Tree,Planned,,0,Warner Bros. Pictures,"Horror, Fantasy, Adventure"
699457,Three Men and a Baby,Planned,,0,Walt Disney Pictures,"Comedy, Family"
701783,Revival,Planned,,0,Warner Bros. Pictures,Horror
701377,The Day You Love Me,Released,1986-01-01,0,Warner Bros. Pictures,"Drama, Romance, Music"
701078,Inside 'The Apartment',Released,2008-01-06,0,,Documentary
696506,Mickey 17,In Production,2024-03-27,0,Warner Bros. Pictures,"Adventure, Drama, Science Fiction"
698954,Hercules,Planned,,0,Walt Disney Pictures,"Fantasy, Adventure"
825678,The Please Watch the Jon Lovitz Special,Released,1992-05-17,0,20th Century Fox,Comedy
826962,Stay Frosty,Planned,,0,Warner Bros. Pictures,Action
826963,Meebo And Me,Planned,,0,Warner Bros. Pictures,Family
833895,Famous Movie Dogs,Released,1940-08-17,0,Warner Bros. Pictures,Documentary
814936,Cavalcade of Girls,Released,1950-08-12,0,Warner Bros. Pictures,Documentary
821962,The 25th Annual Putnam County Spelling Bee,Planned,,0,Walt Disney Pictures,"Music, Comedy"
851160,Roaring Wheels,Released,1948-10-02,0,Warner Bros. Pictures,Documentary
851166,Studio Highlights,Released,1934-08-01,0,Warner Bros. Pictures,Documentary
853286,The Symphony Murder Mystery,Released,1932-01-01,0,Warner Bros. Pictures,"Crime, Mystery"
849482,Power Behind the Nation,Released,1947-10-11,0,Warner Bros. Pictures,Documentary
839033,The Lord of the Rings: The War of the Rohirrim,In Production,2024-12-12,0,Warner Bros. Pictures,"Animation, Fantasy, Action"
836529,Ace Ventura 3,In Production,,0,Warner Bros. Pictures,Comedy
836454,Cruella 2,Planned,,0,Walt Disney Pictures,"Crime, Comedy"
788147,A Tree Grows in Brooklyn,Released,1974-03-27,0,,"Drama, Family, TV Movie"
786271,The Policy Girl,Released,1934-08-11,0,Warner Bros. Pictures,"Music, Romance"
785030,Keeper of the Lost Cities,Planned,,0,Walt Disney Pictures,Action
787699,Wonka,Post Production,2023-12-13,0,Warner Bros. Pictures,"Adventure, Comedy, Family, Fantasy"
786892,Furiosa,Post Production,2024-05-22,0,Warner Bros. Pictures,"Action, Science Fiction, Thriller"
768256,Minstrel Days,Released,1941-09-06,0,Warner Bros. Pictures,"Music, History"
769402,On the Air,Released,1939-06-26,0,Warner Bros. Pictures,Music
779132,Coyote v. Acme,Post Production,,0,Warner Bros. Pictures,"Animation, Comedy, Family"
774100,"Alexander and the Terrible, Horrible, No Good, Very Bad Day",In Production,,0,Walt Disney Pictures,"Family, Comedy"
774531,Young Woman and The Sea,Post Production,,0,Walt Disney Pictures,Drama
775580,A Shot at the Top: The Making of 'The King of Comedy',Released,2002-12-17,0,,Documentary
804820,The Rules of Marriage,Released,1982-05-10,0,,"Drama, TV Movie"
811855,ThunderCats,Planned,,0,Warner Bros. Pictures,"Animation, Fantasy, Action"
810981,For Your Convenience,Released,1939-05-20,0,Warner Bros. Pictures,Documentary
793622,All Star Melody Masters,Released,1943-05-22,0,Warner Bros. Pictures,Music
793553,The Misunderstood Giant,Released,1960-02-01,0,20th Century Fox,Animation
793375,The Secret Islands: Untold Adventures of the Dawn Treader,Released,2011-04-08,0,20th Century Fox,"Animation, Fantasy, Adventure"
793377,Main Street Follies,Released,1935-05-11,0,Warner Bros. Pictures,"Music, Comedy"
800486,The Great Chinese Art Heist,Planned,,0,Warner Bros. Pictures,Crime
797190,The B-52's Time Capsule: Videos for a Future Generation,Released,2006-12-07,0,Warner Bros. Pictures,Music
