id,revenue,main_genre,decade,is_top_genre,is_major_company
848091,200000,Drama,1920,True,False
234,8811,Drama,1920,True,False
848094,200,Drama,1920,True,False
31509,4500000,Drama,1920,True,False
563505,3000000,Drama,1920,True,False
10098,2500000,Comedy,1920,False,False
707496,901937,Romance,1920,False,False
35227,400200,Drama,1920,True,False
653,19054,Fantasy,1920,False,False
889971,142000,Adventure,1920,False,True
175518,500,Comedy,1920,False,False
22596,1500000,Comedy,1920,False,False
28963,1490419,Romance,1920,False,False
144613,495000,Drama,1920,True,True
40574,1550000,Comedy,1920,False,False
621357,245919,Drama,1920,True,True
1405,274827,Drama,1920,True,False
53824,497234,Drama,1920,True,False
27511,881000,Drama,1920,True,False
541105,674000,Western,1920,False,False
962,4000000,Adventure,1920,False,False
27505,704000,Crime,1920,False,False
673603,180300,Drama,1920,True,True
595119,130000,Comedy,1920,False,True
964,2000000,Drama,1920,True,True
664792,6500,Drama,1920,True,False
3060,20000000,Drama,1920,True,False
98477,323150,Drama,1920,True,False
141914,1500000,Drama,1920,True,False
89647,270000,Western,1920,False,True
643,45100,Drama,1920,True,False
31510,9000000,Adventure,1920,False,False
177219,938000,Adventure,1920,False,True
189621,1500000,Action,1920,False,True
73575,966878,Drama,1920,True,False
225112,1273000,Comedy,1920,False,True
111305,1250000,Action,1920,False,False
961,1000000,Comedy,1920,False,False
38687,658000,Drama,1920,True,False
19,650422,Drama,1920,True,False
42536,39448,Drama,1920,True,False
673588,380400,Drama,1920,True,False
200656,1125000,Comedy,1920,False,True
28966,3600000,Drama,1920,True,True
122331,1037000,History,1920,False,True
150198,100,Drama,1920,True,False
76804,325550,Horror,1920,False,True
171343,615000,Romance,1920,False,False
287262,6241682,Drama,1920,True,False
73969,1027757,Drama,1920,True,False
64852,1000000,Horror,1920,False,False
42538,7000000,Drama,1920,True,False
206581,931000,Drama,1920,True,False
939,2600000,Drama,1920,True,True
142159,596000,Adventure,1920,False,False
173689,1200000,Crime,1920,False,True
108923,551000,Adventure,1920,False,False
42614,1099000,Drama,1920,True,False
207143,5916000,Drama,1920,True,True
104430,2305000,Drama,1920,True,True
27506,921000,Drama,1920,True,False
464219,1454000,Drama,1920,True,True
65203,4358000,Music,1920,False,False
79761,3270000,Action,1920,False,False
262260,3022000,Music,1920,False,True
20625,1800000,Comedy,1920,False,True
198930,2266000,Music,1920,False,True
44670,3967000,Comedy,1920,False,True
109891,857000,Drama,1920,True,False
53760,2400000,Romance,1920,False,False
53528,3000000,Comedy,1920,False,False
166658,1432000,Drama,1930,True,False
262972,4000000,Action,1930,False,False
143,3270000,Drama,1930,True,True
271840,204000,Drama,1930,True,False
156320,1211000,Drama,1930,True,False
130816,400000,History,1930,False,False
22301,8000000,Drama,1930,True,False
5729,7940,Romance,1930,False,False
166307,11000000,Drama,1930,True,True
27899,752000,Drama,1930,True,False
42861,1383000,Drama,1930,True,False
901,4250000,Comedy,1930,False,False
84296,4200000,Action,1930,False,False
138,700000,Horror,1930,False,True
17687,557000,Crime,1930,False,True
84299,1100000,Romance,1930,False,False
42669,822000,Crime,1930,False,False
3035,12000000,Drama,1930,True,True
42816,1600000,Drama,1930,True,False
52239,1522000,Drama,1930,True,False
3019,1300000,Horror,1930,False,True
35545,2227000,Crime,1930,False,False
104221,1972000,Drama,1930,True,False
98398,732000,Drama,1930,True,False
877,600000,Crime,1930,False,False
33680,2594000,Drama,1930,True,False
150397,1362000,Drama,1930,True,False
92341,753000,Adventure,1930,False,False
13634,1108000,Drama,1930,True,True
38077,1223000,Romance,1930,False,False
272667,1514000,Drama,1930,True,False
130422,1237000,Drama,1930,True,False
56164,7630000,Drama,1930,True,False
43595,2200000,Comedy,1930,False,True
3062,2281000,Comedy,1930,False,True
244,10000000,Adventure,1930,False,False
99729,747000,Drama,1930,True,True
12206,27690,Crime,1930,False,False
31511,3200000,Comedy,1930,False,True
27449,451000,Drama,1930,True,True
140581,1800000,Drama,1930,True,False
34456,2850000,Comedy,1930,False,True
28432,2416000,Comedy,1930,False,True
39938,2100000,Drama,1930,True,False
43600,2400000,Comedy,1930,False,False
258832,522000,Comedy,1930,False,False
39130,2156000,Comedy,1930,False,False
31526,2610000,Drama,1930,True,False
1145206,378787,Fantasy,1930,False,False
53872,965000,Comedy,1930,False,False
3078,4500000,Comedy,1930,False,True
24106,236000,Horror,1930,False,True
3529,1423000,Comedy,1930,False,False
321730,183,Drama,1930,True,False
84097,2500000,Music,1930,False,True
43693,1258000,Drama,1930,True,False
75880,1300000,Drama,1930,True,True
28288,1800000,Comedy,1930,False,False
82096,1120000,Drama,1930,True,False
77198,1400000,Comedy,1930,False,True
150249,2199000,Comedy,1930,False,False
43899,3064000,Adventure,1930,False,False
26323,1237000,Crime,1930,False,True
82106,1281000,Crime,1930,False,False
405607,150,Comedy,1930,False,False
43894,2057000,Music,1930,False,False
53863,831000,Comedy,1930,False,False
229,2000000,Drama,1930,True,True
43896,950000,Crime,1930,False,False
196693,69,Drama,1930,True,True
43886,770000,Comedy,1930,False,False
3080,3202000,Comedy,1930,False,False
70881,1439000,Drama,1930,True,False
43887,620000,Drama,1930,True,False
12311,4460000,Adventure,1930,False,False
31866,497000,Comedy,1930,False,False
3082,1800000,Comedy,1930,False,False
28292,2727000,Comedy,1930,False,False
81116,359009,Comedy,1930,False,True
14615,1300000,Crime,1930,False,False
43881,5273000,Drama,1930,True,False
112618,670000,Comedy,1930,False,False
43875,1276000,Drama,1930,True,False
37658,2750000,Drama,1930,True,True
20325,2600000,Comedy,1930,False,False
112284,2019000,Drama,1930,True,False
13562,684200,Comedy,1930,False,True
43884,2736000,Drama,1930,True,True
108348,583000,Drama,1930,True,False
14588,3165000,Comedy,1930,False,False
26252,155895,Crime,1930,False,False
155751,502000,Comedy,1930,False,False
259325,783000,Drama,1930,True,False
91727,1015000,Mystery,1930,False,False
31530,2168000,Comedy,1930,False,False
249799,1576000,Drama,1930,True,False
45800,3252000,Drama,1930,True,False
52029,1601000,Drama,1930,True,False
43864,1762000,Comedy,1930,False,False
112885,1200000,Comedy,1930,False,False
14675,3000000,Comedy,1930,False,True
66473,1465000,Comedy,1930,False,False
408,184925486,Fantasy,1930,False,False
43159,1003000,Music,1930,False,False
22657,951801,Drama,1930,True,False
114079,2736000,Drama,1930,True,False
119645,1700000,Romance,1930,False,False
33630,1206000,Comedy,1930,False,False
10907,3981000,Adventure,1930,False,True
43839,4000000,Drama,1930,True,True
43846,2247000,Comedy,1930,False,False
34106,7433101,Comedy,1930,False,True
29872,1731000,Comedy,1930,False,False
206480,964404,Romance,1930,False,False
24965,2807000,Adventure,1930,False,False
995,1103757,Western,1930,False,False
18651,1825000,Drama,1930,True,False
36488,1975000,Comedy,1930,False,False
309625,474286,Romance,1930,False,False
630,33754967,Adventure,1930,False,False
22490,2270000,Comedy,1930,False,False
3083,9600000,Comedy,1930,False,True
351828,60,Comedy,1930,False,False
14589,2223000,Comedy,1930,False,False
1859,2279000,Comedy,1930,False,False
770,402352579,Drama,1930,True,False
31685,6877900,Drama,1930,True,False
10895,84300000,Animation,1940,False,False
37956,684374,Drama,1940,True,False
596,1591000,Drama,1940,True,True
17836,2372567,Action,1940,False,True
223,7592465,Mystery,1940,False,False
43824,2500000,Drama,1940,True,False
41463,2057000,Comedy,1940,False,False
43808,2623000,Comedy,1940,False,False
16933,1596000,Drama,1940,True,True
26201,2000000,Action,1940,False,True
55604,5000000,Adventure,1940,False,False
84127,60,Comedy,1940,False,False
914,11000000,Comedy,1940,False,False
756,76411819,Animation,1940,False,False
28423,659600,Romance,1940,False,True
24197,1400000,Comedy,1940,False,False
413211,31,Comedy,1940,False,False
442778,59967,Animation,1940,False,True
32574,2000000,Comedy,1940,False,True
43705,689253,Drama,1940,True,True
90034,2094,Animation,1940,False,False
15,23218000,Mystery,1940,False,False
20644,2000000,Comedy,1940,False,False
86604,1628000,Comedy,1940,False,False
16442,16361885,History,1940,False,True
963,1772000,Mystery,1940,False,True
43266,6000000,Drama,1940,True,True
11360,1600000,Animation,1940,False,False
11462,4500000,Mystery,1940,False,False
14590,2301000,Comedy,1940,False,False
43800,1300000,Adventure,1940,False,False
16305,1200000,Adventure,1940,False,True
29884,2641000,Comedy,1940,False,False
1061979,100,Drama,1940,True,False
198,1500000,Comedy,1940,False,False
182303,675000,Comedy,1940,False,False
31997,1250000,Thriller,1940,False,True
16703,1000000,Crime,1940,False,True
65546,515000,Mystery,1940,False,False
19388,1783000,Crime,1940,False,True
219424,375000,Romance,1940,False,False
27367,13500000,Drama,1940,True,False
42825,2321000,Crime,1940,False,False
28426,1040000,Adventure,1940,False,True
3170,267447150,Animation,1940,False,False
14906,1135000,Animation,1940,False,False
27017,4371000,Music,1940,False,False
43167,2647000,Comedy,1940,False,False
29882,5727000,Action,1940,False,True
25508,4000000,Horror,1940,False,False
52983,1400000,Drama,1940,True,True
60488,3453416,Action,1940,False,True
98493,3355000,Romance,1940,False,False
289,10462500,Drama,1940,True,True
22613,5075000,Action,1940,False,False
48993,3900000,Comedy,1940,False,False
59964,1606624,Fantasy,1940,False,False
55238,3669000,Drama,1940,True,True
60216,1200000,Thriller,1940,False,True
23051,3460000,War,1940,False,True
69204,3305000,Comedy,1940,False,True
27854,17800000,Drama,1940,True,True
43515,2185000,Comedy,1940,False,False
22779,788000,Animation,1940,False,False
43514,3621000,Comedy,1940,False,True
42886,2704000,Comedy,1940,False,False
32858,1090000,Horror,1940,False,True
43306,5363000,Drama,1940,True,False
22871,4544000,War,1940,False,True
13321,1000000,War,1940,False,True
27628,2000000,Comedy,1940,False,True
17661,16300000,Comedy,1940,False,True
28425,1669226,Horror,1940,False,True
996,2500000,Crime,1940,False,True
43546,6892000,Comedy,1940,False,False
120747,2350000,Adventure,1940,False,True
123665,4627000,Drama,1940,True,False
85574,3600000,Drama,1940,True,False
226766,600000,Comedy,1940,False,False
84084,2000000,Drama,1940,True,True
43501,1827000,Adventure,1940,False,False
1939,2000000,Drama,1940,True,True
409388,61000,Drama,1940,True,False
909,7566000,Comedy,1940,False,False
14594,2814000,Comedy,1940,False,False
22584,3650000,Adventure,1940,False,True
17641,5840000,Drama,1940,True,False
35849,1798500,Thriller,1940,False,True
2457,1457,Drama,1940,True,False
43610,9132000,Drama,1940,True,False
26654,3707000,Thriller,1940,False,True
13669,3000000,Comedy,1940,False,True
17889,7500000,Comedy,1940,False,False
42295,2500000,Drama,1940,True,True
307,1000000,Drama,1940,True,False
3309,5638000,Crime,1940,False,True
4886,1000000,Crime,1940,False,True
4174,7000000,Thriller,1940,False,False
26243,1500000,Crime,1940,False,True
36635,1110000,Crime,1940,False,True
43498,1791000,Fantasy,1940,False,False
28580,11000000,Drama,1940,True,True
17058,2948500,Drama,1940,True,True
32430,21300000,Comedy,1940,False,False
292503,2559000,Comedy,1940,False,False
240417,200000000,Documentary,1940,False,False
27452,2800000,Mystery,1940,False,False
44100,3250000,War,1940,False,False
16090,2750000,Crime,1940,False,True
26286,3000000,Drama,1940,True,True
3767,6000000,Romance,1940,False,True
25736,5086000,Crime,1940,False,False
20246,322000000,Thriller,1940,False,False
27033,3250000,Drama,1940,True,True
303,24500000,Thriller,1940,False,False
910,4900000,Crime,1940,False,True
44042,732000,Drama,1940,True,True
3088,2750000,Western,1940,False,True
25502,2300000,Drama,1940,True,True
44098,4327000,Drama,1940,True,False
13850,65000000,Family,1940,False,False
18700,6724000,Music,1940,False,False
1841,2657000,Mystery,1940,False,False
1585,9644124,Drama,1940,True,False
43483,2359000,Comedy,1940,False,False
887,23650000,Drama,1940,True,False
263013,2657000,Drama,1940,True,False
32275,20400000,Western,1940,False,False
19335,1750000,Crime,1940,False,True
33478,2365000,Comedy,1940,False,False
452261,2350000,Western,1940,False,True
87531,4689000,Drama,1940,True,False
11881,2700000,Comedy,1940,False,True
175386,3303000,Western,1940,False,True
119102,1513000,Comedy,1940,False,False
308486,718000,Mystery,1940,False,False
28120,1300000,Crime,1940,False,False
62720,2690000,Mystery,1940,False,True
121357,7000000,Adventure,1940,False,True
14595,2305000,Comedy,1940,False,False
192501,1648000,Comedy,1940,False,False
27437,5550000,Comedy,1940,False,False
16227,3430000,Romance,1940,False,True
44532,9704,Drama,1940,True,False
49842,152961,Drama,1940,True,False
108688,5186000,Drama,1940,True,False
33667,7800000,Drama,1940,True,True
3766,1564609,Mystery,1940,False,True
31667,2100000,Mystery,1940,False,False
3090,4307000,Adventure,1940,False,True
1580,2200000,Thriller,1940,False,True
43456,2100000,Drama,1940,True,False
111960,834332,Comedy,1940,False,False
35032,2956000,Romance,1940,False,False
37347,3000000,Western,1940,False,False
3073,4812444,Comedy,1940,False,True
237197,6339,Animation,1940,False,True
43449,3225000,Comedy,1940,False,True
3089,9012000,Western,1940,False,False
29966,88,Action,1940,False,False
5156,436655,Drama,1940,True,False
32850,1129000,Thriller,1940,False,False
123661,240689,Drama,1940,True,False
34233,4772000,Action,1940,False,True
29244,2841000,Western,1940,False,False
29885,4421000,Comedy,1940,False,False
25918,2500000,Drama,1940,True,False
209937,915000,Adventure,1940,False,False
27563,2896000,Drama,1940,True,True
20278,1500000,Comedy,1940,False,False
56131,2889000,Action,1940,False,True
88288,1850000,Comedy,1940,False,True
121074,3205000,Drama,1940,True,False
39314,1950000,Adventure,1940,False,False
32552,2713000,Comedy,1940,False,True
45184,2016000,Drama,1940,True,False
1092,1226098,Thriller,1940,False,False
15794,3483000,Crime,1940,False,True
28571,2300000,Drama,1940,True,True
4175,1500000,Drama,1940,True,False
35896,1738000,Drama,1940,True,True
13909,5400000,Western,1940,False,False
286499,1700000,Comedy,1940,False,False
25431,9470000,Comedy,1940,False,False
31516,4428000,Romance,1940,False,False
15497,3225000,War,1940,False,True
29993,11500000,Drama,1940,True,True
18712,7800000,War,1950,False,False
11224,263591415,Family,1950,False,False
1978,1900000,Thriller,1950,False,True
493856,250000,Drama,1950,True,False
78019,60,Drama,1950,True,False
110669,2039000,Music,1950,False,True
25209,8000000,Action,1950,False,False
238616,1626000,Comedy,1950,False,False
1453596,11000,Documentary,1950,False,False
25392,5000000,Science Fiction,1950,False,False
14551,2250000,Western,1950,False,False
42767,4526000,Comedy,1950,False,False
6646,4419657,Adventure,1950,False,False
599,5000000,Drama,1950,True,True
548,96568,Crime,1950,False,False
43390,3357000,Music,1950,False,False
705,8400000,Drama,1950,True,True
84132,60,Drama,1950,True,False
348900,110000,Family,1950,False,False
921543,100000,Drama,1950,True,False
26712,2873000,Drama,1950,True,False
197785,1150000,Drama,1950,True,True
285959,1550000,Drama,1950,True,True
18646,3900000,Comedy,1950,False,False
72479,1144000,Crime,1950,False,True
496672,100000,Drama,1950,True,False
25673,7000000,Drama,1950,True,True
845,7000000,Crime,1950,False,True
25364,1300000,Drama,1950,True,True
17820,11000000,Romance,1950,False,False
12092,57200000,Animation,1950,False,False
948872,100000,Drama,1950,True,False
33673,2000000,Thriller,1950,False,False
27263,620000,Mystery,1950,False,False
16380,1600000,Science Fiction,1950,False,True
702,8000000,Drama,1950,True,True
2769,6981000,Comedy,1950,False,False
828,1850000,Drama,1950,True,True
217202,480,Drama,1950,True,False
114081,3550000,Drama,1950,True,False
11620,21037000,Drama,1950,True,False
104394,1200000,Drama,1950,True,False
80596,110372,Drama,1950,True,False
921557,100000,Comedy,1950,False,False
488,10750000,Romance,1950,False,False
46192,4007000,Adventure,1950,False,False
27191,36000000,Drama,1950,True,True
208974,2000000,Drama,1950,True,False
43366,1982000,Music,1950,False,False
872,7200000,Comedy,1950,False,False
33454,6746000,Adventure,1950,False,False
5000,10188,Drama,1950,True,False
288,8000000,Western,1950,False,False
3109,3800000,Romance,1950,False,False
26175,10878000,Adventure,1950,False,False
207300,1,Adventure,1950,False,True
24008,2000000,Comedy,1950,False,True
99691,1485000,Crime,1950,False,False
205463,1600000,War,1950,False,False
3782,55240,Drama,1950,True,False
28971,1000000,Drama,1950,True,False
701861,500000,Comedy,1950,False,False
32499,3373000,Drama,1950,True,False
921563,100000,Comedy,1950,False,False
77645,1100000,Western,1950,False,False
19997,8500000,Thriller,1950,False,True
10693,87404651,Animation,1950,False,False
91245,2362000,Drama,1950,True,False
438810,225831,Music,1950,False,False
24018,10158,Drama,1950,True,False
33472,1250000,Comedy,1950,False,False
16535,4905000,Drama,1950,True,True
18573,23800000,Horror,1950,False,True
3110,20000000,Drama,1950,True,True
149473,50000,Drama,1950,True,False
523271,10000000,Comedy,1950,False,False
19483,1600000,Horror,1950,False,True
35073,5000000,Drama,1950,True,False
43353,1000000,Science Fiction,1950,False,False
759,5300000,Comedy,1950,False,True
3023,2616000,Comedy,1950,False,True
29376,3500000,Comedy,1950,False,False
718473,100000,Drama,1950,True,False
804,12000000,Romance,1950,False,True
11426,30500000,War,1950,False,True
29912,36000000,Drama,1950,True,True
62753,1400000,War,1950,False,False
156566,1300000,Western,1950,False,True
10973,1300000,Adventure,1950,False,False
154093,1400000,Western,1950,False,True
65994,3373,Adventure,1950,False,True
346,346300,Action,1950,False,False
256758,2294000,Drama,1950,True,False
29057,117000,Science Fiction,1950,False,False
521,3000000,Thriller,1950,False,True
199436,450000,Drama,1950,True,False
654,9600000,Crime,1950,False,True
10178,21750000,Drama,1950,True,True
718466,100000,Music,1950,False,False
16563,5000000,Comedy,1950,False,False
567,37034514,Thriller,1950,False,True
114499,1750000,Documentary,1950,False,False
24973,15000000,History,1950,False,True
6620,10000000,Comedy,1950,False,True
3111,4335968,Drama,1950,True,True
20174,250000,Action,1950,False,False
1678,2250000,Thriller,1950,False,False
57575,4940000,Drama,1950,True,False
43196,3978000,Comedy,1950,False,False
65212,3200000,Drama,1950,True,True
173,28200000,Adventure,1950,False,False
80241,1829000,Adventure,1950,False,False
14554,3788000,Thriller,1950,False,False
921828,100000,Drama,1950,True,False
191428,25,Music,1950,False,False
15919,3000000,Drama,1950,True,False
934,460000,Crime,1950,False,False
25952,1000000,Science Fiction,1950,False,True
1679,1952653,Science Fiction,1950,False,False
18030,726000,Mystery,1950,False,False
40761,1100000,Science Fiction,1950,False,True
326993,88,Comedy,1950,False,False
831,1700000,Science Fiction,1950,False,True
10653,12000000,Comedy,1950,False,True
40578,6000000,War,1950,False,True
50363,2000000,Drama,1950,True,False
10340,36359037,Family,1950,False,False
20942,1700000,Crime,1950,False,True
5996,3000000,Comedy,1950,False,True
381,8750000,Mystery,1950,False,True
5801,536364,Drama,1950,True,False
17640,2374000,Comedy,1950,False,False
63618,4000000,Adventure,1950,False,True
37317,5000000,Western,1950,False,True
11219,7000000,Comedy,1950,False,True
18612,2500000,Crime,1950,False,True
221,4500000,Drama,1950,True,True
43317,3800000,Comedy,1950,False,True
4825,6874673,Comedy,1950,False,False
541,4350000,Drama,1950,True,False
925947,105000,Comedy,1950,False,False
191227,1,Drama,1950,True,False
921836,10000,Drama,1950,True,False
11549,3000000,Horror,1950,False,False
830,3250000,Science Fiction,1950,False,False
302086,100000,Drama,1950,True,False
18983,2000000,Science Fiction,1950,False,False
193742,91,Drama,1950,True,False
28528,1350000,Drama,1950,True,True
574,11300000,Thriller,1950,False,True
40494,14400000,Drama,1950,True,False
10339,10400000,Adventure,1950,False,True
16520,21300000,Drama,1950,True,True
28000,3360000,Drama,1950,True,False
11706,12500000,Drama,1950,True,True
26030,41010,Drama,1950,True,False
15265,48980,Comedy,1950,False,False
354293,105,Comedy,1950,False,False
24010,7270000,Comedy,1950,False,True
69605,4300000,Drama,1950,True,False
6844,122700000,Drama,1950,True,True
84567,1520000,Action,1950,False,True
897,170215,Drama,1950,True,False
559375,1671,Drama,1950,True,False
2897,42000000,Adventure,1950,False,False
1712,32855818,Drama,1950,True,True
43311,2760000,Comedy,1950,False,False
39833,9000000,Drama,1950,True,True
43258,8000000,Drama,1950,True,False
8420,33000000,Drama,1950,True,False
38171,4300000,Drama,1950,True,True
22527,2000000,Crime,1950,False,True
19742,1333289,Horror,1950,False,False
3777,13422,Drama,1950,True,False
27623,1000000,Horror,1950,False,False
99795,144,Drama,1950,True,False
389,1000000,Drama,1950,True,False
985039,100,War,1950,False,False
95359,1520000,Comedy,1950,False,False
3079,8000000,Horror,1950,False,False
152992,1750000,Drama,1950,True,True
18299,2000000,Comedy,1950,False,False
22201,11750000,Western,1950,False,True
37373,5000000,Drama,1950,True,True
43228,2000000,Drama,1950,True,False
134355,950000,Comedy,1950,False,False
976,2500000,Drama,1950,True,False
8356,3800000,Drama,1950,True,True
145691,1707000,Western,1950,False,False
37311,2500000,Romance,1950,False,True
4945,1415000,Drama,1950,True,False
14837,6344,Western,1950,False,True
19426,752045,Drama,1950,True,False
826,44908000,Drama,1950,True,True
33734,7000000,Drama,1950,True,True
110336,2000000,Horror,1950,False,False
15697,4000000,Drama,1950,True,False
3208,310000,Horror,1950,False,False
106833,3700000,Comedy,1950,False,True
35926,1250000,Crime,1950,False,False
80255,20000000,Drama,1950,True,False
51166,8000000,Comedy,1950,False,False
25848,2200000,Adventure,1950,False,False
37257,9000000,Drama,1950,True,False
65488,9080000,Drama,1950,True,False
718425,100000,Drama,1950,True,False
39435,1600000,Western,1950,False,True
500431,100000,Romance,1950,False,False
1093,263404,Crime,1950,False,False
921947,100000,Drama,1950,True,False
258127,405000,History,1950,False,False
176216,665000,Drama,1950,True,False
17352,36800000,Music,1950,False,True
1480,2247500,Crime,1950,False,False
33731,3000000,Drama,1950,True,True
17281,13200000,Comedy,1950,False,False
18724,480000,Horror,1950,False,False
11868,3500000,Horror,1950,False,False
426,7797728,Mystery,1950,False,True
253032,100,Drama,1950,True,False
42661,20311,Action,1950,False,False
11815,3000000,Science Fiction,1950,False,True
172237,600000,Crime,1950,False,False
261,17570324,Drama,1950,True,False
94533,2015000,Western,1950,False,False
8851,4000000,Horror,1950,False,False
12501,3500000,Drama,1950,True,False
29393,5000000,Horror,1950,False,False
25633,2380000,Crime,1950,False,False
155752,610000,Comedy,1950,False,False
271413,100000,Music,1950,False,False
272140,100000,Romance,1950,False,False
71041,4673,Adventure,1950,False,False
790314,2000000,War,1950,False,False
10882,51600000,Fantasy,1950,False,False
301,5800000,Western,1950,False,True
15944,17658000,Comedy,1950,False,False
239,25000000,Comedy,1950,False,False
43051,2500000,Action,1950,False,False
43096,1500000,Comedy,1950,False,True
896,134241,Drama,1950,True,False
37412,1700000,Western,1950,False,True
5544,3193,Drama,1950,True,False
110924,1690,Comedy,1950,False,False
27029,12800000,Drama,1950,True,True
43109,1000000,Horror,1950,False,False
93,8000000,Crime,1950,False,True
37066,750000,Crime,1950,False,False
213,13275000,Mystery,1950,False,False
76863,3745000,Comedy,1950,False,False
4952,18750000,Comedy,1950,False,False
193388,200000,Drama,1950,True,False
224119,3000000,Fantasy,1950,False,False
665,164000000,Action,1950,False,False
9660,6800000,Comedy,1950,False,False
11571,10000000,Adventure,1950,False,True
14698,9000000,Thriller,1950,False,True
29996,12200000,History,1950,False,False
272432,100000,Adventure,1960,False,False
31417,58656,Drama,1960,True,False
439,19647000,Comedy,1960,False,False
11656,700000,Drama,1960,True,False
29259,33187,Crime,1960,False,False
19414,5150000,Comedy,1960,False,False
11167,83957,Horror,1960,False,False
31102,3750000,Comedy,1960,False,False
43039,8000000,Comedy,1960,False,False
2134,5902,Thriller,1960,False,False
49966,16366,Drama,1960,True,False
11773,2175000,Horror,1960,False,False
284,25000000,Comedy,1960,False,False
539,32000000,Horror,1960,False,False
22013,10400000,Drama,1960,True,False
15788,10000000,Comedy,1960,False,True
23439,1450000,Horror,1960,False,False
43041,2750000,Adventure,1960,False,False
39779,9200000,Drama,1960,True,False
299,2800000,Crime,1960,False,True
133715,2000000,Action,1960,False,True
921981,100000,Drama,1960,True,False
966,4905000,Western,1960,False,False
12617,7400000,Mystery,1960,False,False
967,60000000,History,1960,False,False
11209,7900000,Western,1960,False,False
1941,21750000,War,1960,False,False
18973,7100000,Comedy,1960,False,False
18639,2000000,Western,1960,False,True
18444,40356000,Adventure,1960,False,False
25767,6000000,Comedy,1960,False,False
43049,3500000,Comedy,1960,False,False
22386,14170000,Comedy,1960,False,False
1057464,100,Drama,1960,True,False
359627,100000,Drama,1960,True,False
271758,100000,Romance,1960,False,False
272412,100000,Crime,1960,False,False
817609,100000,Adventure,1960,False,False
587464,105000,Adventure,1960,False,False
272664,105000,Drama,1960,True,False
12230,85000000,Adventure,1960,False,False
11536,8200000,Western,1960,False,False
921984,100000,Drama,1960,True,False
18647,4300000,Western,1960,False,False
1295439,13790,Action,1960,False,False
10911,28900000,War,1960,False,True
28284,4200000,Drama,1960,True,True
19186,29650385,Comedy,1960,False,False
4497,679244,Drama,1960,True,False
43020,350000,History,1960,False,False
2160,7000000,Adventure,1960,False,True
84249,26517,Drama,1960,True,False
39410,2237760,Action,1960,False,False
28501,2000000,Horror,1960,False,False
31522,100655,Comedy,1960,False,False
990,7600000,Drama,1960,True,True
164,9500000,Comedy,1960,False,True
36362,14483352,Drama,1960,True,False
18228,4200000,Comedy,1960,False,True
1725,43656822,Crime,1960,False,False
16372,1200000,Horror,1960,False,True
430,4000000,Comedy,1960,False,False
248,5000000,Comedy,1960,False,False
821,10000000,Drama,1960,True,False
20139,3000000,Drama,1960,True,False
40894,16937969,Comedy,1960,False,False
29235,1250000,Horror,1960,False,False
33765,581138,Drama,1960,True,False
11349,103000000,Thriller,1960,False,True
202875,32200,Comedy,1960,False,False
11697,8000000,Western,1960,False,True
124138,212200,Comedy,1960,False,False
1162,2500000,Drama,1960,True,False
31287,3274,Horror,1960,False,False
802,9250000,Drama,1960,True,False
41521,4000000,Family,1960,False,True
13671,8000000,Comedy,1960,False,True
898,3100000,Crime,1960,False,False
1680,12550000,Action,1960,False,False
62655,2500000,Drama,1960,True,False
1626,24517,Drama,1960,True,False
9289,50100000,War,1960,False,True
122845,66023,Western,1960,False,False
982,7700000,Thriller,1960,False,False
43011,5450000,Adventure,1960,False,True
646,59567035,Adventure,1960,False,False
11897,50000000,Western,1960,False,False
485103,100000,Drama,1960,True,False
11085,13680000,Adventure,1960,False,False
43012,4000000,Adventure,1960,False,False
76344,3000000,Romance,1960,False,False
947,69995385,Adventure,1960,False,False
595,13129846,Drama,1960,True,False
1057383,100,Drama,1960,True,False
355026,2300,Comedy,1960,False,False
1055522,100,Drama,1960,True,False
272415,100000,Drama,1960,True,False
29056,1499275,Comedy,1960,False,False
571,11500000,Horror,1960,False,False
25167,13100000,Comedy,1960,False,True
27759,10000000,Action,1960,False,False
24748,10000000,Western,1960,False,True
2690,25200000,Comedy,1960,False,False
8095,71000000,Drama,1960,True,True
15875,6600000,Adventure,1960,False,True
686487,2700000,Action,1960,False,False
5925,11744471,Adventure,1960,False,False
28172,4000000,Horror,1960,False,False
472271,100,Romance,1960,False,False
26484,2300000,Comedy,1960,False,False
26535,35609,Comedy,1960,False,False
5769,37600000,Adventure,1960,False,False
30137,2616000,Horror,1960,False,False
657,78900000,Action,1960,False,False
266,528428,Drama,1960,True,False
11576,60000000,Action,1960,False,False
18692,6758000,Comedy,1960,False,True
4808,13475000,Comedy,1960,False,True
3010,11170588,Drama,1960,True,True
936,10878107,Comedy,1960,False,False
9078,22182353,Animation,1960,False,False
355025,4800,Comedy,1960,False,False
92725,80000,Horror,1960,False,False
14433,8000000,Action,1960,False,False
935,9523464,Drama,1960,True,True
2098,9400000,Comedy,1960,False,False
36245,17754,Crime,1960,False,False
15421,9100000,Drama,1960,True,True
17277,4750000,Drama,1960,True,True
597544,105000,Adventure,1960,False,False
1682,10000000,Drama,1960,True,False
1594,12368234,Comedy,1960,False,False
34276,1650000,Adventure,1960,False,True
704,2360561,Music,1960,False,False
506,7000000,Thriller,1960,False,True
8073,182857,Crime,1960,False,False
14703,12000000,Drama,1960,True,False
391,14500000,Western,1960,False,False
658,124881062,Adventure,1960,False,False
3482,6800000,War,1960,False,False
23574,13298000,Comedy,1960,False,False
11113,72661442,Romance,1960,False,True
2094,3000000,Music,1960,False,True
75653,4,Drama,1960,True,False
10604,9000000,Drama,1960,True,True
10299,4000000,Drama,1960,True,True
433,103082380,Comedy,1960,False,False
15766,3237880,Action,1960,False,False
1325695,15910,Comedy,1960,False,False
95358,2000000,Comedy,1960,False,True
819073,105000,Action,1960,False,False
925936,105000,Drama,1960,True,False
925940,105000,Comedy,1960,False,False
925522,105000,Action,1960,False,False
925927,105000,Comedy,1960,False,False
480277,105000,Comedy,1960,False,False
596722,105000,Drama,1960,True,False
2428,15473333,Drama,1960,True,False
15121,286214286,Drama,1960,True,True
31344,306505,War,1960,False,False
36583,3700000,Drama,1960,True,False
29715,14873,Western,1960,False,True
495174,105000,Romance,1960,False,False
205133,2436635,Animation,1960,False,False
379045,2221487,Animation,1960,False,False
10338,29950000,Comedy,1960,False,True
39220,1500000,Comedy,1960,False,False
23194,4000000,Western,1960,False,False
11694,20666667,Comedy,1960,False,True
18645,5000000,Comedy,1960,False,False
11575,25333333,Comedy,1960,False,True
42733,2248,Documentary,1960,False,False
809441,105000,Comedy,1960,False,False
3481,1300000,Crime,1960,False,False
997859,1700000,Comedy,1960,False,False
435041,34947,Comedy,1960,False,False
25905,1450000,Drama,1960,True,False
379049,15788,Animation,1960,False,False
36815,4000000,Drama,1960,True,True
886,15260000,Drama,1960,True,False
482506,105000,Comedy,1960,False,False
19120,78550,Comedy,1960,False,False
33364,6792000,Drama,1960,True,False
660,141195658,Adventure,1960,False,False
835559,105000,Drama,1960,True,False
1404728,2,Comedy,1960,False,False
7506,3100000,Comedy,1960,False,False
13524,11118000,Drama,1960,True,True
493116,105000,Comedy,1960,False,False
938,15000000,Western,1960,False,False
19545,3000000,Action,1960,False,False
907,111858363,Drama,1960,True,False
45256,8000000,Comedy,1960,False,True
272057,105000,History,1960,False,False
926371,105000,Romance,1960,False,False
925978,105000,Drama,1960,True,False
926363,105000,Drama,1960,True,False
570091,105000,Drama,1960,True,False
17102,364937,Horror,1960,False,False
20277,13516000,Comedy,1960,False,False
21779,16318124,Action,1960,False,True
31602,2300000,Crime,1960,False,True
925967,105000,Drama,1960,True,False
26268,12000000,Crime,1960,False,False
27642,1730000,Science Fiction,1960,False,False
5040,10000000,History,1960,False,False
597087,105000,Romance,1960,False,False
10772,17277,Action,1960,False,False
23832,1314230,Adventure,1960,False,False
39768,9928,Comedy,1960,False,False
20108,39388,Drama,1960,True,False
18894,2500000,Music,1960,False,True
396,33736689,Drama,1960,True,True
3001,4400000,Comedy,1960,False,True
5780,13000000,Thriller,1960,False,True
2661,3900000,Action,1960,False,True
65012,2600000,Drama,1960,True,True
2161,12000000,Adventure,1960,False,True
851784,100000,Drama,1960,True,False
1714,2000000,Drama,1960,True,False
17295,964028,Drama,1960,True,False
14689,34562222,Drama,1960,True,False
12639,6322000,Western,1960,False,False
46041,1500000,Thriller,1960,False,False
874,28350000,Drama,1960,True,True
3115,3000000,Science Fiction,1960,False,False
6644,6000000,Western,1960,False,True
5923,20000000,Adventure,1960,False,True
20379,20800000,Action,1960,False,False
429,38900000,Western,1960,False,False
603051,2200000,Comedy,1960,False,False
4932,5000000,Comedy,1960,False,True
923151,105000,Romance,1960,False,False
2984,2000000,Comedy,1960,False,True
497807,105000,Adventure,1960,False,False
42700,2400000,Crime,1960,False,True
591300,2500,Comedy,1960,False,False
22682,2500000,Comedy,1960,False,False
24130,11000000,Action,1960,False,True
848521,10000,Comedy,1960,False,False
27945,12000000,Western,1960,False,True
598449,105000,Drama,1960,True,False
45335,1600000,Comedy,1960,False,False
103613,119,Comedy,1960,False,False
12208,41744718,Adventure,1960,False,True
242296,90,Drama,1960,True,False
615798,4794,Adventure,1960,False,False
17887,30000000,Comedy,1960,False,True
27277,6000000,Western,1960,False,True
47263,1950000,Adventure,1960,False,True
667,111584787,Action,1960,False,False
25934,42432803,Drama,1960,True,False
1654,45300000,Action,1960,False,False
1459186,5000,Drama,1960,True,False
44695,36000000,Action,1960,False,False
536243,10000,Action,1960,False,False
163376,1000000,Romance,1960,False,False
64963,1750000,Romance,1960,False,True
10633,27379978,Crime,1960,False,False
475,50700000,Crime,1960,False,False
42407,1200000,Comedy,1960,False,True
26039,3200000,Crime,1960,False,False
1629,30857,Comedy,1960,False,False
541044,100000,Comedy,1960,False,False
9325,205843612,Family,1960,False,False
1373830,45000,Drama,1960,True,False
5511,39481,Crime,1960,False,False
18978,31500000,Adventure,1960,False,False
11206,11000000,Thriller,1960,False,True
653474,2236617,Comedy,1960,False,False
86059,5200000,Drama,1960,True,False
903,16217773,Crime,1960,False,True
16081,9000000,Comedy,1960,False,True
1879,56666667,Drama,1960,True,True
74896,19100000,Drama,1960,True,False
18900,13007551,Crime,1960,False,True
18627,2399280,Action,1960,False,False
37247,104945305,Comedy,1960,False,False
36775,10000000,Action,1960,False,True
3055,50000000,Drama,1960,True,True
871,32589624,Science Fiction,1960,False,True
81789,202551,Comedy,1960,False,False
42633,3100000,Comedy,1960,False,True
4191,9600000,Crime,1960,False,False
6003,38901218,Drama,1960,True,True
62,71923560,Science Fiction,1960,False,False
10794,2900000,Comedy,1960,False,False
79863,407500,Drama,1960,True,True
11356,44527234,Comedy,1960,False,True
42636,6500000,Drama,1960,True,True
41857,12000000,Romance,1960,False,True
42634,1600000,Drama,1960,True,False
805,33395426,Drama,1960,True,False
280134,2600000,Drama,1960,True,True
42687,7988000,Comedy,1960,False,False
912,14000000,Crime,1960,False,False
22377,11000000,War,1960,False,False
12105,1273261,Music,1960,False,False
52959,14000000,Drama,1960,True,True
4929,6800000,Western,1960,False,False
3107,1568760,Action,1960,False,False
47576,33103,Drama,1960,True,False
42635,3000000,Drama,1960,True,False
255,1500000,Comedy,1960,False,False
16085,52223306,Comedy,1960,False,True
29146,814666,Drama,1960,True,False
17917,37402877,Drama,1960,True,True
26170,3110000,Action,1960,False,True
10331,30000000,Horror,1960,False,False
42622,11600000,Fantasy,1960,False,False
8069,2500000,Science Fiction,1960,False,True
5721,8000000,Drama,1960,True,False
916,42300873,Action,1960,False,False
1373818,44000,Drama,1960,True,False
17657,4600000,Action,1960,False,False
8372,91299,Western,1960,False,False
39209,2620000,Western,1960,False,False
11046,21000000,Action,1960,False,False
31681,3230000,Drama,1960,True,False
14794,500000,Drama,1960,True,True
42686,5,Drama,1960,True,False
335,5380118,Drama,1960,True,True
14136,51264022,Comedy,1960,False,False
215597,183129,Action,1960,False,False
3054,2400000,Action,1960,False,True
302416,105000,Drama,1960,True,False
656654,105000,Fantasy,1960,False,False
85644,1300000,Crime,1960,False,True
642,102308889,Western,1960,False,True
633034,1000,Romance,1960,False,False
42618,20000000,Comedy,1960,False,True
2721,83305,Thriller,1960,False,False
131799,2100000,Comedy,1960,False,True
74137,43,Comedy,1960,False,False
11643,6000000,Romance,1960,False,False
67220,1750000,Crime,1960,False,True
133332,1200000,Drama,1960,True,False
224463,780,Drama,1960,True,False
42621,14644000,Action,1960,False,True
3116,44785053,Drama,1960,True,False
17529,31132592,Western,1960,False,False
1651,7356000,Crime,1960,False,False
576,638641,Western,1960,False,False
624,60000000,Adventure,1960,False,True
211816,900000,Drama,1960,True,True
142440,960000,War,1960,False,False
15383,741766,War,1960,False,False
26520,30000000,Comedy,1960,False,True
20391,31678778,Comedy,1960,False,True
14030,33208099,Comedy,1960,False,True
28289,25800000,Comedy,1960,False,True
2370,6000000,Drama,1960,True,True
668,64574493,Adventure,1960,False,False
39462,2399280,Fantasy,1960,False,False
261673,2418,Romance,1970,False,False
444452,104,Comedy,1970,False,False
65891,446400,Horror,1970,False,False
11202,89800000,War,1970,False,True
11165,37150000,Drama,1970,True,True
42345,2200000,Drama,1970,True,False
651,81600000,Comedy,1970,False,True
11916,5050000,Adventure,1970,False,True
34377,3500000,Drama,1970,True,False
23330,5000000,Comedy,1970,False,True
1168799,100000,Documentary,1970,False,False
2998,1000000,Drama,1970,True,False
9459,34505110,Documentary,1970,False,True
333635,50,Documentary,1970,False,False
1685,18999718,Adventure,1970,False,True
42588,13300000,Comedy,1970,False,True
160610,171816,Comedy,1970,False,False
10671,100489151,Action,1970,False,False
28733,7000000,Horror,1970,False,False
1401866,2500,Drama,1970,True,False
452643,380,Romance,1970,False,False
94201,4500000,Western,1970,False,False
11589,5200000,Adventure,1970,False,False
10364,24911670,War,1970,False,True
40973,3000000,Comedy,1970,False,True
46691,19319254,Drama,1970,True,False
5722,40000000,Comedy,1970,False,True
38765,6000000,Western,1970,False,True
64512,18000000,Drama,1970,True,False
101120,88206,Comedy,1970,False,False
26617,18099091,Drama,1970,True,True
598749,12000,Drama,1970,True,False
44721,1755485,Drama,1970,True,True
192792,1067037,Comedy,1970,False,False
33157,3052000,History,1970,False,True
5185,1500000,Adventure,1970,False,False
215843,7800000,Music,1970,False,False
132,252570,Documentary,1970,False,False
11040,31559552,Adventure,1970,False,False
9062,136400000,Romance,1970,False,True
5590,13200000,Music,1970,False,False
10112,55675257,Animation,1970,False,False
414817,101250,Animation,1970,False,False
117213,5000000,Drama,1970,True,False
11951,72266306,Action,1970,False,True
565927,20000,Drama,1970,True,False
27431,1204739,Horror,1970,False,False
42493,11000000,Comedy,1970,False,False
636,2437000,Science Fiction,1970,False,True
10514,12376563,Science Fiction,1970,False,True
5822,15200000,Action,1970,False,False
11302,11833696,Comedy,1970,False,False
42517,10000000,Action,1970,False,False
1687,12348905,Action,1970,False,True
19297,190000,Comedy,1970,False,False
466,12512637,Thriller,1970,False,True
482,12121618,Action,1970,False,False
252,4000000,Family,1970,False,False
36492,28623900,Drama,1970,True,False
105254,6530000,Drama,1970,True,False
31767,11000000,Drama,1970,True,False
26405,50394,Drama,1970,True,False
39464,2768400,Action,1970,False,False
11234,8720000,Science Fiction,1970,False,False
9267,7000,Comedy,1970,False,False
15393,10600000,Drama,1970,True,True
25188,29133000,Drama,1970,True,True
12335,17900000,Adventure,1970,False,False
1051,41158757,Action,1970,False,True
11829,2100000,Comedy,1970,False,False
3122,139683000,Horror,1970,False,False
34184,33000000,Action,1970,False,False
287357,376184,Comedy,1970,False,False
14811,83304330,Drama,1970,True,False
681,116019547,Adventure,1970,False,False
185,26589000,Science Fiction,1970,False,True
984,35976000,Action,1970,False,True
994,3251794,Drama,1970,True,False
32061,5000000,Action,1970,False,False
15573,7500000,Western,1970,False,True
46059,3500000,Crime,1970,False,True
42481,100,Drama,1970,True,False
6949,66000000,Comedy,1970,False,True
19336,1780000,Action,1970,False,False
238,245066411,Drama,1970,True,True
692,6000000,Comedy,1970,False,False
12593,25000000,Animation,1970,False,False
29336,57696,Drama,1970,True,False
28358,3500000,Crime,1970,False,False
87514,6550000,Action,1970,False,False
573,12600000,Crime,1970,False,True
9462,27000000,Action,1970,False,False
493,10000000,Action,1970,False,False
5853,100000000,Comedy,1970,False,False
1272903,3,Drama,1970,True,False
40983,102433,Comedy,1970,False,False
27292,1500000,Action,1970,False,False
21711,2500000,Comedy,1970,False,True
1688,9700000,Action,1970,False,True
14881,6330000,Western,1970,False,True
1842,22000000,Mystery,1970,False,False
21968,30000000,Crime,1970,False,True
11624,18016290,Comedy,1970,False,False
10669,46122355,Drama,1970,True,True
11943,44700000,Adventure,1970,False,True
4683,457163,Comedy,1970,False,False
5916,36734619,Action,1970,False,False
1643,36182181,Drama,1970,True,False
14902,2800000,Drama,1970,True,True
22307,1000000,Thriller,1970,False,False
993,5750000,Mystery,1970,False,False
551,84563118,Adventure,1970,False,True
24992,25000000,Romance,1970,False,False
2000,37041,Adventure,1970,False,False
91487,8000000,Drama,1970,True,False
30422,53074,Mystery,1970,False,False
28797,1000000,Action,1970,False,False
15171,5232000,Family,1970,False,True
1847,959000,Mystery,1970,False,False
28498,1000000,Comedy,1970,False,False
170882,230000000,Crime,1970,False,False
39264,980000,Action,1970,False,False
97519,3800000,Adventure,1970,False,True
44741,109133,Comedy,1970,False,False
89545,13843000,Drama,1970,True,True
12101,3600000,Science Fiction,1970,False,False
47536,2250000,Drama,1970,True,False
11901,15700000,Western,1970,False,True
1040246,2454780,Drama,1970,True,False
11293,30900000,Comedy,1970,False,True
4909,16056255,Action,1970,False,True
11577,11000000,Western,1970,False,False
1675,850000,Comedy,1970,False,False
42458,18312000,Comedy,1970,False,False
115621,113606,Adventure,1970,False,False
22021,4000000,Action,1970,False,False
494,1458000,Action,1970,False,False
26331,2200000,Crime,1970,False,True
1705,8844595,Action,1970,False,True
253,126377836,Adventure,1970,False,False
28110,2000000,Action,1970,False,False
31605,1000000,Drama,1970,True,True
838,140000000,Comedy,1970,False,True
30593,1500000,Animation,1970,False,False
1276524,3,Drama,1970,True,False
2362,10000000,Adventure,1970,False,False
12545,13200000,Music,1970,False,True
9461,21485066,Action,1970,False,True
203,3000000,Drama,1970,True,True
10236,50000000,Drama,1970,True,True
254161,304387,Comedy,1970,False,False
35669,544476,Horror,1970,False,False
11886,32056467,Animation,1970,False,False
1434288,1800000,Crime,1970,False,False
14886,10000000,Drama,1970,True,True
2926,22018000,Action,1970,False,True
5924,53267000,Crime,1970,False,False
10648,39768000,Drama,1970,True,True
11561,18344729,Comedy,1970,False,False
9040,29800000,Crime,1970,False,True
17897,11000000,Action,1970,False,True
9277,159616327,Comedy,1970,False,True
9552,441405644,Horror,1970,False,True
103079,49651320,Thriller,1970,False,False
229324,103400,Comedy,1970,False,False
51296,317000,Comedy,1970,False,False
52979,2140000,Crime,1970,False,False
4923,1800000,Fantasy,1970,False,True
11072,119500000,Western,1970,False,True
10869,38229000,Romance,1970,False,False
486543,213917,Crime,1970,False,False
38582,1330000,Action,1970,False,False
11034,26533200,Drama,1970,True,True
6916,36782781,Action,1970,False,False
5121,12800000,Crime,1970,False,True
592,4420000,Crime,1970,False,True
1392886,4800000,Romance,1970,False,False
38925,4000000,Drama,1970,True,True
603843,100000,Drama,1970,True,False
126423,96774,Documentary,1970,False,False
42449,30000,Documentary,1970,False,False
8348,25000000,Crime,1970,False,False
29878,117438,Science Fiction,1970,False,False
85983,7438702,Horror,1970,False,False
829,30000000,Crime,1970,False,True
149608,3000000,Drama,1970,True,False
13939,22000000,Crime,1970,False,False
16246,40000000,Action,1970,False,False
103698,4000000,Adventure,1970,False,False
32044,5000000,Comedy,1970,False,True
42450,18000000,Drama,1970,True,False
69578,2468000,Action,1970,False,False
42448,4600000,Comedy,1970,False,True
4985,43008075,Comedy,1970,False,True
29805,3400000,Thriller,1970,False,False
30497,30900000,Horror,1970,False,False
16938,4053000,Horror,1970,False,False
27932,47000000,Action,1970,False,True
11123,79666653,Action,1970,False,True
29845,16626,Drama,1970,True,False
4176,35700000,Drama,1970,True,True
682,97572000,Adventure,1970,False,False
30576,606162,Family,1970,False,False
16153,21000000,Drama,1970,True,True
5919,116000000,Action,1970,False,True
3034,86273333,Comedy,1970,False,True
240,102600000,Drama,1970,True,True
3410,100000,Comedy,1970,False,False
181747,532341,Horror,1970,False,False
502372,1500000,Drama,1970,True,False
97311,72587,Mystery,1970,False,False
31121,60000000,Comedy,1970,False,True
76293,137027,Adventure,1970,False,False
4704,1500000,Comedy,1970,False,True
20126,2864091,Horror,1970,False,False
1396,119266,Drama,1970,True,False
19740,20642922,Adventure,1970,False,True
63557,123104,Comedy,1970,False,False
19333,970000,Action,1970,False,False
11326,34251525,Music,1970,False,False
14821,20000000,Adventure,1970,False,False
4917,6900000,Drama,1970,True,False
18710,2000000,Crime,1970,False,False
19174,12000000,Action,1970,False,False
47178,35000000,Drama,1970,True,False
13282,8000000,Action,1970,False,False
10711,12484444,Action,1970,False,True
20187,14200000,Action,1970,False,True
31671,16000000,Action,1970,False,True
11843,41833347,Mystery,1970,False,False
762,1940906,Adventure,1970,False,False
80296,240775,Comedy,1970,False,False
11686,20173742,Comedy,1970,False,False
3121,9991258,Drama,1970,True,True
578,470653000,Horror,1970,False,True
11484,30000000,Action,1970,False,False
35711,13000000,Comedy,1970,False,False
18660,36853000,Comedy,1970,False,False
32620,2600000,Thriller,1970,False,False
1835,2000000,Crime,1970,False,False
22094,5000000,Drama,1970,True,True
36685,112892319,Comedy,1970,False,True
12259,4800000,Action,1970,False,False
93708,39598448,Western,1970,False,False
11020,84744,Drama,1970,True,False
220007,124000,Comedy,1970,False,False
220002,214600,Comedy,1970,False,False
968,46665856,Crime,1970,False,True
11963,41509797,Thriller,1970,False,True
39154,15000000,Horror,1970,False,False
1829,763000,Drama,1970,True,False
84259,1600000,Comedy,1970,False,False
27429,1000000,Horror,1970,False,False
29473,11800000,Comedy,1970,False,True
17538,8022000,Adventure,1970,False,True
510,108981275,Drama,1970,True,False
983,12678,Adventure,1970,False,False
3175,198992,Drama,1970,True,True
31604,1000000,Crime,1970,False,False
4990,10390000,Crime,1970,False,True
78353,24441725,Crime,1970,False,False
115862,17280,Mystery,1970,False,False
5336,22017,Drama,1970,True,False
1127509,2000,Documentary,1970,False,False
1127266,2000,Documentary,1970,False,False
1127534,2000,Documentary,1970,False,False
1127529,2000,Documentary,1970,False,False
1129566,2000,Documentary,1970,False,False
1129563,2000,Documentary,1970,False,False
53566,11234220,Animation,1970,False,False
38794,698200,Comedy,1970,False,False
103,28600000,Crime,1970,False,True
371979,50000,Drama,1970,True,False
17346,30966,Documentary,1970,False,False
26842,15000000,Adventure,1970,False,False
180876,2000000,Drama,1970,True,False
21950,2300000,Crime,1970,False,False
54613,4120000,Comedy,1970,False,True
100922,887000,Adventure,1970,False,True
23479,42349782,Family,1970,False,True
891,70600000,Drama,1970,True,False
5854,7900000,Comedy,1970,False,True
5228,24854765,Comedy,1970,False,False
446100,332528,Comedy,1970,False,False
21955,17883410,Comedy,1970,False,False
4286,13430709,Drama,1970,True,False
11482,5100000,Thriller,1970,False,True
42239,27000000,Drama,1970,True,True
10970,36145695,Comedy,1970,False,False
11422,43220000,Action,1970,False,True
6037,32511047,Comedy,1970,False,False
10803,25000000,Action,1970,False,False
794,60922980,Horror,1970,False,True
10747,31800000,Western,1970,False,True
195012,120700000,Documentary,1970,False,False
21241,1500000,Action,1970,False,False
4780,4468000,Thriller,1970,False,True
12584,8091910,Western,1970,False,True
10640,4200000,Action,1970,False,False
261473,1515564,Action,1970,False,False
903331,3500,Comedy,1970,False,False
21882,11000000,Drama,1970,True,False
10730,90614445,Adventure,1970,False,True
25699,1390687,Thriller,1970,False,False
10518,21709020,Thriller,1970,False,True
51213,13300000,Crime,1970,False,False
76715,10646000,Horror,1970,False,False
483694,79,Documentary,1970,False,False
316539,36636,Crime,1970,False,False
7340,25878153,Horror,1970,False,False
10774,23689877,Drama,1970,True,False
1366,225250402,Drama,1970,True,False
11558,51079064,Comedy,1970,False,True
29160,90000000,Comedy,1970,False,False
12268,33833201,Comedy,1970,False,False
10649,46236000,Crime,1970,False,True
16084,25942000,Fantasy,1970,False,False
19610,80000000,Drama,1970,True,True
32037,15300000,Action,1970,False,False
504352,50000,Drama,1970,True,False
18196,3,Horror,1970,False,True
304257,195312,Crime,1970,False,False
10839,201,Drama,1970,True,False
11906,2884265,Horror,1970,False,False
16220,9000000,Animation,1970,False,True
49158,3000000,Horror,1970,False,False
11590,28000000,Comedy,1970,False,True
50374,15769322,Action,1970,False,True
7227,30000000,Action,1970,False,True
24109,13600000,Comedy,1970,False,True
985,7000000,Horror,1970,False,False
19108,12000000,Action,1970,False,False
36748,1500000,Animation,1970,False,True
703,38288028,Comedy,1970,False,False
69903,8284000,Drama,1970,True,True
11,775398007,Adventure,1970,False,True
1471759,775398507,Action,1970,False,False
11006,126737428,Action,1970,False,True
99846,1000000,Action,1970,False,False
5902,50750000,Drama,1970,True,False
11586,30749142,Drama,1970,True,True
20416,100000000,Mystery,1970,False,True
12637,16400000,Drama,1970,True,False
11319,71215869,Fantasy,1970,False,False
14140,29000000,Romance,1970,False,False
38985,9000000,Thriller,1970,False,True
56095,1191146,Thriller,1970,False,False
691,185438673,Adventure,1970,False,False
19050,19104350,Comedy,1970,False,True
290106,50000,Animation,1970,False,False
11940,16000000,Action,1970,False,True
12262,25000000,Horror,1970,False,False
12707,14717854,Adventure,1970,False,True
48101,23000000,Action,1970,False,False
31718,3223888,Family,1970,False,True
30315,17000000,Horror,1970,False,False
25763,8720000,Action,1970,False,True
42222,20700000,Drama,1970,True,True
24032,41687243,Fantasy,1970,False,True
37749,22512655,Drama,1970,True,True
840,306889114,Science Fiction,1970,False,True
14741,102000000,Comedy,1970,False,False
11935,12000000,Drama,1970,True,False
72277,1258000,Mystery,1970,False,False
11009,237113184,Music,1970,False,True
17689,26414658,Drama,1970,True,True
38268,4000000,Adventure,1970,False,False
12535,31063038,Comedy,1970,False,False
1057346,100,Drama,1970,True,False
840477,105000,Crime,1970,False,False
6081,49579269,Comedy,1970,False,False
47901,16928137,Comedy,1970,False,False
14839,6521083,Drama,1970,True,True
279117,27182,Drama,1970,True,False
12611,24000000,Horror,1970,False,True
14822,16393000,Adventure,1970,False,False
31948,5438927,Thriller,1970,False,True
36361,28460702,Comedy,1970,False,True
42198,11000000,Drama,1970,True,True
23397,9900000,Crime,1970,False,False
26973,5786368,Drama,1970,True,True
190452,490610,Comedy,1970,False,False
37672,19703082,Comedy,1970,False,True
47121,302553,Drama,1970,True,False
13963,321952,Documentary,1970,False,False
35976,45000000,Comedy,1970,False,False
11455,41590893,Comedy,1970,False,True
24153,14363400,Drama,1970,True,True
38731,24000000,Drama,1970,True,True
27201,15500000,Adventure,1970,False,False
10766,26518355,Horror,1970,False,True
579,187884007,Horror,1970,False,True
9584,45000000,Action,1970,False,False
7010,9884149,Action,1970,False,False
12185,98800000,Fantasy,1970,False,True
66946,7092495,Comedy,1970,False,True
621,181813770,Romance,1970,False,True
46878,7700000,Thriller,1970,False,True
15659,45000000,Comedy,1970,False,True
204559,8800000,Family,1970,False,False
8469,141000000,Comedy,1970,False,True
16214,78000000,Action,1970,False,True
15867,10400000,Drama,1970,True,False
29143,20000000,Drama,1970,True,True
24831,16000000,Horror,1970,False,False
28485,594947,Horror,1970,False,False
166202,233575,Drama,1970,True,False
17339,7230000,Drama,1970,True,True
11327,35000000,Drama,1970,True,True
42215,11364985,Horror,1970,False,True
923,55000000,Horror,1970,False,False
116312,1622164,Comedy,1970,False,False
23916,7185518,Action,1970,False,True
4192,14560084,Mystery,1970,False,False
16241,19000000,Drama,1970,True,False
11837,3713768,Adventure,1970,False,False
115894,631083,Drama,1970,True,False
948,70274000,Horror,1970,False,False
24961,21049053,Adventure,1970,False,True
42201,9585769,Western,1970,False,False
4484,20424259,Comedy,1970,False,False
299165,495861,Comedy,1970,False,False
27432,362222,Drama,1970,True,False
123,30471420,Adventure,1970,False,False
11778,49000000,Drama,1970,True,True
1924,300218018,Science Fiction,1970,False,True
15417,85196485,Action,1970,False,True
11850,24946533,Science Fiction,1970,False,False
702242,100000,Romance,1970,False,False
200671,1,Comedy,1970,False,False
11474,22490039,Action,1970,False,True
31200,7500000,Drama,1970,True,True
1374458,192000,Music,1970,False,False
18142,7500000,Comedy,1970,False,False
40842,22228000,Drama,1970,True,True
3786,21700000,Science Fiction,1970,False,True
10654,15313606,Music,1970,False,False
988,51718367,Drama,1970,True,True
275294,890000,Comedy,1970,False,False
9638,11988469,Horror,1970,False,False
300652,1000000,Science Fiction,1970,False,False
9659,100000000,Adventure,1970,False,False
309803,62700,Adventure,1970,False,False
321762,23818,Adventure,1970,False,False
696,40194067,Comedy,1970,False,False
18966,43885000,Romance,1970,False,False
84081,444334,Comedy,1970,False,True
341953,259085,Comedy,1970,False,False
26659,3000000,Drama,1970,True,True
71598,1204494,Action,1970,False,False
20283,20000000,Drama,1970,True,True
28942,5000000,Horror,1970,False,False
348,104931801,Horror,1970,False,True
21376,20166000,Action,1970,False,False
46460,2411145,Drama,1970,True,False
19827,38200000,Action,1970,False,True
1367,85182160,Drama,1970,True,False
11176,65200000,Comedy,1970,False,False
10734,43004381,Drama,1970,True,True
42176,44800000,Comedy,1970,False,True
698,210308099,Action,1970,False,False
22328,20931111,Comedy,1970,False,False
16972,9346177,Adventure,1970,False,True
30547,30441738,Drama,1970,True,False
233,23000000,Drama,1970,True,False
11449,86432000,Horror,1970,False,False
550360,200000,Action,1970,False,False
33258,15014674,Comedy,1970,False,True
29786,26079312,Comedy,1970,False,True
28482,519204,Adventure,1970,False,False
9453,23438120,Drama,1970,True,False
28,150000000,Drama,1970,True,False
583,20745728,Comedy,1970,False,False
29723,13015688,Action,1970,False,True
284436,740304,Comedy,1970,False,False
322455,182050,Documentary,1970,False,False
220004,425000,Drama,1970,True,False
191531,7639,Horror,1970,False,False
54663,35649012,Comedy,1970,False,True
9051,74865517,Comedy,1970,False,True
11121,20101247,Drama,1970,True,False
17264,37799643,Family,1970,False,False
17443,33300000,Drama,1970,True,True
40160,12600000,Action,1970,False,False
67627,8,Comedy,1970,False,False
16323,29174648,Drama,1970,True,True
68553,1753,War,1970,False,False
152,139000000,Science Fiction,1970,False,True
12102,106260000,Drama,1970,True,True
6471,100000000,Comedy,1970,False,True
11519,94900000,Comedy,1970,False,True
15371,8194857,Family,1970,False,False
16858,37823676,Drama,1970,True,True
9570,35841901,Adventure,1970,False,False
10322,30177511,Comedy,1970,False,False
11145,61801971,Drama,1970,True,True
1057337,100,History,1980,False,False
184979,243000,Drama,1980,False,False
337434,8832,Drama,1980,False,False
121367,25309,Action,1980,False,False
136914,13600000,Drama,1980,False,False
16121,7206220,Drama,1980,False,False
365455,10300000,History,1980,False,False
8738,16647800,War,1980,False,False
31915,54000000,Horror,1980,False,True
790,21448830,Horror,1980,False,False
44004,15934737,Action,1980,False,False
2768,52700000,Crime,1980,False,True
21028,2500000,Drama,1980,False,False
390253,2993772,Action,1980,False,True
32020,4400000,Drama,1980,False,False
16769,67182787,Music,1980,False,True
47876,6321392,Comedy,1980,True,True
47942,3763988,Action,1980,False,True
13550,12000000,Horror,1980,False,False
849568,105000,Drama,1980,False,False
189888,215498,Comedy,1980,True,False
21970,5000000,Fantasy,1980,False,False
519673,109533,Drama,1980,False,False
13005,6659377,Comedy,1980,True,True
11953,4000000,Action,1980,False,True
4488,59754601,Horror,1980,False,True
14729,15795189,Western,1980,False,False
3537,42000000,Drama,1980,False,False
21879,10000000,Comedy,1980,True,False
1891,538400000,Adventure,1980,False,False
1471760,549001086,Action,1980,False,False
694,44781695,Horror,1980,False,True
31112,2013193,Family,1980,False,False
33155,4865000,Comedy,1980,True,False
21866,24265583,Drama,1980,False,True
7988,15700000,Thriller,1980,False,True
33076,14155617,Comedy,1980,True,True
525,115229890,Music,1980,False,True
49375,16656125,Adventure,1980,False,True
1623,37121708,Crime,1980,False,True
35101,11000000,Adventure,1980,False,False
12129,18000000,Fantasy,1980,False,False
54287,6000000,Action,1980,False,False
813,83453539,Comedy,1980,True,True
19664,220181,War,1980,False,False
5689,58853106,Romance,1980,False,True
21873,22482952,Comedy,1980,True,True
14475,11715321,Comedy,1980,True,True
13612,41675194,Action,1980,False,True
36599,14796236,Horror,1980,False,False
11033,31899000,Thriller,1980,False,False
11977,39846344,Comedy,1980,True,True
24575,7000000,Adventure,1980,False,False
15668,22762571,Fantasy,1980,False,True
24825,18971000,Adventure,1980,False,False
30924,6342668,Comedy,1980,True,False
92323,4400000,Comedy,1980,True,True
12705,66132626,Action,1980,False,True
99796,804713,Comedy,1980,True,False
19267,854,Action,1980,False,True
16026,5010362,Comedy,1980,True,False
50125,1372975,Documentary,1980,False,False
3604,27107960,Science Fiction,1980,False,True
23954,12729675,Crime,1980,False,False
14460,11000000,Science Fiction,1980,False,False
8393,60000000,Action,1980,False,False
16619,54766923,Drama,1980,False,True
6028,11000000,Crime,1980,False,False
98864,3910019,Drama,1980,False,True
11337,10389003,Comedy,1980,True,False
10889,4059673,Crime,1980,False,True
114051,680224,Crime,1980,False,False
10765,69800000,Comedy,1980,True,True
1955,26010864,Drama,1980,False,True
61389,7900000,Drama,1980,False,False
214181,11000000,Comedy,1980,True,True
1578,23000000,Drama,1980,False,False
27346,10000000,Horror,1980,False,False
10935,3484331,Drama,1980,False,False
8536,190458706,Science Fiction,1980,False,True
11684,6950125,Comedy,1980,True,False
85548,18,Adventure,1980,False,False
11335,49823037,Action,1980,False,True
21629,101300000,Comedy,1980,True,True
17169,70687344,Action,1980,False,True
19494,103300000,Comedy,1980,True,True
28124,43995918,Comedy,1980,True,False
31603,8894289,Thriller,1980,False,False
15724,731753,Action,1980,False,False
80310,2110516,Drama,1980,False,False
11542,19853892,Horror,1980,False,True
342137,106282,Comedy,1980,True,False
1061967,100,Drama,1980,False,False
314153,47505,Comedy,1980,True,False
1054417,100,Drama,1980,False,False
81463,161362,Action,1980,False,False
5082,103411,Comedy,1980,True,False
265,8144,Drama,1980,False,False
9538,14225876,Science Fiction,1980,False,False
11298,17985893,Horror,1980,False,False
16124,1400000,Adventure,1980,False,False
79649,1118634,Horror,1980,False,False
39874,5672031,Horror,1980,False,False
47890,2022771,Adventure,1980,False,True
517563,112,Drama,1980,False,False
29204,6000000,Animation,1980,False,True
179005,201986,Drama,1980,False,False
43089,100000,Horror,1980,False,False
140413,10000000,Comedy,1980,True,True
13555,7886857,Horror,1980,False,True
61653,11800000,Comedy,1980,True,False
21610,19905359,Action,1980,False,True
11027,12376625,Crime,1980,False,False
342213,591696,Comedy,1980,True,False
10768,20471382,Horror,1980,False,True
11524,11492915,Crime,1980,False,False
90730,198242,Action,1980,False,False
109264,2028612,Drama,1980,False,True
220772,925000,Drama,1980,False,False
11527,34967437,Adventure,1980,False,False
26843,1500000,History,1980,False,False
21764,7710,Comedy,1980,True,False
42149,566736,Horror,1980,False,True
9725,21722776,Horror,1980,False,True
75048,958000,Drama,1980,False,False
9443,58972904,Drama,1980,False,True
74899,3100000,Drama,1980,False,True
314382,345151,Romance,1980,False,False
10540,17374595,Science Fiction,1980,False,True
31361,31300000,Comedy,1980,True,True
25113,50427646,Comedy,1980,True,True
1103,50244700,Science Fiction,1980,False,False
21484,1158473,Horror,1980,False,False
24274,216166,Horror,1980,False,False
40469,3000000,Horror,1980,False,False
388228,302553,Crime,1980,False,False
10156,31672907,Comedy,1980,True,True
85,389925971,Adventure,1980,False,True
10323,41092328,Action,1980,False,False
17360,27453418,Drama,1980,False,True
11286,72179579,Action,1980,False,True
699,187412802,Adventure,1980,False,False
10890,85300000,Action,1980,False,True
848,14110013,Fantasy,1980,False,True
14900,31200000,Family,1980,False,False
927215,554,War,1980,False,False
10948,29800000,Adventure,1980,False,False
36819,42365581,Family,1980,False,False
13665,95461682,Comedy,1980,True,False
19114,32492674,Romance,1980,False,True
11644,12000000,Thriller,1980,False,False
10863,18000000,Drama,1980,False,False
20075,37000000,Comedy,1980,True,True
10725,10626725,Horror,1980,False,False
278619,292722,Comedy,1980,True,False
47941,2297493,Comedy,1980,True,True
53922,9566593,Comedy,1980,True,False
11827,20100000,Animation,1980,False,True
26325,36565280,Action,1980,False,False
129685,12000000,War,1980,False,False
11646,11740000,War,1980,False,False
42566,7680000,Adventure,1980,False,False
28794,1845819,Horror,1980,False,False
32047,8124257,Drama,1980,False,True
38665,2945600,Action,1980,False,False
47871,939423,Action,1980,False,False
41280,26279000,Comedy,1980,True,False
814,31973249,Comedy,1980,True,True
85058,12480249,Comedy,1980,True,True
115896,477126,Drama,1980,False,False
14412,24058838,Crime,1980,False,False
12537,2689068,Drama,1980,False,False
764,29612367,Horror,1980,False,False
387,85000000,Drama,1980,False,True
26560,15578237,Comedy,1980,True,True
15660,5000000,Drama,1980,False,True
25468,5250000,Comedy,1980,True,False
47888,10217873,Drama,1980,False,True
1295447,43569,Action,1980,False,False
21874,3282232,Science Fiction,1980,False,True
27997,3500000,Comedy,1980,True,True
11281,25533818,Horror,1980,False,True
2989,2000000,Adventure,1980,False,False
10246,125728258,Comedy,1980,True,True
19429,40716963,Crime,1980,False,True
11816,119285432,Drama,1980,False,True
187727,320303,Action,1980,False,False
17450,9171289,Drama,1980,False,False
21294,6892098,Action,1980,False,False
62204,55260558,Adventure,1980,False,True
14664,35610100,Crime,1980,False,True
19507,29916207,Comedy,1980,True,True
73247,2154696,Comedy,1980,True,True
10627,35856053,War,1980,False,True
41610,3779105,Comedy,1980,True,False
32480,7283223,Comedy,1980,True,False
8810,24600832,Adventure,1980,False,False
47542,955401,Romance,1980,False,False
16471,26154211,Comedy,1980,True,True
18254,40382659,Drama,1980,False,True
1055989,100,Drama,1980,False,False
422994,164560,Drama,1980,False,False
27400,200298,Horror,1980,False,False
27873,3000000,Science Fiction,1980,False,False
331452,800832,Comedy,1980,True,False
816621,116517,Comedy,1980,True,False
357406,213911,Comedy,1980,True,False
10275,16157801,Action,1980,False,False
334079,145842,Comedy,1980,True,False
30038,4888270,Thriller,1980,False,False
52772,8100000,Drama,1980,False,False
790305,2000000,Adventure,1980,False,False
322932,591902,Comedy,1980,True,False
27609,5,Drama,1980,False,True
41291,636796,Drama,1980,False,False
40219,7742572,Horror,1980,False,False
15600,14000000,Drama,1980,False,True
41913,11897978,Drama,1980,False,True
770475,302000,Comedy,1980,True,False
31665,1736123,Action,1980,False,False
14373,45000000,Action,1980,False,False
389443,249562,Comedy,1980,True,False
407873,100000,Drama,1980,False,False
4193,6110804,Thriller,1980,False,False
23942,5588800,Romance,1980,False,False
401412,140702,Romance,1980,False,False
437911,550269,Comedy,1980,True,False
26851,22293,Documentary,1980,False,False
24266,20659423,Drama,1980,False,False
13945,39103425,Action,1980,False,False
37607,23671186,Comedy,1980,True,True
9387,79114085,Adventure,1980,False,True
13776,14100000,Comedy,1980,True,False
27150,10500000,Action,1980,False,True
302342,51601,Comedy,1980,True,False
1023730,1821404,Action,1980,False,False
12614,28215453,Comedy,1980,True,False
395016,256321,Comedy,1980,True,False
1273785,2,Romance,1980,False,False
334395,567148,Comedy,1980,True,False
23587,5091888,Crime,1980,False,False
15739,57059003,Comedy,1980,True,True
46885,13258670,Horror,1980,False,True
9442,18196170,Comedy,1980,True,True
1371,270000000,Drama,1980,False,False
43279,88000,War,1980,False,False
154,96800000,Action,1980,False,True
609,122200000,Horror,1980,False,False
601,792965500,Science Fiction,1980,False,True
9037,15171476,Comedy,1980,True,True
354918,283179,Comedy,1980,True,False
11704,14665733,Family,1980,False,False
10724,70687344,Science Fiction,1980,False,True
1091,19629760,Horror,1980,False,True
78,41722424,Science Fiction,1980,False,True
27088,5829781,Comedy,1980,True,False
47955,46509,Drama,1980,False,True
97,33000000,Science Fiction,1980,False,False
12104,22244207,Music,1980,False,False
47947,30688860,Comedy,1980,True,True
46925,20225989,Drama,1980,False,True
39274,3600000,Action,1980,False,False
23943,16897768,Comedy,1980,True,False
16363,69701637,Comedy,1980,True,False
2623,129795554,Drama,1980,False,True
14742,21095683,Comedy,1980,True,True
32065,6660333,Action,1980,False,False
20197,21134374,Action,1980,False,False
13342,27092880,Comedy,1980,True,True
11307,29712172,Drama,1980,False,True
9728,36690067,Horror,1980,False,True
16441,14056528,Fantasy,1980,False,False
115686,185916,Thriller,1980,False,False
33676,1246141,Comedy,1980,True,False
47886,1198346,Horror,1980,False,False
30412,2914328,Comedy,1980,True,False
162951,1725384,Comedy,1980,True,False
27475,3600000,Horror,1980,False,False
113464,5200000,History,1980,False,False
16235,12534817,Horror,1980,False,False
88451,2279543,Music,1980,False,False
24740,13277558,Horror,1980,False,False
47878,946461,Comedy,1980,True,False
72445,1988145,Drama,1980,False,False
83301,112940,Romance,1980,False,True
1372409,45000,Drama,1980,False,False
1368,125212904,Action,1980,False,False
10676,14400000,Horror,1980,False,True
115903,646714,Drama,1980,False,False
341955,626462,Comedy,1980,True,False
85910,3820000,Documentary,1980,False,False
148960,777087,Romance,1980,False,False
52083,7241180,Comedy,1980,True,False
52777,263635,Drama,1980,False,False
20787,29934,Science Fiction,1980,False,False
16281,21028755,Horror,1980,False,True
10831,2256246,Comedy,1980,True,False
67772,840000,Drama,1980,False,False
26730,78350,Animation,1980,False,True
10150,6455530,Fantasy,1980,False,False
783,77737889,Drama,1980,False,True
9699,9056073,Comedy,1980,True,False
3526,5000000,Drama,1980,False,False
150,78868508,Thriller,1980,False,True
15764,30036000,Drama,1980,False,True
24226,53977250,Drama,1980,False,True
27630,2160000,Horror,1980,False,False
30168,2091037,Comedy,1980,True,True
23805,47118057,Comedy,1980,True,True
2665,27150534,Comedy,1980,True,True
11541,1317657,Romance,1980,False,False
9576,177200000,Comedy,1980,True,True
11639,40577001,Adventure,1980,False,True
45840,36800000,Comedy,1980,True,True
5961,6795771,Fantasy,1980,False,False
262,2536000,Drama,1980,False,True
547151,14,Action,1980,False,False
276635,822,Comedy,1980,True,False
197976,684150,Drama,1980,False,False
689234,211160,Action,1980,False,False
1057343,100,Drama,1980,False,False
727415,100,Drama,1980,False,False
1058317,100,Drama,1980,False,False
1055978,100,Drama,1980,False,False
1052772,100,Drama,1980,False,False
1053128,100,Drama,1980,False,False
1052311,100,Drama,1980,False,False
78177,1530839,Drama,1980,False,False
40229,10604986,Horror,1980,False,False
837,2120439,Horror,1980,False,True
47944,9600000,Drama,1980,False,True
6341,42313354,Drama,1980,False,True
67530,11787127,Drama,1980,False,True
15716,694497,Comedy,1980,True,True
36912,6347072,Comedy,1980,True,True
266331,2439705,Drama,1980,False,False
348697,222087,Comedy,1980,True,False
1563,30878,Documentary,1980,False,False
27323,3952448,Comedy,1980,True,False
2193,22587834,Comedy,1980,True,False
18587,7175592,Crime,1980,False,False
24926,12000000,Family,1980,False,False
19606,28400000,Adventure,1980,False,True
35834,1262691,Drama,1980,False,True
21148,24071666,Comedy,1980,True,True
227,33697647,Crime,1980,False,True
13633,9190819,Crime,1980,False,False
15035,760883,Animation,1980,False,True
24883,9800000,Family,1980,False,False
4543,14949697,Comedy,1980,True,True
1058769,100,Drama,1980,False,False
75986,5269990,Drama,1980,False,False
42121,8400000,Drama,1980,False,False
42103,1867792,Comedy,1980,True,True
1306276,1000000,Drama,1980,False,False
19053,17343596,Comedy,1980,True,False
535,201500000,Drama,1980,False,True
14854,12232628,Action,1980,False,False
183605,30000,Romance,1980,False,False
1468172,50000,TV Movie,1980,False,False
88226,84,Comedy,1980,True,False
11654,5979292,Horror,1980,False,False
24808,8400000,Fantasy,1980,False,False
37943,123572,Drama,1980,False,False
12695,15543000,Comedy,1980,True,True
23096,10375893,Comedy,1980,True,True
1058,19910002,Romance,1980,False,False
26978,16500000,Adventure,1980,False,True
1892,572700000,Adventure,1980,False,False
18406,6149983,Action,1980,False,False
11948,2306560,Drama,1980,False,False
231799,100000,Drama,1980,False,False
860,124600000,Thriller,1980,False,False
10576,34725000,Horror,1980,False,True
700,187500000,Adventure,1980,False,False
1621,90404800,Comedy,1980,True,True
9531,75850624,Comedy,1980,True,True
103123,174102,Comedy,1980,True,False
15301,29450919,Horror,1980,False,True
19698,33759266,Comedy,1980,True,True
11609,4300000,Comedy,1980,True,False
10805,64892670,Drama,1980,False,True
11030,11798616,Comedy,1980,True,False
21500,21600000,Comedy,1980,True,False
13105,64783827,Comedy,1980,True,True
17692,87987055,Thriller,1980,False,True
11153,61399552,Comedy,1980,True,True
849,16519460,Action,1980,False,True
29628,1645711,Comedy,1980,True,False
12633,5555305,Drama,1980,False,True
9346,63541777,Romance,1980,False,True
355653,133019,Comedy,1980,True,False
10489,21200000,Horror,1980,False,True
26452,10676194,Action,1980,False,False
36576,4491986,Comedy,1980,True,False
15120,7000000,Action,1980,False,True
115042,606694,Science Fiction,1980,False,False
11314,1723872,Documentary,1980,False,False
30927,1723487,Action,1980,False,False
42114,6670680,Horror,1980,False,True
15895,8890685,Action,1980,False,False
98596,1334173,Drama,1980,False,False
17386,13168027,Action,1980,False,False
47892,1362303,Horror,1980,False,False
45995,382291,Comedy,1980,True,False
21721,4786789,Drama,1980,False,False
12560,56400000,Comedy,1980,True,True
15050,10219460,Science Fiction,1980,False,False
114394,1,Drama,1980,False,True
329882,127761,Comedy,1980,True,False
36670,160000000,Adventure,1980,False,True
232,2494480,Crime,1980,False,True
12239,6486797,Action,1980,False,True
14813,21000000,Family,1980,False,True
9549,21500000,Drama,1980,False,False
18172,17233166,Romance,1980,False,True
11336,20766616,Thriller,1980,False,False
77970,515221,Comedy,1980,True,False
113451,500000,Horror,1980,False,False
21259,2044892,Drama,1980,False,True
104633,32072506,Horror,1980,False,False
30707,6472990,Drama,1980,False,True
27214,6333135,Horror,1980,False,False
850,20653717,Comedy,1980,True,False
10269,30400000,Music,1980,False,False
13567,11000000,Horror,1980,False,False
35432,1963756,Action,1980,False,True
11050,108423749,Drama,1980,False,True
10650,150000000,Thriller,1980,False,True
8769,21200000,Horror,1980,False,True
111,66023329,Action,1980,False,True
32644,23646952,Fantasy,1980,False,True
12502,35600000,Drama,1980,False,False
8289,15856028,Thriller,1980,False,False
26198,3661757,Horror,1980,False,True
22998,13030214,Comedy,1980,True,True
9967,30503151,Drama,1980,False,True
27679,16134627,Adventure,1980,False,True
69928,11000000,Comedy,1980,True,True
272402,191299,Comedy,1980,True,False
42442,1791553,Comedy,1980,True,False
1058346,100,Drama,1980,False,False
1055981,100,Crime,1980,False,False
1054402,100,Drama,1980,False,False
1058764,100,Drama,1980,False,False
597052,5000,Drama,1980,False,False
1051439,100,Drama,1980,False,False
142968,779997,Comedy,1980,True,False
15259,38682707,Music,1980,False,False
21989,20307325,Comedy,1980,True,False
258162,498209,Drama,1980,False,False
37030,3554460,Action,1980,False,False
12762,10600497,Comedy,1980,True,False
495998,100,Action,1980,False,False
80211,21058032,Comedy,1980,True,False
19400,1337274,Adventure,1980,False,False
87235,129268,Action,1980,False,True
56821,17500000,Crime,1980,False,False
1788,80035402,Drama,1980,False,True
14347,18644570,Comedy,1980,True,True
13820,2300000,Comedy,1980,True,True
2619,69821334,Comedy,1980,True,False
10823,14568989,Horror,1980,False,False
31043,1059966,Drama,1980,False,True
81,3301446,Adventure,1980,False,False
308602,567107,Action,1980,False,False
257924,44785,Comedy,1980,True,False
21871,14134877,Comedy,1980,True,False
10179,14250000,Science Fiction,1980,False,False
9336,81198894,Comedy,1980,True,True
47359,6045657,Drama,1980,False,True
11002,45858563,Adventure,1980,False,True
9326,86572238,Adventure,1980,False,True
54658,1525532,Drama,1980,False,False
154276,261033,Drama,1980,False,True
75877,3149062,Drama,1980,False,False
28692,11708269,Comedy,1980,True,False
34584,20158808,Adventure,1980,False,True
59897,10530000,Comedy,1980,True,False
42102,8200000,Drama,1980,False,False
9730,32980880,Horror,1980,False,True
26178,801000,Horror,1980,False,True
15239,800000,Comedy,1980,True,False
11031,4736202,Music,1980,False,False
2669,8613462,Action,1980,False,False
15144,23686027,Comedy,1980,True,True
52736,7100000,Comedy,1980,True,True
107714,285437,Action,1980,False,False
11393,47951979,Drama,1980,False,False
11495,17080167,Horror,1980,False,True
368362,309703,Action,1980,False,False
220756,4000000,Action,1980,False,False
311,5500000,Drama,1980,False,True
87,333000000,Adventure,1980,False,True
157,87000000,Science Fiction,1980,False,True
184068,600,Romance,1980,False,False
14746,8089290,Action,1980,False,True
23111,25100000,Comedy,1980,True,True
620,296187079,Comedy,1980,True,True
8764,20458340,Comedy,1980,True,True
927,153083102,Fantasy,1980,False,True
21233,52800000,Documentary,1980,False,False
16551,21435321,Comedy,1980,True,True
1885,130442786,Action,1980,False,True
32081,6836201,Action,1980,False,False
696137,10000,Drama,1980,False,False
81485,229600,Horror,1980,False,False
11899,25500000,Romance,1980,False,False
12309,38435947,Comedy,1980,True,True
9610,31042035,Adventure,1980,False,True
11950,28078073,Action,1980,False,True
9651,14296438,Adventure,1980,False,False
11884,28733290,Adventure,1980,False,True
1270875,55,Drama,1980,False,False
11221,19265302,Comedy,1980,True,True
19596,2193612,Comedy,1980,True,False
13763,68392977,Drama,1980,False,True
85509,4463841,Comedy,1980,True,True
1880,38376497,Action,1980,False,False
24099,12145169,Adventure,1980,False,True
5968,25308147,Comedy,1980,True,False
210837,700000,Drama,1980,False,False
11707,48143579,Mystery,1980,False,True
24264,5778353,Action,1980,False,True
655,2181987,Drama,1980,False,True
5896,8914881,Drama,1980,False,False
23730,3412497,Horror,1980,False,False
787529,100,Music,1980,False,False
863188,50000,Documentary,1980,False,False
11368,4229114,Crime,1980,False,False
19621,876775,Drama,1980,False,False
26522,21821347,Drama,1980,False,True
28148,7610785,Action,1980,False,False
279,51973029,History,1980,False,False
52778,4100000,Drama,1980,False,False
10631,36403064,Comedy,1980,True,True
11905,4389334,Horror,1980,False,False
96868,648279,Drama,1980,False,False
1044813,120000,Comedy,1980,True,False
38980,9500000,Comedy,1980,True,True
47874,12384120,Comedy,1980,True,True
47638,1142944,Adventure,1980,False,True
64309,1521999,Comedy,1980,True,False
425316,15000,Drama,1980,False,False
52331,1769000,Thriller,1980,False,False
123161,81894,Comedy,1980,True,False
48482,10364904,Crime,1980,False,True
24453,6551987,Drama,1980,False,True
8221,706685,Comedy,1980,True,False
11507,8801940,Crime,1980,False,True
54752,6250994,Drama,1980,False,False
218,78371200,Action,1980,False,False
47894,8316206,Horror,1980,False,True
9314,8430492,Drama,1980,False,True
377,57000000,Horror,1980,False,False
27414,2491460,Thriller,1980,False,False
99760,930349,Drama,1980,False,False
18462,14418922,Comedy,1980,True,False
15379,22812411,Action,1980,False,False
24128,4978922,Music,1980,False,False
52744,11129057,Drama,1980,False,True
625,34700291,Drama,1980,False,False
38557,11500000,Drama,1980,False,True
90,316360478,Action,1980,False,True
4437,40400657,Thriller,1980,False,False
16969,38348988,Action,1980,False,True
9663,28744356,Science Fiction,1980,False,True
11296,1400000,Drama,1980,False,False
841,30925690,Action,1980,False,False
9507,6770587,Science Fiction,1980,False,False
2148,25928721,Crime,1980,False,False
15927,27201487,Drama,1980,False,False
421467,11000000,Science Fiction,1980,False,False
16806,17000000,Comedy,1980,True,True
37296,26200000,Comedy,1980,True,True
31955,4385312,Drama,1980,False,False
703101,105000,Drama,1980,False,False
323115,3979,Horror,1980,False,False
1054357,100,Drama,1980,False,False
1057341,100,Drama,1980,False,False
1057333,100,Horror,1980,False,False
1056128,100,Action,1980,False,False
18498,35000000,Comedy,1980,True,False
272129,504409,Comedy,1980,True,False
2189,14100000,Comedy,1980,True,False
9281,68706993,Crime,1980,False,True
27223,10,Comedy,1980,True,False
14750,8692426,Comedy,1980,True,True
2108,51525171,Comedy,1980,True,True
68,9900000,Comedy,1980,True,False
11338,6700000,Thriller,1980,False,True
141450,316326,Comedy,1980,True,False
297995,162843,Crime,1980,False,False
19947,849915,Animation,1980,False,False
10849,10631333,Fantasy,1980,False,False
12764,10755447,Action,1980,False,False
73462,1304192,Drama,1980,False,False
8992,18135531,Comedy,1980,True,False
11177,42400000,Drama,1980,False,True
297043,239888,Crime,1980,False,False
54646,172,Drama,1980,False,True
9731,21930418,Horror,1980,False,True
13938,25754284,Action,1980,False,False
379090,150000,Comedy,1980,True,False
23919,20518905,Comedy,1980,True,False
19386,7,Animation,1980,False,False
11243,34000000,Adventure,1980,False,False
526,18432000,Adventure,1980,False,True
10157,55600000,Comedy,1980,True,True
78364,1878561,Drama,1980,False,True
42040,5111099,Action,1980,False,True
8130,27400000,Drama,1980,False,False
9626,6948633,Adventure,1980,False,False
10656,390659,Action,1980,False,False
10552,13100000,Horror,1980,False,False
31462,10627754,Comedy,1980,True,True
315471,215682,Drama,1980,False,False
42044,20175,Documentary,1980,False,False
268602,481232,Comedy,1980,True,False
10925,14237880,Horror,1980,False,False
24548,11528900,Comedy,1980,True,True
899159,1,Animation,1980,False,False
14570,5730596,Action,1980,False,False
27590,8800000,Action,1980,False,True
17824,331816,Comedy,1980,True,False
20721,20345361,Action,1980,False,False
164753,628050,Documentary,1980,False,False
38981,31430,Comedy,1980,True,True
27064,502758,Drama,1980,False,False
49370,12918858,Drama,1980,False,True
1369,300400432,Action,1980,False,False
11064,45833132,Comedy,1980,True,True
707,152427960,Adventure,1980,False,False
1275488,1,Drama,1980,False,False
9749,59612888,Comedy,1980,True,True
11645,11859533,Action,1980,False,False
9340,61389680,Adventure,1980,False,True
16248,7840873,Family,1980,False,True
2075,26657534,Romance,1980,False,True
24742,8622757,Comedy,1980,True,False
11954,11603545,Science Fiction,1980,False,False
13155,11137801,Adventure,1980,False,False
10328,85313124,Comedy,1980,True,True
11532,24467000,Action,1980,False,False
11557,37803872,Drama,1980,False,True
8879,41410568,Western,1980,False,True
9355,36230219,Action,1980,False,False
105,381109762,Adventure,1980,False,True
8408,34000000,Horror,1980,False,False
25237,168817,Drama,1980,False,False
11509,32192570,Western,1980,False,True
9872,9873044,Family,1980,False,True
44825,150000000,Music,1980,False,False
10905,8645411,Action,1980,False,True
15982,3099497,Action,1980,False,False
10957,21288692,Animation,1980,False,True
11418,49364621,Adventure,1980,False,True
5683,40940662,Comedy,1980,True,True
11703,17005229,Drama,1980,False,False
39256,4116395,Action,1980,False,False
134218,471424,Comedy,1980,True,False
911490,65993,Animation,1980,False,False
10303,96773200,Adventure,1980,False,True
11814,38934048,Comedy,1980,True,True
11797,24922237,Comedy,1980,True,True
14370,12952019,Comedy,1980,True,False
30877,373530,Adventure,1980,False,False
18252,4122748,Comedy,1980,True,False
19357,24689704,Comedy,1980,True,True
11018,18707466,Action,1980,False,False
10843,10609321,Comedy,1980,True,False
29077,3558669,Drama,1980,False,True
14040,1400000,Drama,1980,False,True
19259,19875740,Comedy,1980,True,False
11824,80000000,Comedy,1980,True,False
13667,10297601,Comedy,1980,True,False
34028,1918117,Drama,1980,False,True
11976,15502112,Adventure,1980,False,True
12500,10499694,Action,1980,False,False
12775,100000,Adventure,1980,False,False
219210,176000,Comedy,1980,True,False
198249,575883,Comedy,1980,True,False
4180,2052466,Comedy,1980,True,False
41166,6148000,Drama,1980,False,True
540687,65197,Drama,1980,False,False
35144,9708373,Adventure,1980,False,True
315473,278435,Drama,1980,False,False
294,2400000,Drama,1980,False,False
10999,57500000,Action,1980,False,True
12235,40500000,Thriller,1980,False,True
54407,660537,Comedy,1980,True,False
19181,8646157,Comedy,1980,True,False
72018,1230407,Family,1980,False,False
17898,12400000,Horror,1980,False,True
10553,14393902,Comedy,1980,True,False
1694,2023414,Science Fiction,1980,False,False
5527,35000,Drama,1980,False,False
29463,11000000,Comedy,1980,True,True
13764,23717291,Family,1980,False,False
176049,1600000,History,1980,False,False
10014,30000000,Horror,1980,False,False
9846,17307019,Crime,1980,False,False
24873,16116878,Action,1980,False,False
189312,562029,Crime,1980,False,False
47296,4900000,Animation,1980,False,False
11893,7936012,Action,1980,False,False
19064,10000000,Comedy,1980,True,False
11240,2451545,Comedy,1980,True,False
78159,345280,Comedy,1980,True,False
39448,1276496,Action,1980,False,False
1374,300473716,Drama,1980,False,False
13380,13677222,Family,1980,False,True
9838,15057465,Action,1980,False,False
78235,2685453,Comedy,1980,True,True
16082,42160849,Drama,1980,False,True
24585,3333306,Comedy,1980,True,False
102492,2172391,Comedy,1980,True,False
911494,1402,Animation,1980,False,False
9080,60088980,Comedy,1980,True,True
1816,14202899,Drama,1980,False,True
11864,12303411,Drama,1980,False,True
15196,14643997,Comedy,1980,True,True
9056,113164,Action,1980,False,False
873,146292000,Drama,1980,False,True
30459,212780,Comedy,1980,True,False
606,227514205,History,1980,False,True
47908,7218340,Drama,1980,False,False
12701,358574,Adventure,1980,False,False
34322,30867525,Comedy,1980,True,True
1052316,100,Drama,1980,False,False
1056104,100,Drama,1980,False,False
1058321,100,Romance,1980,False,False
1418175,20000,Drama,1980,False,False
1051924,100,Comedy,1980,True,False
173041,255691,Fantasy,1980,False,False
36349,6637565,Action,1980,False,False
11037,24159872,Action,1980,False,False
33061,5450815,Fantasy,1980,False,False
87864,1268443,Animation,1980,False,False
13853,1953732,Adventure,1980,False,True
9542,5844868,Horror,1980,False,False
39406,4781448,Comedy,1980,True,False
47822,4601256,Action,1980,False,False
46948,3800000,Drama,1980,False,False
9941,62134225,Comedy,1980,True,False
2753,512400,History,1980,False,False
9873,20603715,Action,1980,False,False
5143,40084041,Comedy,1980,True,False
10068,6735922,Romance,1980,False,False
24194,320256,Horror,1980,False,False
16113,17768900,Action,1980,False,False
21332,7246979,Action,1980,False,True
95023,26,Romance,1980,False,False
103600,502237,Horror,1980,False,False
255860,1026192,Romance,1980,False,False
1397082,230000,Thriller,1980,False,False
62131,1720450,Horror,1980,False,False
11415,19444631,Comedy,1980,True,False
11522,40471663,Comedy,1980,True,True
11938,1476356,Comedy,1980,True,False
8009,12885193,Adventure,1980,False,False
11257,20966644,Drama,1980,False,False
19877,18000000,Animation,1980,False,False
38342,4753468,Comedy,1980,True,False
13698,36611610,Comedy,1980,True,True
15392,5738952,Drama,1980,False,True
12118,107600000,Comedy,1980,True,True
66981,621849,Action,1980,False,False
19975,12000000,Animation,1980,False,False
985012,100,War,1980,False,False
13841,2015882,Drama,1980,False,False
10466,54999651,Comedy,1980,True,True
713073,7229517,Comedy,1980,True,False
13346,8200000,Comedy,1980,True,True
87083,2497233,Action,1980,False,False
12662,14481606,Horror,1980,False,True
1492035,5000000,Action,1980,False,False
11986,2003822,Drama,1980,False,False
39243,4842778,Comedy,1980,True,False
3980,13167232,Comedy,1980,True,False
33762,4865912,Action,1980,False,False
66194,2750741,Comedy,1980,True,False
31659,8475466,Comedy,1980,True,False
33055,9947631,Action,1980,False,False
13715,2347000,Crime,1980,False,False
35705,546904,Drama,1980,False,False
10945,29844101,Romance,1980,False,True
394203,1,Comedy,1980,True,False
6106,1500000,Drama,1980,False,False
20858,1305114,Thriller,1980,False,False
25496,436901,Drama,1980,False,False
12721,4662137,Action,1980,False,False
11483,1641825,Adventure,1980,False,False
71841,2390525,Action,1980,False,False
24657,316043,Drama,1980,False,False
2605,40697761,Comedy,1980,True,False
744,356830601,Romance,1980,False,True
9874,49042224,Action,1980,False,True
11133,40996665,Horror,1980,False,False
6978,11000000,Comedy,1980,True,True
22976,112132,Action,1980,False,False
73673,1206159,Drama,1980,False,False
2099,16209459,Action,1980,False,False
31909,4884663,Science Fiction,1980,False,False
13766,9697739,Family,1980,False,True
375936,12800000,Adventure,1980,False,False
9377,70136369,Comedy,1980,True,True
30194,3900000,Science Fiction,1980,False,True
10002,5794184,Crime,1980,False,False
15596,91258000,Comedy,1980,True,False
274253,1,Drama,1980,False,False
9930,93151591,Comedy,1980,True,True
8856,115103979,Adventure,1980,False,True
63030,23109809,Comedy,1980,True,False
12151,71600000,Comedy,1980,True,False
47951,13299749,Adventure,1980,False,False
13597,12729917,Adventure,1980,False,False
45930,4845724,Romance,1980,False,False
439420,554674,Romance,1980,False,False
33345,10090429,Comedy,1980,True,True
9994,38625550,Animation,1980,False,True
18169,38702310,Comedy,1980,True,False
26555,12308521,Comedy,1980,True,True
1025999,150000,Fantasy,1980,False,False
679,183316455,Action,1980,False,True
34223,4941117,Comedy,1980,True,False
28685,2459000,Action,1980,False,False
42007,432266,Drama,1980,False,False
50147,9818377,Action,1980,False,False
46743,5099316,Drama,1980,False,True
9980,7433663,Horror,1980,False,False
13818,52600000,Comedy,1980,True,True
24103,8033397,Comedy,1980,True,False
29968,32324557,Drama,1980,False,False
10122,18564613,Family,1980,False,True
241603,267000,Drama,1980,False,False
10658,37962774,Comedy,1980,True,True
10225,19472057,Horror,1980,False,True
10515,5228752,Adventure,1980,False,False
11471,4469460,Action,1980,False,False
48609,6029824,Comedy,1980,True,True
235,52287414,Crime,1980,False,True
1857,5849647,Animation,1980,False,False
27995,7137503,Comedy,1980,True,False
11454,8620929,Crime,1980,False,False
24086,7177431,Drama,1980,False,True
9426,60629159,Horror,1980,False,False
2620,15945534,Action,1980,False,True
15762,591366,Horror,1980,False,False
29492,2510433,Action,1980,False,False
16337,8025872,Comedy,1980,True,False
44326,13418091,Thriller,1980,False,False
57204,1300000,Comedy,1980,True,False
58048,2315683,Adventure,1980,False,False
29627,750000,Action,1980,False,False
219998,194300,Family,1980,False,False
34760,442000,Drama,1980,False,True
1890,31853080,Drama,1980,False,True
793,8618766,Crime,1980,False,False
192,77200000,Drama,1980,False,False
38313,3588208,Comedy,1980,True,False
9671,328203506,Adventure,1980,False,True
11416,17218023,Adventure,1980,False,True
67305,1300000,Action,1980,False,False
11038,21458229,Comedy,1980,True,False
33278,8988731,Horror,1980,False,True
10013,41382841,Comedy,1980,True,False
218606,5076,Drama,1980,False,False
42023,2793214,Action,1980,False,False
11873,52293982,Drama,1980,False,False
25438,6797218,Horror,1980,False,False
14510,1261000,Horror,1980,False,False
10857,5274,Animation,1980,False,False
12278,35000000,Comedy,1980,True,False
14924,2826523,Drama,1980,False,False
78489,43971,Action,1980,False,False
11300,8362969,Crime,1980,False,False
18588,5186646,Crime,1980,False,False
67693,120808,Comedy,1980,True,False
5693,28607524,Drama,1980,False,False
10017,3500000,Action,1980,False,False
12715,11949484,Action,1980,False,False
4978,84542002,Drama,1980,False,True
168,133000000,Science Fiction,1980,False,True
36677,1579260,Science Fiction,1980,False,False
11120,14302779,Drama,1980,False,True
10015,42724017,War,1980,False,True
10136,79817939,Action,1980,False,True
8388,39200000,Comedy,1980,True,False
48259,22905522,Comedy,1980,True,False
26789,12303904,Action,1980,False,False
31947,4711220,Fantasy,1980,False,False
10776,38748395,Horror,1980,False,True
792,138530565,Drama,1980,False,False
38343,6025330,Comedy,1980,True,False
108312,1301121,Drama,1980,False,False
31924,25147055,Crime,1980,False,True
52964,8736,Drama,1980,False,False
17994,7369373,Horror,1980,False,False
41090,5715174,Crime,1980,False,False
1056139,100,Mystery,1980,False,False
1055971,100,War,1980,False,False
1056016,100,Drama,1980,False,False
1058301,100,Drama,1980,False,False
1055969,100,War,1980,False,False
1442574,54,Documentary,1980,False,False
1053132,100,Drama,1980,False,False
1056063,100,Drama,1980,False,False
1054389,100,Drama,1980,False,False
198075,1658309,Comedy,1980,True,False
39074,12640385,Drama,1980,False,False
69865,2383769,Adventure,1980,False,False
164086,2000000,Action,1980,False,False
37189,575,Comedy,1980,True,False
70199,2413427,Thriller,1980,False,False
24081,9518342,Comedy,1980,True,False
19345,25205460,Thriller,1980,False,True
370570,71384,Drama,1980,False,False
239869,415,Crime,1980,False,False
44201,1744164,Comedy,1980,True,False
1825,16057580,Action,1980,False,True
10019,42721196,Comedy,1980,True,True
30175,2136381,Comedy,1980,True,False
420397,100,Animation,1980,False,False
4918,12423831,Action,1980,False,False
15143,18553948,Drama,1980,False,True
10072,44800000,Horror,1980,False,False
27551,800000,Adventure,1980,False,False
378,29180280,Comedy,1980,True,True
79615,225358,Drama,1980,False,False
189314,256910,Drama,1980,False,False
635,17186348,Horror,1980,False,False
941,120207127,Adventure,1980,False,True
32227,1749956,Fantasy,1980,False,False
765,10900000,Horror,1980,False,False
490771,13487,Documentary,1980,False,False
73091,760000,War,1980,False,False
918,39321715,Comedy,1980,True,False
597792,105000,Family,1980,False,False
48797,1532797,Mystery,1980,False,False
10587,76800000,Comedy,1980,True,True
111708,312010,Comedy,1980,True,False
10021,110996879,Comedy,1980,True,True
116064,1,Comedy,1980,True,False
50719,154323,Comedy,1980,True,False
73265,989000,Comedy,1980,True,True
42004,77886,Documentary,1980,False,False
18410,18532286,Drama,1980,False,True
6917,13539458,Horror,1980,False,False
96920,215496,Drama,1980,False,False
16288,14000000,Horror,1980,False,False
28368,5262047,War,1980,False,False
36354,1327740,Action,1980,False,False
14464,4215859,Comedy,1980,True,True
48149,183700,Romance,1980,False,False
59066,1155000,Drama,1980,False,False
69040,769119,Drama,1980,False,False
37530,10000000,Fantasy,1980,False,False
12704,14375181,Comedy,1980,True,True
144,3210139,Drama,1980,False,False
96,299965036,Action,1980,False,True
21793,6804312,Animation,1980,False,False
18935,23509382,Comedy,1980,True,False
100269,197791,Action,1980,False,False
4292,200723,Action,1980,False,False
117,76270454,Crime,1980,False,True
8989,49998613,Comedy,1980,True,True
21299,22257624,Action,1980,False,True
32076,18753438,Horror,1980,False,False
26263,6880310,Action,1980,False,False
106,98267558,Science Fiction,1980,False,True
6069,63766510,Comedy,1980,True,True
166461,1702603,Comedy,1980,True,False
13446,1544889,Comedy,1980,True,False
11584,40050884,Comedy,1980,True,True
10023,66673516,Action,1980,False,True
957,38119483,Comedy,1980,True,False
600,46357676,Drama,1980,False,True
708,191185897,Action,1980,False,False
14367,34368475,Comedy,1980,True,False
2614,25893810,Action,1980,False,True
14499,2300000,Adventure,1980,False,False
337307,43479,Music,1980,False,False
220133,150000,Family,1980,False,False
933658,1000,Comedy,1980,True,False
16889,22642033,Comedy,1980,True,True
2608,9868521,Comedy,1980,True,False
109161,2228951,Action,1980,False,False
19209,300859,Adventure,1980,False,True
5548,53424681,Action,1980,False,False
580,51881013,Adventure,1980,False,True
14671,35114428,Comedy,1980,True,True
16620,54215416,Drama,1980,False,True
11411,19300000,Action,1980,False,True
1547,32222567,Horror,1980,False,True
10859,65700000,Action,1980,False,False
39045,3261638,Animation,1980,False,False
10652,13839404,War,1980,False,True
11649,17336370,Action,1980,False,False
26827,7305209,Comedy,1980,True,True
61178,5669831,Action,1980,False,False
133781,41232,Comedy,1980,True,True
11832,4398938,Drama,1980,False,False
316045,1597853,Comedy,1980,True,False
24826,10348437,Comedy,1980,True,True
13509,3769990,Comedy,1980,True,False
12919,31623833,Drama,1980,False,False
22915,3832228,Romance,1980,False,True
10083,35509515,Thriller,1980,False,False
88,214577242,Drama,1980,False,False
26371,2438304,Drama,1980,False,False
14443,1576615,Adventure,1980,False,False
24276,1680358,Drama,1980,False,False
99749,796368,Crime,1980,False,False
10937,3221568,Comedy,1980,True,False
71881,969205,Drama,1980,False,False
26675,1083395,Horror,1980,False,False
9003,14575193,Horror,1980,False,False
33851,1432687,Crime,1980,False,False
1401889,30,Family,1980,False,True
98486,743445,Romance,1980,False,False
25832,1028679,Comedy,1980,True,False
10998,320145693,Drama,1980,False,True
78146,858250,Drama,1980,False,False
171147,117270765,Family,1980,False,False
31645,252430,Drama,1980,False,False
17258,13290368,Romance,1980,False,True
10081,19734940,Action,1980,False,False
44801,873903,Comedy,1980,True,False
47212,1262091,Romance,1980,False,False
2493,30861665,Adventure,1980,False,False
39895,1400000,Comedy,1980,True,False
4639,4278150,Action,1980,False,False
67307,1733017,Drama,1980,False,True
21151,174,Comedy,1980,True,False
53741,119919,Comedy,1980,True,False
78691,406881,Mystery,1980,False,False
55539,21905,Comedy,1980,True,False
36914,34377585,Comedy,1980,True,False
746,43984230,Drama,1980,False,True
31945,5406879,Drama,1980,False,True
11215,26712476,Comedy,1980,True,False
31650,10278549,Drama,1980,False,True
13339,3685862,Comedy,1980,True,True
26719,2585639,Crime,1980,False,False
112518,626724,Drama,1980,False,False
39929,2683519,Horror,1980,False,False
32039,500283,Action,1980,False,False
8852,14182492,Horror,1980,False,True
12623,18782400,Crime,1980,False,False
34379,2877571,Action,1980,False,False
12476,9747988,Horror,1980,False,False
191550,125400,Drama,1980,False,False
42012,108154,Action,1980,False,False
13703,12396383,Drama,1980,False,True
35151,20419446,Fantasy,1980,False,False
12506,25899797,Drama,1980,False,True
27786,562187,Action,1980,False,False
27738,2189047,Drama,1980,False,False
974176,9062,Drama,1980,False,False
15785,14000,Action,1980,False,False
42014,700000,Drama,1980,False,False
3543,3587303,Comedy,1980,True,False
146465,226944,Drama,1980,False,False
865,38122105,Action,1980,False,False
1395398,31000,Action,1980,False,False
28370,1988962,Comedy,1980,True,False
15582,7900000,Comedy,1980,True,False
15658,15151736,Drama,1980,False,False
65501,1083282,Comedy,1980,True,True
17159,50504655,Comedy,1980,True,False
2609,49500000,Comedy,1980,True,True
12154,242780960,Comedy,1980,True,False
770484,3060331,Action,1980,False,False
28448,257043,Drama,1980,False,True
48309,354704,Crime,1980,False,False
10110,66700000,Drama,1980,False,True
10673,43848069,Crime,1980,False,True
505957,7267,Crime,1980,False,False
11896,57915972,Comedy,1980,True,False
12626,67330500,Comedy,1980,True,True
2039,80640528,Comedy,1980,True,False
10780,26713187,Comedy,1980,True,False
40962,7300000,Drama,1980,False,False
11548,65088797,Science Fiction,1980,False,True
24828,4600000,Action,1980,False,True
801,123922370,Comedy,1980,True,False
374198,15037,Family,1980,False,False
1461142,200,Comedy,1980,True,False
1058324,100,Crime,1980,False,False
1060308,100,Crime,1980,False,False
1057462,100,Crime,1980,False,False
1057466,100,History,1980,False,False
394674,1217,Family,1980,False,False
1056132,100,Crime,1980,False,False
1277146,2,Drama,1980,False,False
26355,17514553,Comedy,1980,True,False
24929,9205924,Horror,1980,False,False
315476,479650,Comedy,1980,True,False
62327,316000,Drama,1980,False,False
27352,6193901,Action,1980,False,False
86231,124880,Drama,1980,False,False
11503,19595031,Horror,1980,False,True
12714,16000000,Comedy,1980,True,True
10644,10006806,Drama,1980,False,True
17126,8253123,Comedy,1980,True,True
9717,29300000,Action,1980,False,False
10117,20256975,Action,1980,False,False
11967,44726644,Western,1980,False,False
10675,17637950,Thriller,1980,False,True
26603,13664060,Comedy,1980,True,True
11054,6671108,Comedy,1980,True,False
140394,466369,Mystery,1980,False,False
11690,65000000,Action,1980,False,False
35327,5839164,Action,1980,False,False
75889,459824,Drama,1980,False,False
32033,40397,Horror,1980,False,True
92383,169785,Comedy,1980,True,False
26798,9129999,Comedy,1980,True,False
29154,13994920,Drama,1980,False,True
38617,7242035,Action,1980,False,True
195748,84,Drama,1980,False,False
11825,19510371,Comedy,1980,True,True
9748,12706478,Mystery,1980,False,False
13965,10743000,Drama,1980,False,True
19382,51684798,Comedy,1980,True,True
4203,7179298,Comedy,1980,True,False
1507887,10,Action,1980,False,False
4011,74714298,Fantasy,1980,False,True
11082,18875011,Horror,1980,False,False
17170,16118077,Drama,1980,False,False
403934,145134,Comedy,1980,True,False
18086,2983784,Horror,1980,False,False
38965,2567099,Fantasy,1980,False,False
9395,18869631,Action,1980,False,True
59797,9797098,Horror,1980,False,True
55728,289323,Comedy,1980,True,True
10126,46616067,Action,1980,False,False
4281,960040,Thriller,1980,False,False
186379,125,Comedy,1980,True,False
12477,516962,Animation,1980,False,False
8392,41000000,Fantasy,1980,False,False
1500116,12,Drama,1980,False,False
87533,807947,Action,1980,False,False
86680,6337299,Horror,1980,False,False
51321,1893139,Drama,1980,False,True
34604,12277096,Comedy,1980,True,True
38560,4594452,Crime,1980,False,False
16079,970000,Horror,1980,False,False
5241,1547397,Drama,1980,False,False
10127,3813293,Comedy,1980,True,False
24348,589244,Documentary,1980,False,False
276478,101807,Drama,1980,False,False
25497,1791328,Thriller,1980,False,False
12582,8539181,Comedy,1980,True,False
40095,3588626,Action,1980,False,False
70842,331469,Drama,1980,False,False
379252,532109,Comedy,1980,True,False
1320015,18,Horror,1980,False,False
14240,671382,Action,1980,False,False
48719,259019,Comedy,1980,True,False
45774,1328001,Mystery,1980,False,False
10281,19170001,Horror,1980,False,False
41974,429028,Drama,1980,False,False
42347,191051,Action,1980,False,False
24739,1145404,Romance,1980,False,False
9396,239606210,Adventure,1980,False,True
40028,107352,Horror,1980,False,False
847,57269863,Action,1980,False,False
1370,189015611,Action,1980,False,False
312767,85000,Comedy,1980,True,False
16296,43625095,Comedy,1980,True,False
11051,8373585,Drama,1980,False,True
24679,2000000,Drama,1980,False,True
14170,25537221,Comedy,1980,True,True
2280,151927281,Fantasy,1980,False,True
26515,4385516,Fantasy,1980,False,False
10306,14144000,Horror,1980,False,False
11851,20324096,Action,1980,False,True
93457,695822,Drama,1980,False,False
287,50888000,Comedy,1980,True,False
2617,43455230,Comedy,1980,True,True
29095,808114,Horror,1980,False,False
9604,34994648,Action,1980,False,False
856,329803958,Fantasy,1980,False,False
46021,1561000,Romance,1980,False,False
9602,288752301,Comedy,1980,True,True
1277096,3,Romance,1980,False,False
11966,21630088,Comedy,1980,True,False
19051,3569939,Fantasy,1980,False,True
1051875,100,Crime,1980,False,False
15158,7282851,Action,1980,False,True
26044,14681192,Comedy,1980,True,True
116776,8201600,Action,1980,False,False
38909,8892589,Music,1980,False,False
10651,37903295,Action,1980,False,True
156170,1392974,Music,1980,False,False
623,62493712,Comedy,1980,True,False
562,140767956,Action,1980,False,True
149,553171,Animation,1980,False,False
9013,38413606,Crime,1980,False,True
14911,3966256,Action,1980,False,False
30502,15122000,Comedy,1980,True,True
47818,6264058,Drama,1980,False,True
7520,171504781,Romance,1980,False,False
29787,5344577,Thriller,1980,False,False
13927,123967,Animation,1980,False,False
9599,8247943,Horror,1980,False,False
21185,1883811,Romance,1980,False,True
14441,8674093,Drama,1980,False,True
28176,19652638,Drama,1980,False,False
20196,5935269,Family,1980,False,False
27397,16262415,Comedy,1980,True,True
47817,5979011,Drama,1980,False,False
1474022,3,Drama,1980,False,False
10131,49400000,Horror,1980,False,False
2321,21486757,Comedy,1980,True,False
45129,2080046,Crime,1980,False,False
32331,7467504,Drama,1980,False,True
30690,6436211,Comedy,1980,True,True
14285,1209846,Crime,1980,False,False
58434,187349,Drama,1980,False,True
13554,5700000,Drama,1980,False,False
41968,346297,Adventure,1980,False,False
2210,3916303,Comedy,1980,True,False
31083,401421,Comedy,1980,True,False
18197,2835116,Drama,1980,False,False
41965,241278,Drama,1980,False,False
11285,25024919,Comedy,1980,True,True
252407,78814,Comedy,1980,True,True
154270,317,Drama,1980,False,False
50020,188964,Crime,1980,False,False
7091,725131,Comedy,1980,True,False
11347,1189315,Comedy,1980,True,False
50203,3790493,Comedy,1980,True,False
70202,1223326,Drama,1980,False,False
9540,8038508,Thriller,1980,False,True
36778,1938049,Horror,1980,False,False
41969,747013,Drama,1980,False,False
5680,5596267,Horror,1980,False,False
36523,1964253,Animation,1980,False,False
450547,687878,Comedy,1980,True,False
40820,21032267,Comedy,1980,True,True
10128,32155047,Science Fiction,1980,False,True
369775,13064,Drama,1980,False,True
11191,12793213,Comedy,1980,True,False
24924,3109904,Horror,1980,False,False
11357,17800000,Horror,1980,False,False
2383,138241022,Adventure,1980,False,False
25447,343786,Comedy,1980,True,False
25884,3527636,Comedy,1980,True,True
13192,67000000,Fantasy,1980,False,False
35119,6908797,Drama,1980,False,True
34053,12638294,Drama,1980,False,True
104301,4764606,Drama,1980,False,False
10585,44196684,Horror,1980,False,False
17006,13000000,Comedy,1980,True,False
26386,28202109,Comedy,1980,True,False
146197,100000,Action,1980,False,False
11216,11990401,Drama,1980,False,False
12144,84460846,Family,1980,False,False
21362,7399763,Fantasy,1980,False,False
12233,74151346,Animation,1980,False,True
32086,303624,Drama,1980,False,False
95152,426965,Romance,1980,False,False
9647,60328558,Fantasy,1980,False,True
8337,13008928,Science Fiction,1980,False,True
331589,120000,Drama,1980,False,False
37136,78756177,Comedy,1980,True,True
10396,105900000,Crime,1980,False,True
33172,940173,Horror,1980,False,True
59735,136203,Horror,1980,False,False
14506,8083123,Adventure,1980,False,True
11709,3331297,Drama,1980,False,False
1632,34604000,Drama,1980,False,False
9493,216614388,Comedy,1980,True,True
24038,2955917,Horror,1980,False,False
12120,13854000,Comedy,1980,True,True
80640,1296826,Horror,1980,False,False
380,354825435,Drama,1980,False,False
10141,42039085,Crime,1980,False,False
8463,4865997,Comedy,1980,True,False
3525,103173635,Comedy,1980,True,True
10132,3468572,Drama,1980,False,True
15592,57041866,Comedy,1980,True,False
859,34670720,Drama,1980,False,True
94440,784990,Drama,1980,False,False
31052,32632093,Comedy,1980,True,True
9064,12090735,Horror,1980,False,False
12663,4192440,Adventure,1980,False,False
44694,148426,Documentary,1980,False,False
1055508,100,Action,1980,False,False
1053120,100,Action,1980,False,False
1057324,100,Drama,1980,False,False
1058765,100,Drama,1980,False,False
1054722,100,Drama,1980,False,False
1056144,100,Action,1980,False,False
1263475,100000,Animation,1980,False,False
1056091,100,Drama,1980,False,False
274822,200000,Comedy,1980,True,False
47870,1192322,Comedy,1980,True,False
1380,2777280,Crime,1980,False,True
11607,8143225,Action,1980,False,False
29345,858591,Horror,1980,False,False
27607,870532,Comedy,1980,True,False
32079,64227,Crime,1980,False,False
31608,40590000,Comedy,1980,True,False
41938,3560932,Thriller,1980,False,True
2648,2552034,Action,1980,False,False
59201,3416846,Action,1980,False,False
31674,22030000,Comedy,1980,True,True
10344,38903179,Horror,1980,False,True
16560,9114702,Drama,1980,False,False
9942,75000000,Comedy,1980,True,False
11974,49101993,Comedy,1980,True,False
1648,40485039,Adventure,1980,False,False
31004,13239000,Crime,1980,False,False
161732,490000,Comedy,1980,True,False
20713,2420917,War,1980,False,False
32261,8800000,Drama,1980,False,False
15142,5552441,Fantasy,1980,False,False
11895,33200000,Comedy,1980,True,True
3064,16300000,Fantasy,1980,False,False
9686,10763469,Comedy,1980,True,False
14372,15704614,Adventure,1980,False,False
14628,35150960,Comedy,1980,True,True
12521,16554699,Horror,1980,False,True
4925,8125592,Action,1980,False,True
63701,2260616,Drama,1980,False,False
2640,1108462,Comedy,1980,True,False
14550,28890240,Comedy,1980,True,True
40353,151203,Horror,1980,False,False
10161,14743391,Drama,1980,False,False
10134,10166459,Science Fiction,1980,False,False
10493,7825000,Thriller,1980,False,True
47045,12065892,Comedy,1980,True,True
2028,20036737,Romance,1980,False,True
30352,7723506,Action,1980,False,False
106465,753947,Fantasy,1980,False,False
10222,14697005,Action,1980,False,False
8913,57469467,Horror,1980,False,True
12236,3077361,Comedy,1980,True,False
2323,84431625,Drama,1980,False,True
266145,654000,Drama,1980,False,False
25199,27843,Comedy,1980,True,False
17362,3960327,Comedy,1980,True,False
10345,78247647,Action,1980,False,True
38084,1738897,Horror,1980,False,False
41952,9974446,Drama,1980,False,False
14776,418053,Fantasy,1980,False,False
53150,62405000,Horror,1980,False,False
86408,4299023,Romance,1980,False,True
19142,192816,Horror,1980,False,False
11185,46908987,Comedy,1980,True,False
47070,67878,Adventure,1980,False,False
283655,94104,Drama,1980,False,False
27307,1642239,Comedy,1980,True,True
10135,30050028,Action,1980,False,False
89,474171806,Adventure,1980,False,True
20006,12100000,Action,1980,False,True
11342,9094451,Horror,1980,False,False
207,235860116,Drama,1980,False,False
20307,9015164,Action,1980,False,True
39002,16093651,Action,1980,False,False
172,70200000,Science Fiction,1980,False,True
709,156167015,Adventure,1980,False,False
925,37300000,Drama,1980,False,True
25074,34036029,Crime,1980,False,False
2978,215394738,Comedy,1980,True,True
10495,38956288,Action,1980,False,True
894973,33,Animation,1980,False,False
268,411348924,Fantasy,1980,False,True
9354,222724172,Adventure,1980,False,True
27984,11859,Thriller,1980,False,False
11465,13741060,Drama,1980,False,False
8491,30218387,Comedy,1980,True,True
10835,2350174,Action,1980,False,False
942,227853986,Action,1980,False,True
33987,3400000,Comedy,1980,True,False
28609,14000000,Animation,1980,False,False
11959,6157157,Comedy,1980,True,False
639,92823546,Comedy,1980,True,False
12774,1730005,Drama,1980,False,False
10283,14000000,Horror,1980,False,True
6951,71079915,Action,1980,False,False
16859,4493017,Animation,1980,False,False
1552,126297830,Comedy,1980,True,True
9972,22099847,Action,1980,False,False
1412,24741667,Drama,1980,False,False
402611,1369229,Drama,1980,False,False
2756,90000098,Adventure,1980,False,True
10160,22168359,Horror,1980,False,False
2616,79258538,Comedy,1980,True,False
24254,3169719,Comedy,1980,True,False
19124,2692037,Action,1980,False,False
114266,216373,Drama,1980,False,False
135643,15510,Drama,1980,False,False
10142,18671317,Drama,1980,False,True
78151,1089000,Comedy,1980,True,False
15138,793775,Adventure,1980,False,False
1779,6706368,Documentary,1980,False,True
51463,618178,Action,1980,False,False
11828,1932642,Adventure,1980,False,False
5333,670774,Thriller,1980,False,False
11305,1544973,Comedy,1980,True,False
438518,161323,Music,1980,False,False
505,7237794,Crime,1980,False,False
32855,3531971,Drama,1980,False,True
45225,117463,Comedy,1980,True,True
12150,110879513,Crime,1980,False,True
84071,337812,Horror,1980,False,False
59877,700183,Drama,1980,False,False
4105,134212055,Drama,1980,False,True
10705,10176701,War,1980,False,False
29185,20047604,Crime,1980,False,False
39934,4609953,Drama,1980,False,False
9494,296999813,Comedy,1980,True,False
11361,11642254,Horror,1980,False,False
10875,18428904,Comedy,1980,True,True
11562,18254702,Comedy,1980,True,False
7452,7724701,Crime,1980,False,False
31281,25000,Fantasy,1980,False,False
21512,882290,Action,1980,False,False
27418,15942628,Adventure,1980,False,True
17190,11604598,Comedy,1980,True,False
476,4729352,Drama,1980,False,False
21291,19738015,Drama,1980,False,True
1298781,1000,Horror,1980,False,False
20423,770132,History,1980,False,False
30666,1519796,Horror,1980,False,False
72096,43671,Drama,1980,False,True
583848,7220000,Romance,1980,False,False
28774,1919653,Drama,1980,False,False
238751,1700000,Action,1980,False,False
10860,95904091,Comedy,1980,True,False
9085,60864870,Comedy,1980,True,True
10144,211343479,Animation,1980,False,True
37606,1132112,Drama,1980,False,False
11497,27100027,Drama,1980,False,False
165,332000000,Adventure,1980,False,True
463560,225297,Drama,1980,False,False
13928,123967,Animation,1980,False,False
305261,288486,Crime,1980,False,False
5825,71319546,Comedy,1980,True,True
10551,12195695,Crime,1980,False,False
11157,15400000,Comedy,1980,True,False
249,160188546,Comedy,1980,True,True
116014,7754571,Comedy,1980,True,True
403,145793296,Drama,1980,False,True
16269,4762337,Action,1980,False,False
22711,19131000,Drama,1980,False,False
9665,26828365,Drama,1980,False,False
183,14278900,Adventure,1980,False,True
18289,7000000,Action,1980,False,False
159597,1000000,Fantasy,1980,False,False
2604,161001698,Drama,1980,False,True
2263,6263883,Crime,1980,False,False
5203,11060485,Romance,1980,False,False
11352,74134790,Romance,1980,False,True
9618,63408614,Action,1980,False,True
15087,22800000,Documentary,1990,False,False
1057384,100,History,1990,False,False
22585,8533973,Comedy,1990,True,False
25018,55765562,Horror,1990,False,False
60778,2346150,Action,1990,False,True
11060,27734391,Crime,1990,False,True
9362,48572000,Horror,1990,False,True
2469,3125224,Comedy,1990,True,False
19384,9229401,Action,1990,False,False
506672,50000,Comedy,1990,True,False
77301,3073994,Horror,1990,False,False
12719,6488144,Action,1990,False,True
41817,4134992,Comedy,1990,True,False
47329,20240128,Romance,1990,False,False
506974,1500000,Comedy,1990,True,False
29905,1547867,Horror,1990,False,False
36094,5820015,Drama,1990,False,False
24558,5585154,Comedy,1990,True,False
9569,47410000,Action,1990,False,True
1380818,44000,Drama,1990,False,False
20481,8862354,Horror,1990,False,True
401934,1242065,Drama,1990,False,False
14249,15645616,Thriller,1990,False,True
9322,5000000,Action,1990,False,False
89139,855810,Action,1990,False,False
1669,200512643,Action,1990,False,True
51434,1305887,Drama,1990,False,False
39062,715,Comedy,1990,True,True
123770,1531489,Crime,1990,False,False
16094,26386000,Comedy,1990,True,False
2565,39404261,Comedy,1990,True,True
39100,18000000,Action,1990,False,False
41806,2000000,Drama,1990,False,False
117269,4263112,Drama,1990,False,True
9491,8217997,Thriller,1990,False,False
10847,13985225,Adventure,1990,False,False
157887,655989,Action,1990,False,False
114,463406268,Comedy,1990,True,False
11673,5822041,Drama,1990,False,False
581,424208848,Adventure,1990,False,False
24073,11359129,Comedy,1990,True,True
1498,201965915,Science Fiction,1990,False,False
23535,2459895,Science Fiction,1990,False,False
8592,103738726,Adventure,1990,False,False
1051870,100,Drama,1990,False,False
37131,2544504,Thriller,1990,False,True
259702,195914,Comedy,1990,True,False
41374,22424195,Crime,1990,False,False
9768,8266343,Comedy,1990,True,True
14931,9888167,Action,1990,False,False
86763,259486,Drama,1990,False,False
34086,15369573,Comedy,1990,True,False
32043,17037887,Horror,1990,False,True
20701,16324573,Thriller,1990,False,True
21030,1373728,Comedy,1990,True,False
5302,1218730,Comedy,1990,True,False
28761,2319124,Adventure,1990,False,True
27450,85395,Romance,1990,False,False
267215,70298,Drama,1990,False,False
10164,27575086,Comedy,1990,True,False
1727,138700000,Action,1990,False,True
40729,2032973,Horror,1990,False,False
196,244527583,Adventure,1990,False,True
10166,15360553,Fantasy,1990,False,True
861,261317921,Action,1990,False,False
25373,1,Drama,1990,False,False
27274,205068,Comedy,1990,True,False
39101,15000000,Action,1990,False,False
9399,24271196,Action,1990,False,True
11595,153518974,Thriller,1990,False,True
146295,336811,Thriller,1990,False,False
928,41482207,Comedy,1990,True,True
18913,19740070,Comedy,1990,True,False
71308,19000000,Action,1990,False,False
5549,45681173,Action,1990,False,False
2119,157920733,Adventure,1990,False,True
10485,24707633,Comedy,1990,True,True
1573,240031094,Action,1990,False,True
9548,20423389,Action,1990,False,True
10729,15260154,Comedy,1990,True,True
251,505000000,Fantasy,1990,False,True
303501,435191,Horror,1990,False,False
6488,53208180,Comedy,1990,True,False
427910,25069101,Action,1990,False,False
11092,221303188,Mystery,1990,False,True
11077,72000000,Comedy,1990,True,True
9086,59000000,Western,1990,False,True
15389,2900000,Comedy,1990,True,False
10837,18115724,Adventure,1990,False,False
41823,16153593,Drama,1990,False,True
18129,13446769,Crime,1990,False,False
32669,10005969,Crime,1990,False,True
1551,61489265,Drama,1990,False,True
11856,57700000,Action,1990,False,False
6393,20000000,Comedy,1990,True,False
483,14560247,Crime,1990,False,False
11587,39024251,Horror,1990,False,False
8428,11500000,Music,1990,False,False
19086,6698361,Action,1990,False,False
10169,16247964,Comedy,1990,True,False
9556,48878502,Action,1990,False,True
322115,22217139,War,1990,False,False
21168,17042,Drama,1990,False,False
54833,59227,Drama,1990,False,False
34564,458996,Comedy,1990,True,False
27767,1242995,Horror,1990,False,False
449212,103536,Drama,1990,False,False
769,46835000,Drama,1990,False,False
11309,5728953,Science Fiction,1990,False,False
22414,39071603,Comedy,1990,True,True
17466,16853487,Action,1990,False,False
11510,1382462,Comedy,1990,True,False
31651,1494399,Drama,1990,False,False
31597,10900000,Action,1990,False,False
379,5080409,Drama,1990,False,True
39140,8141292,Comedy,1990,True,True
2990,55000000,Thriller,1990,False,True
17993,11567449,Romance,1990,False,True
71805,15024232,Adventure,1990,False,True
10173,46044400,Action,1990,False,True
31676,2742912,Mystery,1990,False,False
41326,269823,Documentary,1990,False,False
46977,1624278,Drama,1990,False,False
31923,3989297,Comedy,1990,True,True
2612,15379253,Fantasy,1990,False,False
14864,1293976,Romance,1990,False,False
41003,17487531,Drama,1990,False,True
38718,15445131,Drama,1990,False,False
19185,5835247,Horror,1990,False,True
34636,16283667,Drama,1990,False,True
24016,2075084,Adventure,1990,False,False
170805,91285865,Comedy,1990,True,False
19158,11582891,Horror,1990,False,True
41925,1244381,Thriller,1990,False,False
275477,4212828,Drama,1990,False,False
3072,334748,Horror,1990,False,True
2291,26118851,Drama,1990,False,False
76516,485772,Comedy,1990,True,False
11186,35763605,Horror,1990,False,True
211478,20000,Music,1990,False,False
36843,1500000,Comedy,1990,True,False
11135,47431461,Animation,1990,False,True
1375,119946358,Drama,1990,False,False
771,476684675,Comedy,1990,True,True
47869,1232210,Drama,1990,False,False
169,57120318,Science Fiction,1990,False,True
1700,61276872,Drama,1990,False,False
11005,52096475,Drama,1990,False,False
162,53000000,Fantasy,1990,False,True
6723,21633874,Action,1990,False,True
22189,9243140,Drama,1990,False,True
4587,35419397,Comedy,1990,True,False
9356,47789074,Romance,1990,False,False
18311,3255404,Crime,1990,False,False
10264,20710451,Drama,1990,False,True
25943,6939946,Comedy,1990,True,True
10170,22997992,Drama,1990,False,False
9586,15691192,Comedy,1990,True,True
951,201957688,Comedy,1990,True,True
12157,29888235,Comedy,1990,True,False
53703,6137054,Comedy,1990,True,False
242,136766062,Crime,1990,False,True
1053134,100,Drama,1990,False,False
437113,500000,Horror,1990,False,False
1054354,100,Mystery,1990,False,False
1051937,100,Drama,1990,False,False
1056012,100,Drama,1990,False,False
1054391,100,Crime,1990,False,False
9585,14789113,Drama,1990,False,False
8010,15556340,Fantasy,1990,False,False
7442,174999005,Drama,1990,False,True
96171,139155,Drama,1990,False,True
12227,34793160,Action,1990,False,True
45096,5451119,Science Fiction,1990,False,False
18886,14587732,Action,1990,False,True
24993,1250712,Action,1990,False,False
38251,4532791,Comedy,1990,True,False
1089,83531958,Action,1990,False,False
39875,4205000,Comedy,1990,True,False
49792,612781,Comedy,1990,True,False
48129,4409328,Action,1990,False,False
468,6401336,Drama,1990,False,False
47423,4303351,Action,1990,False,False
274,272742922,Crime,1990,False,False
11933,8479793,Comedy,1990,True,True
10804,52487045,Comedy,1990,True,True
17956,9804775,Comedy,1990,True,True
47762,9563393,Comedy,1990,True,False
10537,34416893,Music,1990,False,False
58648,259012,Drama,1990,False,True
10952,47624253,Thriller,1990,False,True
11384,65595485,Action,1990,False,True
880049,86,Animation,1990,False,False
31225,3779620,Documentary,1990,False,False
22423,9480198,Drama,1990,False,True
13571,418807,Drama,1990,False,True
34421,14061361,Action,1990,False,True
22434,7788597,Action,1990,False,True
39102,16400000,Action,1990,False,False
21828,2415396,Drama,1990,False,False
1497,78656813,Science Fiction,1990,False,False
41793,2368000,Drama,1990,False,False
135473,184890,Drama,1990,False,False
16270,11336986,Romance,1990,False,False
2528,1942423,Romance,1990,False,False
47620,609524,Drama,1990,False,False
31633,12454768,Action,1990,False,False
46972,271327,Comedy,1990,True,False
879,300855000,Adventure,1990,False,False
299572,151098,Drama,1990,False,False
14362,39673161,Action,1990,False,True
892,1794187,Comedy,1990,True,False
10379,13878334,Comedy,1990,True,False
30815,18800000,Mystery,1990,False,True
10750,15073942,Action,1990,False,False
31696,15429177,Mystery,1990,False,True
11890,23562716,Comedy,1990,True,False
31544,4654288,Action,1990,False,False
41780,10400000,Crime,1990,False,False
10261,15545943,Fantasy,1990,False,False
52774,382510,Comedy,1990,True,False
1600,1999955,Drama,1990,False,False
41789,149200,Drama,1990,False,False
56321,1228153,Drama,1990,False,False
34376,3752426,Fantasy,1990,False,True
21338,9000000,Action,1990,False,False
10276,63710000,Comedy,1990,True,False
9292,17218080,Action,1990,False,False
2924,152368585,Crime,1990,False,True
1541,45361000,Drama,1990,False,False
2611,25092802,Comedy,1990,True,True
44192,64532,Science Fiction,1990,False,False
22828,2900000,Drama,1990,False,False
25562,36489888,Comedy,1990,True,True
66634,300000,Drama,1990,False,False
399186,1552,Action,1990,False,False
1406,179033791,Comedy,1990,True,False
15413,25196249,Comedy,1990,True,False
1713,32482682,Drama,1990,False,True
27549,869325,Action,1990,False,False
8367,390493908,Action,1990,False,True
9079,82264675,Drama,1990,False,True
20712,1008404,Drama,1990,False,False
59058,295444,Comedy,1990,True,False
10249,46704056,Action,1990,False,True
47090,3331,Horror,1990,False,False
24331,14225876,Horror,1990,False,False
37137,86930411,Comedy,1990,True,True
28597,32704700,Comedy,1990,True,True
280,520000000,Action,1990,False,False
14022,1228108,Comedy,1990,True,False
173109,311088,Comedy,1990,True,False
11364,43001500,Romance,1990,False,True
650,57504069,Crime,1990,False,True
47647,3500000,Action,1990,False,False
25330,4603929,Comedy,1990,True,True
24752,16331742,Action,1990,False,False
15080,473110,Animation,1990,False,False
26142,38120905,Drama,1990,False,False
21219,20246790,Action,1990,False,True
9595,181096164,Action,1990,False,True
9594,30102717,Thriller,1990,False,True
290,6153939,Comedy,1990,True,True
11821,54830779,Comedy,1990,True,True
20421,11657385,Comedy,1990,True,False
13888,2807854,Adventure,1990,False,True
16790,8667684,Action,1990,False,False
19065,24941969,Comedy,1990,True,True
28117,5546827,Fantasy,1990,False,False
31785,53502,Drama,1990,False,False
115516,260695,Crime,1990,False,False
11663,14919570,Comedy,1990,True,False
14904,2155000,Drama,1990,False,False
10617,3826459,Action,1990,False,False
53027,6166819,Comedy,1990,True,False
83985,978000,Comedy,1990,True,False
280363,204000,Science Fiction,1990,False,False
15466,138,Music,1990,False,False
268228,47906,Animation,1990,False,False
13154,2275557,Action,1990,False,False
11498,38016380,Thriller,1990,False,False
56385,4693236,Comedy,1990,True,False
2453,7434726,Action,1990,False,False
26291,115103,Comedy,1990,True,False
5048,1750301,Fantasy,1990,False,False
11187,20560255,Horror,1990,False,True
43654,706131,History,1990,False,False
11284,34900000,Horror,1990,False,False
11521,25010896,Drama,1990,False,False
32074,1501785,Action,1990,False,False
93002,30964,Romance,1990,False,False
32221,6266621,Drama,1990,False,False
31922,1182273,Action,1990,False,False
32083,2059832,Comedy,1990,True,False
65943,12876,Drama,1990,False,False
230826,1077443,Comedy,1990,True,False
14667,397631,Comedy,1990,True,True
134474,700000,Drama,1990,False,False
41791,7310000,Drama,1990,False,False
68430,18634643,Drama,1990,False,False
25598,191125,Drama,1990,False,False
177,41895491,Comedy,1990,True,False
123930,442676,Comedy,1990,True,False
26850,221295,Crime,1990,False,True
17474,2853801,Drama,1990,False,False
1358,2279692,Documentary,1990,False,False
190780,256521,Drama,1990,False,False
64167,635064,Drama,1990,False,False
11504,8000000,Action,1990,False,False
25674,3547684,Drama,1990,False,True
1411,1277401,Mystery,1990,False,False
53287,11000863,Comedy,1990,True,False
41784,8211952,Adventure,1990,False,False
9546,21760000,Crime,1990,False,False
737112,29920,Drama,1990,False,False
24734,3106559,Thriller,1990,False,False
3784,22773535,Drama,1990,False,True
2071,11511031,Mystery,1990,False,False
1496,1193062,Romance,1990,False,True
10020,424967620,Romance,1990,False,True
8222,1710057,Comedy,1990,True,False
11894,33691313,Comedy,1990,True,True
20096,9689816,Fantasy,1990,False,True
4734,138000,Drama,1990,False,False
5233,573904,Drama,1990,False,False
13122,31347154,Horror,1990,False,True
12647,15565363,Crime,1990,False,False
26561,13200170,Romance,1990,False,False
13644,14812000,Family,1990,False,True
45147,7683267,Comedy,1990,True,False
1598,182300000,Thriller,1990,False,True
77664,402539,Family,1990,False,False
117825,1000348,Comedy,1990,True,True
50185,31815,Thriller,1990,False,False
16191,26055,Fantasy,1990,False,False
10380,40766041,Adventure,1990,False,True
25221,23202444,Drama,1990,False,True
53896,135893,Drama,1990,False,False
2907,191502426,Comedy,1990,True,True
4032,59490000,Comedy,1990,True,True
4539,1318449,Documentary,1990,False,False
456617,80000,Crime,1990,False,False
45491,396003,Drama,1990,False,False
19200,2735731,Comedy,1990,True,False
174,96900000,Science Fiction,1990,False,True
51515,1345903,Drama,1990,False,True
25296,152322,Comedy,1990,True,False
10337,49114016,Crime,1990,False,False
339,2015810,Comedy,1990,True,False
9319,59509925,Action,1990,False,True
36679,11000000,Action,1990,False,False
820,205405498,Drama,1990,False,True
77680,3370574,Comedy,1990,True,False
11846,89325780,Comedy,1990,True,False
13697,40991329,Drama,1990,False,True
10333,74787599,Drama,1990,False,True
2742,2641357,Crime,1990,False,False
1633,119418501,Drama,1990,False,True
1053125,100,Drama,1990,False,False
1057317,100,Mystery,1990,False,False
1054735,100,Drama,1990,False,False
1056000,100,Drama,1990,False,False
1056121,100,Crime,1990,False,False
1054727,100,Drama,1990,False,False
55798,35154,Action,1990,False,False
15802,795312,Drama,1990,False,False
22792,904,Comedy,1990,True,False
11087,88036683,Drama,1990,False,False
5765,923418,Mystery,1990,False,False
18764,8332431,Comedy,1990,True,False
9278,17129026,Science Fiction,1990,False,True
16136,20146880,Crime,1990,False,True
10995,5013090,Drama,1990,False,False
73498,1445599,Comedy,1990,True,False
39479,2387928,Romance,1990,False,False
25748,6980986,Horror,1990,False,False
10241,213687,Comedy,1990,True,False
266525,259,Drama,1990,False,False
31962,43838238,Drama,1990,False,True
9096,45500797,Adventure,1990,False,False
4823,28590665,Drama,1990,False,True
8872,183097323,Comedy,1990,True,True
20763,4651977,Drama,1990,False,True
9876,70611210,Action,1990,False,True
40082,6742168,Drama,1990,False,True
2687,14358033,Science Fiction,1990,False,True
10163,32100816,Science Fiction,1990,False,False
105825,1201428,Horror,1990,False,False
27465,3520427,Crime,1990,False,False
224258,215500,Drama,1990,False,False
16219,900000,Action,1990,False,True
34151,3000000,Comedy,1990,True,False
39103,19581369,Action,1990,False,False
8293,26126837,Drama,1990,False,False
25269,6375979,Drama,1990,False,False
10377,64088552,Comedy,1990,True,True
402,352927224,Thriller,1990,False,False
26670,2280148,Comedy,1990,True,False
13823,2827107,Drama,1990,False,False
10158,90753806,Comedy,1990,True,True
40841,157645,Action,1990,False,False
70709,919286,Drama,1990,False,False
16562,25105517,Romance,1990,False,False
123348,900000,Drama,1990,False,False
11806,147214049,Family,1990,False,True
10403,21706101,Mystery,1990,False,False
53165,4086980,Comedy,1990,True,False
11428,30524763,Horror,1990,False,True
15300,2706352,Family,1990,False,True
13225,32710894,Family,1990,False,False
899156,2550,Animation,1990,False,False
47821,14683921,Drama,1990,False,False
10618,30399676,Action,1990,False,False
18183,21744201,Drama,1990,False,False
61225,17530973,Drama,1990,False,True
32450,918239,Comedy,1990,True,True
394206,1,Comedy,1990,True,False
19380,9011574,Crime,1990,False,True
18495,6132924,Comedy,1990,True,True
13006,5430822,Action,1990,False,False
553391,60705,Drama,1990,False,False
21128,1543112,Crime,1990,False,False
70423,3052738,Crime,1990,False,False
9264,1829804,Thriller,1990,False,False
96581,1656369,Comedy,1990,True,False
943,321731527,Adventure,1990,False,True
45459,25984,Drama,1990,False,False
11259,137783840,Adventure,1990,False,True
10406,40693477,Comedy,1990,True,False
8077,159773545,Science Fiction,1990,False,True
20811,8096542,Action,1990,False,False
2005,231605150,Music,1990,False,False
1923,4184990,Drama,1990,False,False
9869,178051587,Drama,1990,False,True
10407,94,Comedy,1990,True,True
364,280000000,Action,1990,False,True
45001,12000000,Action,1990,False,False
77429,264432,Comedy,1990,True,False
17494,57138719,Crime,1990,False,False
11066,70100000,Comedy,1990,True,True
877220,92080,Animation,1990,False,False
11287,132440069,Comedy,1990,True,True
11134,20483423,Action,1990,False,False
2613,22697691,Drama,1990,False,True
47866,1345236,Drama,1990,False,False
14239,14110589,Animation,1990,False,True
39104,18554927,Action,1990,False,False
11158,58662452,Adventure,1990,False,True
41670,2960000,Crime,1990,False,False
10206,16624456,Action,1990,False,True
12251,40227006,Action,1990,False,True
71825,1102469,Comedy,1990,True,False
9374,149022650,Comedy,1990,True,True
36616,8442162,Animation,1990,False,True
33,159157447,Western,1990,False,True
16314,29000301,Family,1990,False,False
13937,37170057,Thriller,1990,False,True
763,242623,Horror,1990,False,False
19143,4836637,Comedy,1990,True,False
33247,692585,Comedy,1990,True,False
9605,48017402,Thriller,1990,False,True
110395,1119368,Adventure,1990,False,False
23939,10736401,Comedy,1990,True,True
41682,8251071,History,1990,False,True
10409,33946224,Comedy,1990,True,False
10086,205569,Comedy,1990,True,False
13153,14356479,Action,1990,False,True
47898,3721911,Comedy,1990,True,False
48995,3142763,Thriller,1990,False,False
9361,75505856,Action,1990,False,True
135890,422503,Drama,1990,False,False
12518,35208854,Comedy,1990,True,False
10906,17092453,Horror,1990,False,True
498464,1000000,Animation,1990,False,True
11386,62548947,Crime,1990,False,False
10497,1862805,Thriller,1990,False,True
14840,345000,Drama,1990,False,False
500,2859750,Crime,1990,False,False
48150,1666511,Drama,1990,False,False
9367,2040920,Action,1990,False,True
10608,4479470,Comedy,1990,True,True
114726,1659542,Comedy,1990,True,True
1397107,22000,Drama,1990,False,False
2322,105232691,Comedy,1990,True,True
39967,5400000,Drama,1990,False,False
24065,114516,Drama,1990,False,False
11569,12534961,Horror,1990,False,False
28881,5519569,Action,1990,False,False
9504,10725228,Crime,1990,False,False
9609,5471088,Drama,1990,False,False
11068,18472850,Comedy,1990,True,True
14361,22518097,Adventure,1990,False,False
14684,14715067,Drama,1990,False,True
53049,799674,Drama,1990,False,False
54087,13300000,Comedy,1990,True,False
108364,2148059,Horror,1990,False,False
12088,6739141,Action,1990,False,False
18722,20000000,Comedy,1990,True,True
1051434,100,Drama,1990,False,False
1051437,100,Drama,1990,False,False
10414,50752337,Comedy,1990,True,False
8845,156563139,Action,1990,False,True
1492,7191399,Action,1990,False,True
180162,52285,Comedy,1990,True,False
293,43440294,Drama,1990,False,True
41655,49472,Drama,1990,False,False
37753,21591728,Thriller,1990,False,False
9529,25792310,Drama,1990,False,False
37527,8403433,Horror,1990,False,False
19027,1000000,Music,1990,False,False
439486,644892,Drama,1990,False,False
766,21502976,Fantasy,1990,False,True
1355435,260000,Drama,1990,False,False
10424,11390479,Crime,1990,False,True
94005,135004,Thriller,1990,False,False
75503,1143386,Comedy,1990,True,False
10538,44065653,Action,1990,False,True
26255,754935,Comedy,1990,True,True
103299,3206713,Drama,1990,False,False
6114,215862692,Romance,1990,False,True
278786,86,Drama,1990,False,False
1883,48169908,Drama,1990,False,True
772,358994850,Comedy,1990,True,True
12143,2019469,Crime,1990,False,False
812,504050219,Animation,1990,False,True
619,411006740,Thriller,1990,False,True
11012,7532911,Drama,1990,False,False
10411,83000000,Comedy,1990,True,False
32119,204540,Drama,1990,False,False
10437,27281507,Music,1990,False,True
360734,481231,Drama,1990,False,False
41768,4814619,Drama,1990,False,False
9300,5377643,Drama,1990,False,False
881,243240178,Drama,1990,False,False
39465,20000000,Action,1990,False,False
10326,127956187,Adventure,1990,False,True
22590,17180393,Action,1990,False,False
10435,9493259,Drama,1990,False,False
12772,23369283,Comedy,1990,True,True
11597,23278931,Family,1990,False,True
9475,134095253,Drama,1990,False,True
22004,13249535,Action,1990,False,True
141166,11000000,Romance,1990,False,False
24230,2001124,Science Fiction,1990,False,False
2007,7286388,Drama,1990,False,True
40508,413479,Family,1990,False,False
10997,5750000,Drama,1990,False,False
728738,100,War,1990,False,False
1056462,100,Crime,1990,False,False
910854,1015,Animation,1990,False,False
1056148,100,Drama,1990,False,False
11811,8556940,Horror,1990,False,False
66657,3865984,Comedy,1990,True,False
7305,36733909,Adventure,1990,False,True
10413,64000000,Action,1990,False,True
2149,38000000,Drama,1990,False,False
11101,152972,Drama,1990,False,False
75686,2786807,Comedy,1990,True,True
16370,8041049,Adventure,1990,False,False
25389,9532895,Comedy,1990,True,True
9545,18994652,Action,1990,False,False
25466,1089975,Action,1990,False,False
1644,14543394,Thriller,1990,False,True
1049,140081992,Drama,1990,False,False
9702,4496583,Crime,1990,False,False
137,71074049,Romance,1990,False,True
10619,27540561,Action,1990,False,False
26333,18899204,Comedy,1990,True,False
14832,322975,Drama,1990,False,False
37094,40903593,Crime,1990,False,True
9261,6933459,Comedy,1990,True,False
17653,3956913,Adventure,1990,False,False
10433,11081586,Comedy,1990,True,True
31000,9745803,Action,1990,False,False
32049,6500000,Action,1990,False,True
10419,5632086,Music,1990,False,False
161822,14800000,Adventure,1990,False,False
34433,21658982,Animation,1990,False,False
24736,12890752,Drama,1990,False,True
15613,19885552,Science Fiction,1990,False,True
94236,841015,Action,1990,False,False
15278,17953778,Music,1990,False,True
1499,42273609,Action,1990,False,False
10498,30038362,Action,1990,False,True
178923,10000,Drama,1990,False,False
18215,1796389,Drama,1990,False,False
44968,17952857,Comedy,1990,True,False
38749,5145823,Drama,1990,False,True
221463,6595025,Action,1990,False,False
19371,4300000,Family,1990,False,False
33408,13609396,Drama,1990,False,True
34723,24103594,Adventure,1990,False,True
20339,3200000,Comedy,1990,True,True
12574,40700000,Action,1990,False,True
11528,34348444,Family,1990,False,True
4478,266614059,Romance,1990,False,True
44664,20,Comedy,1990,True,False
47676,764083,Drama,1990,False,False
8092,4104962,Drama,1990,False,True
4104,23202734,Comedy,1990,True,False
22213,10058318,Drama,1990,False,True
187922,2708999,Action,1990,False,False
79871,1575158,Comedy,1990,True,False
160200,230,Documentary,1990,False,False
10349,10611160,Mystery,1990,False,False
2019,74189677,Action,1990,False,True
41661,1884814,Romance,1990,False,False
5187,5495507,Comedy,1990,True,False
24126,3902679,Fantasy,1990,False,False
10440,11285588,Comedy,1990,True,False
10423,63513743,Drama,1990,False,True
11971,22551000,Drama,1990,False,False
11566,92000000,Comedy,1990,True,True
24227,1200000,Action,1990,False,False
134629,782897,Comedy,1990,True,False
10427,2500000,Crime,1990,False,True
713,40185556,Drama,1990,False,False
124304,249530,Romance,1990,False,False
867,116300000,Drama,1990,False,True
9255,133752825,Action,1990,False,True
39283,1753979,Horror,1990,False,False
24231,3411885,Action,1990,False,False
9516,27900000,Drama,1990,False,False
5550,10696210,Action,1990,False,False
68351,2691899,Drama,1990,False,False
9607,20915465,Adventure,1990,False,False
129794,204221,Comedy,1990,True,False
9350,255000211,Action,1990,False,False
353636,94680,Horror,1990,False,False
417751,9424634,Drama,1990,False,False
4916,22886222,Drama,1990,False,False
42580,12440858,Comedy,1990,True,False
4722,428868,Horror,1990,False,True
15765,39100000,Drama,1990,False,False
52316,12000000,Action,1990,False,False
329,920100000,Adventure,1990,False,True
69703,119267,Thriller,1990,False,False
33539,6582052,Animation,1990,False,False
9593,137300000,Adventure,1990,False,True
131903,1000,Comedy,1990,True,False
12139,117270765,Family,1990,False,False
10909,2395231,Thriller,1990,False,False
18857,194720,Action,1990,False,False
858,227799884,Comedy,1990,True,False
37233,270248367,Drama,1990,False,True
13203,36448200,Comedy,1990,True,False
170991,1400000,Drama,1990,False,False
1087108,1048,Adventure,1990,False,False
21845,56500758,Family,1990,False,True
9386,176997168,Action,1990,False,True
8494,12741891,Comedy,1990,True,False
39105,20100000,Action,1990,False,False
892739,15107,Animation,1990,False,False
67097,100,Action,1990,False,False
10439,45395069,Fantasy,1990,False,True
1634,153698625,Family,1990,False,True
9409,30000000,Comedy,1990,True,False
9612,21274717,Comedy,1990,True,True
8291,27515786,Drama,1990,False,True
40251,168180,Mystery,1990,False,False
8005,35739755,Comedy,1990,True,True
66530,2200000,Action,1990,False,False
10442,11585483,Comedy,1990,True,False
17811,2967668,Action,1990,False,False
7007,107198790,Action,1990,False,True
11244,8016708,Fantasy,1990,False,False
5503,368875760,Action,1990,False,True
31503,3335984,Comedy,1990,True,False
23470,4916135,Action,1990,False,False
10285,15938065,Horror,1990,False,False
14291,7266383,Drama,1990,False,True
12187,16589540,Fantasy,1990,False,True
94794,1718328,Documentary,1990,False,False
34024,1214231,Drama,1990,False,False
71940,543091,Romance,1990,False,False
55950,84859,Fantasy,1990,False,False
10502,24760338,Drama,1990,False,True
115764,415529,Comedy,1990,True,False
65137,3418141,Action,1990,False,False
46828,2438031,Comedy,1990,True,False
15797,3283371,Action,1990,False,True
10657,15185672,Drama,1990,False,False
27804,1029721,Drama,1990,False,True
10434,810455,Drama,1990,False,False
12780,14681661,Action,1990,False,False
117553,2570145,Comedy,1990,True,True
695,6110979,Drama,1990,False,False
19931,32861136,Drama,1990,False,False
319,12600000,Action,1990,False,True
1413,1499795,Romance,1990,False,True
55448,1044824,Drama,1990,False,False
2047,6484246,Action,1990,False,True
70302,93623,Drama,1990,False,False
12661,12416686,Comedy,1990,True,False
10436,32255440,Drama,1990,False,True
187782,19183,Horror,1990,False,False
17796,29296,Comedy,1990,True,False
41647,449707,Documentary,1990,False,False
2088,3275585,Crime,1990,False,False
1607,17287898,Drama,1990,False,False
87078,102780,Drama,1990,False,False
16327,213588,Comedy,1990,True,False
9944,195268056,Thriller,1990,False,True
14534,22750363,Drama,1990,False,False
26672,669276,Adventure,1990,False,False
18133,23042200,Drama,1990,False,False
9272,60613008,Thriller,1990,False,True
9571,7993039,Comedy,1990,True,False
41653,308368,Drama,1990,False,False
70912,667,Drama,1990,False,False
193028,779064,Drama,1990,False,False
2246,46405336,Thriller,1990,False,True
58311,5229134,Action,1990,False,False
507,418961,Action,1990,False,False
9024,11146270,Comedy,1990,True,True
864,154856263,Comedy,1990,True,True
28260,54207,Horror,1990,False,False
26203,16668552,Crime,1990,False,False
33927,18369,Crime,1990,False,False
10655,12700000,Drama,1990,False,False
47889,1001437,Drama,1990,False,False
9739,58055768,Crime,1990,False,True
9479,75634409,Fantasy,1990,False,True
49299,1261210,Drama,1990,False,False
31911,3125424,Comedy,1990,True,True
364149,200000,Comedy,1990,True,False
6,12136938,Action,1990,False,False
10443,6995302,Drama,1990,False,True
2259,6265311,Romance,1990,False,False
26408,901668,Documentary,1990,False,False
1245,23237911,Drama,1990,False,True
115470,498604,Drama,1990,False,False
18551,9709451,Thriller,1990,False,True
11982,10340263,Romance,1990,False,False
78133,1703282,Comedy,1990,True,False
6075,63848322,Crime,1990,False,True
10057,53898845,Action,1990,False,True
41659,27484464,Drama,1990,False,True
35610,2970,Science Fiction,1990,False,False
11143,652527,Action,1990,False,False
41759,12974636,Horror,1990,False,False
2758,48919043,Comedy,1990,True,True
9559,135130999,Drama,1990,False,True
48706,1528163,Adventure,1990,False,False
788,441286195,Comedy,1990,True,True
73191,2119994,Fantasy,1990,False,False
18890,9317021,Animation,1990,False,True
12527,2087569,Comedy,1990,True,False
1689,4858139,Drama,1990,False,False
37100,12307555,Animation,1990,False,False
23210,6284090,Mystery,1990,False,False
6279,57319029,Music,1990,False,False
8873,48198019,Comedy,1990,True,True
35588,18635620,Western,1990,False,True
6593,18000000,Science Fiction,1990,False,False
7984,65796862,Drama,1990,False,True
10438,118243066,Family,1990,False,True
424,321365567,Drama,1990,False,False
1587,10032765,Romance,1990,False,True
40509,278720,Drama,1990,False,True
41651,5086909,Science Fiction,1990,False,True
9800,206678440,Drama,1990,False,False
31642,5864949,History,1990,False,True
10445,25842000,Drama,1990,False,False
11969,56505065,Western,1990,False,False
11520,70200000,Comedy,1990,True,True
14919,5617391,Action,1990,False,False
261246,7271,Romance,1990,False,False
1519558,50,Documentary,1990,False,False
1041697,100,Action,1990,False,False
1054397,100,Thriller,1990,False,False
1056156,100,Crime,1990,False,False
1054425,100,Drama,1990,False,False
289179,100000,Animation,1990,False,False
1060305,100,Drama,1990,False,False
1054732,100,Drama,1990,False,False
46094,21011500,Family,1990,False,False
26391,3662459,Comedy,1990,True,False
50767,447784,Action,1990,False,False
34746,1702394,Action,1990,False,False
24767,21006361,Adventure,1990,False,True
46717,21355893,Drama,1990,False,True
49932,14320,Drama,1990,False,False
31395,1238080,Action,1990,False,False
21947,49601,Science Fiction,1990,False,False
12207,11555430,Action,1990,False,False
3049,107217396,Comedy,1990,True,True
11317,28000000,Comedy,1990,True,True
2087,30057974,Action,1990,False,False
1427073,49000000,Action,1990,False,True
9624,49000000,Action,1990,False,True
2788,20079850,Drama,1990,False,True
39349,18225518,Drama,1990,False,False
83714,9398308,Comedy,1990,True,False
9058,20059210,Romance,1990,False,False
12519,7770731,Comedy,1990,True,False
41589,319123,Comedy,1990,True,False
26337,3038499,Mystery,1990,False,False
12778,13145977,Comedy,1990,True,True
10694,8009329,Adventure,1990,False,True
712,245700832,Comedy,1990,True,False
10872,11439193,Comedy,1990,True,False
6472,27058304,Comedy,1990,True,False
11934,2800000,Comedy,1990,True,True
345984,747146,Action,1990,False,False
44251,24200000,Animation,1990,False,False
1278642,154789,Animation,1990,False,False
51804,7556,Comedy,1990,True,False
41582,16453258,Comedy,1990,True,False
36593,51132598,Comedy,1990,True,True
12280,48400000,Comedy,1990,True,True
11164,45610410,Comedy,1990,True,False
28032,11373501,Animation,1990,False,True
11067,30626182,Comedy,1990,True,False
2778,7411659,Comedy,1990,True,False
196875,1800000,Comedy,1990,True,False
18009,2260622,Comedy,1990,True,False
2348,616938,Comedy,1990,True,False
10635,14815317,Comedy,1990,True,False
11592,7820688,Comedy,1990,True,False
17585,7690013,Action,1990,False,False
24405,1596687,Comedy,1990,True,True
11853,15240435,Romance,1990,False,True
59930,8880705,Comedy,1990,True,False
14237,4352094,Horror,1990,False,False
405909,10000,Horror,1990,False,False
16297,20016254,Comedy,1990,True,True
50463,3134081,Comedy,1990,True,False
469210,75568,Drama,1990,False,False
10449,50021959,Drama,1990,False,False
14425,4350774,Comedy,1990,True,True
10447,15340000,Action,1990,False,True
50797,2616503,Drama,1990,False,False
159479,4635143,Comedy,1990,True,False
18658,7355425,Comedy,1990,True,False
18885,11798854,Family,1990,False,False
9495,50694672,Fantasy,1990,False,False
1473263,200000,Music,1990,False,False
10452,1318578,Drama,1990,False,False
14334,6160000,Adventure,1990,False,False
124029,1221832,Comedy,1990,True,False
9359,183031272,Action,1990,False,True
306,119208989,Action,1990,False,True
888,341631208,Fantasy,1990,False,False
25284,5842603,Thriller,1990,False,False
2759,11224491,Drama,1990,False,False
26933,807775,Drama,1990,False,False
11858,24332324,Comedy,1990,True,False
49805,487391,Drama,1990,False,True
32325,3267313,Crime,1990,False,False
11546,126247,Comedy,1990,True,True
19155,763847,Drama,1990,False,False
1637,350448145,Action,1990,False,True
11310,43,Action,1990,False,False
13815,8094616,Crime,1990,False,False
81949,65352,Drama,1990,False,False
10395,131002597,Fantasy,1990,False,True
13,677387716,Comedy,1990,True,True
8587,763455561,Family,1990,False,True
12160,25052000,Western,1990,False,True
537944,350000,Animation,1990,False,False
10879,61947267,Romance,1990,False,False
11212,16671505,Family,1990,False,True
178,30156002,Action,1990,False,False
8850,48063435,Adventure,1990,False,True
39106,19500000,Animation,1990,False,False
7462,3500000,Drama,1990,False,False
36955,378882411,Action,1990,False,True
24795,50236831,Comedy,1990,True,True
11231,15876353,Action,1990,False,True
10731,117615211,Drama,1990,False,True
29918,9979683,Family,1990,False,True
854,351583407,Romance,1990,False,False
10660,37939757,Comedy,1990,True,False
10451,7294403,Comedy,1990,True,False
9331,215887717,Action,1990,False,True
46387,26900000,Drama,1990,False,False
10897,67308282,Romance,1990,False,True
13595,5751882,Comedy,1990,True,True
453197,3707,Drama,1990,False,False
12475,28881266,Comedy,1990,True,False
2124,19726050,Romance,1990,False,False
33560,101071,Comedy,1990,True,False
10732,311922,Adventure,1990,False,False
11450,24822619,History,1990,False,False
241,50283563,Crime,1990,False,True
8986,18137661,Comedy,1990,True,True
88641,123509,Drama,1990,False,False
527,1608570,Drama,1990,False,False
60855,759393,Comedy,1990,True,False
10448,305070,Adventure,1990,False,True
20306,382928,Crime,1990,False,False
680,213900000,Thriller,1990,False,False
14275,7830611,Documentary,1990,False,False
1024,3049135,Drama,1990,False,False
101,45284974,Crime,1990,False,False
833910,35100,Comedy,1990,True,False
8831,101646581,Thriller,1990,False,False
37345,3021629,Comedy,1990,True,False
278,28341469,Drama,1990,False,False
81828,70936,Comedy,1990,True,False
19361,161410,Comedy,1990,True,False
9057,16478900,Action,1990,False,False
124472,527034,Documentary,1990,False,False
522,5887457,Comedy,1990,True,False
22067,20851521,Crime,1990,False,False
236,15119639,Comedy,1990,True,False
103413,86115,Drama,1990,False,True
8987,94216343,Adventure,1990,False,False
899180,1676,Animation,1990,False,False
1051428,100,Mystery,1990,False,False
114218,1948595,Drama,1990,False,False
35614,71368,Fantasy,1990,False,True
2636,170362582,Action,1990,False,True
1909,68792531,Romance,1990,False,False
11596,57000000,Horror,1990,False,False
115485,1085570,Comedy,1990,True,False
48992,1777020,Comedy,1990,True,True
18395,6841570,Comedy,1990,True,False
2292,3151130,Comedy,1990,True,False
43742,18272894,Drama,1990,False,True
25557,8638072,Horror,1990,False,False
2164,196567262,Action,1990,False,False
39473,3180674,Drama,1990,False,True
65158,3337685,Adventure,1990,False,True
10467,26000000,Comedy,1990,True,True
1274149,6,Drama,1990,False,False
115464,39129,Comedy,1990,True,False
320980,1301462,Science Fiction,1990,False,False
19855,16,Drama,1990,False,True
3036,112006296,Drama,1990,False,False
2436,2341309,Action,1990,False,False
628,223664608,Horror,1990,False,False
11395,189833357,Fantasy,1990,False,True
22586,9771658,Family,1990,False,False
10510,46264384,Fantasy,1990,False,True
193,120000000,Science Fiction,1990,False,True
60985,3777141,Drama,1990,False,False
6280,108431355,Comedy,1990,True,True
15139,13670688,Family,1990,False,True
26352,29392418,Comedy,1990,True,False
115605,459862,Comedy,1990,True,False
8011,36800000,Fantasy,1990,False,False
20156,4221036,Drama,1990,False,False
331411,391412,Comedy,1990,True,False
23719,5777916,Action,1990,False,True
29973,1007583,Drama,1990,False,True
30575,9940717,Animation,1990,False,False
4954,28735315,Action,1990,False,True
8984,214015089,Thriller,1990,False,True
39466,20000000,Action,1990,False,False
15128,20667959,Romance,1990,False,False
8467,247275374,Comedy,1990,True,False
4476,160638883,Adventure,1990,False,False
11011,38087756,Comedy,1990,True,True
9587,50083616,Drama,1990,False,True
17809,1907743,Action,1990,False,False
1702,1422749,Action,1990,False,False
11667,99423521,Action,1990,False,True
3586,11300653,Comedy,1990,True,False
1945,106683817,Drama,1990,False,False
10714,43,Family,1990,False,True
11777,26381221,Comedy,1990,True,True
52038,953,Comedy,1990,True,False
11318,15238994,Comedy,1990,True,False
242031,1672563,Drama,1990,False,False
1053121,100,Drama,1990,False,False
926573,100,Drama,1990,False,False
1056117,100,Crime,1990,False,False
1150895,66,Documentary,1990,False,True
1056153,100,War,1990,False,False
17207,26325256,Comedy,1990,True,False
16295,38290723,Romance,1990,False,True
49074,15000000,Action,1990,False,False
93519,16540000,Action,1990,False,False
9059,21089146,Horror,1990,False,True
8438,29500000,Crime,1990,False,True
33542,32392047,Crime,1990,False,False
13345,3237520,Fantasy,1990,False,False
17402,5,Comedy,1990,True,False
76,5987386,Drama,1990,False,False
17704,87600000,Documentary,1990,False,False
2654,8946600,Horror,1990,False,False
9382,23450000,Comedy,1990,True,False
21835,2692748,Comedy,1990,True,False
12106,47000000,Western,1990,False,False
11017,26488734,Comedy,1990,True,True
9066,46576136,Family,1990,False,True
14785,399,Drama,1990,False,False
14819,17689177,Family,1990,False,True
402557,4000000,Documentary,1990,False,False
32631,6600000,Action,1990,False,True
27303,12201255,Drama,1990,False,False
161495,12400000,Drama,1990,False,False
13559,1781383,Horror,1990,False,False
39107,23500000,Animation,1990,False,False
96461,304852,Drama,1990,False,False
26247,2550000,Drama,1990,False,False
6950,189859560,Action,1990,False,True
54433,16000000,Fantasy,1990,False,False
16780,185898,Horror,1990,False,False
10824,13940383,Horror,1990,False,False
92607,161127,Comedy,1990,True,False
28313,7603766,Drama,1990,False,True
109465,40622,Comedy,1990,True,False
11008,30112050,Adventure,1990,False,True
40156,4176932,Drama,1990,False,False
87729,2474000,Drama,1990,False,False
9067,4064495,Action,1990,False,False
11381,32648673,Comedy,1990,True,True
15789,35348597,Romance,1990,False,True
9737,141407024,Action,1990,False,True
54648,3983912,Animation,1990,False,False
19326,17014653,Comedy,1990,True,False
11780,31596911,Adventure,1990,False,False
2064,182057016,Romance,1990,False,False
10474,2381087,Drama,1990,False,False
6071,14942422,Crime,1990,False,True
54022,389503,Action,1990,False,False
10634,28215918,Comedy,1990,True,False
26564,3174695,Documentary,1990,False,False
2307,345972,Comedy,1990,True,False
12122,9418365,Thriller,1990,False,True
98600,2232450,Drama,1990,False,False
41478,6834525,Drama,1990,False,False
397,101982854,Comedy,1990,True,False
19101,10015449,Drama,1990,False,True
8963,157387195,Thriller,1990,False,False
63020,2832826,Comedy,1990,True,False
47867,3992809,Drama,1990,False,False
99600,10050000,Romance,1990,False,False
902,1738611,Fantasy,1990,False,False
1572,366101666,Action,1990,False,True
10525,33177694,Comedy,1990,True,False
25066,12000000,Horror,1990,False,False
1873,14700000,Drama,1990,False,False
197,213216216,Action,1990,False,False
8839,287928194,Fantasy,1990,False,True
47608,15453274,Drama,1990,False,False
9886,19075720,Science Fiction,1990,False,False
9560,50012507,Drama,1990,False,True
406,15300000,Drama,1990,False,False
2021,218626,Comedy,1990,True,False
688,182016617,Drama,1990,False,True
124851,102350,Drama,1990,False,False
1775,178104,Comedy,1990,True,False
25471,1,Drama,1990,False,False
10149,8349430,Comedy,1990,True,False
38867,63174,Drama,1990,False,False
36196,472370,Comedy,1990,True,False
1086693,100000,Action,1990,False,False
10329,152022101,Action,1990,False,True
10530,346079773,Adventure,1990,False,True
414,336529144,Action,1990,False,True
73102,220000,Drama,1990,False,False
9070,66400000,Action,1990,False,True
9482,113493481,Science Fiction,1990,False,False
568,355237933,Drama,1990,False,True
9348,113374103,Science Fiction,1990,False,False
6520,127600435,Action,1990,False,True
11472,138510230,Romance,1990,False,True
3512,104324083,Action,1990,False,True
39108,24000000,Animation,1990,False,False
9598,254134910,Fantasy,1990,False,True
629,23341568,Drama,1990,False,False
9073,30000000,Family,1990,False,True
9603,56631572,Comedy,1990,True,True
497558,481,Action,1990,False,False
22279,851545,Romance,1990,False,False
9071,1148752,Comedy,1990,True,False
877760,14217,Animation,1990,False,False
9344,20412216,Drama,1990,False,False
160247,650000,Drama,1990,False,False
1642,110627965,Crime,1990,False,True
9804,264218220,Adventure,1990,False,True
263422,2800000,Thriller,1990,False,False
45435,1910902,Action,1990,False,False
26258,7919823,Adventure,1990,False,True
18402,50892160,Comedy,1990,True,True
9271,24048000,Action,1990,False,True
117198,612046,Comedy,1990,True,False
9909,179519401,Drama,1990,False,False
9312,122195920,Action,1990,False,False
17447,3487767,Comedy,1990,True,False
180965,1400000,War,1990,False,False
70042,253311,Documentary,1990,False,False
30765,7506759,Adventure,1990,False,True
8068,25405445,Thriller,1990,False,True
56088,2702578,Documentary,1990,False,False
1802,10882920,Drama,1990,False,False
11980,16115878,Horror,1990,False,False
45671,247202,Comedy,1990,True,False
9090,47774193,Comedy,1990,True,True
21570,14000000,Drama,1990,False,False
79593,5830454,Thriller,1990,False,False
12520,442965,Comedy,1990,True,True
890,97848,Drama,1990,False,False
9102,5781885,Horror,1990,False,False
41007,2101087,Comedy,1990,True,False
11448,6700000,Comedy,1990,True,False
10428,7563728,Action,1990,False,False
8512,16140822,Thriller,1990,False,False
20649,13071518,Mystery,1990,False,True
5894,1275000,Comedy,1990,True,False
11876,15000000,Adventure,1990,False,False
807,327311859,Crime,1990,False,False
577,21284514,Drama,1990,False,True
10802,20350754,Drama,1990,False,False
13531,303,Music,1990,False,True
69422,500000,Action,1990,False,False
68274,2484226,Comedy,1990,True,False
10987,15116634,Horror,1990,False,False
78406,6278139,Comedy,1990,True,False
43475,57100,Fantasy,1990,False,False
29231,83,Action,1990,False,False
11861,41200020,Drama,1990,False,True
28387,718490,Comedy,1990,True,False
11443,24147179,Action,1990,False,False
9691,30303072,Action,1990,False,True
249071,69003,Romance,1990,False,False
281,7959291,Crime,1990,False,True
10533,10382407,Drama,1990,False,False
11863,9851610,Thriller,1990,False,True
19404,100000000,Comedy,1990,True,False
8012,115101622,Comedy,1990,True,False
48781,6858261,Thriller,1990,False,False
9263,27400000,Comedy,1990,True,False
10722,4367497,Action,1990,False,False
139405,16015639,Adventure,1990,False,False
2293,2122561,Romance,1990,False,True
12158,19800000,Comedy,1990,True,True
12665,30862156,Drama,1990,False,False
9091,64350171,Action,1990,False,True
13552,284785,Comedy,1990,True,False
1710,32000000,Thriller,1990,False,True
47939,7027000,Fantasy,1990,False,False
451,49800000,Drama,1990,False,False
862,394400000,Animation,1990,False,False
9089,17519169,Comedy,1990,True,True
11859,11534477,Action,1990,False,True
35645,6029091,Drama,1990,False,True
36834,339889,Drama,1990,False,False
2442,551281,Action,1990,False,False
570070,13341855,Music,1990,False,False
271116,216341,Drama,1990,False,False
9273,212385533,Crime,1990,False,True
710,352194034,Adventure,1990,False,False
33689,19474589,Comedy,1990,True,True
9087,107879496,Comedy,1990,True,False
9323,515905,Action,1990,False,False
11517,77224232,Action,1990,False,True
524,116112375,Crime,1990,False,True
2086,8175346,Thriller,1990,False,True
160242,2100000,Action,1990,False,False
400,529766,Drama,1990,False,False
46029,1141556,Comedy,1990,True,False
65796,2193982,Western,1990,False,False
11862,76594107,Comedy,1990,True,False
12561,18000000,Action,1990,False,False
5,4257354,Comedy,1990,True,False
4584,134582776,Drama,1990,False,True
8844,262821940,Adventure,1990,False,False
949,187436818,Action,1990,False,True
186623,507483,Adventure,1990,False,False
11860,53672080,Comedy,1990,True,True
34615,676525,Drama,1990,False,False
45325,23920048,Family,1990,False,True
12110,10772144,Comedy,1990,True,False
10858,13681765,Drama,1990,False,False
102358,9600000,Action,1990,False,False
31357,81452156,Comedy,1990,True,True
1408,10017322,Action,1990,False,False
21032,11348324,Family,1990,False,True
15602,71500000,Romance,1990,False,True
922,103800000,Drama,1990,False,False
2054,106269971,Drama,1990,False,False
63,168841459,Science Fiction,1990,False,True
31174,2748518,Drama,1990,False,False
687,39363635,Drama,1990,False,False
449350,24000,Fantasy,1990,False,False
17182,26877589,Thriller,1990,False,True
19760,10658278,Comedy,1990,True,True
10607,20109115,Comedy,1990,True,False
11525,2409225,Science Fiction,1990,False,False
9536,13400000,Comedy,1990,True,False
755,25836616,Horror,1990,False,False
88224,431326,Drama,1990,False,False
47907,12643776,Comedy,1990,True,False
21612,1227324,Crime,1990,False,False
20927,19030691,Drama,1990,False,False
160255,39000000,Romance,1990,False,False
36929,2042530,Comedy,1990,True,True
13997,32000000,Comedy,1990,True,True
10534,10300000,Drama,1990,False,False
59147,401111,Drama,1990,False,False
9623,22754725,Thriller,1990,False,True
25147,409144,Drama,1990,False,False
9208,150270147,Action,1990,False,True
9404,21890845,Action,1990,False,False
10874,34327391,Action,1990,False,True
9614,41205099,Comedy,1990,True,True
13685,1040879,Comedy,1990,True,True
627,16491080,Drama,1990,False,False
9095,12379402,Drama,1990,False,False
43566,8797839,Drama,1990,False,False
906233,61661,Animation,1990,False,False
25087,684351,Action,1990,False,False
10690,1614266,Comedy,1990,True,False
1592,102616183,Crime,1990,False,True
25059,32709423,Adventure,1990,False,True
275,60611975,Crime,1990,False,False
10324,2420162,Comedy,1990,True,False
8766,16675000,Horror,1990,False,False
11000,185260553,Comedy,1990,True,False
339428,65335,Comedy,1990,True,False
55936,890078,Drama,1990,False,False
2320,121969216,Action,1990,False,True
61752,4939939,Comedy,1990,True,False
2074,14702438,Comedy,1990,True,False
10988,52400000,Mystery,1990,False,True
19042,8620678,Romance,1990,False,False
9099,37956793,Comedy,1990,True,True
1157316,350000,Music,1990,False,False
47502,2104439,Comedy,1990,True,False
28121,34746109,Comedy,1990,True,False
9299,2647055,Horror,1990,False,False
10539,28946127,Adventure,1990,False,True
1315500,8000000,Drama,1990,False,True
20762,14818176,Action,1990,False,False
9103,57400547,Action,1990,False,True
40001,10082005,Romance,1990,False,False
8866,3407,Comedy,1990,True,True
10990,11526099,Drama,1990,False,False
26890,1814290,Drama,1990,False,False
46063,5,Drama,1990,False,False
11867,3793614,Science Fiction,1990,False,False
9100,24819936,Horror,1990,False,True
23570,5656388,Comedy,1990,True,False
12709,2503829,Comedy,1990,True,False
40507,3014000,Action,1990,False,False
664,494471524,Action,1990,False,True
15691,42000000,TV Movie,1990,False,False
145,3803298,Drama,1990,False,False
784,7566841,Music,1990,False,False
36915,5009305,Drama,1990,False,False
36355,20080020,Adventure,1990,False,True
954,457731198,Adventure,1990,False,True
10535,27000000,Comedy,1990,True,False
11159,13417292,Drama,1990,False,False
11446,5034794,Comedy,1990,True,False
38191,21508,Drama,1990,False,True
66007,1200000,Comedy,1990,True,False
8840,115267375,Fantasy,1990,False,True
10547,14063331,Science Fiction,1990,False,False
11107,31387164,Action,1990,False,True
9826,17300889,Adventure,1990,False,True
102353,7100000,Drama,1990,False,False
9802,335062621,Action,1990,False,False
461048,7056000,Crime,1990,False,False
9894,102825796,Comedy,1990,True,True
10545,325338851,Drama,1990,False,True
10938,1500000,Comedy,1990,True,False
9268,242295562,Action,1990,False,True
26748,13269963,Drama,1990,False,False
602,817400891,Action,1990,False,True
24206,76382,Drama,1990,False,False
104638,1705030,Western,1990,False,False
9879,113309743,Comedy,1990,True,False
160261,1600000,Action,1990,False,False
9327,128769345,Fantasy,1990,False,True
10684,100860818,Drama,1990,False,True
11543,25023434,Comedy,1990,True,False
9294,152036382,Drama,1990,False,False
59480,14000000,Fantasy,1990,False,False
210994,1160000,Comedy,1990,True,False
312734,73458,Action,1990,False,False
69423,500000,Romance,1990,False,False
11511,18937262,Fantasy,1990,False,True
10779,29359216,Horror,1990,False,True
9304,21075014,Comedy,1990,True,True
44497,127251,Romance,1990,False,False
18550,17193231,Action,1990,False,False
1645,152266007,Crime,1990,False,True
11962,4619014,Comedy,1990,True,True
211343,3001,Comedy,1990,True,False
10830,33459416,Comedy,1990,True,False
12123,60209334,Science Fiction,1990,False,True
3573,22231658,Romance,1990,False,False
16299,2491989,Comedy,1990,True,False
549,3011195,Drama,1990,False,False
7095,58620973,Comedy,1990,True,False
10061,42277365,Action,1990,False,True
43976,37598,Drama,1990,False,False
36344,11829959,Adventure,1990,False,False
7863,35892330,Drama,1990,False,False
9566,18626419,Thriller,1990,False,False
9431,5600000,Horror,1990,False,True
10478,53854588,Comedy,1990,True,True
110513,503667,Comedy,1990,True,False
738006,297293,Comedy,1990,True,False
18555,258263,Action,1990,False,False
12606,21440752,Family,1990,False,True
9306,49627779,Science Fiction,1990,False,False
11363,9538948,Romance,1990,False,False
10546,17917287,Action,1990,False,False
12498,34100000,Drama,1990,False,False
41843,1985001,Drama,1990,False,False
169487,200000,Documentary,1990,False,False
12241,49620,Comedy,1990,True,False
10723,22611954,Comedy,1990,True,True
32686,29090,Documentary,1990,False,False
28005,4109095,Drama,1990,False,False
136311,1910,Action,1990,False,False
9303,7011317,Drama,1990,False,False
44465,8538318,Thriller,1990,False,False
31546,665450,Drama,1990,False,False
11076,25143818,Action,1990,False,True
10861,51702483,Action,1990,False,True
58985,660313,Comedy,1990,True,True
2925,116400000,Comedy,1990,True,False
281575,254805,Crime,1990,False,False
18203,12008376,Drama,1990,False,False
9333,47267001,Crime,1990,False,False
11306,17380126,Drama,1990,False,False
99479,711872,Drama,1990,False,False
1274113,100000000,Action,1990,False,False
31640,1094668,Crime,1990,False,False
10680,22955097,Comedy,1990,True,False
9625,20350000,Action,1990,False,True
9591,34585416,Comedy,1990,True,True
11412,89456761,Crime,1990,False,False
6346,22540359,Crime,1990,False,True
10586,38619405,Adventure,1990,False,True
49471,5731103,Drama,1990,False,True
47168,2300000,Fantasy,1990,False,False
36758,3692836,Drama,1990,False,False
79306,2035470,Documentary,1990,False,False
819,165615285,Crime,1990,False,True
10218,4505922,Comedy,1990,True,False
107743,44000,Comedy,1990,True,False
265923,1333823,Family,1990,False,False
10548,2666118,Documentary,1990,False,False
11112,12800000,Comedy,1990,True,True
10280,15315484,Horror,1990,False,True
30500,4137645,Drama,1990,False,False
1770,16900000,War,1990,False,True
9308,21302121,Comedy,1990,True,False
34170,8315693,Comedy,1990,True,False
44705,33000000,Drama,1990,False,False
76111,10000000,Music,1990,False,False
454,147298761,Drama,1990,False,True
49763,1100000,Horror,1990,False,False
9400,41590886,Crime,1990,False,False
3595,309492681,Action,1990,False,False
409,231976425,Drama,1990,False,False
2300,250200000,Family,1990,False,True
25189,41083864,Comedy,1990,True,False
36271,219449,Comedy,1990,True,False
9279,129832389,Family,1990,False,True
13891,285112,Drama,1990,False,False
199,150000000,Science Fiction,1990,False,True
11674,320689294,Family,1990,False,True
20539,7343114,Drama,1990,False,True
53689,724379,Comedy,1990,True,False
9716,9800000,Comedy,1990,True,False
11228,159212469,Action,1990,False,True
75,101371017,Comedy,1990,True,True
9390,273552592,Comedy,1990,True,False
21539,48102795,Family,1990,False,False
8818,141047179,History,1990,False,False
3179,63118386,Animation,1990,False,True
26949,25372294,Drama,1990,False,False
9819,12803305,Drama,1990,False,False
7300,97529550,Romance,1990,False,True
31908,13323144,Drama,1990,False,False
4232,173046663,Crime,1990,False,False
27265,19145000,Comedy,1990,True,True
1630,20300385,Drama,1990,False,True
30285,12767815,Comedy,1990,True,True
2928,119718203,Comedy,1990,True,True
577951,13000,Comedy,1990,True,False
1053108,100,Drama,1990,False,False
1057453,100,Drama,1990,False,False
1158924,200,Music,1990,False,False
456619,1,Comedy,1990,True,False
34314,11466088,Action,1990,False,False
11015,33956608,Horror,1990,False,True
638,3756869,Drama,1990,False,False
76330,425788,Music,1990,False,False
8860,31987563,Action,1990,False,False
118075,86175,Drama,1990,False,False
12145,9381260,Comedy,1990,True,True
500101,39175,Horror,1990,False,False
26306,589304,Drama,1990,False,False
35638,116806,Documentary,1990,False,False
38153,2154540,Thriller,1990,False,False
10622,18814720,Crime,1990,False,False
2212,1179002,Drama,1990,False,False
68924,8038061,Drama,1990,False,False
28059,656747,Comedy,1990,True,False
9619,178127760,Action,1990,False,True
17894,11486880,Comedy,1990,True,True
77223,2007100,War,1990,False,False
52855,3028094,Drama,1990,False,False
11419,36400360,Comedy,1990,True,True
61563,387069,Comedy,1990,True,False
66,50068310,Crime,1990,False,False
1968,42000000,Comedy,1990,True,True
25624,13130349,Drama,1990,False,True
52366,458557,Drama,1990,False,False
21915,20060051,Comedy,1990,True,True
9366,124909762,Crime,1990,False,False
9311,2372903,Action,1990,False,False
8052,222559,Drama,1990,False,False
9446,59927618,Comedy,1990,True,True
65889,123330,Comedy,1990,True,False
50091,532654,Drama,1990,False,False
9403,41230799,Comedy,1990,True,True
4477,140807547,Crime,1990,False,True
26610,227569,Thriller,1990,False,False
18420,1568258,Thriller,1990,False,False
27322,12782749,Comedy,1990,True,False
1104979,200000,Drama,1990,False,False
1624,302710615,Comedy,1990,True,True
16052,60000000,Drama,1990,False,False
24662,3566637,Animation,1990,False,True
6499,9679739,Action,1990,False,True
18423,7240837,Comedy,1990,True,False
39385,29456000,Comedy,1990,True,False
10003,118063304,Thriller,1990,False,True
9405,48138337,Action,1990,False,True
50512,858553,Drama,1990,False,True
12723,5926128,Drama,1990,False,False
2255,12021272,Comedy,1990,True,False
13852,861789,Drama,1990,False,False
9360,136885767,Adventure,1990,False,True
9434,31070412,Action,1990,False,False
63945,294064,Drama,1990,False,False
9415,25804707,Action,1990,False,True
14908,4529843,Comedy,1990,True,True
13982,3602884,Comedy,1990,True,False
21422,9107390,Adventure,1990,False,False
1467766,87,Science Fiction,1990,False,False
9611,29235353,Comedy,1990,True,False
10357,122823468,Science Fiction,1990,False,True
12238,91549,Horror,1990,False,False
70805,288,Drama,1990,False,False
18,263920180,Adventure,1990,False,False
31017,134831,Action,1990,False,False
2163,50159144,Crime,1990,False,True
816,67711748,Science Fiction,1990,False,False
14905,334319,War,1990,False,False
1811,194201,Comedy,1990,True,False
511738,110000,Comedy,1990,True,False
12499,35598376,Comedy,1990,True,True
60082,7553105,Comedy,1990,True,False
50850,479099,Adventure,1990,False,False
64802,2900000,Drama,1990,False,False
2058,34673095,Comedy,1990,True,True
330,618638999,Adventure,1990,False,True
27103,7,Drama,1990,False,False
9406,26570463,Horror,1990,False,False
32872,3525125,Comedy,1990,True,True
18329,5000000,Drama,1990,False,False
9054,19745922,Comedy,1990,True,False
1051855,100,Drama,1990,False,False
102703,379678,Comedy,1990,True,False
1701,224012234,Action,1990,False,False
15170,10113400,Adventure,1990,False,True
55561,537948,Comedy,1990,True,False
33125,37000000,Action,1990,False,False
1639,164508066,Action,1990,False,True
54113,273644,Family,1990,False,False
8874,299288605,Comedy,1990,True,False
11970,252712101,Animation,1990,False,True
34941,46362,Drama,1990,False,False
19797,345478,Comedy,1990,True,False
415,238207122,Action,1990,False,True
21700,8000000,Comedy,1990,True,False
37567,51266,Drama,1990,False,False
754,245676146,Action,1990,False,True
607,589390539,Action,1990,False,True
1281,251212670,Comedy,1990,True,False
90724,165000000,Music,1990,False,False
31641,33556,Drama,1990,False,False
17834,8345056,Adventure,1990,False,True
686,171120329,Drama,1990,False,True
128,169000000,Adventure,1990,False,False
10603,174463257,Adventure,1990,False,True
32519,1918497,Comedy,1990,True,False
11676,44480039,Comedy,1990,True,False
79982,12000000,Comedy,1990,True,False
18491,20000000,Animation,1990,False,False
9772,315156409,Action,1990,False,False
14817,23700000,Family,1990,False,True
6072,5716080,Drama,1990,False,False
10336,87840042,Action,1990,False,False
9413,44332015,Romance,1990,False,True
20737,23144499,Comedy,1990,True,True
21334,925402,Drama,1990,False,False
63437,318809,Drama,1990,False,False
28353,13960203,Comedy,1990,True,False
8834,136982834,Action,1990,False,True
51942,206272,Comedy,1990,True,False
9427,257850122,Comedy,1990,True,False
2142,44862187,Crime,1990,False,False
8854,1686429,Science Fiction,1990,False,True
8413,26673242,Horror,1990,False,True
245649,1224778,Comedy,1990,True,False
4421,48169156,Action,1990,False,False
25719,302204,Crime,1990,False,False
513,501533,Drama,1990,False,False
4961,25480490,Fantasy,1990,False,False
25224,1935539,Comedy,1990,True,True
22073,23461013,Crime,1990,False,False
17832,6112613,Adventure,1990,False,True
46187,1126506,Drama,1990,False,False
261409,4078230,Family,1990,False,False
38904,3309421,Drama,1990,False,False
11365,10000000,Drama,1990,False,False
78246,96765,Comedy,1990,True,False
14289,16228448,Action,1990,False,True
288123,26641,Thriller,1990,False,False
1774,720074,Documentary,1990,False,False
9433,43312294,Action,1990,False,False
782,12532777,Thriller,1990,False,True
32456,2057193,Drama,1990,False,False
37410,1334786,Comedy,1990,True,False
431,8969065,Thriller,1990,False,False
978,131457682,Adventure,1990,False,False
2649,109423648,Drama,1990,False,False
40889,971017,Drama,1990,False,False
98502,458815,Drama,1990,False,False
10351,15738769,Horror,1990,False,False
2118,126216940,Crime,1990,False,True
66588,7936780,Drama,1990,False,True
10217,7951247,Drama,1990,False,False
89868,1778391,Adventure,1990,False,False
6623,110463140,Action,1990,False,False
14330,309,Comedy,1990,True,True
56651,102739,Comedy,1990,True,False
9769,1071255,Drama,1990,False,False
9437,60527873,Thriller,1990,False,True
21253,310724,Thriller,1990,False,False
25099,878960,Documentary,1990,False,False
10155,6682098,Crime,1990,False,False
75250,10082,Drama,1990,False,False
4995,43101594,Drama,1990,False,False
33344,626057,Comedy,1990,True,False
34309,11838218,Action,1990,False,False
267,1535558,Romance,1990,False,False
18415,116799,Drama,1990,False,False
12628,4166918,Drama,1990,False,False
26393,11690,Drama,1990,False,True
3597,125586134,Horror,1990,False,True
1813,152944660,Drama,1990,False,True
27104,384793,Drama,1990,False,False
29911,14059077,Fantasy,1990,False,False
9407,22420000,Crime,1990,False,False
13986,11000000,Drama,1990,False,False
781,323041,Drama,1990,False,False
9845,2957970,Action,1990,False,False
10871,6482195,Thriller,1990,False,True
116478,98027,Drama,1990,False,False
45153,14842388,Drama,1990,False,False
9770,10541523,Action,1990,False,True
119213,5171,Crime,1990,False,False
563,121214377,Adventure,1990,False,False
9823,51376861,Action,1990,False,False
8078,162000000,Science Fiction,1990,False,True
54007,7000000,Action,1990,False,False
12616,2642983,Drama,1990,False,False
9414,13801755,Comedy,1990,True,True
4824,159330280,Action,1990,False,True
11975,45916769,Drama,1990,False,True
597,2264162353,Drama,1990,False,True
9444,139804348,Animation,1990,False,True
8197,25105255,Mystery,1990,False,True
35796,106404,Drama,1990,False,False
19601,496059,Drama,1990,False,False
9574,177977226,Comedy,1990,True,True
29193,13835130,Drama,1990,False,False
489,225933435,Drama,1990,False,False
11831,44229441,Drama,1990,False,False
10371,31611225,Comedy,1990,True,False
714,333011068,Adventure,1990,False,False
2639,10686841,Comedy,1990,True,False
9714,79082515,Comedy,1990,True,True
4233,172363301,Horror,1990,False,False
81048,1596,Crime,1990,False,False
6116,100000000,Adventure,1990,False,True
6283,122417389,Comedy,1990,True,False
1902,370720,Drama,1990,False,False
2898,314178011,Drama,1990,False,False
2895,19868354,Drama,1990,False,False
637,230098753,Comedy,1990,True,False
9746,5684789,Drama,1990,False,False
9922,17626234,Science Fiction,1990,False,True
184,39673162,Crime,1990,False,False
9438,75000000,Comedy,1990,True,True
586,64256513,Comedy,1990,True,False
26941,2465960,Drama,1990,False,False
36095,99000,Crime,1990,False,False
64313,14,Family,1990,False,False
16992,16534578,Drama,1990,False,True
39780,1897404,Drama,1990,False,False
905065,5477,Animation,1990,False,False
22762,40593286,Documentary,1990,False,False
1057326,100,Crime,1990,False,False
905063,43134,Animation,1990,False,False
507187,1,Documentary,1990,False,False
1418153,1000,Action,1990,False,False
41417,8165212,Action,1990,False,True
9490,17460020,Comedy,1990,True,True
9411,25232289,Crime,1990,False,True
11258,19870567,Thriller,1990,False,True
53380,39842,Documentary,1990,False,False
9464,2375097,Drama,1990,False,False
3033,6451628,Drama,1990,False,False
81367,80837,Family,1990,False,False
12488,1677131,Thriller,1990,False,False
9827,5624282,Horror,1990,False,False
16148,1980338,Comedy,1990,True,False
2671,19400000,Horror,1990,False,False
9458,13800000,Action,1990,False,False
9457,11203026,Adventure,1990,False,False
9410,55494066,Comedy,1990,True,True
9706,12662948,Fantasy,1990,False,False
547,186883563,Adventure,1990,False,False
895151,3,Family,1990,False,False
77469,4710749,Drama,1990,False,False
11568,14051384,Music,1990,False,True
11702,19204929,Action,1990,False,True
10353,66000000,Comedy,1990,True,False
31662,6330054,Drama,1990,False,False
11003,123306987,Romance,1990,False,False
1051841,100,History,1990,False,False
10153,37020277,Science Fiction,1990,False,True
169771,3247,Drama,1990,False,False
41227,229000,Documentary,1990,False,False
78149,45779,Comedy,1990,True,False
22797,1995911,Comedy,1990,True,True
495785,149,Drama,1990,False,False
8583,4553271,Drama,1990,False,True
12538,13035599,Comedy,1990,True,False
13907,890324,Documentary,1990,False,False
29825,83488,Comedy,1990,True,False
2666,27200316,Mystery,1990,False,False
10494,112536,Animation,1990,False,False
104,7267585,Action,1990,False,False
17941,13583690,Drama,1990,False,False
115,47010480,Comedy,1990,True,False
21736,76447420,Documentary,1990,False,False
11808,102367405,Thriller,1990,False,True
9313,182968902,Adventure,1990,False,False
53092,168462,Drama,1990,False,False
214735,2303,Comedy,1990,True,False
9440,52100000,Drama,1990,False,True
617,67200000,Mystery,1990,False,True
244007,27,Comedy,1990,True,False
44308,1130732,Drama,1990,False,False
32144,147773,Drama,1990,False,False
42807,76000000,Crime,1990,False,True
93350,222099,Drama,1990,False,False
40688,4562146,Comedy,1990,True,True
53119,100544,Drama,1990,False,False
2157,136159423,Science Fiction,1990,False,False
8838,93107289,Action,1990,False,True
19848,23261485,Comedy,1990,True,False
2330,44500000,Comedy,1990,True,False
27472,18912328,Adventure,1990,False,True
32302,375805,Family,1990,False,False
10216,19165560,Science Fiction,1990,False,False
47881,7985929,Comedy,1990,True,False
795,198685114,Romance,1990,False,True
9421,78599508,Comedy,1990,True,False
9771,3572443,Comedy,1990,True,False
496673,25000,Comedy,1990,True,False
17133,271375,Drama,1990,False,False
17127,46905889,Comedy,1990,True,True
21452,16330622,Adventure,1990,False,False
10215,58809149,Comedy,1990,True,True
38618,2172941,Adventure,1990,False,True
39424,118475,Comedy,1990,True,False
9448,27007143,Action,1990,False,False
452,7235,Drama,1990,False,False
78373,565592,Comedy,1990,True,False
4415,14096321,Crime,1990,False,True
9469,21567853,Drama,1990,False,False
16885,1214198,Crime,1990,False,False
18316,12951088,Action,1990,False,True
384746,4100000,Comedy,1990,True,False
8656,349464664,Action,1990,False,True
159090,10000000,Action,1990,False,False
58680,8026971,Comedy,1990,True,False
82865,55970,Comedy,1990,True,False
4927,870751,Comedy,1990,True,False
18937,38172500,Fantasy,1990,False,True
9452,29202884,Comedy,1990,True,True
220864,822484,Action,1990,False,False
929,379014294,Science Fiction,1990,False,False
9844,5879254,Comedy,1990,True,False
1878,10680275,Adventure,1990,False,True
51022,150000,War,1990,False,False
44807,570000,Comedy,1990,True,False
9715,81471882,Romance,1990,False,True
16980,3020601,Comedy,1990,True,False
14342,6100000,Adventure,1990,False,False
9821,2652246,Drama,1990,False,False
37165,264118201,Comedy,1990,True,True
53765,301796,Comedy,1990,True,False
1965,128038368,Crime,1990,False,True
24916,791702,Horror,1990,False,False
1111241,3237,Comedy,1990,True,False
37636,1929168,Drama,1990,False,False
6068,164839294,Adventure,1990,False,False
15037,25605015,Comedy,1990,True,True
10674,304320254,Animation,1990,False,True
846,189198313,Mystery,1990,False,True
12706,7071143,Drama,1990,False,False
1389,77745966,Romance,1990,False,True
3050,294456605,Comedy,1990,True,True
95,553799566,Action,1990,False,False
73,23875127,Drama,1990,False,False
8675,602302,Comedy,1990,True,False
21502,2300000,Crime,1990,False,False
51398,1263230,Comedy,1990,True,False
944,285444603,Action,1990,False,True
11551,54682547,Comedy,1990,True,True
35680,29967750,Family,1990,False,False
473,3221152,Mystery,1990,False,False
544,369884651,Romance,1990,False,True
9342,250288523,Action,1990,False,False
10228,163644662,Animation,1990,False,False
262495,248623,Western,1990,False,False
9417,9623329,Action,1990,False,True
857,481840909,Drama,1990,False,True
9835,19000000,Comedy,1990,True,False
17539,2020700,Comedy,1990,True,False
9424,17514980,Mystery,1990,False,False
14013,7027290,Comedy,1990,True,True
9820,92108518,Comedy,1990,True,True
9631,44547681,Action,1990,False,True
9454,65705772,Drama,1990,False,True
11675,75000000,Horror,1990,False,False
8688,103891409,Thriller,1990,False,True
118452,40542,Drama,1990,False,False
16155,45724,Comedy,1990,True,True
13817,378667,Drama,1990,False,False
9320,48585416,Action,1990,False,True
33644,37672350,Comedy,1990,True,True
21661,10224116,Comedy,1990,True,True
14662,5502773,Comedy,1990,True,False
19381,913834,Comedy,1990,True,False
41469,3395581,Comedy,1990,True,False
17915,15923122,Drama,1990,False,True
36647,131183530,Horror,1990,False,False
14557,15064946,Comedy,1990,True,True
21210,13000000,Drama,1990,False,False
46702,12413650,Drama,1990,False,True
34912,1000000,Music,1990,False,False
100,28356188,Comedy,1990,True,False
3682,16757163,Drama,1990,False,False
1808,4313644,Drama,1990,False,False
57745,49501,Comedy,1990,True,False
37498,44000000,Action,1990,False,False
16767,25824,Action,1990,False,False
14283,9495408,Drama,1990,False,False
49813,54585,Drama,1990,False,False
22796,18253415,Comedy,1990,True,False
22256,777423,Drama,1990,False,True
10029,9898412,Comedy,1990,True,False
10220,22921898,Drama,1990,False,False
4518,82150642,Drama,1990,False,False
51981,4488,Drama,1990,False,False
169627,278161,Drama,1990,False,False
10162,43515982,Comedy,1990,True,False
8056,3311162,Drama,1990,False,False
22318,1166199,Drama,1990,False,False
7504,528972,Drama,1990,False,False
2657,49805462,Fantasy,1990,False,False
2109,244721064,Action,1990,False,False
72987,1782005,Drama,1990,False,False
24746,124494,Action,1990,False,False
73351,20167,Drama,1990,False,False
115606,257817,Comedy,1990,True,False
6396,299200,Comedy,1990,True,False
9877,72527595,Horror,1990,False,False
8195,70692101,Action,1990,False,False
9812,3121,Thriller,1990,False,False
1170074,3445,Documentary,1990,False,False
9429,30331165,Comedy,1990,True,True
28134,2198044,Comedy,1990,True,False
12159,71485043,Drama,1990,False,True
27791,631221,Horror,1990,False,False
8916,171757863,Adventure,1990,False,False
9713,12069719,Drama,1990,False,False
1321018,2,Comedy,1990,True,False
33719,113484,Animation,1990,False,False
10683,2807390,Comedy,1990,True,False
408510,2000000,Action,1990,False,False
69851,4179698,Drama,1990,False,False
6435,46733235,Romance,1990,False,True
39437,22900000,Drama,1990,False,False
11854,15306000,Romance,1990,False,False
11932,50671850,Comedy,1990,True,True
103162,21350,Comedy,1990,True,False
9425,14594226,Science Fiction,1990,False,True
34288,12097,Horror,1990,False,False
16129,591165,Comedy,1990,True,False
9445,8863193,Drama,1990,False,False
10376,21057208,Drama,1990,False,False
201903,3000,Drama,1990,False,False
46889,12902790,Comedy,1990,True,False
9945,20308772,Action,1990,False,False
55382,98980000,Comedy,1990,True,False
10663,185991646,Comedy,1990,True,False
9882,116672912,Drama,1990,False,True
41614,230000,History,1990,False,False
297,142940100,Fantasy,1990,False,True
3600,40002112,Horror,1990,False,True
10209,1263279,Romance,1990,False,False
666,5596708,Drama,1990,False,False
9798,250649836,Action,1990,False,False
14444,100491683,Family,1990,False,True
9487,363258859,Adventure,1990,False,True
37536,9247881,Comedy,1990,True,False
9447,69131860,Adventure,1990,False,True
12257,10443316,Comedy,1990,True,True
55912,258464,Comedy,1990,True,False
11252,37141130,Mystery,1990,False,True
200,118000000,Science Fiction,1990,False,True
1934,289317794,Romance,1990,False,True
10223,16316273,Crime,1990,False,True
11545,17096053,Comedy,1990,True,False
9837,218613188,Adventure,1990,False,False
9489,250821495,Comedy,1990,True,True
30145,4374994,Comedy,1990,True,False
140897,7394,Thriller,1990,False,False
386119,9988,Family,1990,False,False
8741,98126565,Drama,1990,False,False
9422,56709981,Drama,1990,False,True
9441,159710793,Drama,1990,False,True
10312,202292902,Comedy,1990,True,True
125582,5672903,Drama,1990,False,False
9276,40283321,Horror,1990,False,False
825,3970078,Comedy,1990,True,False
12229,142783,Comedy,1990,True,False
32305,292151,Action,1990,False,False
10212,2000000,Adventure,1990,False,True
1060304,100,Drama,1990,False,False
100784,1113,Comedy,1990,True,False
53116,3470643,Drama,1990,False,False
9423,30700000,Horror,1990,False,True
28902,12017369,Mystery,1990,False,False
45712,4197729,Drama,1990,False,True
10381,474900,Action,1990,False,False
8374,50000000,Action,1990,False,True
9669,31365000,Horror,1990,False,False
51679,360895,Documentary,1990,False,False
201581,11532,Drama,1990,False,False
35122,45703,Comedy,1990,True,False
10314,103166989,Comedy,1990,True,False
18892,3076820,Comedy,1990,True,False
9564,1644060,Family,1990,False,False
16172,4398989,Comedy,1990,True,False
2112,161626121,Crime,1990,False,True
53168,2984,Comedy,1990,True,False
78568,69400,Drama,1990,False,False
2211,927107,Drama,1990,False,False
9849,36850101,Comedy,1990,True,True
11622,40263020,Drama,1990,False,False
1542,12827813,Comedy,1990,True,True
13466,34698685,Drama,1990,False,True
10207,118880016,Romance,1990,False,False
21719,370668,Drama,1990,False,False
369261,302000,Adventure,1990,False,False
15256,6852450,Comedy,1990,True,True
8224,96618699,Thriller,1990,False,True
15564,5471376,Documentary,1990,False,False
9535,176885658,Comedy,1990,True,True
796,76347426,Drama,1990,False,True
69671,15900,Drama,1990,False,False
60159,15000000,Fantasy,1990,False,False
97787,20000000,Animation,1990,False,False
7341,17762705,Horror,1990,False,False
1145413,117000,Crime,1990,False,False
9455,15156200,Action,1990,False,False
22345,36450736,Science Fiction,1990,False,False
30943,28121100,Drama,1990,False,True
1641,93888180,Romance,1990,False,False
12095,6374,Crime,1990,False,False
10354,16649768,Drama,1990,False,True
21430,21521,Drama,1990,False,False
47288,12000000,Animation,1990,False,False
1073,41067311,Crime,1990,False,False
9465,10920544,Comedy,1990,True,False
68044,1369280,Comedy,1990,True,False
285908,559298,Crime,1990,False,False
10368,21001563,Comedy,1990,True,False
16379,13260050,Action,1990,False,False
4951,53478166,Comedy,1990,True,False
603,463517383,Action,1990,False,True
5470,1531251,Adventure,1990,False,False
18908,5405313,Comedy,1990,True,False
8970,29000000,Comedy,1990,True,True
11660,48482,Drama,1990,False,False
612042,5000,Drama,1990,False,False
15387,1923918,Comedy,1990,True,False
9430,28451622,Crime,1990,False,True
27455,6033999,Comedy,1990,True,False
337834,140175,Comedy,1990,True,False
11355,84565230,Romance,1990,False,True
26338,1314053,Drama,1990,False,False
1946,2856712,Action,1990,False,False
24137,18535191,Drama,1990,False,False
114719,94633,Comedy,1990,True,False
99,67872296,Comedy,1990,True,False
6522,73521587,Comedy,1990,True,True
564,415885488,Adventure,1990,False,True
1090,18564088,Thriller,1990,False,True
28808,22951145,Animation,1990,False,False
39964,6552255,Comedy,1990,True,False
9451,14902041,Comedy,1990,True,True
12596,8408835,Comedy,1990,True,False
1844,212404396,Romance,1990,False,False
213985,2838,Crime,1990,False,False
6552,4152230,Comedy,1990,True,True
31524,9100000,Action,1990,False,False
1051825,100,Drama,1990,False,False
69428,500000,Romance,1990,False,False
210719,60000000,Documentary,1990,False,True
46009,206626,Action,1990,False,False
71925,9037000,Thriller,1990,False,False
498429,1000000,Animation,1990,False,False
892749,100270,Animation,1990,False,False
53862,9016377,Comedy,1990,True,False
122190,137124,Drama,1990,False,True
10557,28200000,Drama,1990,False,False
10210,16071990,Fantasy,1990,False,False
10388,3204663,Crime,1990,False,False
1893,924317558,Adventure,1990,False,False
509,363889678,Romance,1990,False,True
477032,640,Drama,1990,False,False
101922,350420,Drama,1990,False,False
161226,2200000,Comedy,1990,True,False
27665,170832,Thriller,1990,False,False
4816,9400000,Crime,1990,False,False
12117,34105207,Drama,1990,False,False
62676,1997807,Adventure,1990,False,False
41730,100590,Comedy,1990,True,False
11129,4000000,Comedy,1990,True,False
817,312016928,Adventure,1990,False,False
2275,149705852,Thriller,1990,False,True
37135,448191819,Family,1990,False,True
298909,5154,Drama,1990,False,False
9032,234801895,Comedy,1990,True,True
8487,222104681,Action,1990,False,True
9473,83137603,Animation,1990,False,True
10279,19288130,Thriller,1990,False,False
25172,207496,Adventure,1990,False,False
65931,9100000,Animation,1990,False,True
35635,441973,Comedy,1990,True,False
2105,235483004,Comedy,1990,True,True
2667,248639099,Horror,1990,False,False
10208,22300000,Family,1990,False,True
9825,56870414,Horror,1990,False,False
257704,659398,Comedy,1990,True,False
16158,25059640,Comedy,1990,True,False
499727,26622,Horror,1990,False,False
345,162100000,Drama,1990,False,True
133575,2143,Drama,1990,False,False
12599,163649270,Adventure,1990,False,False
11618,177311151,Horror,1990,False,False
1812,2049595,Comedy,1990,True,False
332,134400000,Action,1990,False,True
10490,10571408,Comedy,1990,True,False
8914,164648142,Action,1990,False,True
4806,309457509,Comedy,1990,True,True
16406,27500000,Comedy,1990,True,True
10366,10667893,Action,1990,False,False
913,124305181,Drama,1990,False,False
10386,23159305,Family,1990,False,True
745,672806292,Mystery,1990,False,False
9824,29762011,Adventure,1990,False,True
10342,8946237,Comedy,1990,True,False
11353,98625775,Comedy,1990,True,True
9781,4217115,Comedy,1990,True,False
1911,61698899,Adventure,1990,False,False
17707,10115013,Drama,1990,False,True
10154,54264342,Comedy,1990,True,True
45464,2189278,Drama,1990,False,False
622,58401898,Mystery,1990,False,False
22314,14011454,Drama,1990,False,False
69427,500000,Action,1990,False,False
41902,1400000,Action,1990,False,False
2900,19598588,Drama,1990,False,False
25128,580372,Comedy,1990,True,False
2162,11263966,Action,1990,False,True
14578,7292175,Romance,1990,False,False
28463,6032000,Drama,1990,False,False
226,11540607,Crime,1990,False,False
166012,1400000,Thriller,1990,False,False
18681,17589705,Mystery,1990,False,False
38809,5241315,Drama,1990,False,False
25636,1300000,Comedy,1990,True,False
134210,200188,Drama,1990,False,False
26129,11580,Action,1990,False,False
10307,50041732,Horror,1990,False,False
11601,21133087,Horror,1990,False,False
59268,110765,Action,1990,False,False
60994,614202,Drama,1990,False,False
17771,7918035,Drama,1990,False,False
46686,40717,Action,1990,False,False
14,356296601,Drama,1990,False,False
50116,929606,Comedy,1990,True,False
2290,4956701,Comedy,1990,True,True
10400,73956241,Drama,1990,False,True
11001,117758500,Action,1990,False,True
10390,46112640,Drama,1990,False,True
2463,1866462,Drama,1990,False,False
10398,177841558,Thriller,1990,False,True
31023,7738129,Drama,1990,False,False
6415,108000000,Action,1990,False,False
11489,266665,Drama,1990,False,False
14429,22593409,Romance,1990,False,True
15198,8891623,Drama,1990,False,False
11075,359853,Horror,1990,False,False
14484,239894,Drama,1990,False,False
13824,30636478,Comedy,1990,True,True
302579,10508,Drama,1990,False,False
9439,1069154,Thriller,1990,False,False
496562,42660,Horror,1990,False,False
12618,74608570,Drama,1990,False,True
12220,58900031,Comedy,1990,True,True
404,6203044,Drama,1990,False,True
550,100853753,Drama,1990,False,True
29064,12600000,Horror,1990,False,False
42881,80226,Drama,1990,False,False
496587,21725,Fantasy,1990,False,False
1277,585604,Drama,1990,False,False
10496,10155690,Horror,1990,False,False
16162,34573780,Drama,1990,False,True
499735,5873,Horror,1990,False,False
8649,16800000,Drama,1990,False,True
496577,20540,Horror,1990,False,False
14271,500000,Documentary,1990,False,True
10047,66976317,Adventure,1990,False,True
17701,16946586,Documentary,1990,False,False
9008,60289912,Drama,1990,False,False
492,22863596,Comedy,1990,True,False
46286,11130,Comedy,1990,True,False
11377,40846082,Horror,1990,False,False
98480,33031,Romance,1990,False,False
108346,7,Romance,1990,False,False
26149,14859394,Music,1990,False,False
863,497366869,Animation,1990,False,False
10213,9617,Western,1990,False,False
9481,151493655,Drama,1990,False,True
170998,2300000,Action,1990,False,False
19052,5985690,Drama,1990,False,False
2020,36911617,Comedy,1990,True,False
66526,22000000,Thriller,1990,False,False
14430,52000,Comedy,1990,True,False
1832,31429330,Fantasy,1990,False,False
21349,18653615,Drama,1990,False,True
18561,3088,Crime,1990,False,False
16371,68416,Thriller,1990,False,False
36643,361832400,Adventure,1990,False,False
20565,300880,Documentary,1990,False,False
15723,3728888,Comedy,1990,True,False
2668,206071502,Drama,1990,False,True
22267,635096,Drama,1990,False,True
9946,211989043,Action,1990,False,False
55123,1281176,Comedy,1990,True,False
31582,4488529,Comedy,1990,True,False
24066,1943649,Comedy,1990,True,False
20024,10827816,Romance,1990,False,True
10402,65535067,Comedy,1990,True,False
334,48451803,Drama,1990,False,False
497,286801374,Fantasy,1990,False,True
10643,25037390,Action,1990,False,False
1439,113996937,Drama,1990,False,False
10137,300135367,Family,1990,False,True
2277,87423861,Science Fiction,1990,False,True
1715,88545092,Drama,1990,False,False
3558,48350205,Drama,1990,False,True
9563,100230832,Drama,1990,False,True
1850,47434430,Comedy,1990,True,True
30237,206128,Drama,1990,False,False
12524,2259680,Drama,1990,False,False
20761,8434146,Comedy,1990,True,False
1213,128798265,Thriller,1990,False,True
926,90683916,Comedy,1990,True,False
10397,13042112,Drama,1990,False,True
28216,507941,Documentary,1990,False,False
1443,10409377,Drama,1990,False,False
49948,60655420,Animation,1990,False,True
75031,10000,Drama,2000,True,False
397128,220000,Comedy,2000,False,False
1102104,100,Horror,2000,False,False
904112,300996,Animation,2000,False,False
511498,2883,Animation,2000,False,False
127290,5659,Animation,2000,False,False
17908,35547761,Comedy,2000,False,True
10471,59827328,Comedy,2000,False,False
10384,14828081,Science Fiction,2000,False,False
20067,1433668,Drama,2000,True,False
9674,11918069,Horror,2000,False,False
2360,26330482,Crime,2000,False,False
22230,688510,Comedy,2000,False,False
193932,500000,Action,2000,False,False
18168,802951,Comedy,2000,False,False
75531,3003296,Comedy,2000,False,True
22597,1744858,Comedy,2000,False,False
896920,21515,Animation,2000,False,False
4234,161834276,Horror,2000,False,False
1907,144056873,Drama,2000,True,False
29076,1631839,Action,2000,False,False
318,105983,Drama,2000,True,False
15655,45554533,Family,2000,False,True
77908,1160268,Drama,2000,True,False
15489,62464731,Comedy,2000,False,True
21378,5000000,Drama,2000,True,False
623147,100000,Documentary,2000,False,False
10385,51880044,Drama,2000,True,True
14181,28780255,Crime,2000,False,False
2787,53187659,Thriller,2000,False,False
2069,106371651,Comedy,2000,False,True
60579,4900000,History,2000,False,False
2155,32168970,Thriller,2000,False,False
25166,15427192,Comedy,2000,False,False
1831,24362772,Comedy,2000,False,True
552,8478434,Comedy,2000,False,False
20455,16600000,Fantasy,2000,False,False
10415,2061924,Drama,2000,True,False
44412,146193,Comedy,2000,False,False
2067,60874615,Science Fiction,2000,False,False
1283026,5,Comedy,2000,False,False
2046,12008642,Horror,2000,False,False
10867,14493284,Drama,2000,True,False
358783,385349,Comedy,2000,False,False
243,47126295,Drama,2000,True,False
462,256271286,Drama,2000,True,False
9532,112880294,Horror,2000,False,False
2085,91036760,Action,2000,False,True
9883,5058355,Comedy,2000,False,False
1900,207515725,Thriller,2000,False,False
37722,327418,Mystery,2000,False,False
13539,10873148,Romance,2000,False,False
44203,196200,Horror,2000,False,False
2332,64400000,Action,2000,False,False
11478,50802120,Crime,2000,False,True
10501,76432727,Family,2000,False,False
103152,798569,Drama,2000,True,False
51333,299792,Comedy,2000,False,False
64266,35000,Comedy,2000,False,False
16222,9902115,Drama,2000,True,True
10468,6219894,Comedy,2000,False,True
2621,36609995,Romance,2000,False,False
10479,71000000,War,2000,False,True
20697,12372410,Action,2000,False,True
1232649,2000000,Comedy,2000,False,False
1359,34266564,Thriller,2000,False,False
49035,6000000,Romance,2000,False,False
4967,59945183,Comedy,2000,False,False
21056,512451,Drama,2000,True,False
49721,369975,Comedy,2000,False,False
3536,127666415,War,2000,False,True
18041,5108820,Mystery,2000,False,True
14736,27728118,Comedy,2000,False,False
8653,24963,Drama,2000,True,False
10564,33771174,Comedy,2000,False,True
10559,68106245,Science Fiction,2000,False,False
889,59468275,Comedy,2000,False,True
98,465361176,Action,2000,False,True
51179,14693,Crime,2000,False,False
24977,21268532,Documentary,2000,False,False
21311,14400327,Romance,2000,False,True
69426,500000,Drama,2000,True,False
314156,66072,Comedy,2000,False,False
340975,1000,Horror,2000,False,False
20993,1080000,Action,2000,False,False
10560,26385941,Drama,2000,True,True
10688,1568749,Drama,2000,True,False
5491,29000000,Action,2000,False,True
19419,7201701,Action,2000,False,True
29946,5753678,Romance,2000,False,False
206412,112521,Comedy,2000,False,False
10873,8279017,Drama,2000,True,False
10567,354248063,Family,2000,False,True
9285,119754278,Comedy,2000,False,False
125760,51380,Drama,2000,True,False
955,546388105,Adventure,2000,False,True
69424,500000,Crime,2000,False,False
19094,1079726,Comedy,2000,False,False
8584,99274467,Adventure,2000,False,False
100122,3245033,Horror,2000,False,False
9600,173959438,Crime,2000,False,True
1193911,60,Comedy,2000,False,False
27099,326484,Romance,2000,False,False
131940,15000000,Romance,2000,False,False
9679,237202299,Action,2000,False,False
10394,30915,Action,2000,False,False
199324,1200000,Adventure,2000,False,False
479,107626125,Action,2000,False,True
44895,1404,Crime,2000,False,False
7450,36754634,Animation,2000,False,True
10571,20627372,Comedy,2000,False,False
55,20908467,Drama,2000,True,False
9519,236185,Crime,2000,False,False
2123,149270999,Comedy,2000,False,True
7443,224834564,Animation,2000,False,False
10558,676805,Horror,2000,False,False
2024,215294342,Drama,2000,True,True
3134,940944,Crime,2000,False,False
2133,325756637,Action,2000,False,True
17711,35134820,Family,2000,False,True
16,40031879,Drama,2000,True,False
146,213525736,Adventure,2000,False,True
894588,97464,Animation,2000,False,False
4244,110317580,Fantasy,2000,False,True
20770,2600000,Comedy,2000,False,False
4247,278019771,Comedy,2000,False,False
10991,68411275,Adventure,2000,False,False
36657,296339527,Adventure,2000,False,True
16110,19748009,Animation,2000,False,False
166255,10000000,Romance,2000,False,False
36047,5217498,Drama,2000,True,False
64526,4775,Action,2000,False,False
2655,291420351,Drama,2000,True,True
1051832,100,War,2000,False,False
12107,123307945,Fantasy,2000,False,True
6282,113916474,Comedy,2000,False,False
102176,5000,Comedy,2000,False,False
292890,190441,Drama,2000,True,False
20438,4,Comedy,2000,False,False
9383,190213455,Action,2000,False,True
157800,12000000,Comedy,2000,False,False
5551,128884132,Action,2000,False,True
27723,268117,Comedy,2000,False,False
32834,1,Comedy,2000,False,False
10393,50054511,Comedy,2000,False,True
47943,3818452,Thriller,2000,False,False
8843,104155843,Horror,2000,False,False
82103,560943,Drama,2000,True,True
23618,38251106,Comedy,2000,False,True
15940,313768,Comedy,2000,False,False
10562,1308242,Thriller,2000,False,False
11398,30199105,Crime,2000,False,True
46119,26394,Drama,2000,True,False
15999,151086,Animation,2000,False,False
1588,90449929,Comedy,2000,False,True
2089,37,Action,2000,False,False
29572,1800000,Romance,2000,False,True
14273,333843,Documentary,2000,False,False
134,71870729,Adventure,2000,False,True
18079,12413888,Crime,2000,False,False
78248,28,Drama,2000,True,False
107,83557872,Crime,2000,False,True
12211,15843608,Action,2000,False,False
22617,1075504,Drama,2000,True,False
29458,1805884,Drama,2000,True,False
32567,2452566,Documentary,2000,False,False
5001,8524534,Drama,2000,True,False
73534,90000,Drama,2000,True,False
12509,10994533,Drama,2000,True,False
56666,623791,Drama,2000,True,False
33994,47027,Drama,2000,True,False
10763,22844291,Comedy,2000,False,False
11978,82343495,Drama,2000,True,False
10499,671565,Drama,2000,True,False
40096,4903192,Comedy,2000,False,False
786,47386287,Drama,2000,True,True
12212,38574362,Horror,2000,False,True
25520,5164404,Drama,2000,True,False
13526,109130,Mystery,2000,False,False
71,109280263,Drama,2000,True,True
10637,136706683,Drama,2000,True,True
843,14204632,Drama,2000,True,False
33379,1443067,Comedy,2000,False,False
18292,241816,Drama,2000,True,False
51107,537,Drama,2000,True,True
47108,124994,Drama,2000,True,False
10687,148701,Drama,2000,True,True
12609,5595327,Adventure,2000,False,False
641,7390108,Crime,2000,False,False
34070,80334,Drama,2000,True,False
568173,100,Romance,2000,False,False
10461,19412993,Action,2000,False,True
1597,330444045,Comedy,2000,False,True
10481,183611771,Family,2000,False,True
77,39723096,Mystery,2000,False,False
10383,31355910,Horror,2000,False,False
9791,43805,Crime,2000,False,False
16888,13700000,Comedy,2000,False,False
6521,22428990,Drama,2000,True,False
240200,420000,Romance,2000,False,False
1636,90383208,Fantasy,2000,False,False
10647,55707411,Drama,2000,True,True
27181,126783,Drama,2000,True,False
33504,100957,Drama,2000,True,False
24100,27965865,Family,2000,False,False
11531,47737094,Mystery,2000,False,False
120128,1332906,Comedy,2000,False,False
161080,4275,Comedy,2000,False,False
7290,270813,Comedy,2000,False,False
378913,8,Crime,2000,False,False
4958,39459427,Drama,2000,True,True
4327,264105545,Action,2000,False,True
39468,11068800,Action,2000,False,False
1083207,113774,Drama,2000,True,False
9678,58292295,Comedy,2000,False,False
8870,33463969,Thriller,2000,False,True
8871,345823040,Family,2000,False,True
30970,95242,Drama,2000,True,False
10862,36779296,Drama,2000,True,False
55888,5708,Crime,2000,False,False
61841,28000,History,2000,False,False
16340,103291131,Family,2000,False,True
88660,400000,Romance,2000,False,False
8452,96085477,Science Fiction,2000,False,False
821331,35000,Romance,2000,False,False
10876,7060876,Drama,2000,True,False
9741,248118121,Thriller,2000,False,False
167426,924057,Comedy,2000,False,False
20637,779137,Crime,2000,False,False
240214,2,Comedy,2000,False,False
44947,3203,Drama,2000,True,False
112,16350876,Comedy,2000,False,False
11849,15185241,Drama,2000,True,False
11678,215663859,Adventure,2000,False,True
5994,124700000,Comedy,2000,False,True
327,15250000,Crime,2000,False,False
8859,73180723,Comedy,2000,False,True
3981,374111707,Comedy,2000,False,True
11925,24,Comedy,2000,False,False
11688,169327687,Adventure,2000,False,True
3176,30600000,Drama,2000,True,False
711,80049764,Drama,2000,True,False
34856,145969,Action,2000,False,False
132017,1443714,Comedy,2000,False,False
392,152500343,Comedy,2000,False,False
8358,429632142,Adventure,2000,False,True
10978,871351,Comedy,2000,False,False
1493,212000000,Comedy,2000,False,True
10577,47053625,Thriller,2000,False,False
43555,12963702,Comedy,2000,False,False
11973,34566746,Drama,2000,True,False
45861,240093,Drama,2000,True,False
281193,86000,Drama,2000,True,False
896246,5032,Animation,2000,False,False
1057421,100,Drama,2000,True,False
9989,18195610,Action,2000,False,False
9816,131706809,Drama,2000,True,False
461789,8100000,Action,2000,False,False
18828,31600000,Adventure,2000,False,False
69401,500000,Action,2000,False,False
11847,790144,Action,2000,False,False
25641,595005,Comedy,2000,False,False
5955,29419291,Crime,2000,False,True
25208,794481,Drama,2000,True,False
26446,5000000,Science Fiction,2000,False,False
10881,8826094,Action,2000,False,False
50562,411897,Documentary,2000,False,False
18734,1667192,Drama,2000,True,False
24936,10031529,Mystery,2000,False,False
10491,15705007,Mystery,2000,False,False
38717,517262,Adventure,2000,False,False
16723,13276953,Crime,2000,False,False
243115,314084,Animation,2000,False,False
153141,32395,Romance,2000,False,False
156143,700000,Comedy,2000,False,False
2018,94728529,Comedy,2000,False,True
19405,44460850,Science Fiction,2000,False,True
197182,5000,Comedy,2000,False,False
6312,70752904,Adventure,2000,False,False
197066,5000,Comedy,2000,False,False
23160,64974,Drama,2000,True,False
24940,13127022,Romance,2000,False,False
10984,16300000,Horror,2000,False,True
27324,318451,Horror,2000,False,False
31359,42700000,Comedy,2000,False,False
768,74558115,Horror,2000,False,True
9740,351692268,Crime,2000,False,True
10878,19351569,Comedy,2000,False,True
37857,6297,Drama,2000,True,False
183954,183530,Documentary,2000,False,False
39939,18492362,Comedy,2000,False,False
166821,432326,Science Fiction,2000,False,False
1921,65754228,Drama,2000,True,True
16300,71186502,Fantasy,2000,False,True
176215,124165,Drama,2000,True,False
12138,18720175,Action,2000,False,True
23685,5409517,Adventure,2000,False,True
6073,147845033,Action,2000,False,False
2749,56359980,Action,2000,False,False
17203,637769,Comedy,2000,False,False
73678,4810190,Romance,2000,False,False
71908,3167024,Drama,2000,True,False
575,13782896,Drama,2000,True,False
20309,12320393,Comedy,2000,False,True
853,96976270,Drama,2000,True,True
500064,32124,Horror,2000,False,False
10877,79958599,Action,2000,False,True
23550,215339,Drama,2000,True,False
10054,147934180,Action,2000,False,False
18017,671,Drama,2000,True,False
10833,57756408,Comedy,2000,False,False
132744,5900000,Action,2000,False,False
10646,23430766,Comedy,2000,False,True
12658,38689940,Comedy,2000,False,False
2575,28008462,Drama,2000,True,True
26791,852206,Crime,2000,False,False
1260923,550031,Action,2000,False,False
6935,1297401,Action,2000,False,False
4133,83282296,Crime,2000,False,False
56715,16176732,Comedy,2000,False,False
2043,105178561,Crime,2000,False,True
319065,5000,Documentary,2000,False,False
10956,30987695,Mystery,2000,False,True
59095,10000000,Fantasy,2000,False,False
16651,4720371,Action,2000,False,False
9290,39438674,Adventure,2000,False,False
634,281929795,Comedy,2000,False,True
1722,62112895,Drama,2000,True,True
13166,14343028,Comedy,2000,False,False
2144,13500000,Comedy,2000,False,False
1433,6582065,Fantasy,2000,False,False
467,7819851,Crime,2000,False,False
194,173921954,Comedy,2000,False,False
10477,54744738,Action,2000,False,True
24113,10372291,Comedy,2000,False,False
37982,11678,Science Fiction,2000,False,False
257496,291345,Drama,2000,True,False
1734,443280904,Adventure,2000,False,True
2057,35402320,Thriller,2000,False,False
47574,6831,Thriller,2000,False,False
54491,628387,Family,2000,False,False
10596,894844,Action,2000,False,False
9476,117487473,Adventure,2000,False,True
5852,29700000,Drama,2000,True,False
808,487853320,Animation,2000,False,False
115480,306737,Drama,2000,True,False
676,449220945,War,2000,False,False
342799,154751,Romance,2000,False,False
824,179213434,Drama,2000,True,True
62956,46352,Comedy,2000,False,False
9606,4035192,Animation,2000,False,False
398385,11000000,Drama,2000,True,False
14034,38400000,Action,2000,False,False
45480,1138807,Fantasy,2000,False,False
11090,84772742,Comedy,2000,False,False
500060,18412,Horror,2000,False,False
10865,186053725,Animation,2000,False,True
70101,65427,Romance,2000,False,False
1018,20271129,Thriller,2000,False,False
1365,44909486,Drama,2000,True,False
9397,98376292,Comedy,2000,False,True
69399,500000,Drama,2000,True,False
1391,33616692,Drama,2000,True,False
9705,147080413,Action,2000,False,True
1995,274703340,Adventure,2000,False,True
19666,8100000,Adventure,2000,False,False
9517,480811,Crime,2000,False,False
142631,4500000,Comedy,2000,False,False
37920,850225,Drama,2000,True,True
9799,207283925,Action,2000,False,True
10808,176104344,Comedy,2000,False,True
64880,1486992,Romance,2000,False,False
16161,29381649,Crime,2000,False,True
10691,16929123,Drama,2000,True,False
119545,804033,Horror,2000,False,False
644,235926552,Drama,2000,True,True
8922,59217789,Horror,2000,False,False
2114,85131830,Adventure,2000,False,True
4248,141220678,Comedy,2000,False,False
10992,93375151,Family,2000,False,True
11770,42776760,Action,2000,False,False
12600,28023563,Adventure,2000,False,False
2140,64437847,Action,2000,False,True
40723,9200,Drama,2000,True,False
8366,75675074,Comedy,2000,False,False
15745,5476060,Comedy,2000,False,False
11371,113579918,Action,2000,False,True
8835,141774679,Comedy,2000,False,False
11467,138191428,Comedy,2000,False,True
331,368780809,Adventure,2000,False,True
79359,3098924,Thriller,2000,False,False
129,274925095,Animation,2000,False,False
1548,8800000,Comedy,2000,False,False
14752,4099000,Drama,2000,True,False
869,362211740,Thriller,2000,False,True
196859,43719,Drama,2000,True,False
2171,295206,Comedy,2000,False,True
1933,209947037,Horror,2000,False,False
102391,2278425,Comedy,2000,False,False
9880,165335153,Comedy,2000,False,True
5175,347325802,Action,2000,False,False
35080,3646994,Drama,2000,True,False
16321,35000000,Fantasy,2000,False,False
309174,500000,Thriller,2000,False,False
2770,287553595,Comedy,2000,False,True
10972,1612259,Horror,2000,False,False
21055,1051948,Comedy,2000,False,False
12610,13596911,Adventure,2000,False,True
9896,85498534,Adventure,2000,False,True
364154,230000,Family,2000,False,False
256851,246,Animation,2000,False,False
13496,13678913,Western,2000,False,False
26602,19693891,Comedy,2000,False,True
2294,33788161,Comedy,2000,False,False
4012,1309316,Drama,2000,True,False
10016,14010832,Action,2000,False,False
15104,4574762,Comedy,2000,False,False
116695,1260921,Comedy,2000,False,False
184998,254380,Horror,2000,False,False
1364,7640680,Drama,2000,True,False
11065,16017403,Drama,2000,True,False
50035,4186931,Comedy,2000,False,False
12508,19334145,Music,2000,False,True
1791,9801375,Drama,2000,True,False
14033,4299141,Horror,2000,False,False
19058,163169,Action,2000,False,False
7501,12000000,Crime,2000,False,False
25462,22390000,Comedy,2000,False,False
11370,27053815,Adventure,2000,False,True
30379,6000000,Action,2000,False,False
46943,714,Action,2000,False,False
3640,4160475,Romance,2000,False,False
26895,52462,Drama,2000,True,False
28311,10002,Thriller,2000,False,False
1453767,12,Crime,2000,False,False
1453985,12,Crime,2000,False,False
33152,252706,Action,2000,False,False
441,1600000,Drama,2000,True,False
15720,2006391,Drama,2000,True,False
26056,70569,Drama,2000,True,False
4435,19000000,Action,2000,False,False
2176,23619609,Drama,2000,True,True
20857,40222729,Drama,2000,True,True
9597,13240767,Fantasy,2000,False,False
73981,2074000,Documentary,2000,False,False
10696,5271666,Drama,2000,True,True
12103,100020092,Thriller,2000,False,True
11313,24185781,Drama,2000,True,True
45864,1,Action,2000,False,False
9398,60780981,Comedy,2000,False,True
50819,342855,Comedy,2000,False,False
896236,7027,Animation,2000,False,False
15915,126,Drama,2000,True,False
9084,14846994,Animation,2000,False,True
34549,18634654,Comedy,2000,False,True
9778,77516304,Comedy,2000,False,False
2034,104876233,Action,2000,False,True
9428,71441250,Comedy,2000,False,False
10866,36642838,Mystery,2000,False,False
21325,16234,Drama,2000,True,False
233308,123021750,Comedy,2000,False,False
75151,100420,Drama,2000,True,False
17708,23978402,Action,2000,False,False
136767,645417,Adventure,2000,False,False
3172,67631903,Comedy,2000,False,False
31668,23000,Action,2000,False,False
11091,35743308,Comedy,2000,False,True
2100,27642707,Action,2000,False,False
9081,3176880,Animation,2000,False,False
167,50315140,Science Fiction,2000,False,True
11380,7316658,Horror,2000,False,False
141,7500000,Fantasy,2000,False,False
9378,68467960,Horror,2000,False,True
11456,54249294,Thriller,2000,False,True
2110,10366360,Drama,2000,True,False
9889,141069860,Comedy,2000,False,True
585,579707738,Animation,2000,False,False
23949,490475,Drama,2000,True,False
10796,72689126,Action,2000,False,True
120694,299171,Comedy,2000,False,False
31010,9266,Drama,2000,True,False
10856,1864185,Action,2000,False,False
5279,87754044,Drama,2000,True,False
11088,28500000,Action,2000,False,False
496582,20540,Horror,2000,False,False
11470,16951798,Horror,2000,False,False
25649,62100,Drama,2000,True,False
13408,10229331,Action,2000,False,False
671,976475550,Adventure,2000,False,True
12149,17423030,Drama,2000,True,False
1535,143049560,Action,2000,False,True
11469,33422806,Comedy,2000,False,True
2029,24272365,Comedy,2000,False,False
14369,14782676,Comedy,2000,False,False
31016,2402459,Comedy,2000,False,True
20794,2025238,Comedy,2000,False,False
1999,44763181,Drama,2000,True,False
8007,91753202,Action,2000,False,True
19076,1198113,Drama,2000,True,False
4965,8694320,Action,2000,False,False
11397,66468332,Comedy,2000,False,True
161,450717150,Thriller,2000,False,True
1613,12881605,Thriller,2000,False,False
8489,87713825,Drama,2000,True,True
1903,203388341,Mystery,2000,False,True
453,316800000,Drama,2000,True,True
11516,20217080,Documentary,2000,False,False
354817,3140000,Drama,2000,True,False
11889,16153953,Drama,2000,True,False
17180,77567,Action,2000,False,False
36243,20000000,Action,2000,False,False
120,871368364,Adventure,2000,False,False
6440,24690441,Drama,2000,True,False
11086,37317558,Drama,2000,True,False
8386,31155435,Comedy,2000,False,True
12589,80936232,Family,2000,False,True
12312,24516772,Comedy,2000,False,True
9696,80631,Action,2000,False,False
11232,76019048,Romance,2000,False,False
45303,756370,Thriller,2000,False,False
855,172989651,Action,2000,False,False
10950,92542418,Drama,2000,True,False
2104,60700,Action,2000,False,False
12660,741394,Drama,2000,True,True
10375,6632383,Action,2000,False,True
97754,1934806,Drama,2000,True,False
9962,16860964,Drama,2000,True,False
11022,12633747,Crime,2000,False,True
4107,773228,Drama,2000,True,False
27259,13102295,Horror,2000,False,False
11888,81000000,Comedy,2000,False,True
451396,1070000,Romance,2000,False,False
2165,595214,Thriller,2000,False,False
12205,1686839,Horror,2000,False,False
11362,75395048,Adventure,2000,False,False
2637,55305279,Drama,2000,True,False
10229,47494916,Drama,2000,True,True
2899,128027976,Family,2000,False,False
23132,12049825,Thriller,2000,False,False
13245,3786801,Fantasy,2000,False,False
20009,6413915,Comedy,2000,False,False
11468,676698,Crime,2000,False,False
9884,78382433,Action,2000,False,True
11535,25852764,Action,2000,False,False
11870,52970014,Family,2000,False,False
56836,2700000,Comedy,2000,False,False
11979,45479110,Drama,2000,True,True
16690,109862682,Adventure,2000,False,True
17130,61141030,Comedy,2000,False,True
10592,32287044,Drama,2000,True,False
8470,102244770,Drama,2000,True,False
409290,230,Crime,2000,False,False
309303,93059,Comedy,2000,False,False
200709,3400000,Science Fiction,2000,False,False
9274,3070158,Comedy,2000,False,False
10052,52322400,Thriller,2000,False,True
173336,1500000,Comedy,2000,False,False
97531,2860794,Action,2000,False,False
7294,921,Drama,2000,True,False
2752,95146283,Comedy,2000,False,True
10590,114660784,Action,2000,False,False
44725,13107237,Action,2000,False,False
2135,123729176,Science Fiction,2000,False,True
8434,8738101,Comedy,2000,False,False
56789,211848,Thriller,2000,False,False
13950,25482931,Action,2000,False,False
425,383257136,Animation,2000,False,True
15647,10013424,Comedy,2000,False,False
5851,77885672,Action,2000,False,True
64,64803131,Drama,2000,True,False
1576,102984862,Horror,2000,False,False
15028,38793283,Adventure,2000,False,True
9298,25900000,Comedy,2000,False,True
39541,163348,Drama,2000,True,False
36586,155010032,Fantasy,2000,False,False
6020,12517488,Comedy,2000,False,False
14635,75597042,Drama,2000,True,True
40002,210565,Comedy,2000,False,False
12112,5126264,Drama,2000,True,False
274431,27,Action,2000,False,False
184835,28149,Comedy,2000,False,False
4689,1954937,Action,2000,False,False
9275,8382938,Comedy,2000,False,True
4547,197079546,Crime,2000,False,True
11452,39241323,Comedy,2000,False,False
10611,77063924,Comedy,2000,False,False
2185,8493890,Action,2000,False,False
11560,63781810,Drama,2000,True,True
1537,94935764,Thriller,2000,False,True
455,76578641,Comedy,2000,False,False
484330,14720,Horror,2000,False,False
11812,68696770,Romance,2000,False,False
30301,347548,Drama,2000,True,False
52290,281517,Drama,2000,True,False
437,3563603,Thriller,2000,False,False
15761,6000000,Action,2000,False,False
276689,42250,Drama,2000,True,False
18221,163333893,Documentary,2000,False,False
9334,165333180,Action,2000,False,True
266167,125734,Drama,2000,True,False
18323,1347988,Drama,2000,True,False
49518,13000000,Action,2000,False,False
8346,368744044,Comedy,2000,False,False
11892,56714147,Crime,2000,False,True
16643,16872671,Comedy,2000,False,True
19085,14904,Drama,2000,True,False
245,129000000,Drama,2000,True,True
9280,16830252,Mystery,2000,False,False
1051840,100,Drama,2000,True,False
557,821708551,Fantasy,2000,False,True
69419,500000,Action,2000,False,False
54474,809000,War,2000,False,False
13441,1260761,Comedy,2000,False,False
10389,1766761,Horror,2000,False,False
11880,3537283,Horror,2000,False,False
10985,31167388,Comedy,2000,False,False
15155,3020784,Drama,2000,True,False
2251,119137784,Thriller,2000,False,False
83902,8000000,Romance,2000,False,False
14365,7775138,Thriller,2000,False,False
15136,810243,Action,2000,False,True
23986,11047,Drama,2000,True,False
1894,649398328,Adventure,2000,False,False
25461,2816116,Drama,2000,True,False
17774,297835,Action,2000,False,False
47226,7406,Drama,2000,True,False
14633,105656,Drama,2000,True,False
1957,51801187,Drama,2000,True,False
979,6500000,Drama,2000,True,False
16646,6723732,Drama,2000,True,False
251053,156021,Drama,2000,True,False
125948,302506,Crime,2000,False,False
90634,14000000,Drama,2000,True,False
9023,122563539,Animation,2000,False,False
320,113714830,Thriller,2000,False,True
63265,481199,Drama,2000,True,False
12277,41604473,Action,2000,False,True
4614,193921372,Thriller,2000,False,True
3132,65977295,Action,2000,False,False
9583,73839240,Comedy,2000,False,False
69725,1453555,Action,2000,False,False
9637,275650703,Mystery,2000,False,True
555595,1352928,Drama,2000,True,False
2501,214034224,Action,2000,False,True
12100,77628265,War,2000,False,False
1555,3897799,Drama,2000,True,False
1615,4508104,Comedy,2000,False,False
180,358372926,Action,2000,False,True
25853,144008,Crime,2000,False,False
57022,3369654,Drama,2000,True,False
11544,273144151,Animation,2000,False,True
2022,171269535,Comedy,2000,False,True
17710,15249308,Animation,2000,False,True
14293,563711,Comedy,2000,False,False
11442,37664855,Horror,2000,False,False
608,445135288,Action,2000,False,True
59387,16426471,Animation,2000,False,True
312927,225000,Action,2000,False,False
69418,500000,Drama,2000,True,False
6278,82150183,Adventure,2000,False,False
54117,1691811,Horror,2000,False,False
15917,13311117,Drama,2000,True,False
14672,6500000,Comedy,2000,False,False
4147,181001478,Crime,2000,False,True
10751,144192,Action,2000,False,False
33875,20867919,Animation,2000,False,False
31477,10000000,Music,2000,False,False
8869,45867333,Action,2000,False,True
15070,14946150,Drama,2000,True,False
15370,54016370,Adventure,2000,False,False
39141,2891288,Drama,2000,True,False
8665,35168966,Drama,2000,True,True
10996,169956806,Family,2000,False,True
79,177394432,Drama,2000,True,False
18357,18012097,Adventure,2000,False,True
17043,33082548,Family,2000,False,False
818,296938801,Comedy,2000,False,False
885360,2001,Drama,2000,True,False
41955,340312,Action,2000,False,False
20337,19184015,Comedy,2000,False,True
34081,68716,Crime,2000,False,False
2675,408247917,Drama,2000,True,False
15186,3438804,Comedy,2000,False,False
13908,43411001,Comedy,2000,False,True
9488,119723358,Action,2000,False,False
13439,442000,Drama,2000,True,False
9266,51842679,Adventure,2000,False,True
92384,833779,Drama,2000,True,False
9544,18902015,Horror,2000,False,True
9573,31794718,Thriller,2000,False,True
7451,277448382,Action,2000,False,True
12590,2622015,Thriller,2000,False,False
54119,4,Documentary,2000,False,False
796523,130,Horror,2000,False,False
29047,1434436,Documentary,2000,False,False
11692,7103973,Action,2000,False,False
158838,10965812,Science Fiction,2000,False,False
9357,52223306,Drama,2000,True,False
35024,984936,Comedy,2000,False,False
70527,286000,Comedy,2000,False,False
12093,1007747,Crime,2000,False,False
9296,19576023,Science Fiction,2000,False,False
12771,16930185,Comedy,2000,False,False
277751,2187305,Action,2000,False,False
1360,56298474,Drama,2000,True,False
8094,20957001,Drama,2000,True,False
598,30641770,Drama,2000,True,False
7090,447741,Drama,2000,True,False
5493,73060,Action,2000,False,False
21925,13308,Documentary,2000,False,False
66085,314195,Romance,2000,False,False
1740,5744968,Comedy,2000,False,False
10712,29027914,Drama,2000,True,False
22016,7727906,Crime,2000,False,False
20616,34411240,Thriller,2000,False,True
13536,22433915,Crime,2000,False,True
35265,384336,Drama,2000,True,False
9093,29882645,Action,2000,False,True
51927,97000,Documentary,2000,False,False
31005,10011050,Romance,2000,False,False
31932,1277187,Thriller,2000,False,False
26793,52047,Drama,2000,True,False
9685,4777465,Comedy,2000,False,False
12770,14277032,Action,2000,False,True
18072,102471,Drama,2000,True,False
78528,505675,Comedy,2000,False,False
33320,37641,Animation,2000,False,False
423,120072577,Drama,2000,True,False
83505,410474,Drama,2000,True,False
11013,9304609,Comedy,2000,False,False
10550,19924033,Action,2000,False,True
34341,4245870,Comedy,2000,False,False
33693,76901,Drama,2000,True,False
20689,5227348,Crime,2000,False,False
9039,13414416,Action,2000,False,True
9034,38068353,Comedy,2000,False,False
22707,405331,Documentary,2000,False,False
10605,429189,Horror,2000,False,False
167495,60,Documentary,2000,False,False
43071,1254978,Drama,2000,True,False
11529,180622424,Comedy,2000,False,False
10771,104391623,Thriller,2000,False,False
54580,146402,Drama,2000,True,False
50123,249204,Action,2000,False,False
30125,1691017,Romance,2000,False,False
9557,8586376,Comedy,2000,False,False
10133,898365,Thriller,2000,False,False
30072,10113733,Drama,2000,True,True
4108,43928932,Action,2000,False,False
9533,209196298,Crime,2000,False,True
37964,27362712,Comedy,2000,False,True
12576,2270658,Drama,2000,True,False
1430,35564473,Documentary,2000,False,False
1809,11832822,Drama,2000,True,False
11056,33988736,Horror,2000,False,False
10599,41323171,Comedy,2000,False,False
13768,19158074,Drama,2000,True,True
12779,598645,Comedy,2000,False,False
15992,10719357,Drama,2000,True,True
49872,100477,Comedy,2000,False,False
35712,105090,Drama,2000,True,False
30309,7700000,Comedy,2000,False,False
37748,1947000,Comedy,2000,False,False
11838,3657876,Horror,2000,False,False
14112,2062066,Crime,2000,False,False
565,249348933,Horror,2000,False,False
8439,217201,Documentary,2000,False,False
51378,1157477,Comedy,2000,False,False
9012,64282312,Comedy,2000,False,True
13098,3090862,Action,2000,False,False
9645,68349884,Horror,2000,False,True
8051,24665649,Romance,2000,False,True
8427,51386477,Action,2000,False,True
9021,172842355,Fantasy,2000,False,True
170,85720385,Horror,2000,False,False
16028,12840842,Horror,2000,False,False
20861,466664,Drama,2000,True,False
12496,7338987,Drama,2000,True,False
12636,16000000,Action,2000,False,False
24488,231800,Drama,2000,True,False
65,242875078,Drama,2000,True,False
161244,3,Drama,2000,True,False
672,876688482,Adventure,2000,False,True
558103,139622,Thriller,2000,False,False
10855,78340,Action,2000,False,False
4377,2609,Drama,2000,True,False
71480,1155954,Horror,2000,False,False
59851,1044665,Thriller,2000,False,False
10167,19233280,Crime,2000,False,False
36669,431971116,Adventure,2000,False,False
490358,50000,Romance,2000,False,False
17187,16318449,Drama,2000,True,True
10426,33526835,Comedy,2000,False,False
8198,27674124,Romance,2000,False,False
9016,109578115,Adventure,2000,False,True
2103,30002758,Drama,2000,True,True
15074,10959475,Action,2000,False,True
13376,23833131,Animation,2000,False,True
99116,2000000,Romance,2000,False,False
152512,400000,Drama,2000,True,False
1836,31046,Drama,2000,True,False
10918,1868949,Comedy,2000,False,False
7299,5359645,Action,2000,False,False
256231,355974,Comedy,2000,False,False
72996,157613,Drama,2000,True,False
2757,32801173,Comedy,2000,False,True
13369,18591272,Crime,2000,False,True
9932,55003135,Comedy,2000,False,True
1574,306776732,Comedy,2000,False,False
10775,8708932,Drama,2000,True,False
2755,105834556,Drama,2000,True,False
7303,154906693,Comedy,2000,False,False
13497,57588485,Drama,2000,True,False
21118,261603,Comedy,2000,False,False
11852,54639553,Comedy,2000,False,False
201,67312826,Science Fiction,2000,False,True
4911,12150301,Crime,2000,False,False
3131,193772504,Drama,2000,True,False
640,352114312,Drama,2000,True,False
121,926287400,Adventure,2000,False,False
2642,199043242,Comedy,2000,False,False
13435,23367586,Drama,2000,True,True
1429,23932055,Crime,2000,False,False
81083,37000,Comedy,2000,False,False
20656,12000000,Romance,2000,False,False
36928,438227,Drama,2000,True,False
590,41597830,Drama,2000,True,True
15395,223426,Comedy,2000,False,False
4912,33013805,Comedy,2000,False,False
313508,20000,Documentary,2000,False,False
112961,10550,Comedy,2000,False,False
273566,15,Comedy,2000,False,False
23898,684231,Drama,2000,True,False
1110727,5000,Animation,2000,False,False
11572,8500,Animation,2000,False,False
49612,482902,Animation,2000,False,False
884033,227186,Comedy,2000,False,False
12090,101564935,Comedy,2000,False,True
80483,2464202,Drama,2000,True,False
23626,604856,Comedy,2000,False,False
43544,6005497,Comedy,2000,False,False
65292,1372469,Crime,2000,False,False
11329,80154140,Drama,2000,True,False
10519,9378807,Comedy,2000,False,False
26899,62852,Drama,2000,True,False
48391,5481471,Thriller,2000,False,False
95980,570756,Drama,2000,True,False
9582,17432163,Comedy,2000,False,False
11078,50097949,Action,2000,False,True
22958,735992,Comedy,2000,False,False
13573,343847,Crime,2000,False,False
14455,2487338,Action,2000,False,False
49890,783544,Drama,2000,True,False
9316,20112926,Action,2000,False,False
69632,9700000,Action,2000,False,False
41884,177098,Crime,2000,False,False
2334,65497208,Action,2000,False,False
1088,41400000,Drama,2000,True,False
9358,90941129,Horror,2000,False,False
12253,23510601,Action,2000,False,False
21276,128016,Adventure,2000,False,False
1647,101191884,Action,2000,False,False
38210,8785730,Comedy,2000,False,False
6038,88323487,Action,2000,False,False
496533,750000,Thriller,2000,False,False
9919,177502387,Comedy,2000,False,True
14873,135680000,Family,2000,False,False
338,79384880,Comedy,2000,False,False
9480,179179718,Fantasy,2000,False,True
11635,87135520,Comedy,2000,False,False
11615,38955598,Drama,2000,True,True
15824,1219595,Drama,2000,True,False
30200,2871092,Comedy,2000,False,False
41070,1156728,Horror,2000,False,False
16072,12923936,Drama,2000,True,True
29987,15530077,Drama,2000,True,False
10623,56489558,Action,2000,False,True
56427,136000000,Action,2000,False,False
44727,14817006,Action,2000,False,False
570041,175000,Documentary,2000,False,False
322,156822020,Thriller,2000,False,True
13819,4561105,Drama,2000,True,False
20,12300000,Drama,2000,True,False
10678,132675402,Comedy,2000,False,False
9567,86468162,War,2000,False,True
17457,3639926,Action,2000,False,False
4612,7016,Action,2000,False,False
10632,34234008,Drama,2000,True,False
10929,8564586,Horror,2000,False,False
9486,160583018,Adventure,2000,False,False
10923,58795814,Action,2000,False,False
21052,723000,Crime,2000,False,False
13691,62870546,Animation,2000,False,True
48891,19,Thriller,2000,False,False
6171,75700000,Drama,2000,True,False
11523,19526014,Comedy,2000,False,False
10544,6585516,Action,2000,False,False
10735,50732139,Comedy,2000,False,True
11817,37713879,Action,2000,False,False
9776,37788228,Comedy,2000,False,False
9341,74208267,Action,2000,False,True
71792,6890947,Action,2000,False,False
26841,700000,Comedy,2000,False,False
8409,44350926,Action,2000,False,False
1817,97837138,Thriller,2000,False,False
17345,37000,Drama,2000,True,False
13411,34000000,Comedy,2000,False,True
24982,17040871,Documentary,2000,False,True
15603,7888102,Comedy,2000,False,False
27744,1675596,Drama,2000,True,False
9506,195745823,Comedy,2000,False,True
2662,17949758,Horror,2000,False,False
311777,1500000,Adventure,2000,False,False
11059,13818181,Horror,2000,False,False
10152,39267515,Comedy,2000,False,False
24621,6126237,Comedy,2000,False,True
13370,18750246,Comedy,2000,False,True
8326,71406573,Adventure,2000,False,True
10782,42792561,Action,2000,False,True
19153,5345083,Documentary,2000,False,True
46989,464000,Drama,2000,True,False
10743,23014206,Action,2000,False,False
2832,90259536,Mystery,2000,False,True
38868,34837,Documentary,2000,False,False
36658,407711549,Adventure,2000,False,True
26488,1819410,Comedy,2000,False,False
15394,1271244,Crime,2000,False,False
10894,264349,Comedy,2000,False,False
18736,55534455,Family,2000,False,True
11423,26000000,Crime,2000,False,False
69415,500000,Action,2000,False,False
46025,398016,Fantasy,2000,False,False
10720,20298207,Comedy,2000,False,False
630466,650000,Drama,2000,True,False
10708,164433867,Comedy,2000,False,False
3515,490964,Drama,2000,True,False
604,738599701,Adventure,2000,False,False
11196,59466,Action,2000,False,False
15443,48000,Comedy,2000,False,False
11019,19292500,Documentary,2000,False,False
553,16680836,Crime,2000,False,False
9373,107363905,Horror,2000,False,False
302,22441323,Crime,2000,False,False
5146,26800000,Action,2000,False,True
310,484592874,Fantasy,2000,False,True
9902,28650575,Horror,2000,False,True
107937,9600000,Horror,2000,False,False
9654,176070171,Action,2000,False,True
12,940335536,Animation,2000,False,False
2260,4076990,Documentary,2000,False,False
821114,500000,Animation,2000,False,False
584,236350661,Action,2000,False,True
321,3031801,Comedy,2000,False,False
11375,51142659,Action,2000,False,True
9662,14776760,Animation,2000,False,False
673396,50000,Thriller,2000,False,False
4252,18000000,Comedy,2000,False,False
4552,1062878,Drama,2000,True,False
20694,55443032,Animation,2000,False,True
116545,604093,Comedy,2000,False,False
44181,527000,Comedy,2000,False,False
10226,6291958,Horror,2000,False,False
1927,245360480,Science Fiction,2000,False,True
31246,4922166,Comedy,2000,False,False
17813,15368897,Comedy,2000,False,False
11659,2693053,Drama,2000,True,False
11190,8482993,Drama,2000,True,False
9471,259175788,Action,2000,False,True
17473,1752988,Comedy,2000,False,False
64066,5000,Romance,2000,False,False
301616,100,Music,2000,False,False
10327,124914842,Comedy,2000,False,False
296,435000000,Action,2000,False,True
14411,80767884,Family,2000,False,False
4592,308641,Comedy,2000,False,False
21059,148047,Comedy,2000,False,False
3177,14902587,Action,2000,False,False
95140,16324,Action,2000,False,False
80805,5700000,Action,2000,False,False
22,655011224,Adventure,2000,False,True
10629,9439660,Drama,2000,True,False
8698,179265204,Fantasy,2000,False,True
1043673,10000,Documentary,2000,False,False
13512,189634,Action,2000,False,False
10470,6996083,Animation,2000,False,False
8961,273339556,Adventure,2000,False,True
55384,170030016,Action,2000,False,False
36218,334000000,Family,2000,False,False
1520293,170030016,Action,2000,False,False
1996,160099222,Action,2000,False,True
4464,148336445,Drama,2000,True,True
15755,13630720,Documentary,2000,False,False
12279,197011982,Action,2000,False,False
45482,1081224,Action,2000,False,False
8273,231449203,Comedy,2000,False,True
8046,7266209,Comedy,2000,False,True
62276,1600000,Crime,2000,False,False
10330,160846332,Comedy,2000,False,True
418319,2523306,Comedy,2000,False,False
9499,12991996,Drama,2000,True,False
9257,116643346,Action,2000,False,True
11351,63102666,Horror,2000,False,False
30806,547333,Action,2000,False,False
14926,44617342,Family,2000,False,False
197057,234748,Drama,2000,True,False
11547,30553395,Horror,2000,False,False
2771,6003587,Comedy,2000,False,False
117322,1100000,Drama,2000,True,False
9666,70700000,Horror,2000,False,False
6466,116643421,Horror,2000,False,False
20210,5141166,Action,2000,False,False
784689,11067556,Adventure,2000,False,False
273578,352571,Family,2000,False,False
32316,1675706,Comedy,2000,False,True
30287,237679,Comedy,2000,False,False
30246,243347,Crime,2000,False,False
75076,2028752,Drama,2000,True,False
16941,4856298,Comedy,2000,False,False
15177,2575055,Comedy,2000,False,False
1361683,282540,Comedy,2000,False,False
2055,68296293,Western,2000,False,False
13433,4098613,Drama,2000,True,False
1278,15121165,Drama,2000,True,False
11775,119940815,Comedy,2000,False,True
8696,96542059,Drama,2000,True,False
27090,8466,Crime,2000,False,False
33339,1628154,Comedy,2000,False,False
9616,11560806,Drama,2000,True,True
500071,83051,Horror,2000,False,False
883,7897645,Comedy,2000,False,False
11194,13885802,Documentary,2000,False,False
385462,151200,Crime,2000,False,False
1415,742898,Comedy,2000,False,False
29006,958867,Crime,2000,False,False
470,60427839,Drama,2000,True,False
60013,321000,Comedy,2000,False,False
246,34196922,Adventure,2000,False,False
508,244931766,Comedy,2000,False,True
126104,33731,Comedy,2000,False,False
11420,4500000,Documentary,2000,False,False
10105,1310470,War,2000,False,False
30973,4078741,Drama,2000,True,False
1428,98185582,Action,2000,False,True
287974,15679,Documentary,2000,False,False
44513,38150,Drama,2000,True,False
48382,1672730,Adventure,2000,False,False
7270,65565672,Comedy,2000,False,True
45862,168406,Horror,2000,False,False
38530,200219,Drama,2000,True,False
11197,528245,Drama,2000,True,False
22309,30238577,Comedy,2000,False,True
337,11576431,Drama,2000,True,False
153,119723856,Drama,2000,True,False
54148,12212123,Comedy,2000,False,False
12767,29119434,Mystery,2000,False,False
113,8945072,Drama,2000,True,False
277,95708457,Fantasy,2000,False,False
1807,10012022,Crime,2000,False,False
10934,58878723,Romance,2000,False,False
14797,6106178,Drama,2000,True,True
11042,3432342,Comedy,2000,False,False
10159,80916492,Adventure,2000,False,True
9775,959831,Drama,2000,True,False
11427,77000000,Mystery,2000,False,False
237,2500000,Drama,2000,True,False
7288,19322135,Comedy,2000,False,False
11647,3208262,Action,2000,False,False
10755,5049136,Comedy,2000,False,False
39839,4800000,Drama,2000,True,False
50538,2014071,Horror,2000,False,False
14527,460978,Action,2000,False,False
1584,131095990,Comedy,2000,False,True
2116,55495563,Thriller,2000,False,False
10719,225097437,Comedy,2000,False,False
24,180906076,Action,2000,False,False
18927,31651,Action,2000,False,False
1486359,100,Comedy,2000,False,False
28200,10000000,Drama,2000,True,False
198727,770000,Drama,2000,True,False
10944,23726793,Drama,2000,True,False
4997,2466444,Crime,2000,False,False
10009,250397798,Adventure,2000,False,False
30141,337174,Comedy,2000,False,True
13920,53293628,Drama,2000,True,True
4256,220673217,Comedy,2000,False,False
83,54667954,Drama,2000,True,False
10922,24900000,Drama,2000,True,False
5653,29413900,Drama,2000,True,False
1480525,1,Music,2000,False,False
43708,320092,Comedy,2000,False,False
9694,16200000,Horror,2000,False,False
605,424988211,Adventure,2000,False,False
21525,7808524,Music,2000,False,True
13537,2944752,Drama,2000,True,False
59210,1062253,Drama,2000,True,False
8619,212011111,Adventure,2000,False,True
10715,68514844,Animation,2000,False,True
47960,21024,Drama,2000,True,False
1001919,400,Documentary,2000,False,False
278813,101358,Drama,2000,True,False
5204,1277800,Thriller,2000,False,False
63237,936443,Comedy,2000,False,False
10588,133800000,Comedy,2000,False,True
670,15194593,Drama,2000,True,False
4970,141591324,Horror,2000,False,False
19277,293671,Action,2000,False,False
10028,62646763,Music,2000,False,True
866560,5,Horror,2000,False,False
10756,182290266,Thriller,2000,False,True
9562,43935763,Action,2000,False,True
6414,638317,Drama,2000,True,False
12146,38364277,Thriller,2000,False,True
10744,10400000,Romance,2000,False,False
10147,76490720,Drama,2000,True,True
44514,4032296,Adventure,2000,False,False
122,1118888979,Adventure,2000,False,False
42671,2171000,Thriller,2000,False,False
2056,8679814,Drama,2000,True,False
5846,1831166,Action,2000,False,False
616,456758981,Drama,2000,True,True
1792,65784503,Comedy,2000,False,True
16930,1033000,Comedy,2000,False,False
21542,21964072,Comedy,2000,False,False
6964,266728738,Drama,2000,True,True
3635,31466789,Drama,2000,True,False
918929,49240,Mystery,2000,False,False
39469,12000000,Action,2000,False,False
10601,121975011,Adventure,2000,False,True
71571,541824,Animation,2000,False,False
11093,16942795,Drama,2000,True,False
718598,773838,Comedy,2000,False,False
11007,190212113,Comedy,2000,False,True
367043,50000,Comedy,2000,False,False
504,60378584,Crime,2000,False,False
2289,173013509,Drama,2000,True,False
587,123218424,Adventure,2000,False,True
52036,2281585,Romance,2000,False,False
9620,95427515,Action,2000,False,True
79282,4274679,Fantasy,2000,False,False
1379543,20,Comedy,2000,False,False
31093,9496,Comedy,2000,False,False
32229,36635,Action,2000,False,False
1028759,100,Thriller,2000,False,False
897439,78,Animation,2000,False,False
15483,3368452,Horror,2000,False,False
69414,500000,Drama,2000,True,False
14844,12195626,Comedy,2000,False,False
1034243,500,Animation,2000,False,False
12281,603943,Crime,2000,False,True
41392,429328,Thriller,2000,False,False
11588,72962,Thriller,2000,False,False
18889,2586511,Documentary,2000,False,False
5966,178311729,Comedy,2000,False,False
10718,46546197,Action,2000,False,True
24034,6491969,Animation,2000,False,True
1954,96060858,Science Fiction,2000,False,False
27091,15247,Drama,2000,True,False
9372,28575078,Documentary,2000,False,False
436,12450821,Drama,2000,True,False
21301,65070412,Comedy,2000,False,False
13193,10100000,Comedy,2000,False,False
13476,16980098,Comedy,2000,False,False
15775,3000000,Fantasy,2000,False,False
21665,6546059,Action,2000,False,False
21778,14054361,Comedy,2000,False,False
15708,819939,Drama,2000,True,False
12634,6808550,Comedy,2000,False,False
2023,108103450,Western,2000,False,False
21200,10485817,Drama,2000,True,False
26,444,Drama,2000,True,False
50289,3226688,Adventure,2000,False,False
20483,16951702,Family,2000,False,True
14292,64445708,Drama,2000,True,True
1653,57663224,Drama,2000,True,False
11430,1465,Family,2000,False,True
9470,102034104,Action,2000,False,True
1824,196482882,Comedy,2000,False,True
62495,482361,Drama,2000,True,False
311571,887613,Action,2000,False,False
29979,371396,Action,2000,False,False
11132,29331068,Comedy,2000,False,True
60672,40152148,Action,2000,False,False
9352,20796847,Comedy,2000,False,False
37952,64424,Drama,2000,True,False
306505,335959,Comedy,2000,False,False
25379,1775619,Adventure,2000,False,False
8842,6432551,Romance,2000,False,True
16668,1163450,Comedy,2000,False,False
16784,14000000,Comedy,2000,False,True
12086,3187700,Drama,2000,True,False
615,611899420,Drama,2000,True,False
13572,40954603,Action,2000,False,True
47549,389486,Drama,2000,True,False
11217,5001655,Comedy,2000,False,False
10677,27685016,Drama,2000,True,False
205,38000000,Drama,2000,True,False
1279,328161,Drama,2000,True,False
9384,170268750,Comedy,2000,False,True
44728,13422333,Animation,2000,False,False
12140,9789651,Animation,2000,False,False
363,11030861,Drama,2000,True,False
1586,92913171,Mystery,2000,False,True
17047,28818995,Comedy,2000,False,False
16729,11837022,Drama,2000,True,False
13443,20000000,Documentary,2000,False,False
11169,8112712,Mystery,2000,False,False
10927,2844511,Animation,2000,False,False
140,40266982,Drama,2000,True,False
56655,261085,Drama,2000,True,False
924,102278712,Horror,2000,False,True
11081,65470529,Crime,2000,False,True
38,72258126,Science Fiction,2000,False,False
11024,181466833,Mystery,2000,False,True
5516,76700000,Comedy,2000,False,False
579542,113000,Drama,2000,True,False
9541,35492921,Comedy,2000,False,False
20304,5923000,Action,2000,False,False
161175,11000000,Drama,2000,True,False
33916,17393,Crime,2000,False,False
59979,150000,Drama,2000,True,False
1487,99318987,Fantasy,2000,False,True
13700,145358062,Animation,2000,False,True
11358,57223888,Adventure,2000,False,False
11141,30031874,Comedy,2000,False,False
2122,26155781,Comedy,2000,False,False
19084,31179516,Comedy,2000,False,False
12703,365734,Drama,2000,True,False
1997,62172050,Adventure,2000,False,False
10733,25819961,History,2000,False,False
21522,1344920,Thriller,2000,False,False
60222,2500000,Comedy,2000,False,False
10591,31635150,Comedy,2000,False,True
14442,27388767,Family,2000,False,False
747,30097092,Horror,2000,False,True
76684,39000000,Comedy,2000,False,False
48870,25280,Drama,2000,True,False
10096,96455697,Comedy,2000,False,True
7220,54700105,Action,2000,False,False
393,152159461,Action,2000,False,False
496560,21330,Horror,2000,False,False
15673,11341016,Music,2000,False,True
11633,1461989,Animation,2000,False,False
32141,3481387,Comedy,2000,False,False
8357,10000000,Documentary,2000,False,False
9509,130293714,Action,2000,False,False
11662,12353768,Drama,2000,True,False
26254,376612,Documentary,2000,False,False
13373,11782282,Comedy,2000,False,False
10625,130126277,Comedy,2000,False,True
11058,30120671,Drama,2000,True,False
38089,788172,Comedy,2000,False,False
16635,1491434,Romance,2000,False,False
7131,300257475,Horror,2000,False,True
221099,85252,Drama,2000,True,False
11025,21289826,Comedy,2000,False,True
16617,21148829,Mystery,2000,False,False
42849,310000,Action,2000,False,False
652,497409852,Adventure,2000,False,True
10296,1228003,Drama,2000,True,False
12653,432671,Action,2000,False,False
16428,12500000,Comedy,2000,False,False
40990,73788,Crime,2000,False,False
16427,10057021,Comedy,2000,False,False
58014,28146,Crime,2000,False,False
1843,127067,Documentary,2000,False,False
20511,783778,Crime,2000,False,False
19180,574672,Thriller,2000,False,False
842,3537961,Drama,2000,True,False
8981,1656829,Drama,2000,True,False
809,928760770,Animation,2000,False,False
9550,92863945,Adventure,2000,False,False
71183,5290177,Comedy,2000,False,False
844,20205757,Drama,2000,True,False
43410,6700000,Action,2000,False,False
43670,174318,Drama,2000,True,False
435,552639571,Action,2000,False,True
4599,49718611,Drama,2000,True,False
28219,365248,Drama,2000,True,False
4253,1878702,Romance,2000,False,False
12657,14822346,Romance,2000,False,False
11282,23936908,Comedy,2000,False,False
673,789804554,Adventure,2000,False,True
25956,1898606,Drama,2000,True,False
45305,354641,Action,2000,False,False
10103,5331377,Comedy,2000,False,False
131932,928391,Comedy,2000,False,False
51363,159429,Drama,2000,True,False
46536,10000000,Romance,2000,False,False
600046,17159458,Drama,2000,True,False
9890,102000000,Comedy,2000,False,True
8920,200804534,Animation,2000,False,True
1218617,4000,Documentary,2000,False,False
2789,115772733,Action,2000,False,False
8193,46118097,Comedy,2000,False,True
16232,21800302,Comedy,2000,False,False
80,15992615,Drama,2000,True,False
36423,21,Drama,2000,True,False
10204,72178895,Action,2000,False,True
594,219417255,Comedy,2000,False,False
9472,167722310,Comedy,2000,False,True
21175,4600000,War,2000,False,False
16605,1482316,Drama,2000,True,False
12153,113086475,Comedy,2000,False,True
21198,6782283,Horror,2000,False,False
11036,115603229,Romance,2000,False,False
558,788976453,Action,2000,False,True
1777,222446882,Documentary,2000,False,False
541526,5224221,Horror,2000,False,False
3040,50336279,Fantasy,2000,False,True
301121,850000,Comedy,2000,False,False
8699,90574188,Comedy,2000,False,False
10742,12520799,Drama,2000,True,False
15237,18400000,Drama,2000,True,False
4553,8203235,Thriller,2000,False,True
48732,314402,Documentary,2000,False,True
9393,3764219,Drama,2000,True,False
1170844,2,Crime,2000,False,False
9477,203567857,Adventure,2000,False,False
69871,3782751,Animation,2000,False,False
72051,2900000,Action,2000,False,False
291,3166000,Documentary,2000,False,False
289177,900000,Adventure,2000,False,False
9805,76341401,Comedy,2000,False,False
2048,347234916,Action,2000,False,True
27,1574623,Drama,2000,True,False
11247,70067909,Comedy,2000,False,True
1305547,425000,Drama,2000,True,False
8953,18900000,Animation,2000,False,False
1944,6715067,Drama,2000,True,False
34065,34300000,Family,2000,False,False
314,82102379,Action,2000,False,True
18923,1548955,Drama,2000,True,False
20148,33700,Comedy,2000,False,False
14623,28283637,Action,2000,False,True
2502,288500217,Action,2000,False,True
64483,2011837,Drama,2000,True,False
401,26781723,Comedy,2000,False,False
6947,256697520,Drama,2000,True,False
14462,96105964,Drama,2000,True,True
20912,1465134,Comedy,2000,False,False
39504,214605,Drama,2000,True,False
1538,217764291,Drama,2000,True,True
11195,72,Drama,2000,True,False
11130,134734481,Comedy,2000,False,True
14846,22035509,Comedy,2000,False,False
97130,309867,Comedy,2000,False,False
21712,36613,Animation,2000,False,False
169870,100,Documentary,2000,False,False
14024,14867514,Music,2000,False,False
395,177427090,Adventure,2000,False,True
11052,29170410,Animation,2000,False,False
28740,1100000,Crime,2000,False,False
23601,2037545,Drama,2000,True,True
48760,10000000,Comedy,2000,False,False
887577,905,Animation,2000,False,False
19423,1752950,Comedy,2000,False,False
10762,69631118,Comedy,2000,False,True
11026,78000586,Horror,2000,False,False
33908,516930,Horror,2000,False,False
16907,17400000,Comedy,2000,False,False
8080,13000000,Crime,2000,False,True
49737,408000,Crime,2000,False,False
17478,12000000,Action,2000,False,False
37641,152547,Comedy,2000,False,False
1011406,12500,Drama,2000,True,False
11632,16123851,Drama,2000,True,False
1153216,10,Horror,2000,False,False
294904,247600,Comedy,2000,False,False
342,2085166,Comedy,2000,False,False
9953,1841260,Drama,2000,True,False
1913,38535221,Drama,2000,True,False
15644,16796512,Action,2000,False,True
26108,776691,Comedy,2000,False,False
18701,14339171,Comedy,2000,False,False
11208,13001257,Drama,2000,True,False
18475,12009070,Comedy,2000,False,False
11184,17050017,Drama,2000,True,False
3099,12000,War,2000,False,False
9759,57678321,Action,2000,False,False
4935,236049757,Fantasy,2000,False,False
1577,129394835,Horror,2000,False,False
57190,41176,Horror,2000,False,False
36592,18758613,Comedy,2000,False,False
12109,120620,Drama,2000,True,False
13702,1914166,Comedy,2000,False,False
11823,41512007,Comedy,2000,False,True
26579,176153,Drama,2000,True,False
7548,10852064,Drama,2000,True,False
75508,1115401,Drama,2000,True,False
14287,38585,Documentary,2000,False,False
613,92181574,Drama,2000,True,False
5137,57958696,Mystery,2000,False,True
25460,326563,Drama,2000,True,False
10555,367275019,Animation,2000,False,False
15566,14793624,Comedy,2000,False,False
478470,399072,Documentary,2000,False,False
11636,8712057,Action,2000,False,False
9010,2043067,Thriller,2000,False,False
10145,117592831,Thriller,2000,False,False
72880,390000,Drama,2000,True,False
4836,11850214,Drama,2000,True,False
442,28000000,Comedy,2000,False,False
25372,2600000,Comedy,2000,False,False
11128,74541707,Drama,2000,True,False
188348,110577,Documentary,2000,False,False
176,103911669,Horror,2000,False,False
24685,7095755,Drama,2000,True,False
11045,71255003,Action,2000,False,True
1108927,500000,Romance,2000,False,False
14337,545436,Science Fiction,2000,False,False
13416,61255921,Drama,2000,True,True
19936,1652711,Horror,2000,False,False
28151,173306,Comedy,2000,False,False
3989,50907422,Adventure,2000,False,True
71547,16670,Romance,2000,False,False
51252,14087,Drama,2000,True,False
4380,170128460,Drama,2000,True,False
12483,264505,Drama,2000,True,False
1280,3403957,Drama,2000,True,False
25313,273023,Drama,2000,True,False
2319,12,Fantasy,2000,False,False
11099,548039,Drama,2000,True,False
16358,89781,Comedy,2000,False,False
146546,15133,Comedy,2000,False,False
866,116766556,Drama,2000,True,False
167177,302990,Comedy,2000,False,False
23520,1039526,Action,2000,False,False
34672,10,Family,2000,False,False
9675,109502303,Comedy,2000,False,False
210864,93000,Documentary,2000,False,False
1970,183474602,Horror,2000,False,True
8849,35060882,Comedy,2000,False,True
11109,13300000,Drama,2000,True,False
16131,156767,Drama,2000,True,False
9806,631442092,Action,2000,False,True
173151,283604,Comedy,2000,False,False
9688,20085825,Comedy,2000,False,False
1677,124731534,Drama,2000,True,True
232364,1285327,Comedy,2000,False,False
12128,2107861,Horror,2000,False,False
65897,2773349,Comedy,2000,False,False
76195,500000,Horror,2000,False,False
10045,9584131,Action,2000,False,False
9801,262500000,Comedy,2000,False,True
5255,310634054,Animation,2000,False,False
100152,240000,Comedy,2000,False,False
11249,24829644,Comedy,2000,False,False
10589,61347797,Action,2000,False,False
4251,29385320,Drama,2000,True,False
9528,20377075,Drama,2000,True,False
16764,187910,Horror,2000,False,False
117357,490000,Music,2000,False,False
11836,140161792,Family,2000,False,True
6478,8400000,Drama,2000,True,False
21932,3530650,Family,2000,False,False
12313,1408947,Adventure,2000,False,False
2059,347512318,Adventure,2000,False,True
1935,10467048,Drama,2000,True,False
1966,167298192,War,2000,False,True
247481,2303489,Music,2000,False,False
106546,1100000,Action,2000,False,False
36046,3347647,Drama,2000,True,False
89587,386355,Thriller,2000,False,False
12532,270402,Horror,2000,False,False
20200,823258,Comedy,2000,False,False
15089,30000000,Documentary,2000,False,False
47120,64910,Drama,2000,True,False
14835,30000000,Documentary,2000,False,False
2288,115505027,Drama,2000,True,True
135696,3367646,Comedy,2000,False,False
15767,12000000,Action,2000,False,False
9833,154648887,Thriller,2000,False,True
1392,3529201,Documentary,2000,False,False
36648,128905366,Action,2000,False,False
60236,4385278,Action,2000,False,False
163,362744280,Thriller,2000,False,True
421,34808403,Adventure,2000,False,False
877929,4500000,Thriller,2000,False,False
70,216763646,Drama,2000,True,True
11774,209073645,Adventure,2000,False,True
2539,55041367,Comedy,2000,False,True
48463,37493,Comedy,2000,False,False
69440,500000,Action,2000,False,False
2567,213700000,Drama,2000,True,True
15774,4800000,Drama,2000,True,False
11866,21009180,Action,2000,False,True
693,516642939,Comedy,2000,False,True
33065,1730000,Animation,2000,False,False
9692,4678405,Drama,2000,True,False
15045,48563556,Comedy,2000,False,True
1324074,1000000,Action,2000,False,False
14172,521918,Action,2000,False,False
1080270,600000,Drama,2000,True,False
211328,401,Drama,2000,True,False
1290480,350,Documentary,2000,False,False
146836,49,Documentary,2000,False,False
253495,370000,Adventure,2000,False,False
11142,422173,Action,2000,False,False
14167,12762,Comedy,2000,False,False
6439,90754475,Comedy,2000,False,True
11804,91196419,Drama,2000,True,True
9947,56681566,Action,2000,False,True
69523,2000000,Drama,2000,True,False
32671,40758,Drama,2000,True,False
2652,7022209,Drama,2000,True,False
7214,76669806,Drama,2000,True,True
5289,7000000,Drama,2000,True,False
300406,2000000,Drama,2000,True,False
8978,35294470,Thriller,2000,False,False
11637,97918663,Family,2000,False,True
121579,60,Comedy,2000,False,False
1546,1919197,Comedy,2000,False,False
11354,28237488,Comedy,2000,False,False
53905,410602,Drama,2000,True,False
14517,973613,Fantasy,2000,False,False
1667,127392693,Documentary,2000,False,False
11096,127369981,Horror,2000,False,True
20941,837000,Drama,2000,True,False
12142,12693645,Action,2000,False,False
1544,2455831,Drama,2000,True,False
547488,17696,Drama,2000,True,False
10027,50871113,Action,2000,False,False
21751,1589109,Family,2000,False,False
193704,41,Comedy,2000,False,False
8968,67192859,Thriller,2000,False,False
31977,733094,Drama,2000,True,False
6961,47175038,Comedy,2000,False,True
14021,12334036,Horror,2000,False,False
561,230884728,Fantasy,2000,False,True
13682,52900000,Family,2000,False,True
203139,21847,Drama,2000,True,False
12228,653621,History,2000,False,True
8488,371600000,Comedy,2000,False,True
9701,25224242,Drama,2000,True,False
22236,812120,Drama,2000,True,False
8344,8499237,Adventure,2000,False,False
210309,6562975,Comedy,2000,False,False
51177,20149,Comedy,2000,False,False
62436,693832,Horror,2000,False,False
227364,16016,Drama,2000,True,False
34676,1711995,Family,2000,False,False
133525,500000,Romance,2000,False,False
17880,32645546,Family,2000,False,True
69413,500000,Action,2000,False,False
53129,18520000,Mystery,2000,False,False
962660,100,Drama,2000,True,False
137495,700000,History,2000,False,False
17113,712294,Drama,2000,True,False
13498,21577624,Comedy,2000,False,True
10012,19294901,Horror,2000,False,False
235470,680000,Comedy,2000,False,False
4551,95226116,Comedy,2000,False,False
21555,2400000,Drama,2000,True,False
10022,198636868,Comedy,2000,False,True
9667,21733230,Thriller,2000,False,False
239908,45000,Science Fiction,2000,False,False
44729,10494545,Action,2000,False,False
56372,8262833,Action,2000,False,False
294508,1000000,Comedy,2000,False,False
43431,5138329,Comedy,2000,False,False
10320,161451538,Drama,2000,True,False
9928,262511490,Animation,2000,False,True
2026,77944725,Action,2000,False,False
10040,101393569,Action,2000,False,True
27417,5642,Horror,2000,False,False
67238,70,Thriller,2000,False,False
14457,2289000,Horror,2000,False,False
1553,9293785,Music,2000,False,False
13374,27645491,Family,2000,False,True
20068,8312176,Romance,2000,False,False
11638,103121466,Comedy,2000,False,True
14175,61746888,Family,2000,False,True
11171,1524966,Drama,2000,True,False
17350,33026616,Comedy,2000,False,False
28366,2896536,Action,2000,False,False
69917,5228,Drama,2000,True,False
187,158733820,Thriller,2000,False,False
111493,339301,Comedy,2000,False,False
7364,119269486,Action,2000,False,True
11431,50500000,Comedy,2000,False,False
289771,225525,Comedy,2000,False,False
179,162944923,Crime,2000,False,True
10065,108047131,Horror,2000,False,False
23592,64236,War,2000,False,False
10799,11875866,Action,2000,False,False
18882,1123136,Action,2000,False,False
8976,42886719,Comedy,2000,False,False
11567,433304,Comedy,2000,False,False
31247,903391,Comedy,2000,False,False
131677,2866324,Drama,2000,True,False
27360,4139856,Comedy,2000,False,False
14177,36351350,Comedy,2000,False,False
8332,891133,Thriller,2000,False,False
11679,71073932,Action,2000,False,True
7453,104478416,Adventure,2000,False,False
33358,152810,Comedy,2000,False,False
24363,389866,Comedy,2000,False,False
69022,2800,Drama,2000,True,False
1495,218122627,Drama,2000,True,True
121961,410639,Drama,2000,True,False
10066,68766121,Horror,2000,False,True
10008,29612137,Horror,2000,False,False
1640,98410061,Drama,2000,True,False
41183,21108,Drama,2000,True,False
1622,793604,Drama,2000,True,False
14566,33004,Mystery,2000,False,True
14187,75,Comedy,2000,False,False
3631,875898,Drama,2000,True,False
1963,2032404,Drama,2000,True,False
16411,7096000,Action,2000,False,False
9515,17297244,Action,2000,False,False
10263,206871,Fantasy,2000,False,False
4379,154749918,Romance,2000,False,False
20215,118357,Horror,2000,False,False
7870,852872,Drama,2000,True,False
9981,56070433,Family,2000,False,False
10077,11665465,Thriller,2000,False,True
17247,253527,Drama,2000,True,False
1951,674918,Drama,2000,True,False
31032,216000,Drama,2000,True,False
1895,850000000,Adventure,2000,False,False
828046,67921,Comedy,2000,False,False
49190,6500000,Horror,2000,False,False
634629,303641,Romance,2000,False,False
3527,4663501,Drama,2000,True,False
71815,30000,Comedy,2000,False,False
12700,251495,Horror,2000,False,False
953,542063846,Family,2000,False,False
11763,3370142,Comedy,2000,False,False
9291,190320568,Comedy,2000,False,True
11421,3692417,Comedy,2000,False,False
736902,2,Crime,2000,False,False
9779,39053061,Drama,2000,True,False
921,108539911,Romance,2000,False,True
9787,13411957,Drama,2000,True,True
19723,2424174,Horror,2000,False,True
787,487287646,Action,2000,False,True
13919,351401,Comedy,2000,False,False
30043,2000000,Romance,2000,False,False
14199,71992655,Adventure,2000,False,False
272,374218673,Action,2000,False,True
49070,225863,Adventure,2000,False,False
1665,1928985,Drama,2000,True,False
1826,23727301,Comedy,2000,False,False
207747,7000000,Action,2000,False,False
19978,8500000,Action,2000,False,False
65104,24000,Comedy,2000,False,False
63703,225000,Drama,2000,True,False
11683,47074133,Horror,2000,False,True
9722,131426169,Comedy,2000,False,True
63601,820000,Comedy,2000,False,False
11451,144146816,Comedy,2000,False,True
65614,696681,Drama,2000,True,False
33081,11000000,Romance,2000,False,False
74,603873119,Adventure,2000,False,True
43957,1000000,Comedy,2000,False,False
24523,2733118,Adventure,2000,False,False
9738,333535934,Action,2000,False,True
20968,5900000,Crime,2000,False,False
7233,16809014,Comedy,2000,False,True
19183,4000000,Drama,2000,True,False
31450,90,Drama,2000,True,False
9392,57130027,Adventure,2000,False,False
9009,68357079,Horror,2000,False,False
118,474968763,Adventure,2000,False,False
9522,288485135,Comedy,2000,False,False
32170,2041000,Horror,2000,False,False
29080,1306281,Drama,2000,True,False
59347,739336,Comedy,2000,False,False
9993,3248506,Drama,2000,True,False
1635,162949164,Action,2000,False,True
11648,58405313,Romance,2000,False,True
1696,20901859,Drama,2000,True,False
10476,23563727,Crime,2000,False,False
13341,34252847,Comedy,2000,False,False
10048,76932943,Science Fiction,2000,False,False
22916,2985837,Comedy,2000,False,False
360158,1660000,Comedy,2000,False,False
10659,8349626,Comedy,2000,False,False
245992,1000000,Fantasy,2000,False,False
4550,23803308,Drama,2000,True,False
11459,86369815,Adventure,2000,False,True
10064,4165675,Drama,2000,True,False
9913,93983911,Drama,2000,True,True
44791,4280982,Comedy,2000,False,False
9335,89083229,Action,2000,False,False
14968,33579813,Comedy,2000,False,False
6519,110803676,Comedy,2000,False,True
308,46720491,Comedy,2000,False,False
25248,489389,Comedy,2000,False,False
16910,10200000,Animation,2000,False,False
6957,177378645,Comedy,2000,False,True
8982,27165581,Action,2000,False,False
8292,92374674,Action,2000,False,True
11453,22400154,Comedy,2000,False,True
413330,6500000,Animation,2000,False,False
21797,2146621,Horror,2000,False,False
22060,25245,Thriller,2000,False,False
13922,10166502,Action,2000,False,False
17186,3344431,Action,2000,False,True
88082,31918,Documentary,2000,False,False
52494,2154000,Horror,2000,False,False
38344,878122,Drama,2000,True,False
43625,154579,Drama,2000,True,False
11460,57891803,Thriller,2000,False,False
9042,33296457,Action,2000,False,False
20390,14000000,Comedy,2000,False,False
4442,105316267,Adventure,2000,False,False
15840,345235,Drama,2000,True,False
17926,1046166,Comedy,2000,False,False
743437,320582,Documentary,2000,False,False
16367,9950133,Comedy,2000,False,False
1985,82468097,Drama,2000,True,False
6077,767311,Action,2000,False,False
44250,16344,Thriller,2000,False,False
24618,6856989,Drama,2000,True,False
433702,9865625,Science Fiction,2000,False,False
1420,3942254,Drama,2000,True,False
9700,4386236,Drama,2000,True,False
533,192610372,Adventure,2000,False,False
9777,7535331,Drama,2000,True,False
340,3601974,Comedy,2000,False,False
5236,15785148,Comedy,2000,False,True
151639,1800000,Drama,2000,True,False
89608,4800,Drama,2000,True,False
67,3395627,Thriller,2000,False,False
7509,10422387,Drama,2000,True,False
9074,13485145,Action,2000,False,False
8923,3154346,Crime,2000,False,False
11559,566611,Fantasy,2000,False,False
9388,24793509,Comedy,2000,False,False
44502,27953,Romance,2000,False,False
22473,11246,Drama,2000,True,False
8643,145166804,Crime,2000,False,False
1947,18618284,Drama,2000,True,False
410,7718317,Comedy,2000,False,False
142,178043761,Drama,2000,True,False
23478,84967,Drama,2000,True,False
10851,7164778,Drama,2000,True,False
7873,5967038,Crime,2000,False,False
3933,118133252,Romance,2000,False,True
18484,634074,Drama,2000,True,False
18777,1237615,Mystery,2000,False,False
9813,381420,Drama,2000,True,False
292,11718595,Comedy,2000,False,False
69,186797986,Drama,2000,True,False
13994,2945242,Comedy,2000,False,False
15402,1410778,Comedy,2000,False,False
6967,22632255,Drama,2000,True,False
5471,92076,Action,2000,False,False
7182,881779,Horror,2000,False,False
9885,30894796,Horror,2000,False,False
10092,10047674,Horror,2000,False,True
3291,54600000,Drama,2000,True,False
9007,102854431,Drama,2000,True,False
1830,72617068,Crime,2000,False,False
4348,121616555,Drama,2000,True,True
14097,24000000,War,2000,False,False
2313,67900000,Comedy,2000,False,True
9315,223387299,Thriller,2000,False,False
257,42580321,Crime,2000,False,False
59,60740827,Drama,2000,True,False
8066,8342132,Mystery,2000,False,True
16320,38869464,Science Fiction,2000,False,True
16553,1117920,Comedy,2000,False,False
17,6593579,Horror,2000,False,False
9763,27610873,Drama,2000,True,False
79293,667160,Drama,2000,True,False
14376,9612667,Family,2000,False,True
1285,19888231,Comedy,2000,False,False
32990,2851888,Drama,2000,True,False
398,49327405,Crime,2000,False,False
14375,4851244,Crime,2000,False,False
11968,46117696,Action,2000,False,True
15487,15431177,Drama,2000,True,True
19718,883250,Comedy,2000,False,False
1500197,4,Comedy,2000,False,False
445,36000000,Mystery,2000,False,False
10707,11098131,Comedy,2000,False,False
16608,5048693,Action,2000,False,False
121813,194325,Drama,2000,True,False
9910,30526509,Comedy,2000,False,True
7553,18637690,Comedy,2000,False,False
9729,3500000,Drama,2000,True,False
11931,83073883,Comedy,2000,False,False
76370,595794,Drama,2000,True,False
118189,20277,Drama,2000,True,False
9621,52164016,Comedy,2000,False,True
9923,22944502,Action,2000,False,False
125720,79358,Comedy,2000,False,False
791,46201432,Horror,2000,False,True
10070,658573,Action,2000,False,False
10798,10720864,Action,2000,False,False
222060,10,Comedy,2000,False,False
1183212,11955381,Documentary,2000,False,False
246557,19738,Documentary,2000,False,False
11490,5507396,Drama,2000,True,False
6963,12482775,Comedy,2000,False,True
8814,58072119,Action,2000,False,False
11283,123276807,Fantasy,2000,False,False
141241,28,Action,2000,False,False
2610,11588205,Comedy,2000,False,False
191599,23578,Documentary,2000,False,False
168705,3650275,Action,2000,False,False
1656,142400065,Action,2000,False,True
14120,12128105,Adventure,2000,False,False
116,85306374,Drama,2000,True,False
9968,541840,Comedy,2000,False,False
215,147748505,Horror,2000,False,False
84379,7157118,Family,2000,False,False
18840,4092682,Drama,2000,True,False
470692,1500,Drama,2000,True,False
393247,512721,Comedy,2000,False,False
25,97076152,Drama,2000,True,False
9982,314432665,Animation,2000,False,True
6795,65079104,Science Fiction,2000,False,True
10268,25001149,Comedy,2000,False,False
10060,46442528,Drama,2000,True,True
11661,17709155,Drama,2000,True,False
18816,292926,Action,2000,False,False
13430,33053559,Comedy,2000,False,False
8999,57479076,Drama,2000,True,False
513184,4500,Romance,2000,False,False
674,895921036,Adventure,2000,False,True
17960,595618,Drama,2000,True,False
1833,31670620,Drama,2000,True,True
8053,12036149,Adventure,2000,False,False
13393,4187299,Drama,2000,True,False
13461,5151936,Drama,2000,True,True
10033,50817508,Comedy,2000,False,False
13499,72028752,Comedy,2000,False,True
70429,2561613,Comedy,2000,False,False
231,93974620,Drama,2000,True,True
196154,40000,Drama,2000,True,False
97341,355962,Comedy,2000,False,False
704362,500,Documentary,2000,False,False
39702,5,Animation,2000,False,False
24546,175563,Action,2000,False,False
8202,53321673,Science Fiction,2000,False,True
395746,367,Romance,2000,False,False
9687,18564702,Comedy,2000,False,False
222180,555000,War,2000,False,False
1904,162242962,Drama,2000,True,True
411,745013115,Adventure,2000,False,True
500066,27814,Horror,2000,False,False
753853,300000,Comedy,2000,False,False
19961,16517526,Animation,2000,False,False
254,562363449,Adventure,2000,False,True
2008,30995924,Fantasy,2000,False,False
9043,92884429,Comedy,2000,False,False
44894,23941317,Romance,2000,False,False
42434,21200000,Comedy,2000,False,False
19620,7133082,Drama,2000,True,False
10982,51053787,Animation,2000,False,False
87270,11338,Animation,2000,False,False
9641,129181830,Comedy,2000,False,True
7552,202026112,Comedy,2000,False,True
11227,9995168,Romance,2000,False,False
30634,14188490,Comedy,2000,False,False
2800,88933562,Comedy,2000,False,True
14226,3752325,Drama,2000,True,True
612,130982129,Drama,2000,True,True
9927,40442437,Comedy,2000,False,False
546,13350369,Drama,2000,True,False
83903,4308390,Drama,2000,True,False
71685,1228700,Family,2000,False,True
868,9879971,Crime,2000,False,False
9681,37691644,Adventure,2000,False,False
11400,30536013,Drama,2000,True,False
9899,38058335,Comedy,2000,False,False
316498,20000,Documentary,2000,False,False
18070,63709,Action,2000,False,False
26147,2411594,Comedy,2000,False,False
1136005,9,Mystery,2000,False,False
2269,42918532,Fantasy,2000,False,True
407882,100000,Romance,2000,False,False
408733,252,Comedy,2000,False,False
835344,15,Comedy,2000,False,False
9900,6538177,Comedy,2000,False,True
1690,81979826,Horror,2000,False,False
7304,9500000,Action,2000,False,False
31387,5000000,Comedy,2000,False,False
14217,4664641,Horror,2000,False,False
459093,9000,Drama,2000,True,False
14938,138704,Romance,2000,False,False
1523,48618191,Drama,2000,True,False
834,111476513,Fantasy,2000,False,False
9918,42647449,Drama,2000,True,True
17379,38399961,Adventure,2000,False,True
1432370,800000,Drama,2000,True,False
69412,500000,Action,2000,False,False
13748,2,Comedy,2000,False,False
1969,18381890,Action,2000,False,False
19609,30585589,Action,2000,False,False
42575,8150364,Comedy,2000,False,False
34389,202000,Documentary,2000,False,False
8199,4350,Drama,2000,True,False
7549,68072848,Drama,2000,True,False
11565,138259062,Comedy,2000,False,False
16070,302179,Documentary,2000,False,False
59275,2970000,Drama,2000,True,False
7913,11502151,Comedy,2000,False,False
7457,32400000,Crime,2000,False,True
13138,1216608,Comedy,2000,False,False
13275,17496992,Drama,2000,True,False
81060,5800000,Drama,2000,True,False
15363,11400000,Comedy,2000,False,False
29997,80,Drama,2000,True,False
21435,84,Comedy,2000,False,False
10053,67062123,Horror,2000,False,False
16043,9984,Family,2000,False,False
1379,1615018,Drama,2000,True,False
14256,113783,Comedy,2000,False,False
9754,82800000,Action,2000,False,True
9286,118890272,Horror,2000,False,False
79667,2800000,Action,2000,False,False
119670,2317332,Comedy,2000,False,False
12096,158851357,Comedy,2000,False,True
9975,69834815,Adventure,2000,False,True
28795,5835036,Horror,2000,False,False
72891,2209023,Drama,2000,True,False
9782,10639686,Drama,2000,True,False
12713,8987781,Drama,2000,True,False
10073,48548426,Comedy,2000,False,False
63818,3700000,Crime,2000,False,False
9959,14655628,Drama,2000,True,False
9036,120455994,Adventure,2000,False,True
50046,3004541,Comedy,2000,False,False
13197,143451,Action,2000,False,False
14609,6700000,Action,2000,False,False
25784,639000,Drama,2000,True,False
133336,15610000,Romance,2000,False,False
752,132511035,Action,2000,False,True
186,56308881,Drama,2000,True,False
16781,57231524,Drama,2000,True,False
24432,27450189,Comedy,2000,False,False
41393,30,Thriller,2000,False,False
2207,65664721,Action,2000,False,False
7985,21156270,Fantasy,2000,False,False
19126,111974,Crime,2000,False,False
51609,11935024,Adventure,2000,False,False
72351,820000,Fantasy,2000,False,False
167014,332690,Drama,2000,True,False
9920,31070211,Science Fiction,2000,False,False
14191,23006849,Fantasy,2000,False,False
257206,75000,Horror,2000,False,False
13185,165000,Drama,2000,True,False
9310,7314027,Comedy,2000,False,True
44730,7232965,Animation,2000,False,False
61139,13000000,Crime,2000,False,False
19033,9458,Comedy,2000,False,False
933606,50000,Family,2000,False,False
10067,87134280,Comedy,2000,False,True
20494,204,Comedy,2000,False,False
9792,69623713,Horror,2000,False,False
6877,128406887,Comedy,2000,False,True
582,70000000,Drama,2000,True,False
9950,2636637,Comedy,2000,False,False
33534,3468423,Adventure,2000,False,False
63862,1000000,War,2000,False,False
9389,1831348,Action,2000,False,False
55278,464991,Comedy,2000,False,False
12763,65742992,Comedy,2000,False,False
219,85582407,Comedy,2000,False,False
9655,33889159,Comedy,2000,False,False
388,186003591,Crime,2000,False,True
509244,300000,Drama,2000,True,False
116544,1456000,Drama,2000,True,False
9727,208101,Action,2000,False,False
1116,22889018,Drama,2000,True,False
10069,27105095,Horror,2000,False,False
26594,65600000,Documentary,2000,False,False
3093,38629478,Crime,2000,False,False
20521,8972,Comedy,2000,False,False
950,660998756,Animation,2000,False,True
21427,29326868,Comedy,2000,False,False
14474,648183,Comedy,2000,False,False
499732,12528,Drama,2000,True,False
18164,314017,Drama,2000,True,False
9270,3919254,Drama,2000,True,False
13960,21170563,Drama,2000,True,True
9035,12834936,Horror,2000,False,False
13728,3666789,Comedy,2000,False,False
9642,22501596,Family,2000,False,False
1441,5549200,Drama,2000,True,False
9904,102338515,Family,2000,False,True
9044,28000000,Drama,2000,True,True
8998,13368437,Comedy,2000,False,False
30139,7301115,Comedy,2000,False,False
10011,1810000,Horror,2000,False,False
4257,178262620,Comedy,2000,False,False
230183,1000000,Action,2000,False,False
69410,500000,Action,2000,False,False
5820,78810595,Action,2000,False,True
9847,20840,Horror,2000,False,False
27423,71896,Horror,2000,False,False
588,100605135,Horror,2000,False,False
16761,7978917,Animation,2000,False,False
14453,2277607,Animation,2000,False,False
956,398479497,Adventure,2000,False,True
1914,1631657,Comedy,2000,False,False
11908,155873,Comedy,2000,False,False
25149,13716,Comedy,2000,False,False
9829,76286096,Drama,2000,True,False
18206,10018,Crime,2000,False,False
23843,362742,Thriller,2000,False,False
12795,745327,Comedy,2000,False,False
13751,18948425,Drama,2000,True,False
9530,87528173,Family,2000,False,True
1252,2520000,Drama,2000,True,False
30535,1959897,Drama,2000,True,False
16083,382267,Drama,2000,True,False
49729,1495314,Drama,2000,True,False
503,181674817,Adventure,2000,False,True
10025,38159905,Comedy,2000,False,True
7518,343397247,Family,2000,False,True
591,767820459,Thriller,2000,False,False
10063,1675484,Thriller,2000,False,False
22066,2429573,Horror,2000,False,False
5072,5515163,Horror,2000,False,False
10007,18707966,Horror,2000,False,False
1781,46243000,Documentary,2000,False,True
36668,459359555,Adventure,2000,False,True
1887,60917189,Drama,2000,True,True
4441,2105096,Drama,2000,True,False
69520,5000000,Action,2000,False,False
8453,22175908,Action,2000,False,False
9767,205668210,Romance,2000,False,True
18524,615752,Romance,2000,False,False
9615,158964610,Action,2000,False,True
432037,9999,Comedy,2000,False,False
15976,1029926,Drama,2000,True,False
1371711,900000000,Comedy,2000,False,False
806,119975084,Horror,2000,False,True
15624,973525,Drama,2000,True,False
65839,1110566,Drama,2000,True,False
920,461983149,Animation,2000,False,True
19312,3500000,Science Fiction,2000,False,False
9513,141702264,Animation,2000,False,True
2044,114830111,Drama,2000,True,True
9353,99255460,Comedy,2000,False,True
16007,29667169,Fantasy,2000,False,False
2266,4857367,Drama,2000,True,False
62652,111000,Drama,2000,True,False
9339,240685326,Comedy,2000,False,True
9917,21353303,Action,2000,False,False
123879,5361,Comedy,2000,False,False
13484,245000,Comedy,2000,False,False
13364,201275,Crime,2000,False,False
9868,1500,Drama,2000,True,False
300,9524340,Comedy,2000,False,False
15423,25900,Comedy,2000,False,False
19100,10890811,Comedy,2000,False,False
1452,391081192,Science Fiction,2000,False,True
14064,300000,Adventure,2000,False,False
62782,99502,Drama,2000,True,False
350,326706115,Comedy,2000,False,True
25648,14742,Romance,2000,False,False
36617,10583534,Family,2000,False,False
9297,140175006,Animation,2000,False,False
18437,309408,Comedy,2000,False,False
58,1065659812,Adventure,2000,False,True
15049,12671300,Action,2000,False,False
3509,7659918,Animation,2000,False,False
240546,1000000,Action,2000,False,False
348525,750000,Comedy,2000,False,False
9592,6816129,Drama,2000,True,False
15699,140666,Drama,2000,True,False
59995,9946,Drama,2000,True,False
1819,130628903,Comedy,2000,False,True
15314,156318,Comedy,2000,False,False
16808,26900000,Family,2000,False,False
14069,3800000,Fantasy,2000,False,False
8014,130742,Adventure,2000,False,False
16766,47636016,Drama,2000,True,False
37725,7385434,Comedy,2000,False,False
1543,3743833,Drama,2000,True,False
13686,1916745,Science Fiction,2000,False,False
207743,7000,Action,2000,False,False
10832,2727971,Horror,2000,False,False
4474,61108981,Comedy,2000,False,False
9697,72785169,Drama,2000,True,True
128556,410936,Comedy,2000,False,False
9978,23937870,Adventure,2000,False,False
2295,26888376,Comedy,2000,False,False
773,100523181,Comedy,2000,False,False
1255,88489643,Horror,2000,False,False
15860,8685526,Action,2000,False,False
9293,68844775,Comedy,2000,False,True
512,31584901,Comedy,2000,False,False
82,163794509,Action,2000,False,True
13162,834457,Comedy,2000,False,False
9906,55181129,Fantasy,2000,False,True
37933,68625104,Animation,2000,False,True
15213,16627188,Adventure,2000,False,True
9718,162966177,Comedy,2000,False,False
13508,1678874,Documentary,2000,False,False
9907,116476887,Animation,2000,False,True
37986,8873950,Science Fiction,2000,False,False
18861,3224000,Adventure,2000,False,False
50100,33620,Documentary,2000,False,False
1852,163247198,Drama,2000,True,True
14395,17000000,Drama,2000,True,False
9682,29907685,Horror,2000,False,False
14113,12506188,Family,2000,False,True
11494,566098,Horror,2000,False,False
7859,4911725,Drama,2000,True,False
10825,973827,Family,2000,False,False
9762,114194847,Music,2000,False,False
13140,7778177,Comedy,2000,False,False
326,62022014,Action,2000,False,False
9788,38505009,Comedy,2000,False,True
10118,11449638,Comedy,2000,False,False
1491,87892388,Fantasy,2000,False,False
24115,13022756,Comedy,2000,False,False
234838,3,Mystery,2000,False,False
37766,2040577,Action,2000,False,False
11652,57806952,Drama,2000,True,True
9988,19179969,Comedy,2000,False,True
258340,1945,Drama,2000,True,False
18615,2312717,Drama,2000,True,False
603748,1320000,Action,2000,False,False
1948,42931041,Action,2000,False,False
27904,60413,Drama,2000,True,False
1249,16803753,Crime,2000,False,False
9708,38805380,Horror,2000,False,True
9072,101595121,Comedy,2000,False,False
13495,23321954,Action,2000,False,True
14351,7000000,Action,2000,False,False
7512,495303,Comedy,2000,False,True
21461,31517561,Comedy,2000,False,False
16727,20354321,Drama,2000,True,False
18586,137341,Music,2000,False,False
20405,89417,Comedy,2000,False,False
1730,4045770,Mystery,2000,False,False
9053,7563172,Adventure,2000,False,False
10288,426224,Horror,2000,False,False
133551,29000,Documentary,2000,False,False
13075,622806,Drama,2000,True,False
13842,251775,Drama,2000,True,True
313,1381665,Romance,2000,False,False
9954,37597471,Fantasy,2000,False,False
1164,135330182,Drama,2000,True,True
9952,7177143,Adventure,2000,False,False
14784,3669465,Adventure,2000,False,False
1262,53653224,Comedy,2000,False,True
9726,42064105,Comedy,2000,False,True
1717,9450897,Drama,2000,True,True
1590,6191746,Drama,2000,True,False
2357,580527,Comedy,2000,False,False
11798,8176544,Drama,2000,True,False
19976,154210,Drama,2000,True,False
1427,135039924,Crime,2000,False,False
13249,1220058,Western,2000,False,False
9075,26768563,Drama,2000,True,False
50062,12207,Documentary,2000,False,False
9676,49111202,Crime,2000,False,True
1165,123384128,Drama,2000,True,False
1776,1013596,Documentary,2000,False,False
9766,41480851,Crime,2000,False,True
15728,220151,Drama,2000,True,False
14137,472185,Comedy,2000,False,False
15163,32120360,Drama,2000,True,False
2324,32788,Drama,2000,True,False
52682,6073724,Comedy,2000,False,False
355697,32500,Drama,2000,True,False
62616,3214998,Drama,2000,True,False
9664,17834865,Action,2000,False,False
9693,70595464,Drama,2000,True,True
12094,72778712,Action,2000,False,True
14891,1208708,Comedy,2000,False,False
13650,659589,Comedy,2000,False,False
1499920,2,Comedy,2000,False,False
7484,197309027,Animation,2000,False,True
2016,22963701,Drama,2000,True,False
5816,34912,Comedy,2000,False,False
4643,94973540,Action,2000,False,False
38015,39212715,Crime,2000,False,False
18925,10178331,Drama,2000,True,False
9842,17807569,Comedy,2000,False,False
8194,516139,Crime,2000,False,False
4977,946590,Animation,2000,False,False
180659,2119,Documentary,2000,False,False
8618,13401952,Comedy,2000,False,False
41856,10337,Documentary,2000,False,False
1378,5179037,Romance,2000,False,False
1422,291465000,Drama,2000,True,True
10781,107363905,Horror,2000,False,False
9958,3833507,Comedy,2000,False,False
1440,14821658,Drama,2000,True,False
9794,38528984,Comedy,2000,False,False
15941,8454351,Drama,2000,True,False
9895,42472472,Comedy,2000,False,True
15005,13391174,Drama,2000,True,False
1417,83258226,Fantasy,2000,False,False
428,630464,Drama,2000,True,False
1975,39143839,Horror,2000,False,True
63838,3919731,Action,2000,False,False
65626,123182,Mystery,2000,False,False
1421483,16,Music,2000,False,False
8975,22165608,Action,2000,False,True
9672,2689799,Drama,2000,True,False
57005,254000,Drama,2000,True,False
9903,11772461,Comedy,2000,False,False
23538,10371998,Crime,2000,False,False
3683,65900249,War,2000,False,True
1124,109676311,Drama,2000,True,True
69407,500000,Drama,2000,True,False
17501,15000000,Action,2000,False,False
13668,16162580,Comedy,2000,False,True
59267,5100000,Drama,2000,True,False
14012,21000000,Family,2000,False,False
14417,1066555,Horror,2000,False,False
14845,944479,Comedy,2000,False,False
23495,254190,Documentary,2000,False,False
11619,178120010,Adventure,2000,False,True
1253524,33955,Comedy,2000,False,False
31101,150000,Drama,2000,True,False
214,164874275,Horror,2000,False,False
34066,427456,Drama,2000,True,False
50342,749981,Thriller,2000,False,False
21173,167000,Drama,2000,True,False
1666,179780,Documentary,2000,False,False
7510,6754898,Drama,2000,True,False
11705,1128345,Drama,2000,True,False
1123,5710236,Action,2000,False,False
16140,47919757,Fantasy,2000,False,False
25035,2000000,Horror,2000,False,False
496,262552893,Comedy,2000,False,True
13767,84500122,Comedy,2000,False,True
18558,429931,Comedy,2000,False,False
14761,163000,Documentary,2000,False,False
9828,3419456,Thriller,2000,False,False
25974,62500,Action,2000,False,False
1389081,479,Comedy,2000,False,False
11515,9448082,Drama,2000,True,False
33142,4000000,Romance,2000,False,False
24927,1449945,Horror,2000,False,False
10093,11992014,Horror,2000,False,False
21710,19791,Documentary,2000,False,False
60160,4000000,Action,2000,False,False
12526,8095658,Drama,2000,True,False
36557,599045960,Adventure,2000,False,True
218584,56360,Comedy,2000,False,False
389928,2500000,Drama,2000,True,False
9836,384335608,Animation,2000,False,False
9809,4630045,Comedy,2000,False,True
8324,2209322,Drama,2000,True,False
13856,7202,Drama,2000,True,False
14799,5542025,Comedy,2000,False,False
13557,478535,Horror,2000,False,False
9969,47231070,Comedy,2000,False,False
18527,10000000,Music,2000,False,False
7551,180557550,Action,2000,False,False
1381,15304890,Drama,2000,True,True
2179,13405595,Comedy,2000,False,False
72889,335000,Crime,2000,False,False
62757,1328612,Comedy,2000,False,False
721807,970000,Drama,2000,True,False
14194,46396427,Drama,2000,True,False
53004,291243,Fantasy,2000,False,False
10032,6086508,Comedy,2000,False,False
14823,449681,Crime,2000,False,False
19213,1751460,Comedy,2000,False,False
13171,5178640,Comedy,2000,False,False
13967,35078241,Drama,2000,True,False
9986,144000000,Comedy,2000,False,True
1579,120673227,Action,2000,False,False
47017,273318,Comedy,2000,False,False
5488,4354510,Drama,2000,True,False
1372,171720398,Drama,2000,True,True
1581,194168700,Comedy,2000,False,True
18147,21949234,Comedy,2000,False,True
14202,26910847,Romance,2000,False,False
7516,57103895,Action,2000,False,True
1247,100266865,Drama,2000,True,True
11170,43545364,Drama,2000,True,True
6691,28041861,Drama,2000,True,False
37064,2043481,Adventure,2000,False,False
9992,107944236,Adventure,2000,False,False
2486,249288105,Fantasy,2000,False,True
1494,78568977,Action,2000,False,False
85277,966214,Comedy,2000,False,False
1402,307077295,Drama,2000,True,True
9656,21510851,Horror,2000,False,False
1253,8974829,Drama,2000,True,False
14171,499620,War,2000,False,False
182,5914908,Drama,2000,True,True
42435,26293647,Comedy,2000,False,False
15575,1238072,Fantasy,2000,False,False
1251,68673228,Action,2000,False,True
1593,574480841,Action,2000,False,True
1246,155929020,Drama,2000,True,True
87429,2,History,2000,False,False
66224,11000000,Drama,2000,True,False
1125,154937680,Drama,2000,True,True
1259,49814392,Drama,2000,True,False
13334,21573338,Fantasy,2000,False,False
12271,3572632,Drama,2000,True,False
7874,10907485,Drama,2000,True,True
276574,250000,Music,2000,False,False
51282,242924,Drama,2000,True,False
1646,43095175,Crime,2000,False,False
14820,153205,Comedy,2000,False,False
5393,38085778,Adventure,2000,False,False
14396,10337477,Action,2000,False,False
14063,90272,Drama,2000,True,False
1534,30822861,Adventure,2000,False,True
4283,15291277,Adventure,2000,False,False
15772,31000000,Drama,2000,True,False
1250,228738393,Thriller,2000,False,True
12225,2294291,Drama,2000,True,False
24474,7900000,Drama,2000,True,False
106255,1629034,Comedy,2000,False,False
8398,25399945,Horror,2000,False,False
8272,10653221,Drama,2000,True,False
5956,719968,Drama,2000,True,False
13983,52868,Comedy,2000,False,False
13258,10871449,Comedy,2000,False,False
5718,1045786,Comedy,2000,False,False
9760,86865564,Comedy,2000,False,True
8319,187488,Drama,2000,True,False
823422,120000,Action,2000,False,False
13501,508084,Comedy,2000,False,False
25869,4300000,Comedy,2000,False,False
10075,6340723,Drama,2000,True,False
14019,231156,Comedy,2000,False,False
1244,957744,Music,2000,False,False
46268,23006533,Drama,2000,True,False
1264,18873863,Comedy,2000,False,False
131381,3130306,Comedy,2000,False,False
9966,55060212,Mystery,2000,False,True
1257,69485490,Romance,2000,False,True
1248,82169884,Crime,2000,False,False
18217,1558939,Horror,2000,False,False
246438,597831,Comedy,2000,False,False
9757,159313561,Comedy,2000,False,False
9963,84297309,Thriller,2000,False,False
16725,31576,Drama,2000,True,False
2065,6699197,Drama,2000,True,False
8141,3748295,Comedy,2000,False,False
1845,19776159,Comedy,2000,False,False
9815,7864905,Drama,2000,True,False
54952,3550,Drama,2000,True,False
11172,145896422,Comedy,2000,False,False
2267,27308918,Drama,2000,True,False
18633,27769,Fantasy,2000,False,False
2335,65125001,Action,2000,False,False
4169,40953935,Drama,2000,True,True
13251,590416,Crime,2000,False,False
16555,31609243,Comedy,2000,False,False
62546,2011669,Comedy,2000,False,False
1407,86274793,Music,2000,False,False
3489,32593385,Crime,2000,False,False
4638,80573774,Crime,2000,False,True
1265,137587063,Adventure,2000,False,True
2239,60641,Drama,2000,True,False
453248,910000,Family,2000,False,False
19798,11900000,Action,2000,False,False
4351,8329799,Crime,2000,False,False
3594,77566815,Thriller,2000,False,False
114370,1479911,Action,2000,False,False
46386,2500000,Comedy,2000,False,False
5172,11130889,Science Fiction,2000,False,True
10090,20342161,Action,2000,False,True
29362,859513,Comedy,2000,False,False
2977,37311672,Romance,2000,False,False
11199,253625427,Action,2000,False,False
51979,1256116,Comedy,2000,False,False
240283,867000,Comedy,2000,False,False
1949,84785914,Crime,2000,False,True
25278,7090891,Action,2000,False,False
28796,5215613,Action,2000,False,False
1271,456082343,Action,2000,False,True
14434,13196245,Comedy,2000,False,False
14054,414404,Drama,2000,True,False
21946,8029345,Thriller,2000,False,False
8270,5367030,Crime,2000,False,False
14125,10921200,Crime,2000,False,False
14624,3438735,Romance,2000,False,False
1242546,2000000,Horror,2000,False,False
210803,560000,Comedy,2000,False,False
167905,37402,Drama,2000,True,False
28205,4117,Drama,2000,True,False
14001,22217407,Horror,2000,False,True
25744,45900000,Horror,2000,False,False
46645,144823,Drama,2000,True,False
384583,100000,War,2000,False,False
8363,170812526,Comedy,2000,False,True
52445,1275162,Action,2000,False,False
1268,232225908,Family,2000,False,False
7485,95696996,Action,2000,False,True
47649,618400,Animation,2000,False,False
9793,37697773,Horror,2000,False,False
2355,22222308,Drama,2000,True,True
13170,14487294,Comedy,2000,False,False
1273,95608995,Adventure,2000,False,True
1267,169332978,Animation,2000,False,True
5723,20710513,Drama,2000,True,False
364040,30033,Drama,2000,True,False
55297,160487,Adventure,2000,False,False
76267,2234257,Comedy,2000,False,False
9789,6463286,Comedy,2000,False,False
169226,8095062,Comedy,2000,False,False
37973,9559978,Horror,2000,False,False
16044,2261685,Family,2000,False,False
3603,4947717,Horror,2000,False,False
9955,118200000,Comedy,2000,False,False
14065,6404,Crime,2000,False,False
10107,17384424,Family,2000,False,False
10172,58400000,Family,2000,False,False
1683,62771059,Horror,2000,False,True
1272,34806812,Drama,2000,True,False
17320,265198,Comedy,2000,False,False
285923,25422088,Thriller,2000,False,False
16126,344039,Horror,2000,False,False
662934,40,Adventure,2000,False,False
7183,73090611,Thriller,2000,False,True
52150,458625,Drama,2000,True,False
27516,14249906,Thriller,2000,False,False
178657,95000,Action,2000,False,False
8271,117760134,Thriller,2000,False,True
13574,1606237,Comedy,2000,False,False
13158,5500000,Animation,2000,False,False
99721,400000,Comedy,2000,False,False
13317,114649,Science Fiction,2000,False,False
62136,195000,Drama,2000,True,False
79583,152,Documentary,2000,False,False
6145,91354215,Thriller,2000,False,False
9703,25303038,Action,2000,False,False
33714,814790,Comedy,2000,False,False
10294,35300645,Horror,2000,False,False
13067,17500000,Romance,2000,False,False
10812,311178,Drama,2000,True,False
41281,37895,Drama,2000,True,False
1472280,12500,Mystery,2000,False,False
1738,76066841,Action,2000,False,True
1562,65048678,Horror,2000,False,False
14636,8642858,Action,2000,False,False
76839,3800000,Comedy,2000,False,False
15434,155362,Horror,2000,False,False
9785,26810113,Fantasy,2000,False,False
13280,4692108,Comedy,2000,False,False
14223,285000,Drama,2000,True,False
1872,2850927,Action,2000,False,False
15676,550782,Comedy,2000,False,False
16071,7820,Drama,2000,True,False
13362,274661,Documentary,2000,False,False
559,894983373,Fantasy,2000,False,True
8669,5254986,Comedy,2000,False,False
118144,2403749,Drama,2000,True,False
1950,8461686,Drama,2000,True,True
20351,614572,Crime,2000,False,False
1919,9194283,Drama,2000,True,False
303543,100000,Music,2000,False,False
21486,72348,Comedy,2000,False,False
6391,938881,Drama,2000,True,False
13159,25000167,Comedy,2000,False,True
54467,145000,Romance,2000,False,False
159434,4400000,Comedy,2000,False,False
46301,312642,Action,2000,False,False
15019,9576495,Comedy,2000,False,False
1243359,50000000,Drama,2000,True,False
1931,75511123,Drama,2000,True,False
810,813367380,Fantasy,2000,False,True
2015,11581469,Drama,2000,True,False
10822,1432799,Drama,2000,True,False
14211,3643652,Adventure,2000,False,False
2359,24538513,Documentary,2000,False,False
37003,22730842,Music,2000,False,False
285,961000000,Adventure,2000,False,True
6537,78638987,Horror,2000,False,False
1385026,10000,Science Fiction,2000,False,False
13848,151449,Crime,2000,False,False
1991,31126421,Action,2000,False,False
2013,19777647,Drama,2000,True,False
50318,907456,Comedy,2000,False,False
213153,2396341,Horror,2000,False,False
20742,12000000,Action,2000,False,False
10758,22240529,Drama,2000,True,False
13025,5540941,Horror,2000,False,False
536201,70000,Documentary,2000,False,False
1238613,30000,Documentary,2000,False,False
2002,1831577,Drama,2000,True,False
822788,15000,Romance,2000,False,False
15831,796205,Thriller,2000,False,False
4964,219922417,Comedy,2000,False,True
297964,1393,Drama,2000,True,False
3432,48443734,Crime,2000,False,False
15568,2955039,Drama,2000,True,False
14138,1271556,Adventure,2000,False,False
64264,4684165,Comedy,2000,False,False
73576,1431983,Comedy,2000,False,False
298,311312624,Crime,2000,False,True
20714,7537453,Crime,2000,False,False
9408,149044513,Animation,2000,False,True
1691,35728183,Horror,2000,False,False
6022,20016753,Drama,2000,True,False
2698,174440724,Fantasy,2000,False,True
380405,10124,Drama,2000,True,False
1979,301913131,Adventure,2000,False,True
6977,171627166,Crime,2000,False,True
11148,2728869,Drama,2000,True,False
24049,19000000,Action,2000,False,False
34869,592673,Crime,2000,False,False
14424,1,Comedy,2000,False,False
3638,92601050,Comedy,2000,False,True
14043,30715465,Family,2000,False,True
17483,142666,Drama,2000,True,False
4787,22687639,Crime,2000,False,False
1571,383531464,Action,2000,False,True
18514,689473,Drama,2000,True,False
16294,14059,Drama,2000,True,False
3021,132963417,Horror,2000,False,False
463315,90000,Comedy,2000,False,False
1988,18928871,Drama,2000,True,True
17137,58776,Drama,2000,True,False
15654,83398,Comedy,2000,False,False
1858,709709780,Adventure,2000,False,False
2062,623726000,Animation,2000,False,True
126938,7,Horror,2000,False,False
2959,69307224,Comedy,2000,False,True
675,938212738,Adventure,2000,False,True
96281,60,Drama,2000,True,False
163971,3898774,Horror,2000,False,False
3563,187134117,Comedy,2000,False,True
1990,486021,Mystery,2000,False,False
6535,4778376,Drama,2000,True,False
25961,42538454,Family,2000,False,False
891680,844,Animation,2000,False,False
2976,90450008,Comedy,2000,False,False
19528,6599143,Action,2000,False,False
69402,500000,Drama,2000,True,False
59298,2014665,Music,2000,False,False
1204741,100,Comedy,2000,False,False
10425,413454,Drama,2000,True,False
35,527068851,Animation,2000,False,True
159991,251600,Drama,2000,True,False
35854,6177725,Action,2000,False,False
4141,26820641,Action,2000,False,False
12901,1431623,Documentary,2000,False,False
20342,9000000,Fantasy,2000,False,False
5857,9620399,Thriller,2000,False,False
1179959,1,Music,2000,False,False
10253,75108998,Fantasy,2000,False,False
14123,26000000,Comedy,2000,False,False
20063,9510000,Thriller,2000,False,False
13173,785528,Comedy,2000,False,False
6589,65270477,Family,2000,False,True
10074,14353654,Comedy,2000,False,True
2503,442824138,Action,2000,False,True
20982,10000000,Animation,2000,False,False
14148,7155358,Crime,2000,False,False
38973,12236890,Action,2000,False,False
5174,258022233,Action,2000,False,False
14144,18197398,Family,2000,False,False
110992,502392,Drama,2000,True,False
60850,1101480,Comedy,2000,False,False
2270,137515140,Adventure,2000,False,True
14163,40000000,Drama,2000,True,False
35541,4400000,Comedy,2000,False,False
933587,50,Family,2000,False,False
14456,4910682,Horror,2000,False,False
13649,7000000,Comedy,2000,False,False
4858,40170558,Science Fiction,2000,False,True
2196,46789413,Comedy,2000,False,False
38963,14961069,Comedy,2000,False,False
21795,1820534,Horror,2000,False,False
4349,86658558,Thriller,2000,False,True
4157,2200000,Comedy,2000,False,False
46849,72310,Drama,2000,True,False
15888,9216,Fantasy,2000,False,False
6309,8272729,Drama,2000,True,False
12435,47817020,Comedy,2000,False,False
15156,3106835,Drama,2000,True,True
2009,1185783,Drama,2000,True,False
10431,40452643,Action,2000,False,False
6936,27,Drama,2000,True,False
9750,41098065,Comedy,2000,False,False
7343,307076,Drama,2000,True,True
453360,8500,Drama,2000,True,False
11835,16974459,Action,2000,False,True
38140,6,Action,2000,False,False
2082,80460948,Horror,2000,False,False
15137,20000000,Animation,2000,False,False
15006,22136,Drama,2000,True,True
13195,6819587,Crime,2000,False,False
5353,7644409,Action,2000,False,False
289507,50000,Animation,2000,False,True
16873,6101046,Action,2000,False,False
7942,33478921,Comedy,2000,False,False
18613,843945,Drama,2000,True,False
228058,233984,Family,2000,False,False
5176,70016220,Western,2000,False,False
15206,3119957,Horror,2000,False,False
63898,1413000,Action,2000,False,False
12473,18197518,Crime,2000,False,False
13243,346592,Comedy,2000,False,False
5125,24748670,Drama,2000,True,False
13177,908847,Action,2000,False,False
4347,131016624,Drama,2000,True,True
4538,24377151,Adventure,2000,False,False
5951,7163566,Comedy,2000,False,False
4517,74237563,Drama,2000,True,True
13252,5796630,Crime,2000,False,False
5915,56255142,Adventure,2000,False,True
1176896,1,Music,2000,False,False
4413,69766619,Crime,2000,False,True
14634,473993,Drama,2000,True,False
8060,2888315,Crime,2000,False,False
13910,8380329,Drama,2000,True,False
23827,193355800,Horror,2000,False,False
2252,56106607,Thriller,2000,False,False
4688,29625761,Drama,2000,True,False
4629,46474,Drama,2000,True,False
13257,33683200,Comedy,2000,False,False
6973,29541790,History,2000,False,False
148077,435000,Comedy,2000,False,False
13637,2725258,Adventure,2000,False,False
17456,167445,Action,2000,False,False
4771,34619699,Crime,2000,False,False
270249,83000,Drama,2000,True,False
12246,26527510,History,2000,False,False
7737,148412065,Horror,2000,False,False
4512,14711793,Action,2000,False,True
31036,22000,Horror,2000,False,False
13614,14768451,Drama,2000,True,False
10030,59192128,Comedy,2000,False,False
5817,1843810,Drama,2000,True,False
10760,13620075,Comedy,2000,False,False
46404,4500000,Thriller,2000,False,False
7972,25005257,Crime,2000,False,False
3877,2849142,Drama,2000,True,False
30112,5095696,Romance,2000,False,False
8827,12500000,Drama,2000,True,False
4588,67091915,Action,2000,False,False
1056010,100,Drama,2000,True,False
2014,17804565,Drama,2000,True,False
10520,18479,Comedy,2000,False,False
13680,147880543,Comedy,2000,False,True
4566,92991835,Drama,2000,True,False
199160,2640850,Drama,2000,True,False
14313,3504875,Romance,2000,False,False
3902,4001121,Drama,2000,True,False
1961,173066,Comedy,2000,False,False
6639,4607608,Drama,2000,True,False
53805,1300564,Thriller,2000,False,False
22116,25526,Comedy,2000,False,False
121545,352,Drama,2000,True,False
15651,312751,Documentary,2000,False,False
9038,127766650,Comedy,2000,False,False
45791,92,Drama,2000,True,False
5708,8159508,Drama,2000,True,False
14139,553198,Science Fiction,2000,False,False
2274,31852619,Adventure,2000,False,True
60049,7086000,Comedy,2000,False,False
14044,34786960,Action,2000,False,False
10946,109000000,Documentary,2000,False,False
35636,2113392,Comedy,2000,False,False
1079863,3000000,Comedy,2000,False,False
4520,342835,Drama,2000,True,False
2001,55033767,Drama,2000,True,True
6615,11293663,Comedy,2000,False,False
7347,14759148,Drama,2000,True,True
17202,55184721,Comedy,2000,False,False
16178,37948,Thriller,2000,False,False
4513,75505973,Horror,2000,False,True
56525,11171900,Action,2000,False,False
2728,146741,Action,2000,False,False
22331,952820,Animation,2000,False,False
33586,272371,Comedy,2000,False,False
14913,1798418,Horror,2000,False,False
4515,64811540,Action,2000,False,False
4398,29733764,Animation,2000,False,False
663,139352633,Horror,2000,False,False
11807,4600000,Drama,2000,True,False
638607,2906,Documentary,2000,False,False
7211,68474305,Comedy,2000,False,False
78527,108282,Documentary,2000,False,False
12912,240476,Comedy,2000,False,False
7797,244397,Fantasy,2000,False,False
74372,8,Drama,2000,True,False
14748,1200398,Crime,2000,False,False
5559,287594577,Family,2000,False,True
68666,500,Thriller,2000,False,False
13710,22872698,Comedy,2000,False,False
1500209,4,Comedy,2000,False,False
5126,9411042,Comedy,2000,False,False
4982,266465037,Drama,2000,True,True
13161,8742330,Comedy,2000,False,False
40713,44038000,Romance,2000,False,False
2310,195735876,Adventure,2000,False,True
15661,16934,Comedy,2000,False,False
4407,7789549,Mystery,2000,False,False
8079,37707444,Comedy,2000,False,False
13022,4609644,Action,2000,False,False
69516,7600000,Action,2000,False,False
13474,7766240,Horror,2000,False,False
5375,97838349,Action,2000,False,True
16283,34750000,Drama,2000,True,False
22887,6000,Documentary,2000,False,False
36036,1420586,Crime,2000,False,False
2284,69474661,Family,2000,False,True
4723,374743,Science Fiction,2000,False,True
96355,60,Drama,2000,True,False
24682,640956,Action,2000,False,False
6023,156835339,Drama,2000,True,True
9997,1395610,Fantasy,2000,False,False
82409,148564,Drama,2000,True,False
28871,706000,Comedy,2000,False,False
77496,9814000,Comedy,2000,False,False
11600,782102,War,2000,False,False
13168,179381,Comedy,2000,False,False
939964,30,Drama,2000,True,False
1431873,150000000,Action,2000,False,False
4523,340487652,Comedy,2000,False,True
5123,66122026,Family,2000,False,True
1620,99965753,Action,2000,False,True
5876,57470220,Horror,2000,False,False
1107828,560000,Comedy,2000,False,False
8329,32511655,Horror,2000,False,False
14397,5285197,Crime,2000,False,True
1989,21786738,Drama,2000,True,False
13483,14373825,Thriller,2000,False,False
2312,13100000,Adventure,2000,False,False
80797,16688332,Fantasy,2000,False,False
592624,22343,Action,2000,False,False
14159,3800000,Romance,2000,False,False
8343,25309,Drama,2000,True,False
6076,81303447,Drama,2000,True,False
120454,107200000,Music,2000,False,False
2268,372234864,Adventure,2000,False,False
12171,10000,Horror,2000,False,False
14704,7365250,Family,2000,False,False
17025,16136,Thriller,2000,False,False
7326,232372681,Comedy,2000,False,False
768196,50000,Action,2000,False,False
53867,10225,Documentary,2000,False,False
6479,585410052,Drama,2000,True,True
26990,5800000,Comedy,2000,False,False
6477,361366633,Comedy,2000,False,True
6637,459242249,Action,2000,False,True
27953,10161213,Action,2000,False,False
7979,73276047,Drama,2000,True,True
14324,5410749,Adventure,2000,False,False
577323,100000,Animation,2000,False,False
6538,119483446,Comedy,2000,False,False
13885,152000000,Drama,2000,True,True
20294,36500000,Drama,2000,True,False
7508,28430000,Drama,2000,True,False
6575,18317151,Comedy,2000,False,True
10748,29066681,Comedy,2000,False,False
27046,55635037,Comedy,2000,False,False
14047,30226144,Drama,2000,True,False
7350,175372502,Drama,2000,True,False
440,130290885,Fantasy,2000,False,True
54318,103071443,Family,2000,False,False
14235,157350,Action,2000,False,False
7345,77208711,Drama,2000,True,True
8277,18610260,Comedy,2000,False,False
5139,29610210,Adventure,2000,False,False
13959,1610085,Crime,2000,False,False
369126,2490500,Adventure,2000,False,False
25597,2206625,Fantasy,2000,False,False
117361,740000,Animation,2000,False,False
110681,98682,Drama,2000,True,False
389400,4,Documentary,2000,False,False
41641,2227,Thriller,2000,False,False
97011,36518,Drama,2000,True,False
26163,1200,Documentary,2000,False,False
18916,2030916,Comedy,2000,False,False
11927,1131001,Thriller,2000,False,False
6933,45847751,Horror,2000,False,True
732069,4000,Action,2000,False,False
24037,11095236,Thriller,2000,False,False
6557,160259319,Comedy,2000,False,False
48805,10743767,Comedy,2000,False,False
14423,38804615,Comedy,2000,False,False
7191,170764026,Action,2000,False,False
12588,65694,Drama,2000,True,False
243754,249104,Drama,2000,True,False
18176,69564,Comedy,2000,False,False
13121,2340110,Comedy,2000,False,False
13090,16174377,Comedy,2000,False,False
16279,900689,Comedy,2000,False,False
6687,5926410,Thriller,2000,False,False
4953,30600000,Drama,2000,True,False
18273,20000,Thriller,2000,False,False
5759,140106,Comedy,2000,False,False
8090,52659594,Thriller,2000,False,False
7278,85897593,Comedy,2000,False,False
7555,113244290,Action,2000,False,False
6536,123045,Drama,2000,True,False
2395,132900000,Fantasy,2000,False,False
13646,1500000,Romance,2000,False,False
13688,47301471,Comedy,2000,False,True
35010,3848034,Comedy,2000,False,False
253353,70642966,Documentary,2000,False,True
14220,6964734,Comedy,2000,False,True
9030,58010320,Drama,2000,True,True
7461,151161491,Drama,2000,True,True
8457,32853640,Comedy,2000,False,True
14059,50802372,Family,2000,False,False
19079,73,Drama,2000,True,False
8676,111231041,Adventure,2000,False,True
20329,30231200,Fantasy,2000,False,False
17108,22896728,Action,2000,False,False
18585,179590,Romance,2000,False,False
8321,34533783,Comedy,2000,False,False
8390,55447968,Comedy,2000,False,True
10900,1138322,Horror,2000,False,False
13490,43650785,Comedy,2000,False,True
14539,9323473,Action,2000,False,False
14073,28700000,Romance,2000,False,False
8247,222231186,Action,2000,False,False
8328,150816700,Music,2000,False,False
53955,9,Drama,2000,True,False
8204,164170327,Family,2000,False,True
148665,84093,Drama,2000,True,False
125238,1840042,Drama,2000,True,False
57612,7518876,Documentary,2000,False,False
8681,226830568,Action,2000,False,True
8279,23550000,Drama,2000,True,False
51610,15633721,Family,2000,False,False
8265,245144417,Comedy,2000,False,False
40709,8321959,War,2000,False,False
17143,1190456,Action,2000,False,False
19389,5383,Drama,2000,True,False
31060,28548025,Comedy,2000,False,False
13059,249905,Horror,2000,False,False
1335762,3,Drama,2000,True,False
14011,5231128,Action,2000,False,False
14359,50907234,Drama,2000,True,False
8848,64828421,Thriller,2000,False,False
12184,78269970,Drama,2000,True,True
27438,405080,Comedy,2000,False,False
13260,33472850,Comedy,2000,False,False
13401,22707064,Comedy,2000,False,False
28816,177490,Documentary,2000,False,False
44731,8654110,Action,2000,False,False
12222,298572799,Animation,2000,False,True
8456,41627431,Drama,2000,True,False
7840,269784201,Adventure,2000,False,True
6461,12861658,Drama,2000,True,False
64263,7465423,Comedy,2000,False,False
71831,6011000,Action,2000,False,False
44742,1100000,Drama,2000,True,False
12178,16724933,Drama,2000,True,False
13493,51549674,Comedy,2000,False,True
1063293,5,Horror,2000,False,False
8747,5000000,Drama,2000,True,False
52048,11951,Comedy,2000,False,False
13737,2159162,Comedy,2000,False,False
7735,19000000,Drama,2000,True,False
13001,8900000,Action,2000,False,False
7351,1300000,Drama,2000,True,False
13460,22472631,Action,2000,False,False
8461,7938872,Drama,2000,True,False
16045,2864081,Family,2000,False,False
14349,204660,Drama,2000,True,False
52389,1056766,Action,2000,False,False
10800,12235843,Animation,2000,False,False
32579,23311391,Drama,2000,True,False
16710,41939392,Comedy,2000,False,False
4942,41299492,Comedy,2000,False,True
10183,5457664,Drama,2000,True,False
8065,159808370,Drama,2000,True,True
16450,10,Crime,2000,False,False
51917,5788176,Comedy,2000,False,False
8988,11207130,Drama,2000,True,True
717033,500,Comedy,2000,False,False
11918,25871834,Comedy,2000,False,False
8349,2783332,Action,2000,False,False
14669,8286,Drama,2000,True,False
27286,56386,Documentary,2000,False,False
635123,2881,Drama,2000,True,False
11152,22818256,Horror,2000,False,True
10488,100104565,Adventure,2000,False,False
13405,7785317,Drama,2000,True,False
1038943,20707,Drama,2000,True,False
8617,14796236,Horror,2000,False,False
1266,66476363,Action,2000,False,False
16644,881787,Drama,2000,True,False
75970,2246142,Comedy,2000,False,False
20832,8000000,Comedy,2000,False,False
12890,10569964,Comedy,2000,False,False
38956,6672104,Action,2000,False,False
274175,275000,Adventure,2000,False,False
9870,105173115,Comedy,2000,False,True
13359,7700000,Documentary,2000,False,False
1729,127906624,Action,2000,False,False
10503,18696602,Comedy,2000,False,False
891687,267,Animation,2000,False,False
10529,7033683,Science Fiction,2000,False,False
13018,18024545,Thriller,2000,False,True
16167,66456,Horror,2000,False,False
13335,43493123,Comedy,2000,False,False
20107,53760,Comedy,2000,False,False
8780,64444713,Comedy,2000,False,False
13191,1296184,Action,2000,False,False
1726,585174222,Action,2000,False,False
10761,106407672,Comedy,2000,False,True
14574,20416563,War,2000,False,False
9029,219375562,Comedy,2000,False,True
7459,93945766,Family,2000,False,True
13078,44852,Drama,2000,True,False
141236,33,Drama,2000,True,False
84967,4800000,Action,2000,False,False
4564,418765519,Comedy,2000,False,False
8338,19844979,Drama,2000,True,True
10360,2724474,Drama,2000,True,False
2454,419665568,Adventure,2000,False,True
8892,7356393,Comedy,2000,False,False
8882,34861529,Drama,2000,True,False
521945,2900,Comedy,2000,False,False
71917,81056,Comedy,2000,False,False
217,786636033,Adventure,2000,False,True
25329,124048,Horror,2000,False,False
8908,684164,Documentary,2000,False,False
8832,11260366,Drama,2000,True,False
433048,340000,Comedy,2000,False,False
10665,82391145,Horror,2000,False,False
13636,308575,Documentary,2000,False,False
31216,40945,Drama,2000,True,False
13672,276891,Drama,2000,True,False
9502,631744560,Action,2000,False,True
13793,1107542,Drama,2000,True,False
10661,204313400,Comedy,2000,False,True
13506,38135878,War,2000,False,True
278267,1200000,Horror,2000,False,False
14394,8130000,Action,2000,False,False
73913,1986,Comedy,2000,False,False
8645,163403799,Thriller,2000,False,True
373643,60,Drama,2000,True,False
197844,100,Drama,2000,True,False
8885,11179372,Drama,2000,True,False
72776,149913,Music,2000,False,False
1724,163712074,Science Fiction,2000,False,False
1309972,265000000,Action,2000,False,True
11665,230685453,Action,2000,False,False
8909,342463063,Action,2000,False,True
12177,40854735,Comedy,2000,False,True
154735,22095,Drama,2000,True,False
10681,521311860,Animation,2000,False,True
72663,273137,Drama,2000,True,False
19375,119563,Fantasy,2000,False,False
30048,1000000,Music,2000,False,False
11802,64762724,Animation,2000,False,False
19627,162256,Comedy,2000,False,False
8889,282191,Drama,2000,True,False
25050,3511120,Drama,2000,True,False
15912,728903,Crime,2000,False,False
788635,1094584,Horror,2000,False,False
8960,629443428,Fantasy,2000,False,True
1735,403449830,Adventure,2000,False,True
8359,17657973,Family,2000,False,False
11631,609841637,Comedy,2000,False,False
616085,57119,Drama,2000,True,False
13990,3175469,Drama,2000,True,False
14467,11100000,Drama,2000,True,False
234502,2200000,Drama,2000,True,False
11260,50650079,Comedy,2000,False,True
88751,101702060,Action,2000,False,False
12289,250100000,Adventure,2000,False,False
15208,7005528,Drama,2000,True,False
11253,160388063,Fantasy,2000,False,True
15952,179943,Drama,2000,True,False
155,1004558444,Drama,2000,True,True
1063292,100,Drama,2000,True,False
15467,11000000,Drama,2000,True,False
14353,188126,Horror,2000,False,False
47292,43300000,Family,2000,False,False
12429,202404009,Animation,2000,False,False
14098,1415804,Horror,2000,False,False
12169,13200000,Drama,2000,True,False
622918,874285,Action,2000,False,False
8836,69363381,Drama,2000,True,True
12133,128107642,Comedy,2000,False,True
12689,14924998,Comedy,2000,False,True
20976,4500000,Action,2000,False,False
52923,123000,Drama,2000,True,False
12568,13204291,Drama,2000,True,False
62442,4740000,Comedy,2000,False,False
10187,17600000,Comedy,2000,False,False
14048,2957978,Documentary,2000,False,False
12274,1000000,Drama,2000,True,False
17581,10600000,Fantasy,2000,False,False
52213,9471031,Comedy,2000,False,False
269308,41347,Documentary,2000,False,False
12180,68282844,Animation,2000,False,True
10188,44352417,Adventure,2000,False,False
10189,101624843,Action,2000,False,True
7353,6692182,Drama,2000,True,False
943827,43353,Documentary,2000,False,False
13256,2131057,Action,2000,False,False
10185,3533227,Horror,2000,False,False
12273,25000000,Action,2000,False,False
15926,666045,Action,2000,False,False
11671,14894347,Drama,2000,True,False
13300,194287,Action,2000,False,False
7446,195702811,Action,2000,False,False
188281,6576399,Science Fiction,2000,False,False
87081,20400,Comedy,2000,False,False
327665,236000,Romance,2000,False,False
13971,21972336,Comedy,2000,False,True
5038,96409300,Drama,2000,True,False
13956,41412264,Adventure,2000,False,False
15864,9600000,Drama,2000,True,False
13107,1829917,Comedy,2000,False,False
13515,72436439,Horror,2000,False,False
29364,32765,Drama,2000,True,False
36683,31244858,Science Fiction,2000,False,False
10186,8762890,Comedy,2000,False,False
62730,1062000,Documentary,2000,False,False
9381,72109200,Action,2000,False,True
13184,42487390,Action,2000,False,False
21194,3739748,Comedy,2000,False,True
62647,917600,Action,2000,False,False
41703,927277,Drama,2000,True,False
53297,1537649,Comedy,2000,False,False
10483,76014335,Action,2000,False,True
15979,2760000,Drama,2000,True,False
13579,11767866,Drama,2000,True,False
12620,70442940,Romance,2000,False,True
13291,23530831,Drama,2000,True,True
84044,3036326,Drama,2000,True,False
13991,6265483,Comedy,2000,False,False
13805,14109284,Comedy,2000,False,False
15932,1785030,Thriller,2000,False,False
14613,3800000,Animation,2000,False,False
14976,16937968,Drama,2000,True,False
9539,1100000,Horror,2000,False,False
13809,25740863,Action,2000,False,True
45097,1000000,Animation,2000,False,False
4944,163720069,Comedy,2000,False,False
12783,43306325,Drama,2000,True,True
13996,4040588,Comedy,2000,False,False
19703,3500000,Drama,2000,True,False
20986,1880000,Action,2000,False,False
12572,14603177,Comedy,2000,False,False
33295,887029,Documentary,2000,False,False
12163,44734660,Drama,2000,True,False
14940,165888,Comedy,2000,False,False
21755,5530764,Adventure,2000,False,False
13150,31200557,Crime,2000,False,False
23174,15500000,Horror,2000,False,False
55608,124300,Drama,2000,True,False
13389,79498846,Action,2000,False,False
7280,202000,Drama,2000,True,False
15179,3250537,Drama,2000,True,False
13972,50007546,Comedy,2000,False,False
13510,3984669,Horror,2000,False,False
47644,295000,Fantasy,2000,False,False
10190,367638,Drama,2000,True,False
16804,69932387,Drama,2000,True,False
47773,9833515,Family,2000,False,False
12412,9323833,Drama,2000,True,False
12837,38105395,Family,2000,False,False
15436,10134366,Comedy,2000,False,False
52891,9713500,Comedy,2000,False,False
10358,42105111,Comedy,2000,False,False
13596,41624687,Romance,2000,False,False
12797,27090159,Drama,2000,True,False
12690,20211394,Drama,2000,True,False
13279,27640028,Drama,2000,True,False
14248,30700000,Animation,2000,False,False
15457,12940622,Drama,2000,True,False
8841,28814580,Drama,2000,True,False
13690,8700000,Adventure,2000,False,False
13027,178800000,Mystery,2000,False,True
6968,26937355,Action,2000,False,False
14326,84375061,Drama,2000,True,True
13944,2000000,Drama,2000,True,False
13973,3982459,Comedy,2000,False,False
14438,33456317,Drama,2000,True,False
90772,928850,Comedy,2000,False,False
15942,6198016,Drama,2000,True,False
54254,115605,Drama,2000,True,False
13092,17286299,Comedy,2000,False,False
19669,8750000,Action,2000,False,False
7916,743,Action,2000,False,False
14405,149281606,Comedy,2000,False,True
12182,33556631,Comedy,2000,False,True
189365,2800000,History,2000,False,False
13948,7000000,Comedy,2000,False,False
137649,6579353,Action,2000,False,False
31299,767567,Drama,2000,True,False
13600,17869048,Adventure,2000,False,False
14422,150278,Comedy,2000,False,False
18533,2260712,Drama,2000,True,False
13803,170255,Horror,2000,False,False
167885,4000,Fantasy,2000,False,False
12113,113280098,Action,2000,False,True
14325,9793496,Drama,2000,True,True
12162,49230772,Drama,2000,True,False
13812,40855419,Horror,2000,False,False
11887,252909177,Comedy,2000,False,True
1500201,2,Comedy,2000,False,False
11499,18593156,Drama,2000,True,True
13051,85416905,Crime,2000,False,True
17347,2556911,Drama,2000,True,False
17008,8623057,Comedy,2000,False,False
13523,18755936,Comedy,2000,False,False
10523,29506464,Drama,2000,True,False
15262,156941,Horror,2000,False,False
347150,406994,Animation,2000,False,False
8944,6673422,Comedy,2000,False,False
17845,9168516,Drama,2000,True,False
13635,31055440,Drama,2000,True,False
16436,6815056,Adventure,2000,False,False
12832,1863939,Drama,2000,True,False
31418,270934,Drama,2000,True,False
44989,38597,Drama,2000,True,False
11917,113864059,Horror,2000,False,False
20653,1100000,Animation,2000,False,False
459715,1939652,Drama,2000,True,False
13310,10785801,Horror,2000,False,False
20268,1672292,Drama,2000,True,True
13825,558000,Drama,2000,True,False
4960,4383538,Drama,2000,True,False
3580,113398237,Crime,2000,False,True
52668,1100299,Drama,2000,True,False
1205833,68,Action,2000,False,True
69389,500000,Action,2000,False,False
15749,498088,Drama,2000,True,False
327759,6474087,Drama,2000,True,False
10764,589580482,Adventure,2000,False,True
17334,115592,Comedy,2000,False,False
10527,603900354,Family,2000,False,True
14745,15,Drama,2000,True,False
13220,124191,Horror,2000,False,False
13459,4496912,Animation,2000,False,False
17436,382174,Drama,2000,True,False
10139,54589558,History,2000,False,False
15373,92380927,Comedy,2000,False,True
143344,404075,Drama,2000,True,False
15616,103971,Comedy,2000,False,False
12165,5642478,Drama,2000,True,False
12405,378410542,Drama,2000,True,False
16164,2960993,Crime,2000,False,False
863466,37771,Drama,2000,True,False
14071,20000000,Drama,2000,True,False
38637,14000000,Drama,2000,True,False
18733,14160032,Comedy,2000,False,False
16564,530048,Drama,2000,True,False
6972,211787511,Adventure,2000,False,True
10362,16303643,Drama,2000,True,False
71322,5129300,Drama,2000,True,False
8966,393616788,Fantasy,2000,False,False
13053,309979994,Animation,2000,False,True
1452426,13593473,Action,2000,False,True
12193,164112721,Comedy,2000,False,False
13387,108979549,Action,2000,False,False
18060,3721332,Action,2000,False,False
51284,766075,Drama,2000,True,False
74498,82827,Drama,2000,True,False
681318,81665,Comedy,2000,False,False
15975,1700000,Action,2000,False,False
24225,101543,Documentary,2000,False,False
31294,1209841,Drama,2000,True,False
50530,3877492,Romance,2000,False,False
16353,8936663,Adventure,2000,False,False
13056,10089373,Action,2000,False,False
14299,8880045,Drama,2000,True,False
24426,9582732,Science Fiction,2000,False,False
15544,54822,Comedy,2000,False,False
10201,223241637,Comedy,2000,False,True
8055,108902486,Drama,2000,True,False
8942,1192655,Drama,2000,True,False
20764,107559,Drama,2000,True,False
10200,233093859,Drama,2000,True,True
2309,62803180,Adventure,2000,False,False
559009,75778,Drama,2000,True,False
8880,8638163,Drama,2000,True,False
1183099,42,Drama,2000,True,False
20542,694782,Adventure,2000,False,False
13223,269958228,Drama,2000,True,True
14756,22108789,Drama,2000,True,False
15801,44872,Action,2000,False,False
17165,6032296,Action,2000,False,False
9510,16680689,Adventure,2000,False,True
10199,86947965,Adventure,2000,False,False
11321,168167691,Drama,2000,True,True
16911,21834845,Science Fiction,2000,False,False
1122107,93613,Comedy,2000,False,False
4148,75981180,Drama,2000,True,False
42437,30030388,Comedy,2000,False,False
411323,414000,Action,2000,False,False
119905,24498,Drama,2000,True,False
784837,32000,Adventure,2000,False,False
14637,409832,Drama,2000,True,False
62732,17850711,Comedy,2000,False,False
39055,140987,Drama,2000,True,False
47325,89932,Drama,2000,True,False
10202,212874864,Fantasy,2000,False,True
2253,200276000,Drama,2000,True,False
17606,1143856,Drama,2000,True,False
2333,12627016,Drama,2000,True,False
16409,32562782,Drama,2000,True,True
14070,76000000,Action,2000,False,False
29192,1400000,Animation,2000,False,False
8285,39031337,Action,2000,False,False
4922,335802786,Drama,2000,True,True
38336,17101695,Drama,2000,True,False
14306,255743093,Comedy,2000,False,False
17903,18980744,Drama,2000,True,False
13813,51155219,Action,2000,False,True
34128,11276,Drama,2000,True,False
31896,6783,Comedy,2000,False,False
57409,21878,Documentary,2000,False,False
74178,513722,Family,2000,False,False
676544,750000,Comedy,2000,False,False
15384,121059225,Action,2000,False,False
63540,723915,Comedy,2000,False,False
13788,76514050,Horror,2000,False,True
14451,2166797,Horror,2000,False,False
10521,115375850,Comedy,2000,False,False
43740,450000,Drama,2000,True,False
28632,2877113,Drama,2000,True,False
1063277,1,Comedy,2000,False,False
14560,183293131,Action,2000,False,True
20002,17000000,Action,2000,False,True
19918,12035862,Comedy,2000,False,False
14410,43051547,Music,2000,False,False
1731,34820,Drama,2000,True,False
35219,17896,Comedy,2000,False,False
15189,117000198,Comedy,2000,False,False
14435,102836002,Mystery,2000,False,False
41813,20712567,Action,2000,False,False
29150,232732,Comedy,2000,False,False
8952,20768906,Comedy,2000,False,False
20407,26676,Comedy,2000,False,False
33974,2033946,Drama,2000,True,False
16759,364355,Crime,2000,False,False
33106,16259000,Action,2000,False,False
22805,726936,Comedy,2000,False,False
12437,92158961,Fantasy,2000,False,False
19833,6149791,Comedy,2000,False,False
41544,17386063,Romance,2000,False,False
73905,89068,Drama,2000,True,False
15980,8000000,Horror,2000,False,False
49585,14205,Drama,2000,True,False
112876,1000000,Drama,2000,True,False
16344,3000000,Romance,2000,False,False
14254,41624046,Horror,2000,False,False
89358,1880719,Adventure,2000,False,False
14536,29010817,Comedy,2000,False,False
4959,60161391,Action,2000,False,True
13455,49678401,Science Fiction,2000,False,False
21861,31451622,Comedy,2000,False,False
50071,206728,Documentary,2000,False,False
64050,2540000,Adventure,2000,False,False
15286,3923970,Action,2000,False,False
43937,352810,Drama,2000,True,False
20048,108332743,Comedy,2000,False,False
25137,4388563,Thriller,2000,False,False
14836,124600000,Animation,2000,False,False
10184,178866158,Comedy,2000,False,True
15977,7600000,Comedy,2000,False,False
69499,7500000,Drama,2000,True,False
18476,1017401,Crime,2000,False,False
15159,75871032,Comedy,2000,False,True
13532,948753,Adventure,2000,False,False
18032,7162618,Adventure,2000,False,True
24561,32897214,Action,2000,False,False
32395,1344544,Drama,2000,True,False
21583,2566648,Comedy,2000,False,False
26963,1803412,Animation,2000,False,False
24238,1740429,Animation,2000,False,False
15577,1037335,Crime,2000,False,False
13207,91509154,Horror,2000,False,True
1220102,15000,Animation,2000,False,False
31061,27699692,Comedy,2000,False,False
16345,10000000,Comedy,2000,False,False
31714,10000000,Mystery,2000,False,False
15670,90508336,Comedy,2000,False,False
14688,15016366,Comedy,2000,False,False
15357,8786375,Action,2000,False,False
17927,18599102,Comedy,2000,False,False
17335,73830340,Drama,2000,True,False
16325,2186782,Action,2000,False,False
15268,12764201,Action,2000,False,True
45708,659483,Comedy,2000,False,False
15472,109421911,Drama,2000,True,False
52151,1051548,Drama,2000,True,False
68701,10068,Documentary,2000,False,False
15638,2322421,Action,2000,False,False
24821,1489526,Thriller,2000,False,False
18320,29196409,Drama,2000,True,False
13183,185258983,Action,2000,False,True
14857,471645,Drama,2000,True,False
24686,9112193,Comedy,2000,False,False
580732,6423,Drama,2000,True,False
80783,1636666,Romance,2000,False,False
1188200,185000000,Action,2000,False,True
28053,7875862,Drama,2000,True,False
23963,32000,Horror,2000,False,False
58714,2027829,Drama,2000,True,False
16996,136316880,Comedy,2000,False,False
14164,58228460,Action,2000,False,True
13836,106303988,Adventure,2000,False,True
276865,403547,Comedy,2000,False,False
18405,32721635,Crime,2000,False,False
19556,4591629,Comedy,2000,False,False
21625,2000000,Crime,2000,False,False
8316,784522,Drama,2000,True,False
16871,90810892,Horror,2000,False,True
24293,16000000,Action,2000,False,False
8088,30991660,Drama,2000,True,True
16558,78176181,Romance,2000,False,True
17134,17280326,Action,2000,False,False
15512,381509870,Animation,2000,False,True
13811,155446362,Action,2000,False,False
377937,5000,Drama,2000,True,False
528422,950000,Action,2000,False,False
16538,91980359,Comedy,2000,False,False
37221,8600000,Animation,2000,False,False
21191,5102705,Drama,2000,True,False
20192,1550000,Comedy,2000,False,False
19875,1136883,Drama,2000,True,False
20083,5461200,Drama,2000,True,False
17082,329945,Action,2000,False,False
16652,739943,Animation,2000,False,False
18557,860,Crime,2000,False,False
21013,1220709,Action,2000,False,False
33809,2634462,Drama,2000,True,False
12137,4628777,Adventure,2000,False,False
79650,2100000,Action,2000,False,False
18781,77527732,Thriller,2000,False,False
17899,5723917,Comedy,2000,False,False
50987,785422,History,2000,False,False
90679,39493,Drama,2000,True,False
151175,1500000,Drama,2000,True,False
1123983,60000,Animation,2000,False,False
18947,36348784,Drama,2000,True,True
32172,3300000,Thriller,2000,False,False
17935,16815892,Drama,2000,True,False
13804,363164265,Action,2000,False,True
1450,5874530,Action,2000,False,False
20049,18000000,Action,2000,False,False
1319059,1300,Drama,2000,True,False
42399,3006000,Drama,2000,True,False
16614,17164820,Comedy,2000,False,False
51275,1708837,Drama,2000,True,False
220233,79070,Comedy,2000,False,False
22215,9368242,Drama,2000,True,False
22798,16633035,Drama,2000,True,False
32541,1715000,Action,2000,False,False
16991,24007324,Comedy,2000,False,False
18126,155545279,Comedy,2000,False,True
60242,169466,Comedy,2000,False,False
15092,34560577,Action,2000,False,False
16995,87812371,Thriller,2000,False,True
28830,5231897,Comedy,2000,False,False
21345,10652498,Drama,2000,True,False
18122,5873871,Action,2000,False,False
37721,36857,Comedy,2000,False,False
17332,38332994,Drama,2000,True,True
42395,1296000,Comedy,2000,False,False
22494,23820,Comedy,2000,False,False
17336,32474120,Action,2000,False,False
899865,1,Documentary,2000,False,False
39037,100688,Comedy,2000,False,False
56811,35456,Mystery,2000,False,False
886228,1401,Comedy,2000,False,False
1144920,10631,Drama,2000,True,False
21033,56000,Drama,2000,True,False
17532,4100000,Thriller,2000,False,False
16985,16487322,Comedy,2000,False,False
2080,373062864,Adventure,2000,False,True
17417,2808769,Comedy,2000,False,False
172528,2648133,Comedy,2000,False,False
22536,13085023,Drama,2000,True,False
178848,7184635,Action,2000,False,False
348540,1500000,Thriller,2000,False,False
76459,750000,Drama,2000,True,False
12556,102223269,Fantasy,2000,False,False
13475,385680446,Science Fiction,2000,False,True
17740,17835,Drama,2000,True,False
24271,96008,Comedy,2000,False,False
1977,38610009,Mystery,2000,False,False
117646,10,Drama,2000,True,False
13448,485930816,Thriller,2000,False,True
114000,200000,Action,2000,False,False
86262,208867,Drama,2000,True,False
34071,415555,Drama,2000,True,False
19980,6600000,Comedy,2000,False,False
25968,1709178,Drama,2000,True,False
26715,199436,Drama,2000,True,False
26428,39457342,Adventure,2000,False,False
17911,722,Horror,2000,False,False
18360,413106170,Adventure,2000,False,True
30239,5701481,Drama,2000,True,False
17609,791867,Drama,2000,True,False
534,371353001,Action,2000,False,True
21724,31439140,Music,2000,False,True
23173,1362653,Horror,2000,False,False
17680,1007962,Drama,2000,True,False
43620,3804935,Drama,2000,True,False
14160,735099082,Animation,2000,False,False
30018,17112713,Crime,2000,False,False
75428,88055243,Drama,2000,True,False
1063286,1,Documentary,2000,False,False
38810,110197,Drama,2000,True,False
18240,317375031,Comedy,2000,False,False
19824,20543,Comedy,2000,False,True
18785,469310836,Comedy,2000,False,True
18897,2651917,Drama,2000,True,False
823471,41703,Drama,2000,True,False
23049,20455276,Comedy,2000,False,False
19255,15779455,Drama,2000,True,False
18162,68688831,Adventure,2000,False,True
70070,69948,Romance,2000,False,False
73051,625902,Drama,2000,True,False
45576,288,Documentary,2000,False,False
62635,302000,Documentary,2000,False,False
28178,46749646,Drama,2000,True,False
12403,22852638,Thriller,2000,False,False
18487,150166126,Crime,2000,False,True
18896,14751272,Comedy,2000,False,False
11928,2852915,Drama,2000,True,False
22495,160829,Comedy,2000,False,False
50417,122575,Action,2000,False,False
27906,270210,Adventure,2000,False,False
17431,9760104,Science Fiction,2000,False,False
38625,5474821,Drama,2000,True,False
39414,13514,Comedy,2000,False,False
29134,2176304,Drama,2000,True,False
34647,754249,Fantasy,2000,False,False
17610,62357900,Comedy,2000,False,True
52413,3470000,Horror,2000,False,False
29917,394717,Thriller,2000,False,False
8373,836303693,Science Fiction,2000,False,True
19794,1895782,Comedy,2000,False,False
19265,36020534,Comedy,2000,False,False
19724,23000000,Comedy,2000,False,True
148066,30,Drama,2000,True,False
31172,878153,Action,2000,False,False
30974,2141798,Action,2000,False,False
22843,41162041,Animation,2000,False,False
8355,886686817,Animation,2000,False,True
36939,48411,Comedy,2000,False,False
10024,95714875,Drama,2000,True,False
20825,4243957,Comedy,2000,False,False
26693,1971714,Fantasy,2000,False,False
11322,214104620,Crime,2000,False,True
20071,2012927,Comedy,2000,False,False
1237183,1000000,Comedy,2000,False,False
4475,2770941,Comedy,2000,False,False
22051,3037173,Drama,2000,True,False
84442,190411,Thriller,2000,False,False
18480,138805831,Comedy,2000,False,True
16056,39171,Crime,2000,False,False
21407,114000000,Horror,2000,False,False
54225,2484095,Romance,2000,False,False
19900,22779,Comedy,2000,False,False
19840,15345201,Comedy,2000,False,False
59450,10660802,Horror,2000,False,False
767,933959197,Adventure,2000,False,True
685978,282946,Action,2000,False,False
19913,60781545,Comedy,2000,False,False
39057,50673078,Family,2000,False,False
33196,71641901,Action,2000,False,False
24889,2803101,Drama,2000,True,False
20290,400000,Action,2000,False,False
19585,292817841,Animation,2000,False,True
21208,77912251,Horror,2000,False,True
20943,321682600,Comedy,2000,False,False
44152,470000,Horror,2000,False,False
20856,57881056,Adventure,2000,False,True
33699,295117,Action,2000,False,False
20829,71585235,Comedy,2000,False,True
19663,20794985,Comedy,2000,False,False
23128,1162422,Documentary,2000,False,False
36728,8084148,Action,2000,False,False
28874,18434328,Animation,2000,False,False
731473,4000,Action,2000,False,False
14869,302469017,Adventure,2000,False,True
17654,210819611,Science Fiction,2000,False,False
42973,1056938,Comedy,2000,False,False
23367,12225023,Comedy,2000,False,False
23706,40105542,Comedy,2000,False,False
34626,154660,Action,2000,False,False
24803,129540499,Romance,2000,False,True
20687,555670,Romance,2000,False,False
30250,1134837,Comedy,2000,False,False
44898,753808,Drama,2000,True,False
73644,2499412,Comedy,2000,False,False
84775,4133544,Comedy,2000,False,False
25376,33965843,Crime,2000,False,False
28355,29000000,Horror,2000,False,True
20688,18130000,Action,2000,False,False
24420,101344412,Drama,2000,True,False
29613,25488,Comedy,2000,False,False
12244,48428063,Action,2000,False,False
16869,321457747,Drama,2000,True,True
94340,171958,Drama,2000,True,False
20178,295750,Comedy,2000,False,False
27637,12789786,Comedy,2000,False,False
25704,6414729,Comedy,2000,False,False
25132,28972508,Family,2000,False,False
26820,2479538,Comedy,2000,False,False
41978,17566040,Comedy,2000,False,True
19912,186167139,Horror,2000,False,False
21575,17873691,Crime,2000,False,False
26320,9975737,Music,2000,False,False
23451,1179676,Documentary,2000,False,False
24150,39421467,Horror,2000,False,False
20458,2258895,Thriller,2000,False,False
595306,250000,Thriller,2000,False,False
25846,16017513,Drama,2000,True,False
18501,40828540,Action,2000,False,False
12569,10848783,Comedy,2000,False,False
82472,78841,Crime,2000,False,False
25769,5802422,Action,2000,False,True
37861,30638,Adventure,2000,False,False
22947,166842739,Drama,2000,True,True
47813,80,Documentary,2000,False,True
41110,12014663,Drama,2000,True,False
70388,6909775,Action,2000,False,False
22074,17436509,Documentary,2000,False,True
36691,5024782,Comedy,2000,False,False
19898,20648328,Action,2000,False,False
26688,27206120,Horror,2000,False,False
22787,17976667,Action,2000,False,True
23488,4706919,Fantasy,2000,False,False
31175,18164139,Drama,2000,True,False
37963,5030049,Thriller,2000,False,False
22355,32000000,Comedy,2000,False,False
72256,261001,Horror,2000,False,False
559007,205719,Comedy,2000,False,False
24469,2404300,Drama,2000,True,False
28478,1990753,Drama,2000,True,False
11699,10589102,Drama,2000,True,False
34769,44462,Drama,2000,True,False
46788,24998,Horror,2000,False,False
38542,867714,Crime,2000,False,False
12834,1034214,Comedy,2000,False,False
38448,1790061,Drama,2000,True,False
10664,18469680,Thriller,2000,False,False
32985,19652185,Adventure,2000,False,False
24122,21791288,Romance,2000,False,False
22794,242988466,Animation,2000,False,True
24424,1331651,Crime,2000,False,False
19994,31556061,Horror,2000,False,True
24253,67126795,Drama,2000,True,False
48494,40,Horror,2000,False,False
25643,36133014,Drama,2000,True,True
11323,41771168,Drama,2000,True,True
19899,171844840,Comedy,2000,False,True
279169,100000,Comedy,2000,False,False
32582,35450000,Drama,2000,True,False
28665,77211836,Music,2000,False,False
1060343,14,Comedy,2000,False,False
33997,14682943,Drama,2000,True,False
38984,5753490,Drama,2000,True,False
32084,1286008,Drama,2000,True,False
37903,11652157,Drama,2000,True,False
19959,122444772,Science Fiction,2000,False,False
30128,1429299,Comedy,2000,False,False
29151,33745,Comedy,2000,False,False
22832,61601280,Action,2000,False,True
12573,31430334,Comedy,2000,False,False
31203,62794894,Comedy,2000,False,False
34989,37319,Drama,2000,True,False
28510,875386,Adventure,2000,False,False
71245,1630907,Drama,2000,True,False
19901,51417188,Action,2000,False,False
33870,23914731,Drama,2000,True,False
36974,69389,Documentary,2000,False,False
8054,64352607,Adventure,2000,False,False
381961,200000,Drama,2000,True,False
23082,32406507,Comedy,2000,False,True
21297,11000000,Comedy,2000,False,False
1521977,17000,Fantasy,2000,False,False
19237,397941,Horror,2000,False,False
19908,102391540,Comedy,2000,False,True
36698,1877122,Science Fiction,2000,False,False
31189,1995012,Drama,2000,True,False
42571,4300000,Crime,2000,False,False
240789,50656,Drama,2000,True,False
23947,5300,Drama,2000,True,False
38850,7306,Crime,2000,False,False
14161,791217826,Action,2000,False,True
39800,744816,Comedy,2000,False,False
1434899,150000000,Animation,2000,False,False
1431861,228000000,Adventure,2000,False,False
34480,7048886,Adventure,2000,False,False
43908,79914,Comedy,2000,False,False
46641,400654,Comedy,2000,False,False
937891,66,Drama,2000,True,False
16577,19551067,Animation,2000,False,False
27957,13500000,War,2000,False,False
22803,127944208,Drama,2000,True,False
43738,132547,Drama,2000,True,False
19904,31198531,Horror,2000,False,False
26466,1594955,Horror,2000,False,False
16523,100140916,Family,2000,False,True
39072,22464,Comedy,2000,False,False
78642,2998545,History,2000,False,False
24804,296557,Comedy,2000,False,False
25186,9069,Comedy,2000,False,False
45765,2149113,Drama,2000,True,False
10313,68729358,Comedy,2000,False,False
34653,24964890,Drama,2000,True,False
35026,17854472,Comedy,2000,False,False
25602,194243,Action,2000,False,False
22804,68234154,Horror,2000,False,False
8915,19643086,Adventure,2000,False,False
9503,28748076,Drama,2000,True,False
24418,28169671,Adventure,2000,False,True
10315,46471023,Adventure,2000,False,False
33215,5000000,Comedy,2000,False,False
51249,47305,Adventure,2000,False,False
23988,1400000,Comedy,2000,False,False
13576,261200000,Music,2000,False,True
27936,14000000,Action,2000,False,False
25805,10814122,Fantasy,2000,False,True
38220,6900000,Romance,2000,False,False
50025,3004329,Action,2000,False,False
24684,26096852,Drama,2000,True,False
22825,33333531,Thriller,2000,False,True
25511,9500000,Drama,2000,True,False
37169,252207,Horror,2000,False,False
17979,325286646,Animation,2000,False,True
41144,3824868,Drama,2000,True,False
29963,14374652,Drama,2000,True,False
33273,19300483,Action,2000,False,False
24827,26000000,Romance,2000,False,False
31011,2331721,Science Fiction,2000,False,False
22824,47709193,Mystery,2000,False,True
25793,47536959,Drama,2000,True,False
43635,1090202,Drama,2000,True,False
36419,3606395,Drama,2000,True,False
37080,4000000,Drama,2000,True,False
56601,3878993,Drama,2000,True,False
25941,10329747,Thriller,2000,False,False
70137,150149,Romance,2000,False,False
31723,18097,Comedy,2000,False,False
28089,1595417,Drama,2000,True,False
32124,18088,Drama,2000,True,False
56084,4500000,Action,2000,False,False
18239,709827462,Adventure,2000,False,False
16866,104945765,Animation,2000,False,False
22556,317000,Drama,2000,True,False
23517,1690811,Drama,2000,True,False
58748,200477,Comedy,2000,False,False
24613,6600000,Crime,2000,False,False
22881,309208309,Drama,2000,True,True
1194311,230000,Thriller,2000,False,False
9511,48720000,Comedy,2000,False,False
22949,96753696,Comedy,2000,False,True
1326173,1200000,Horror,2000,False,False
22821,10629321,Action,2000,False,False
12404,2336172,Drama,2000,True,True
35436,6593565,Comedy,2000,False,False
20766,27635305,Adventure,2000,False,False
32909,13380561,Adventure,2000,False,False
51365,407728,Fantasy,2000,False,False
64194,8544,Romance,2000,False,False
33613,43498108,Action,2000,False,False
25867,9000000,Action,2000,False,False
7445,43474578,Drama,2000,True,False
35640,6982465,Comedy,2000,False,True
10197,53825515,Drama,2000,True,False
63286,2238101,Comedy,2000,False,False
37190,263941,Comedy,2000,False,False
26171,16443609,Drama,2000,True,False
35052,101860,Drama,2000,True,False
4597,22942221,Action,2000,False,False
27989,348327,Comedy,2000,False,False
467804,1,Comedy,2000,False,False
32007,1000000,Drama,2000,True,False
10198,270997378,Romance,2000,False,True
494478,90000,Documentary,2000,False,False
37807,2545752,Comedy,2000,False,False
22954,122426792,Drama,2000,True,True
34423,60421,Comedy,2000,False,False
41498,53000000,Animation,2000,False,False
19995,2923706026,Action,2000,False,True
25196,47405566,Drama,2000,True,False
24438,85280250,Comedy,2000,False,False
23513,1053818,Drama,2000,True,False
312924,168658,Documentary,2000,False,False
33282,23324363,Comedy,2000,False,False
30596,6604537,Drama,2000,True,False
23398,443140005,Comedy,2000,False,True
26123,5021219,Comedy,2000,False,True
52178,3389434,Drama,2000,True,False
20453,70000000,Drama,2000,True,False
10528,524028679,Action,2000,False,True
22897,219103655,Comedy,2000,False,True
90035,1602789,Animation,2000,False,False
198351,3,Comedy,2000,False,False
33511,6577779,Drama,2000,True,False
1516799,2100000,Comedy,2000,False,False
50642,4718615,Family,2000,False,False
7980,93621340,Fantasy,2000,False,False
31162,21500000,Science Fiction,2000,False,True
30691,13565059,Comedy,2000,False,False
159598,3545,Action,2010,False,False
269640,4549,Comedy,2010,False,False
676945,118550,Comedy,2010,False,False
1457332,20000,Drama,2010,True,False
52935,2000,Action,2010,False,False
623211,1760,Documentary,2010,False,False
38883,3807808,Comedy,2010,False,False
52032,246574,Animation,2010,False,False
36298,22039646,Comedy,2010,False,True
25195,32686500,Romance,2010,False,True
29888,2700000,Comedy,2010,False,False
54424,34794,Drama,2010,True,False
32511,48298,Drama,2010,True,False
53172,204940,Crime,2010,False,False
69597,20000000,Action,2010,False,False
20504,157107755,Action,2010,False,False
23023,112462508,Comedy,2010,False,True
23172,66166000,Action,2010,False,False
1194029,1300000,Documentary,2010,False,False
31059,22212223,Comedy,2010,False,False
22894,67918658,Horror,2010,False,False
27569,15134293,Drama,2010,True,False
36085,5050298,Family,2010,False,False
46838,5224938,Comedy,2010,False,False
44835,449702,Drama,2010,True,False
36970,19406406,Documentary,2010,False,False
158777,750000,Drama,2010,True,False
270691,5000000,Action,2010,False,False
50716,2473891,Animation,2010,False,False
46062,12839,Action,2010,False,False
46689,187716,Documentary,2010,False,False
34134,16441438,Animation,2010,False,False
12201,81126522,Crime,2010,False,True
31458,2000000,Drama,2010,True,False
13477,43042835,Comedy,2010,False,False
91073,4820000,Drama,2010,True,False
106456,2124685,Adventure,2010,False,False
48414,303574,Documentary,2010,False,False
32657,226497209,Adventure,2010,False,False
30675,7000000,Science Fiction,2010,False,False
26389,52844496,Action,2010,False,False
34586,15172408,Drama,2010,True,False
59094,7786,Comedy,2010,False,False
22971,114977104,Drama,2010,True,False
44363,3065860,Thriller,2010,False,False
321187,1149000,Music,2010,False,True
42748,1675160,Drama,2010,True,False
32856,216485654,Comedy,2010,False,False
26022,42345360,Drama,2010,True,False
1220115,20000,Action,2010,False,False
11439,60331447,Thriller,2010,False,False
40794,8220215,Comedy,2010,False,False
32926,22588876,Comedy,2010,False,False
11324,294800000,Drama,2010,True,True
39356,9116968,Drama,2010,True,False
23759,6890432,Adventure,2010,False,True
505519,2000000,Crime,2010,False,False
573531,11000000,Animation,2010,False,True
38325,622644,Drama,2010,True,False
36699,8910819,War,2010,False,False
55893,48132,Drama,2010,True,False
55283,1458709,Drama,2010,True,False
37414,3977192,Crime,2010,False,False
1255487,500,Comedy,2010,False,False
47812,10198357,Comedy,2010,False,False
137618,745,Drama,2010,True,False
28211,13657649,Drama,2010,True,False
33107,177182,Horror,2010,False,False
63430,2800000,Romance,2010,False,False
29427,54956140,Mystery,2010,False,True
23742,55583804,Action,2010,False,False
54524,208475,Drama,2010,True,False
34144,5400000,Comedy,2010,False,True
34418,3900000,Drama,2010,True,False
34764,3900000,Romance,2010,False,False
37941,12000000,Drama,2010,True,False
316776,200,Action,2010,False,False
27004,46488,Crime,2010,False,False
12155,1025467110,Family,2010,False,True
35428,12005838,Comedy,2010,False,False
26390,45719985,Crime,2010,False,False
39452,4790751,Documentary,2010,False,False
261949,2000000,Comedy,2010,False,False
86184,83686340,Adventure,2010,False,False
41411,25346148,Drama,2010,True,False
22972,94882889,War,2010,False,True
34016,49779728,Romance,2010,False,False
23169,56032889,Drama,2010,True,False
39693,6933474,Comedy,2010,False,False
44982,3317662,Drama,2010,True,True
34563,21409028,Comedy,2010,False,False
29159,50113,Crime,2010,False,False
27573,136333522,Comedy,2010,False,False
41211,47355187,Romance,2010,False,True
50598,2500000,Comedy,2010,False,False
36696,6500000,Family,2010,False,False
31867,18409891,Action,2010,False,True
10191,494879471,Fantasy,2010,False,True
42188,9918093,Drama,2010,True,False
31035,1853321,Comedy,2010,False,False
27586,2995811,Music,2010,False,False
52127,169693,Drama,2010,True,False
33217,76196538,Comedy,2010,False,False
42194,967000,Crime,2010,False,False
858072,100,Action,2010,False,False
23483,96188903,Action,2010,False,False
267296,50000,Music,2010,False,False
18823,493214993,Adventure,2010,False,True
27583,6344112,Comedy,2010,False,False
39525,2000000,Drama,2010,True,False
46733,6220450,Comedy,2010,False,False
23048,64780213,Science Fiction,2010,False,False
35019,93251121,Comedy,2010,False,False
41114,680000,Drama,2010,True,False
41505,851517,Horror,2010,False,False
766386,400,Drama,2010,True,False
46504,35556,Drama,2010,True,False
244941,4100000,Action,2010,False,False
35690,89137047,Drama,2010,True,False
50838,8020,Mystery,2010,False,False
63094,16643,Comedy,2010,False,False
42882,6161728,Comedy,2010,False,False
35688,60072596,Comedy,2010,False,False
43609,300849,Comedy,2010,False,False
35056,152263880,Comedy,2010,False,True
59728,399611,Drama,2010,True,False
58884,13826,Drama,2010,True,False
1474344,50000,Drama,2010,True,False
35552,34604339,Fantasy,2010,False,False
34803,49050886,Comedy,2010,False,False
63268,101186,Mystery,2010,False,False
50400,1891264,Comedy,2010,False,False
41479,7022728,Comedy,2010,False,True
97375,36407407,Action,2010,False,False
37832,7100000,Comedy,2010,False,False
34806,77477008,Comedy,2010,False,False
91911,23859,Documentary,2010,False,False
34813,23580000,Action,2010,False,True
43920,430041,Drama,2010,True,False
70112,550000,Horror,2010,False,False
49706,378600,Horror,2010,False,False
10138,623933331,Adventure,2010,False,False
50581,103432,Action,2010,False,False
37472,36000000,Action,2010,False,False
35169,36236710,Family,2010,False,False
58051,16000000,Comedy,2010,False,False
23437,115664037,Horror,2010,False,True
43209,2340363,Action,2010,False,False
47261,9961838,Thriller,2010,False,False
71240,78000,Action,2010,False,False
48650,844281,Drama,2010,True,False
37822,5100000,Crime,2010,False,False
44226,190483,Drama,2010,True,False
107565,1600000,Drama,2010,True,False
141289,4700000,Action,2010,False,False
37495,6149356,Comedy,2010,False,False
523267,20000,Comedy,2010,False,False
41210,49830607,Comedy,2010,False,False
20662,321669741,Action,2010,False,False
47909,349899,Drama,2010,True,False
37056,82148538,Comedy,2010,False,False
55151,20666,Drama,2010,True,False
58251,20728,Drama,2010,True,False
38093,21520719,Comedy,2010,False,False
39806,771499,Drama,2010,True,False
78394,4074023,Documentary,2010,False,False
10192,752600867,Comedy,2010,False,True
45284,8428636,Action,2010,False,False
48303,7736632,Drama,2010,True,False
102639,6915,Drama,2010,True,False
41592,18144030,Music,2010,False,False
110218,7042,Documentary,2010,False,False
9543,336365676,Adventure,2010,False,True
43212,4214668,Romance,2010,False,False
62871,231820,Drama,2010,True,False
48468,20600,Comedy,2010,False,False
38363,25806953,Drama,2010,True,False
65056,96868,Drama,2010,True,False
37931,9322895,Action,2010,False,False
43676,1212639,Comedy,2010,False,False
210286,12018591,Action,2010,False,False
1378366,576,Documentary,2010,False,False
37786,290745055,Comedy,2010,False,False
59927,37470,Drama,2010,True,False
62756,9700000,Action,2010,False,False
33427,69229,Action,2010,False,False
75170,14586,Drama,2010,True,False
146550,7269,Drama,2010,True,False
44877,1163967,Action,2010,False,False
27584,221590,Comedy,2010,False,False
44629,1000000,Crime,2010,False,False
32823,90029656,Adventure,2010,False,True
38579,83761844,Family,2010,False,True
745936,1000,Horror,2010,False,False
97342,9000000,Drama,2010,True,False
37821,98159963,Action,2010,False,False
119441,1950000,Animation,2010,False,False
210290,12002684,Action,2010,False,False
41215,382879,Drama,2010,True,False
51764,5980,Comedy,2010,False,False
34544,177238796,Thriller,2010,False,True
38407,15302850,Drama,2010,True,False
51875,90647,Crime,2010,False,False
135902,62811,Adventure,2010,False,False
38575,359126022,Action,2010,False,True
39013,13831503,Drama,2010,True,False
37834,261989769,Action,2010,False,True
73861,1541,Crime,2010,False,False
51200,20967660,War,2010,False,False
41201,6007194,Animation,2010,False,False
10193,1066969703,Animation,2010,False,True
45535,8929413,Comedy,2010,False,True
45316,520000,Drama,2010,True,False
44147,3453043,Action,2010,False,False
43947,572809,Thriller,2010,False,False
20533,10539000,Action,2010,False,True
54456,9700000,Action,2010,False,False
43933,5639730,Drama,2010,True,False
37460,4000000,Action,2010,False,False
210291,11986479,Action,2010,False,False
140835,418467,Comedy,2010,False,False
24021,698491347,Adventure,2010,False,False
44249,2708867,Drama,2010,True,False
38365,271430189,Comedy,2010,False,True
39312,1437000,War,2010,False,False
99191,1100000,Romance,2010,False,False
239920,1000000,Music,2010,False,False
10196,319713881,Action,2010,False,True
40777,12000000,Comedy,2010,False,False
891074,20,Comedy,2010,False,False
66195,453708,Comedy,2010,False,False
94567,56705,Horror,2010,False,False
99105,2000000,Comedy,2010,False,False
65841,72500000,Action,2010,False,False
34851,127233108,Science Fiction,2010,False,True
44155,11081555,Comedy,2010,False,False
43434,871279,Crime,2010,False,False
20352,533679475,Family,2010,False,True
39781,34705850,Comedy,2010,False,False
42918,178174,Documentary,2010,False,False
41216,140073390,Animation,2010,False,False
784577,3000,Action,2010,False,False
27022,215283742,Fantasy,2010,False,True
38961,12037973,Comedy,2010,False,False
27205,825532764,Action,2010,False,True
215359,1000000,Drama,2010,True,False
51739,149480483,Fantasy,2010,False,True
27576,293329073,Action,2010,False,True
44560,100297064,Drama,2010,True,False
44565,10000000,Comedy,2010,False,False
63812,10000000,Comedy,2010,False,False
38843,27293743,Comedy,2010,False,False
40662,6629178,Science Fiction,2010,False,False
39691,112483764,Family,2010,False,True
42966,8300000,Drama,2010,True,False
44718,10522511,Drama,2010,True,False
40720,2566717,Thriller,2010,False,False
38778,86387857,Comedy,2010,False,True
37950,48190704,Drama,2010,True,True
42151,10000,Crime,2010,False,False
50723,8500000,Adventure,2010,False,False
47088,453079,Comedy,2010,False,False
27578,274470394,Thriller,2010,False,False
49953,71594792,Animation,2010,False,False
540409,100000,Drama,2010,True,False
51608,43059790,Action,2010,False,False
41233,159291809,Drama,2010,True,False
43083,5850000,Comedy,2010,False,False
43949,1755212,Romance,2010,False,False
27581,170432927,Action,2010,False,True
43930,16504936,Action,2010,False,False
44263,13851432,Science Fiction,2010,False,False
22538,48000000,Action,2010,False,False
38167,204594016,Drama,2010,True,True
44549,6900000,Drama,2010,True,False
39957,58147,Drama,2010,True,False
40264,80547866,Horror,2010,False,True
51548,218708,Drama,2010,True,False
56604,83322,Horror,2010,False,False
43593,83188165,Comedy,2010,False,False
44613,5000000,Action,2010,False,False
39486,60321861,Drama,2010,True,True
43919,156190,Horror,2010,False,False
22907,80205382,Action,2010,False,False
44571,2000371,Action,2010,False,False
44716,13004198,Drama,2010,True,False
38568,1183258,Drama,2010,True,False
12645,55089,Drama,2010,True,False
38358,69432527,Horror,2010,False,False
38073,42045846,Comedy,2010,False,False
27579,67876281,Crime,2010,False,False
30618,129706,Thriller,2010,False,False
23631,45491656,Action,2010,False,False
47854,48398,Drama,2010,True,False
291529,60,Comedy,2010,False,False
65016,28791,Fantasy,2010,False,False
55165,3476910,Comedy,2010,False,False
39210,14788642,Drama,2010,True,False
89704,338987,Documentary,2010,False,False
46738,6788659,Drama,2010,True,False
56891,71666,History,2010,False,False
57120,876302,Drama,2010,True,False
46332,41424067,Drama,2010,True,False
58857,17555141,Adventure,2010,False,False
73479,4100000,Drama,2010,True,False
62969,1699200,Comedy,2010,False,False
35791,300228084,Action,2010,False,False
53399,5505962,Drama,2010,True,False
46953,2921178,Drama,2010,True,False
59468,13348704,Adventure,2010,False,False
79897,1120000,Comedy,2010,False,False
44945,120000,Crime,2010,False,False
44010,10474,Comedy,2010,False,False
41556,123820,Drama,2010,True,True
199800,2600000,Action,2010,False,False
1307848,5,Comedy,2010,False,False
63946,43880,Action,2010,False,False
42707,27046,Mystery,2010,False,False
44638,346594,Drama,2010,True,False
43552,1671196,Mystery,2010,False,False
59437,63931,Drama,2010,True,False
70695,143485,Drama,2010,True,False
45657,5343820,Horror,2010,False,False
23168,154026136,Crime,2010,False,True
45595,852336,Drama,2010,True,False
55632,10967,Comedy,2010,False,False
37735,75026327,Comedy,2010,False,False
44040,33583175,Horror,2010,False,True
12819,50500000,Animation,2010,False,False
53457,17511906,Drama,2010,True,False
55347,14311701,Drama,2010,True,False
45324,1083683,Comedy,2010,False,False
202769,10000,Documentary,2010,False,False
530732,1865696,Drama,2010,True,False
43943,801206,Comedy,2010,False,False
42296,3045943,Documentary,2010,False,False
48492,51723285,Action,2010,False,False
45839,1309580,Comedy,2010,False,False
33909,134748021,Drama,2010,True,True
47904,3470487,Action,2010,False,False
47557,5380142,Drama,2010,True,False
101669,863044,Thriller,2010,False,False
38303,32054369,Comedy,2010,False,False
44566,5900000,Comedy,2010,False,False
26388,19152480,Drama,2010,True,False
42889,636706,Comedy,2010,False,False
62103,822778,Thriller,2010,False,False
52322,14623,Drama,2010,True,False
73412,153,Documentary,2010,False,False
95056,15005,Drama,2010,True,False
52015,33245,Drama,2010,True,False
48289,45636368,Drama,2010,True,False
63281,1268793,Romance,2010,False,False
148284,62000000,Action,2010,False,False
48415,65584679,Comedy,2010,False,False
38033,143000,Horror,2010,False,False
301074,15500,Horror,2010,False,False
37799,224920315,Drama,2010,True,True
46138,12629471,Comedy,2010,False,False
43942,103735,Documentary,2010,False,False
41402,24145613,Drama,2010,True,False
38408,105734416,Comedy,2010,False,False
158675,742004,History,2010,False,False
69502,1500000,Action,2010,False,False
46837,635162,Comedy,2010,False,False
61263,404,Drama,2010,True,False
57186,288512,Action,2010,False,False
59435,51138,Family,2010,False,False
51273,8628997,Fantasy,2010,False,False
46934,850994,Comedy,2010,False,False
50583,447282,Action,2010,False,False
58496,8212430,Documentary,2010,False,True
44113,9479718,Drama,2010,True,False
44639,7871522,Documentary,2010,False,False
58760,20776,War,2010,False,False
43931,21500813,Horror,2010,False,False
51728,1800000,Action,2010,False,False
43923,6491240,Comedy,2010,False,False
55246,22270,Comedy,2010,False,False
47931,63027681,Drama,2010,True,False
62077,486756,Thriller,2010,False,False
62972,4776000,Comedy,2010,False,False
51241,62985,Drama,2010,True,False
57521,3770657,Crime,2010,False,False
39514,199000000,Action,2010,False,False
56212,183640,Drama,2010,True,False
55758,8101240,Thriller,2010,False,False
244773,910000,Drama,2010,True,False
16290,117224271,Comedy,2010,False,True
45094,11826980,Drama,2010,True,False
56937,2439448,Horror,2010,False,False
58936,133771,Drama,2010,True,False
62267,7394930,History,2010,False,False
75087,10000,Comedy,2010,False,False
1275111,234,Comedy,2010,False,False
63943,3867000,Comedy,2010,False,False
48034,48531470,Comedy,2010,False,False
41436,177512032,Horror,2010,False,True
45958,25147786,Drama,2010,True,False
44129,4882577,Drama,2010,True,False
41439,136151680,Horror,2010,False,False
44603,106956330,Drama,2010,True,True
59266,21268,Documentary,2010,False,False
53079,28200,Documentary,2010,False,False
46829,8454301,Comedy,2010,False,False
1020735,4456,Action,2010,False,False
52587,2405336,Fantasy,2010,False,False
817989,29,Drama,2010,True,False
52505,1451343,Drama,2010,True,False
38055,321885765,Animation,2010,False,True
52274,12884923,Horror,2010,False,True
74658,11583758,Animation,2010,False,False
50204,4791599,Comedy,2010,False,False
46146,4159678,Fantasy,2010,False,False
31007,361960,Drama,2010,True,False
85215,39674739,Drama,2010,True,False
41733,211780824,Comedy,2010,False,True
57695,6775121,Action,2010,False,False
59490,6467348,Documentary,2010,False,False
44048,167805466,Action,2010,False,True
43938,25,Comedy,2010,False,False
50618,4404729,War,2010,False,False
44944,37000000,Drama,2010,True,False
44009,18124262,Drama,2010,True,False
49850,1700000,Drama,2010,True,False
49679,5000000,Comedy,2010,False,False
45569,324424,Action,2010,False,False
23830,7644937,Drama,2010,True,False
46261,36993168,Fantasy,2010,False,False
551237,1000,Drama,2010,True,False
45649,98017,Comedy,2010,False,False
175138,54474,Horror,2010,False,False
48838,8307227,Drama,2010,True,False
38357,60040976,Drama,2010,True,True
51447,1611000,Comedy,2010,False,False
42684,66984888,Science Fiction,2010,False,True
57773,3911200,Comedy,2010,False,False
59426,11661,Action,2010,False,False
47607,416498,Romance,2010,False,False
67099,2821760,Comedy,2010,False,False
56853,2124145,History,2010,False,False
61527,4190,Comedy,2010,False,False
65766,1358896,Drama,2010,True,False
44115,35692920,Adventure,2010,False,False
138853,9833553,Mystery,2010,False,True
12444,954305868,Adventure,2010,False,True
43539,67448651,Romance,2010,False,False
60207,1938655,Romance,2010,False,False
59429,4160000,Horror,2010,False,False
49009,24172201,Drama,2010,True,False
43347,102820008,Drama,2010,True,True
41283,23081726,Crime,2010,False,False
42297,89519773,Drama,2010,True,False
49852,17177993,Music,2010,False,False
38757,592461732,Animation,2010,False,True
50099,427628,Drama,2010,True,False
45269,414211549,Drama,2010,True,False
45132,324138,Comedy,2010,False,False
348797,10454,Thriller,2010,False,False
63465,14244325,Comedy,2010,False,False
46528,11087569,Adventure,2010,False,False
61984,49827298,Science Fiction,2010,False,False
10140,415686217,Adventure,2010,False,False
44214,329398046,Drama,2010,True,False
46503,1754389,Mystery,2010,False,False
73245,8749681,Action,2010,False,False
1328606,1000,Music,2010,False,False
1183649,1000,Family,2010,False,False
37710,278731369,Action,2010,False,True
62321,69961,Drama,2010,True,False
46523,8786756,Action,2010,False,False
55061,706546,Drama,2010,True,False
60923,13376,War,2010,False,False
96589,20735,Drama,2010,True,False
1510133,10000,Adventure,2010,False,False
45317,93617009,Drama,2010,True,True
51423,4800080,Drama,2010,True,False
57703,17636261,Drama,2010,True,False
57809,25030264,Comedy,2010,False,False
57209,621262,Comedy,2010,False,False
20526,400062763,Adventure,2010,False,True
52264,309973,Animation,2010,False,False
120512,1493,Drama,2010,True,False
27585,5144717,Drama,2010,True,False
46705,15440333,Drama,2010,True,False
48748,13273759,Comedy,2010,False,False
75956,512315,Family,2010,False,False
41515,203509374,Comedy,2010,False,True
42888,48668907,Comedy,2010,False,True
56812,3604598,Adventure,2010,False,False
275244,54034,Family,2010,False,False
52077,93800000,Comedy,2010,False,False
60556,19640073,Comedy,2010,False,False
51533,104731450,Action,2010,False,False
39451,310650585,Comedy,2010,False,True
44264,252276927,Drama,2010,True,True
45272,20601987,Drama,2010,True,False
53256,2611555,Romance,2010,False,False
38745,237382724,Family,2010,False,True
200752,660000,Fantasy,2010,False,False
84377,2100000,Comedy,2010,False,False
70829,16700000,Comedy,2010,False,False
52249,6196,Comedy,2010,False,False
52939,19010585,Animation,2010,False,False
289307,20000,Fantasy,2010,False,False
577015,5000,Comedy,2010,False,False
558596,100,Documentary,2010,False,False
1467324,850000,Music,2010,False,False
52171,4240201,Comedy,2010,False,False
53569,634297,Crime,2010,False,False
23047,91627228,Adventure,2010,False,False
142948,2930000,Thriller,2010,False,False
38753,25603,Drama,2010,True,False
1066034,2000,Action,2010,False,False
40805,227817248,Action,2010,False,True
45772,189712432,Animation,2010,False,False
44564,67112664,Comedy,2010,False,True
27582,51070807,Action,2010,False,False
1389433,600,Comedy,2010,False,False
77513,1692948,Drama,2010,True,False
68016,6000000,Action,2010,False,False
63448,6660000,Action,2010,False,False
72440,5400000,Adventure,2010,False,False
74652,1500000,Comedy,2010,False,False
57889,9816332,Comedy,2010,False,False
53136,6226507,Action,2010,False,False
260072,67000,Documentary,2010,False,False
55292,33662874,Action,2010,False,False
38117,43202283,Drama,2010,True,False
56909,22043584,Comedy,2010,False,False
41630,149228077,Comedy,2010,False,False
92182,13101672,Horror,2010,False,False
598841,11870,Action,2010,False,False
88627,1157160,Drama,2010,True,False
66150,225861,Documentary,2010,False,False
64931,32358664,Mystery,2010,False,False
48171,96047633,Drama,2010,True,False
50217,4072098,Comedy,2010,False,False
55386,5700000,Drama,2010,True,False
58232,5468650,Comedy,2010,False,False
57701,1957000,Comedy,2010,False,False
53174,43000000,Comedy,2010,False,False
45156,1296937,Comedy,2010,False,False
48340,108609310,Action,2010,False,True
56647,3879603,Comedy,2010,False,False
49950,52545707,Thriller,2010,False,False
56919,13585314,Drama,2010,True,False
49494,27122040,Adventure,2010,False,False
50546,214945591,Comedy,2010,False,True
52067,6861102,Comedy,2010,False,False
50839,19504039,Thriller,2010,False,False
54518,98441954,Music,2010,False,True
62630,5728213,Drama,2010,True,False
429771,50000,Adventure,2010,False,False
538278,1756511,Thriller,2010,False,False
39513,97984015,Adventure,2010,False,True
101173,1072602,Drama,2010,True,False
60243,24426169,Drama,2010,True,False
38322,83615414,Crime,2010,False,True
48138,130786397,Action,2010,False,True
46529,149878437,Action,2010,False,False
56338,2900000,Drama,2010,True,False
57276,14624826,Documentary,2010,False,False
58166,1373312,Drama,2010,True,False
47327,40909909,Fantasy,2010,False,False
54897,2295733,Drama,2010,True,False
48988,83200000,Comedy,2010,False,False
58333,252000,Romance,2010,False,False
71482,2221278,Drama,2010,True,False
51828,59389433,Drama,2010,True,False
44896,245724603,Animation,2010,False,True
38543,5151023,Romance,2010,False,False
38050,127869379,Science Fiction,2010,False,True
47218,853862,Comedy,2010,False,False
50725,6928068,Comedy,2010,False,False
51876,161849455,Thriller,2010,False,False
44943,211819354,Science Fiction,2010,False,True
50321,38992758,Adventure,2010,False,True
51209,1188194,Action,2010,False,False
63996,18000000,Drama,2010,True,False
49730,89162162,Action,2010,False,True
56272,10,Comedy,2010,False,False
77241,560622,Drama,2010,True,False
38684,34710627,Drama,2010,True,False
59447,4919550,Adventure,2010,False,False
364989,40255101,Action,2010,False,False
55244,1339650,Documentary,2010,False,False
43935,4634062,Action,2010,False,False
61293,11840661,Comedy,2010,False,False
50348,85412898,Crime,2010,False,False
55725,10654385,Drama,2010,True,False
56401,253899,Drama,2010,True,False
66607,9330465,Action,2010,False,False
60592,5012245,Drama,2010,True,False
57829,342519,Drama,2010,True,False
49020,864659,Drama,2010,True,False
23629,89792502,Action,2010,False,True
70666,3554533,Drama,2010,True,True
60307,72526996,Family,2010,False,True
60228,2692857,Comedy,2010,False,False
50359,183953723,Animation,2010,False,True
45612,147332697,Thriller,2010,False,False
49018,99870886,Horror,2010,False,False
67793,2206089,Romance,2010,False,False
58522,1248748,Comedy,2010,False,False
57353,65708,Action,2010,False,True
46195,484635760,Animation,2010,False,True
61672,13970489,Animation,2010,False,False
63143,99303,Documentary,2010,False,False
51162,14460000,Animation,2010,False,True
50456,63782078,Action,2010,False,False
43959,47088990,Family,2010,False,False
38319,28013733,Comedy,2010,False,True
49012,48147945,Comedy,2010,False,True
50081,7732325,Documentary,2010,False,False
61400,4100000,Comedy,2010,False,False
74943,91260,Comedy,2010,False,False
211968,2038,Drama,2010,True,False
81390,25345000,Adventure,2010,False,False
41446,97231420,Horror,2010,False,False
1421494,557015,Action,2010,False,False
50601,87793,War,2010,False,False
74049,676045,Comedy,2010,False,False
67308,10308238,History,2010,False,False
56780,4627375,Drama,2010,True,False
55787,117094902,Drama,2010,True,False
60309,15478800,Crime,2010,False,False
58699,101236,Action,2010,False,False
1281701,1000000,Drama,2010,True,False
62796,15,Drama,2010,True,False
51497,626137675,Action,2010,False,True
1194357,3700000,Documentary,2010,False,False
62580,13194167,Romance,2010,False,False
76201,3716598,Action,2010,False,False
64622,1670477,Horror,2010,False,False
10195,449326618,Adventure,2010,False,False
57586,30857747,Documentary,2010,False,False
58492,621951,Comedy,2010,False,False
63006,8400000,Drama,2010,True,False
51017,53213633,Comedy,2010,False,False
65650,5206,Drama,2010,True,False
74308,1681521,Drama,2010,True,False
63578,951179,Comedy,2010,False,False
1038900,121607,Drama,2010,True,False
62977,23774400,History,2010,False,False
57089,13521829,Comedy,2010,False,False
63144,429766,Documentary,2010,False,False
51588,10130000,Comedy,2010,False,True
59099,8000000,Comedy,2010,False,False
77117,48000000,Drama,2010,True,False
38321,78309131,Action,2010,False,False
50780,970816,Drama,2010,True,False
49022,65090821,Comedy,2010,False,True
49010,748453,Crime,2010,False,False
57119,37710610,Comedy,2010,False,False
64288,664747,Documentary,2010,False,False
63493,610986,Drama,2010,True,False
59436,151119219,Fantasy,2010,False,False
217665,30000,Thriller,2010,False,False
1408097,5000,Adventure,2010,False,False
59678,3964682,Action,2010,False,False
65529,1983587,Action,2010,False,False
825200,3000,Comedy,2010,False,False
783420,55390,Romance,2010,False,False
63849,14885722,Drama,2010,True,False
45658,2614773,Comedy,2010,False,False
54602,19411,Drama,2010,True,False
55721,288383523,Comedy,2010,False,False
1865,1045713802,Adventure,2010,False,True
505514,2000000,Drama,2010,True,False
52449,216197492,Comedy,2010,False,True
67748,8452,Crime,2010,False,False
63686,3100000,Adventure,2010,False,False
8967,54674226,Drama,2010,True,False
1401498,10,Romance,2010,False,False
67958,404117,Comedy,2010,False,False
69312,1200000,Drama,2010,True,False
55846,15800000,Crime,2010,False,False
49444,665692281,Animation,2010,False,True
45243,586764305,Comedy,2010,False,True
62215,15946321,Drama,2010,True,False
69785,6100000,Action,2010,False,False
49538,353624124,Action,2010,False,True
624672,7100,Drama,2010,True,False
65946,27000000,Action,2010,False,False
59296,51917,Comedy,2010,False,False
53328,90425,Documentary,2010,False,False
75802,9504139,Comedy,2010,False,False
37686,260095986,Thriller,2010,False,True
624660,11000,Drama,2010,True,False
64586,408680,Drama,2010,True,False
119123,1040344,Comedy,2010,False,False
60062,14166853,Comedy,2010,False,False
50837,3538446,Drama,2010,True,False
49013,559852396,Animation,2010,False,True
80767,2550508,Documentary,2010,False,False
79382,1543385,Drama,2010,True,False
87368,201607,Drama,2010,True,False
44912,219851172,Adventure,2010,False,True
64678,1406224,Drama,2010,True,False
67273,386749,Documentary,2010,False,False
63833,50431,Thriller,2010,False,False
58224,187361754,Comedy,2010,False,True
91070,30905,Comedy,2010,False,False
66896,4365667,Comedy,2010,False,False
55720,1759252,Drama,2010,True,False
70067,1980000,Drama,2010,True,False
79611,73000,Drama,2010,True,False
38356,1123794079,Action,2010,False,True
59861,75055070,Comedy,2010,False,True
77881,58840,Documentary,2010,False,False
51993,655802,Comedy,2010,False,False
67109,18035000,Action,2010,False,False
59860,39782683,Adventure,2010,False,False
1142118,50000,Drama,2010,True,False
68818,987883,Adventure,2010,False,False
127239,3184,Family,2010,False,False
80518,7401480,Adventure,2010,False,False
76349,3807134,Adventure,2010,False,False
417262,2319335,Horror,2010,False,False
38317,169852759,Comedy,2010,False,False
18754,13930271,Horror,2010,False,False
67913,19560274,Action,2010,False,False
51540,209838559,Comedy,2010,False,False
184614,52587293,Animation,2010,False,False
69938,7586448,Comedy,2010,False,False
359348,25206,Music,2010,False,False
173931,3699225,Action,2010,False,False
250356,15350,Documentary,2010,False,False
66120,1809527,Thriller,2010,False,False
12445,1341511219,Fantasy,2010,False,True
697951,1000,Documentary,2010,False,False
58882,1332231,Drama,2010,True,False
465992,9500000,Drama,2010,True,False
61202,160000000,Drama,2010,True,False
51995,89182,Comedy,2010,False,False
83389,61037844,Animation,2010,False,False
50357,25562924,Horror,2010,False,False
50544,149542245,Romance,2010,False,False
55420,1938783,Drama,2010,True,False
1771,370569774,Action,2010,False,False
75230,33144,Drama,2010,True,False
78299,628832,Comedy,2010,False,False
70590,25034000,Drama,2010,True,False
62835,71508440,Action,2010,False,False
89623,13131714,Animation,2010,False,False
564284,428572,Animation,2010,False,False
66923,11045966,Family,2010,False,False
50646,145079584,Comedy,2010,False,True
1203698,146000000,Animation,2010,False,False
72711,282448,Documentary,2010,False,False
49849,174822325,Action,2010,False,True
41513,563749323,Animation,2010,False,True
75624,9100000,Thriller,2010,False,False
1449430,53692,Drama,2010,True,False
986213,6000,Documentary,2010,False,False
361485,10000000,Adventure,2010,False,False
61791,482860185,Thriller,2010,False,True
49520,75450437,Comedy,2010,False,True
83658,224494,Comedy,2010,False,False
50014,216639112,Drama,2010,True,False
79224,49000000,Drama,2010,True,False
79374,15724275,Thriller,2010,False,False
67675,18663238,Music,2010,False,True
62206,40547440,Action,2010,False,True
79819,350000,Crime,2010,False,False
55779,157887643,Horror,2010,False,False
72152,7900000,Drama,2010,True,False
37430,63523283,Adventure,2010,False,False
63311,33750478,Drama,2010,True,False
77949,209696,Horror,2010,False,False
58151,41002607,Horror,2010,False,False
56288,85564310,Family,2010,False,False
58428,78396,Horror,2010,False,False
74639,4040142,Action,2010,False,False
48572,1104682,Horror,2010,False,False
62564,1743743,Drama,2010,True,False
69798,88823111,Comedy,2010,False,False
62046,3142154,Mystery,2010,False,False
95853,6632403,Drama,2010,True,False
53487,11790979,Drama,2010,True,False
85621,6638849,Comedy,2010,False,False
103672,533442,Animation,2010,False,False
59968,24816118,Comedy,2010,False,False
70670,18962444,Thriller,2010,False,False
130802,357,Horror,2010,False,False
52451,132274484,Adventure,2010,False,False
96239,721651,Comedy,2010,False,False
76788,28000000,Action,2010,False,False
848750,675,Drama,2010,True,False
80591,868439,Drama,2010,True,False
74998,14089528,Action,2010,False,False
74725,450275,Horror,2010,False,False
65055,10126458,Thriller,2010,False,False
77874,17011,Thriller,2010,False,False
73624,5799606,Comedy,2010,False,False
599252,126667,Drama,2010,True,False
91186,2802459,Drama,2010,True,False
79697,175706,Comedy,2010,False,False
91549,3838,Horror,2010,False,False
86820,17801,Drama,2010,True,False
76470,1576470,Comedy,2010,False,False
75438,8000000,Comedy,2010,False,False
78022,5850000,Drama,2010,True,False
77560,58132,Fantasy,2010,False,False
85525,11819,Drama,2010,True,False
39538,137551594,Drama,2010,True,True
98344,29000000,Drama,2010,True,False
73963,533235,Horror,2010,False,False
85545,911466,Drama,2010,True,False
76994,2777000,Comedy,2010,False,False
89008,1941667,Comedy,2010,False,False
67911,2500000,Comedy,2010,False,True
9364,1742215,Drama,2010,True,False
65057,177243185,Comedy,2010,False,False
59440,23308615,Drama,2010,True,False
74458,18050000,Drama,2010,True,False
93084,21291,Horror,2010,False,False
73567,4633668,Crime,2010,False,False
78480,6581915,Drama,2010,True,False
93087,38691,Music,2010,False,False
84355,3242802,Comedy,2010,False,False
51994,1126525,Drama,2010,True,False
89750,25000,Documentary,2010,False,False
63207,3012210,Thriller,2010,False,True
1192560,9,Comedy,2010,False,False
82532,4417580,Drama,2010,True,False
98545,539896,Comedy,2010,False,False
78604,15714,Drama,2010,True,False
74944,12000000,Family,2010,False,False
77461,6700000,Drama,2010,True,False
64690,78054825,Drama,2010,True,False
91550,108139,Thriller,2010,False,False
73686,5576725,Drama,2010,True,False
58233,160078586,Crime,2010,False,False
78172,1154901,Drama,2010,True,False
70868,31410151,Romance,2010,False,False
49517,80630608,Drama,2010,True,False
47760,2518012,Drama,2010,True,True
72113,30722632,Comedy,2010,False,False
64639,10324441,Drama,2010,True,False
73262,1359257,Horror,2010,False,True
74945,15000000,Adventure,2010,False,False
49021,57777106,Action,2010,False,False
59965,82087155,Thriller,2010,False,False
81481,31500000,Drama,2010,True,False
62837,95404397,Drama,2010,True,False
72432,68945,Drama,2010,True,False
45610,2527904,Action,2010,False,False
60308,110206216,Drama,2010,True,True
74879,138730,Drama,2010,True,False
10316,76338111,Drama,2010,True,False
73846,6035,Drama,2010,True,False
77462,3929796,Drama,2010,True,False
79433,2403409,Animation,2010,False,False
39254,299268508,Action,2010,False,False
71859,10765283,Drama,2010,True,False
51999,138868,Drama,2010,True,False
77186,2110493,Comedy,2010,False,False
69668,38502340,Mystery,2010,False,False
78381,1300000,Mystery,2010,False,False
44754,46495,Drama,2010,True,False
81867,198033,Comedy,2010,False,False
48231,27462041,Drama,2010,True,False
64720,3099314,Thriller,2010,False,False
313230,29000000,Action,2010,False,False
63492,30426096,Comedy,2010,False,True
72213,34522221,Drama,2010,True,False
40807,39187783,Comedy,2010,False,False
76025,3909002,Drama,2010,True,False
76531,2400000,Action,2010,False,False
71157,20374201,Drama,2010,True,False
76746,403557,Comedy,2010,False,False
75896,7100000,Comedy,2010,False,False
70954,176669,Drama,2010,True,False
68817,63543328,Drama,2010,True,False
80281,39000000,Action,2010,False,False
80122,1034558,Adventure,2010,False,False
76543,676111,Drama,2010,True,False
74643,133432856,Drama,2010,True,False
60935,31505287,Horror,2010,False,True
98162,11229,Fantasy,2010,False,False
77459,26611650,Adventure,2010,False,False
23514,24000000,Comedy,2010,False,False
78323,2252547,Crime,2010,False,False
347334,121809,Comedy,2010,False,False
150161,7443,Drama,2010,True,False
70578,9612469,Thriller,2010,False,False
139863,82275,Documentary,2010,False,False
73937,8179416,Comedy,2010,False,True
77495,8791590,Thriller,2010,False,False
85435,29007412,Comedy,2010,False,False
73936,4498,Horror,2010,False,False
72477,957240,Drama,2010,True,False
85656,162288,Action,2010,False,False
114562,44689,Drama,2010,True,False
70586,2128186,Action,2010,False,False
72571,207039844,Horror,2010,False,True
86000,6941450,Romance,2010,False,False
91078,34000000,Drama,2010,True,False
919871,15468,Drama,2010,True,False
75301,286201,Documentary,2010,False,False
61891,15395087,Drama,2010,True,True
79120,484592,Drama,2010,True,False
17578,373993951,Adventure,2010,False,True
96844,1000000,Music,2010,False,False
86718,98900000,Action,2010,False,False
78206,3265941,Comedy,2010,False,False
417859,554987477,Animation,2010,False,True
77944,12935800,Comedy,2010,False,False
49530,173930596,Action,2010,False,False
73499,4729855,Action,2010,False,False
77862,5810196,Adventure,2010,False,False
60420,3542353,Drama,2010,True,True
127713,14000000,Documentary,2010,False,False
83860,5396618,Drama,2010,True,False
109894,30655,Drama,2010,True,False
103392,7700000,Comedy,2010,False,False
979954,100,Documentary,2010,False,False
70435,33372606,Action,2010,False,False
1431867,600000000,Action,2010,False,False
77338,426588510,Drama,2010,True,False
74513,3424648,Action,2010,False,False
59108,152930623,Action,2010,False,True
106984,280408,Drama,2010,True,False
107227,1208479,Horror,2010,False,False
82469,517069,Comedy,2010,False,False
55465,36192775,Comedy,2010,False,False
91979,124104,Drama,2010,True,False
171257,838309,Drama,2010,True,False
106417,15,Thriller,2010,False,False
88794,84606030,Drama,2010,True,True
37958,226904017,Fantasy,2010,False,False
85495,154098,Drama,2010,True,False
213444,15031,Drama,2010,True,False
1097470,5812,Documentary,2010,False,False
71880,149673788,Comedy,2010,False,True
79749,411196,Drama,2010,True,False
57157,22939027,Comedy,2010,False,True
79464,19660000,Drama,2010,True,False
51248,6963872,Horror,2010,False,False
865443,1,Horror,2010,False,False
50619,712171856,Adventure,2010,False,False
104711,2963639,Adventure,2010,False,False
81298,13645556,Action,2010,False,False
65759,150406466,Animation,2010,False,True
465102,150,Drama,2010,True,False
60422,355688,Comedy,2010,False,False
113362,28663,War,2010,False,False
44826,185770160,Adventure,2010,False,True
1237379,392000,Music,2010,False,False
64328,165184237,Comedy,2010,False,True
58574,334615000,Adventure,2010,False,True
75900,35057696,Drama,2010,True,False
75622,972512,Crime,2010,False,False
81708,6086224,Comedy,2010,False,False
86555,4965950,Drama,2010,True,False
77878,3759582,Drama,2010,True,False
81273,17000000,Comedy,2010,False,False
56292,694713380,Action,2010,False,True
62838,142044638,Comedy,2010,False,False
74465,120081841,Drama,2010,True,True
57431,34942188,Comedy,2010,False,False
71676,132563930,Action,2010,False,True
80379,1000000,Comedy,2010,False,False
55301,342695435,Comedy,2010,False,True
65754,232617430,Thriller,2010,False,True
76758,95311434,Drama,2010,True,False
625270,60000,Action,2010,False,False
85445,114975,Comedy,2010,False,False
146671,2010000,Action,2010,False,False
180272,378187,Animation,2010,False,False
85729,2372984,Comedy,2010,False,False
81342,9696204,Drama,2010,True,False
94047,16653488,Drama,2010,True,False
73873,5634828,Drama,2010,True,False
77221,5446000,Adventure,2010,False,False
71469,64626786,Horror,2010,False,False
79777,303877,Drama,2010,True,False
41109,2900000,Action,2010,False,False
85439,6776616,Animation,2010,False,False
64685,55247881,Drama,2010,True,True
57212,177584879,War,2010,False,False
72766,5000,Comedy,2010,False,False
71688,115890699,History,2010,False,False
73939,769552,Drama,2010,True,False
83456,17808683,Romance,2010,False,False
74387,6483963,Comedy,2010,False,False
78461,23998,Thriller,2010,False,False
76487,101758490,Thriller,2010,False,False
77866,96262212,Thriller,2010,False,True
109152,702851,Thriller,2010,False,False
49527,46221189,Action,2010,False,False
38541,156362,Horror,2010,False,False
275298,1000000,Comedy,2010,False,False
86391,7211180,Comedy,2010,False,False
85038,35000000,Comedy,2010,False,False
72431,50365377,Drama,2010,True,True
72545,355692760,Adventure,2010,False,False
52520,160112671,Fantasy,2010,False,False
102784,1620436,Action,2010,False,False
84341,376597,Comedy,2010,False,False
84174,11947954,Comedy,2010,False,False
90804,10365684,Comedy,2010,False,False
94196,12197574,Family,2010,False,False
103807,1883900,Comedy,2010,False,False
84858,28000000,Action,2010,False,False
80714,7863913,Family,2010,False,False
112592,305738,Comedy,2010,False,False
54054,36893721,Action,2010,False,False
797759,196908,Comedy,2010,False,False
75174,77278331,Drama,2010,True,False
88491,196908,Comedy,2010,False,False
85739,3300000,Action,2010,False,False
50497,1181929,Thriller,2010,False,False
86868,40924982,Comedy,2010,False,False
94204,525,Crime,2010,False,False
76726,145000000,Science Fiction,2010,False,True
78698,24719215,Adventure,2010,False,True
1431488,3,Comedy,2010,False,False
89733,582094,Animation,2010,False,False
65086,127730736,Drama,2010,True,False
124217,20680,Adventure,2010,False,False
72570,196114570,Drama,2010,True,False
59961,208076205,Action,2010,False,True
80271,10500000,Drama,2010,True,False
91694,6145395,Crime,2010,False,False
84336,1777709,Thriller,2010,False,False
1137688,22,Thriller,2010,False,False
94901,8315,Drama,2010,True,False
116231,3216359,Comedy,2010,False,False
98604,5169134,Comedy,2010,False,False
59962,156974557,Action,2010,False,True
89584,9001826,Adventure,2010,False,False
91310,495,Romance,2010,False,False
51996,790421,Comedy,2010,False,False
89691,921752,Horror,2010,False,False
280402,1000,Horror,2010,False,False
115940,1768177,Animation,2010,False,False
79548,18100189,Thriller,2010,False,False
50647,24159934,Comedy,2010,False,False
74534,136836156,Drama,2010,True,False
75674,82499399,Action,2010,False,False
73723,348840316,Animation,2010,False,True
508408,1500000,Drama,2010,True,False
57214,102731865,Comedy,2010,False,False
82450,8249053,Thriller,2010,False,False
211978,500,Drama,2010,True,False
75638,13551174,Thriller,2010,False,False
98339,2521,Thriller,2010,False,False
78571,540152,Drama,2010,True,False
49529,284139100,Action,2010,False,True
72358,22044277,Drama,2010,True,True
85872,306724,Comedy,2010,False,False
108972,16,Mystery,2010,False,False
88284,6889185,Drama,2010,True,False
82825,16000000,Mystery,2010,False,False
70436,29657751,Crime,2010,False,False
80038,12186625,Comedy,2010,False,False
81025,34564651,Drama,2010,True,False
86467,8303261,Romance,2010,False,False
120194,419559,Drama,2010,True,False
78215,712216,War,2010,False,False
135708,646,Comedy,2010,False,False
72197,123054041,Animation,2010,False,False
70160,694394724,Science Fiction,2010,False,False
199547,1800000,Romance,2010,False,False
94562,23,Comedy,2010,False,False
85870,29193330,Drama,2010,True,False
64688,201585328,Action,2010,False,True
60747,44806783,Action,2010,False,True
100791,9938268,Comedy,2010,False,False
62764,183018522,Adventure,2010,False,False
106942,1130520,Comedy,2010,False,False
99579,5297232,Drama,2010,True,False
94329,9148519,Action,2010,False,False
197292,218537,Thriller,2010,False,False
84165,1653792,Comedy,2010,False,False
57165,301970083,Fantasy,2010,False,True
140532,1390262,Comedy,2010,False,False
59963,432274,Thriller,2010,False,False
86850,76398,Documentary,2010,False,False
88273,14758997,Drama,2010,True,False
82507,82515113,Horror,2010,False,False
97512,58387,Action,2010,False,False
447742,84448,Drama,2010,True,False
114903,2755584,Comedy,2010,False,False
121286,2900000,Comedy,2010,False,False
352648,290000,Documentary,2010,False,False
80280,11019975,Horror,2010,False,False
100857,451995,Comedy,2010,False,False
713572,6885,Documentary,2010,False,False
102207,50100000,Family,2010,False,False
10679,10109659,Action,2010,False,False
77948,16863583,Action,2010,False,False
71552,234989584,Comedy,2010,False,True
790034,636990,Science Fiction,2010,False,False
790037,636990,Science Fiction,2010,False,False
102197,4588176,Action,2010,False,False
85052,25097277,Comedy,2010,False,False
811177,10858,Drama,2010,True,False
44833,303025485,Thriller,2010,False,True
205610,315220,Romance,2010,False,False
200057,35875,Horror,2010,False,False
22970,71041255,Horror,2010,False,False
84338,27740,Drama,2010,True,False
81796,32948113,Action,2010,False,False
129088,500000,Crime,2010,False,False
76489,54819301,Comedy,2010,False,True
96714,1800000,Drama,2010,True,False
128081,14928,Action,2010,False,False
132313,6900000,Animation,2010,False,False
72387,40346186,Action,2010,False,False
77877,99357138,Drama,2010,True,True
109955,849776,Comedy,2010,False,False
494819,15255,War,2010,False,False
72334,34823764,Documentary,2010,False,False
87440,22930,Comedy,2010,False,False
89325,1157257,Drama,2010,True,False
81836,73244881,Comedy,2010,False,False
109907,2300000,Drama,2010,True,False
67660,96070507,Comedy,2010,False,False
100271,6748712,Comedy,2010,False,False
100275,1632,Horror,2010,False,False
100529,252603,Comedy,2010,False,False
118451,9048531,Drama,2010,True,False
24428,1518815515,Science Fiction,2010,False,False
108942,5751022,Comedy,2010,False,False
103686,24267,Drama,2010,True,False
72207,54169363,Comedy,2010,False,True
105658,38447,Horror,2010,False,False
92591,9206470,Comedy,2010,False,False
85992,3800000,Drama,2010,True,False
1493909,3000000,Animation,2010,False,False
113947,9138338,Drama,2010,True,False
111237,7200000,Action,2010,False,False
91322,186119,Action,2010,False,False
105506,130000,Thriller,2010,False,False
467816,20,Comedy,2010,False,False
134303,1530000,Action,2010,False,False
103758,3350996,Drama,2010,True,False
508413,50000,Drama,2010,True,False
62213,245527149,Comedy,2010,False,True
107178,278000,Drama,2010,True,False
71668,8493728,Horror,2010,False,False
191623,177254,Horror,2010,False,False
82618,4709246,Comedy,2010,False,False
146555,85833,Comedy,2010,False,False
111836,16000000,Action,2010,False,False
140441,20335408,Horror,2010,False,False
76493,179379533,Comedy,2010,False,True
97632,1000000,Action,2010,False,False
340851,100,Documentary,2010,False,False
117629,116207,Drama,2010,True,False
83666,68263166,Comedy,2010,False,False
76494,79700000,Romance,2010,False,False
97365,25762027,Drama,2010,True,False
139932,23881,Western,2010,False,False
117784,4800000,Action,2010,False,False
83770,8784318,Adventure,2010,False,False
41154,624026776,Action,2010,False,True
415161,36116,Family,2010,False,False
124067,273747,Documentary,2010,False,False
93856,38390020,Horror,2010,False,True
49014,6063556,Drama,2010,True,False
110323,4408087,Drama,2010,True,False
70981,403354469,Science Fiction,2010,False,True
58595,396600000,Adventure,2010,False,True
103747,7034007,Drama,2010,True,False
102632,31000000,Action,2010,False,False
96399,9622846,History,2010,False,False
171248,1743052,Drama,2010,True,False
122126,16465764,Drama,2010,True,False
80321,746921274,Animation,2010,False,True
84332,4424699,Comedy,2010,False,False
151708,4346138,Crime,2010,False,False
100681,4900000,Drama,2010,True,False
382270,500,Comedy,2010,False,False
80585,59418613,Comedy,2010,False,True
87428,58058367,Comedy,2010,False,True
84169,181107,Documentary,2010,False,False
84342,288312,Documentary,2010,False,False
206870,315,Documentary,2010,False,False
1138543,10000,Documentary,2010,False,False
116977,73706,Adventure,2010,False,False
204236,975018,Drama,2010,True,False
598844,14332,Action,2010,False,False
204307,80450,Drama,2010,True,False
184679,31323,Adventure,2010,False,False
72331,116471580,Action,2010,False,True
62177,538983207,Animation,2010,False,True
117691,4100000,Action,2010,False,False
109689,24016152,Drama,2010,True,False
88005,9636289,Comedy,2010,False,False
84305,1576687,Drama,2010,True,False
1930,757930663,Action,2010,False,True
204385,1766660,Comedy,2010,False,False
114574,500000,Comedy,2010,False,False
120961,934363,Comedy,2010,False,False
57800,877244782,Animation,2010,False,True
77930,167221571,Drama,2010,True,False
101267,32726956,Documentary,2010,False,True
124471,103131994,Drama,2010,True,False
103370,66899242,Drama,2010,True,False
84175,21107746,Drama,2010,True,False
98548,12434778,Drama,2010,True,False
307729,5800000,Thriller,2010,False,False
72105,549368315,Comedy,2010,False,True
84334,3696196,Music,2010,False,False
122088,1775316,Drama,2010,True,False
134673,2293798,Drama,2010,True,False
103328,641100,Drama,2010,True,False
148265,19450000,Fantasy,2010,False,False
101731,123821,Drama,2010,True,False
84327,714544,Documentary,2010,False,False
82525,82966152,Crime,2010,False,True
710736,30,Horror,2010,False,False
375036,100000,Adventure,2010,False,False
123229,103504,Comedy,2010,False,False
118051,18000000,Romance,2010,False,False
150213,44057737,Family,2010,False,False
256601,13385,Adventure,2010,False,False
599241,22455,Action,2010,False,False
181522,4950633,Drama,2010,True,False
129439,2000000,Action,2010,False,False
287174,8995240,Mystery,2010,False,False
49026,1081041287,Action,2010,False,True
123235,3031682,Comedy,2010,False,False
110420,55060661,Animation,2010,False,False
89455,1663931,Drama,2010,True,False
124157,83519699,Action,2010,False,False
133530,2465876,Thriller,2010,False,False
103332,9128263,Comedy,2010,False,False
80035,68267862,Comedy,2010,False,False
85446,140470746,Music,2010,False,False
121268,63310,Crime,2010,False,False
84348,100345,Thriller,2010,False,False
118406,17900000,Animation,2010,False,False
64689,37930465,Crime,2010,False,False
136368,1553168,Adventure,2010,False,False
1425833,2000,History,2010,False,False
64635,198802074,Action,2010,False,True
126897,99518,Adventure,2010,False,False
142158,2333,Comedy,2010,False,False
82650,76196538,Comedy,2010,False,False
77174,107139399,Family,2010,False,False
84184,3094813,Comedy,2010,False,False
124093,7040609,Thriller,2010,False,False
101176,1081,Horror,2010,False,False
129743,5588517,Horror,2010,False,False
126757,6388,Comedy,2010,False,False
82696,114281051,Drama,2010,True,True
110112,3903479,Action,2010,False,False
116377,281935,Drama,2010,True,False
126400,4900000,Action,2010,False,False
110146,20400000,Comedy,2010,False,False
76163,314975955,Action,2010,False,False
49040,276572938,Action,2010,False,True
119698,2412576,Adventure,2010,False,False
110398,2341226,Drama,2010,True,False
77953,104907746,Comedy,2010,False,True
121734,23000000,Animation,2010,False,False
119458,15919,Thriller,2010,False,False
84204,427335,Science Fiction,2010,False,False
959219,1,Adventure,2010,False,False
128217,117090,Adventure,2010,False,False
129850,117629,Action,2010,False,False
71864,56012642,Fantasy,2010,False,True
85985,51000000,Action,2010,False,False
84329,3325038,Science Fiction,2010,False,False
1161353,1,Family,2010,False,False
88036,24637469,Music,2010,False,False
182501,2403900,Comedy,2010,False,False
435701,11000,Horror,2010,False,False
109513,14400000,Action,2010,False,False
84188,592116,Drama,2010,True,False
79694,9627492,Horror,2010,False,True
1519506,12716,Action,2010,False,False
119738,587211,Comedy,2010,False,False
1489033,4912,Action,2010,False,False
49526,31083599,Crime,2010,False,True
127533,61700000,Adventure,2010,False,True
81446,37470,Action,2010,False,False
114478,193425,Animation,2010,False,False
130371,2400000,Thriller,2010,False,False
82633,53676580,Crime,2010,False,False
129734,6508,Drama,2010,True,False
245178,970000,Action,2010,False,False
77883,85446075,Horror,2010,False,False
129112,6499169,Drama,2010,True,False
84200,1243961,Comedy,2010,False,False
121598,1244000,Drama,2010,True,False
139567,2500277,Action,2010,False,False
68812,1969193,Thriller,2010,False,False
60281,587615,Drama,2010,True,False
121828,16215856,Action,2010,False,False
126250,16722143,Comedy,2010,False,False
118957,32500000,Action,2010,False,False
121173,34659,Comedy,2010,False,False
98203,24591,Drama,2010,True,False
123377,6616296,Drama,2010,True,False
112090,3754070,Science Fiction,2010,False,False
127493,2106557,Action,2010,False,False
96724,68929150,Drama,2010,True,True
87496,20014680,Drama,2010,True,False
602940,3000,Drama,2010,True,False
83686,13231461,Drama,2010,True,False
127498,14000000,Horror,2010,False,False
131978,3423685,Comedy,2010,False,False
49049,41037742,Action,2010,False,False
109099,713616,Thriller,2010,False,False
68722,28258060,Drama,2010,True,False
147655,2778028,Action,2010,False,False
84281,354939,Drama,2010,True,False
121826,59520298,Drama,2010,True,False
128154,26966,Drama,2010,True,False
80278,198087212,Adventure,2010,False,False
102780,89237,Drama,2010,True,False
121873,717205,Drama,2010,True,False
127517,3428048,Drama,2010,True,False
116613,6294161,Action,2010,False,False
128136,45250,Comedy,2010,False,False
123359,4534,Horror,2010,False,False
103740,124919,Drama,2010,True,False
71679,240159255,Action,2010,False,False
123103,58510,Horror,2010,False,False
127501,2804874,Drama,2010,True,False
121642,18295,Drama,2010,True,False
182023,800000,Documentary,2010,False,False
645272,600,Fantasy,2010,False,False
123105,30668,Horror,2010,False,False
127372,14858240,Drama,2010,True,False
82390,1353868,Thriller,2010,False,False
60599,35485056,Drama,2010,True,False
84306,327345,Romance,2010,False,False
58547,203373,Comedy,2010,False,False
127370,1697294,Music,2010,False,False
388470,15765,Documentary,2010,False,False
139651,11384015,Comedy,2010,False,False
90369,2699265,Drama,2010,True,False
76492,358375603,Animation,2010,False,True
84892,33400000,Drama,2010,True,False
77016,48126384,Crime,2010,False,False
86837,29844753,Drama,2010,True,False
134597,6842058,Horror,2010,False,False
82505,44287131,Horror,2010,False,False
87825,49000000,Drama,2010,True,True
134380,5876918,Romance,2010,False,False
154366,1550000,Comedy,2010,False,False
118628,11620000,Comedy,2010,False,False
127505,14056,Documentary,2010,False,False
506664,100000000,Drama,2010,True,False
133694,8138788,Drama,2010,True,False
133121,2325035,Animation,2010,False,False
118293,2514478,Comedy,2010,False,False
59967,47042000,Action,2010,False,False
121875,11879046,Comedy,2010,False,False
58244,22187813,Romance,2010,False,True
82675,376141306,Action,2010,False,True
121823,1317376,Action,2010,False,False
82631,5310554,Drama,2010,True,False
114150,115400000,Comedy,2010,False,True
127864,279735,Drama,2010,True,False
84185,1328467,Documentary,2010,False,False
601094,218,Documentary,2010,False,False
212864,8899700,Drama,2010,True,False
140228,5231957,Comedy,2010,False,False
128142,75544,Family,2010,False,False
159121,29494,Crime,2010,False,False
62214,81493846,Animation,2010,False,False
122857,1402307,Action,2010,False,False
136087,1424291,Animation,2010,False,False
132759,13218980,Comedy,2010,False,False
154441,1672940,Comedy,2010,False,False
115210,95000,Horror,2010,False,False
137182,5475058,Drama,2010,True,False
61012,55362705,Thriller,2010,False,False
140770,890000,Horror,2010,False,False
164372,12400000,Animation,2010,False,False
68734,232325503,Drama,2010,True,True
87826,73100000,Comedy,2010,False,True
137430,20000,Documentary,2010,False,False
134126,7339398,Drama,2010,True,False
83588,2368060,Drama,2010,True,False
86838,33035736,Comedy,2010,False,False
137180,2500000,Romance,2010,False,False
141614,17000000,Animation,2010,False,False
225335,500,Drama,2010,True,False
121640,42330,Drama,2010,True,False
139293,2035311,Horror,2010,False,False
204233,182562,Thriller,2010,False,False
137366,10000000,Music,2010,False,False
82990,142802657,Horror,2010,False,True
99770,61319383,Family,2010,False,False
137548,10079201,Animation,2010,False,False
94348,30353232,Action,2010,False,False
138665,10187540,Thriller,2010,False,False
141520,486937,Drama,2010,True,False
121872,1005700,Drama,2010,True,False
149893,1649260,Drama,2010,True,False
139357,2800000,Thriller,2010,False,False
139533,3537828,Drama,2010,True,False
84199,22836,Drama,2010,True,False
146548,266212,Comedy,2010,False,False
84317,24995,Drama,2010,True,False
1451544,300000,Drama,2010,True,False
138122,13749809,Comedy,2010,False,False
138222,1938,Comedy,2010,False,False
597181,67205,Horror,2010,False,False
137193,473104,Animation,2010,False,False
175195,3197992,Action,2010,False,False
82679,11417362,Comedy,2010,False,True
37724,1142471295,Action,2010,False,True
82684,7900000,Drama,2010,True,True
103663,18309793,Drama,2010,True,False
83542,130482868,Drama,2010,True,False
208693,79292,Horror,2010,False,False
624609,71000,Comedy,2010,False,False
151241,1261484,Comedy,2010,False,False
139329,311,War,2010,False,False
139948,111300,Documentary,2010,False,False
130739,2750275,Drama,2010,True,False
123678,722714,Documentary,2010,False,False
82690,471222889,Family,2010,False,True
146578,1469,Action,2010,False,False
172040,1386692,Comedy,2010,False,False
135647,63595,Comedy,2010,False,False
87502,161772375,Drama,2010,True,True
138370,1600000,Comedy,2010,False,False
121879,6303709,Music,2010,False,False
97430,20546518,Action,2010,False,True
133463,1000000,Thriller,2010,False,False
422051,83077,Adventure,2010,False,False
1234462,220000000,Science Fiction,2010,False,False
139933,14752,Thriller,2010,False,False
168026,6180000,Comedy,2010,False,False
97614,1900000,Crime,2010,False,False
142487,2395000,Drama,2010,True,False
72976,275293450,History,2010,False,True
149427,7419431,Fantasy,2010,False,False
94352,34153101,Fantasy,2010,False,False
152989,3462,Comedy,2010,False,False
1220088,50000,Documentary,2010,False,False
142363,2500000,Comedy,2010,False,True
148964,2,Comedy,2010,False,False
132316,256884693,Drama,2010,True,False
50620,829747654,Adventure,2010,False,False
140896,2200000,Action,2010,False,False
143010,28000000,Action,2010,False,False
122089,85154,Romance,2010,False,False
561245,3208,Drama,2010,True,False
159230,1261947,Action,2010,False,False
141032,40356,Drama,2010,True,False
160833,809738,Comedy,2010,False,False
82693,236412453,Drama,2010,True,False
246871,1671445,War,2010,False,False
75629,60487945,Animation,2010,False,False
87827,609016565,Adventure,2010,False,False
199656,175000,Comedy,2010,False,False
81188,306941670,Family,2010,False,True
183026,31307,Thriller,2010,False,False
112336,23570541,Drama,2010,True,False
144927,1872,Horror,2010,False,False
148331,5,Action,2010,False,False
286523,2,Family,2010,False,False
162282,4621441,Comedy,2010,False,False
138376,5750,Action,2010,False,False
159207,43000,Drama,2010,True,False
149798,6969292,Action,2010,False,False
139455,14567,Comedy,2010,False,False
146819,6500000,Action,2010,False,False
117974,61782,Comedy,2010,False,False
224746,479226,Drama,2010,True,False
161545,8927600,Comedy,2010,False,False
146582,885000,Comedy,2010,False,False
121674,258656,Drama,2010,True,False
165667,1391051,Romance,2010,False,False
160070,3377891,Horror,2010,False,False
93837,2500000,Action,2010,False,False
150126,87,Thriller,2010,False,False
87504,8887603,Comedy,2010,False,False
147767,126,Action,2010,False,False
204634,10365853,Action,2010,False,False
152155,14353,Drama,2010,True,False
126319,8109160,Animation,2010,False,False
49051,1021103568,Adventure,2010,False,True
151743,208000000,Comedy,2010,False,False
84333,5719,Comedy,2010,False,False
176983,74223861,Animation,2010,False,False
146375,25109572,Comedy,2010,False,False
82695,441809770,History,2010,False,True
97630,132820716,Thriller,2010,False,True
146724,16786016,Drama,2010,True,False
82687,41863726,Comedy,2010,False,True
98567,171339013,Action,2010,False,False
75780,218340595,Crime,2010,False,True
151474,1217451,Adventure,2010,False,False
89492,88215156,Comedy,2010,False,False
167449,5290,Action,2010,False,False
245142,500000,Horror,2010,False,False
128270,610792,Drama,2010,True,True
147868,10703234,Comedy,2010,False,False
267385,2000,Documentary,2010,False,False
122080,306,Drama,2010,True,False
88042,119772232,Comedy,2010,False,False
154030,36531605,Action,2010,False,False
68718,425368238,Drama,2010,True,True
133459,7315184,Comedy,2010,False,False
103620,31081,Horror,2010,False,False
159447,11666088,Comedy,2010,False,False
244537,15,Drama,2010,True,False
296580,5000,Documentary,2010,False,False
152742,19255873,Drama,2010,True,False
1083077,14000000,Action,2010,False,False
1083079,23000000,Fantasy,2010,False,False
921377,100000,Drama,2010,True,False
1083830,67000000,Action,2010,False,False
165463,1417453,Comedy,2010,False,False
76617,47340586,Horror,2010,False,False
152259,1034589,Thriller,2010,False,False
158744,360000,Comedy,2010,False,False
155887,214000,Romance,2010,False,False
82682,105200903,Crime,2010,False,True
182954,8552550,Action,2010,False,False
139521,8100000,Comedy,2010,False,False
157820,10435322,Drama,2010,True,False
44865,64076736,Action,2010,False,False
139038,60141683,Comedy,2010,False,False
211755,12705094,Animation,2010,False,False
76975,8300000,Action,2010,False,False
171127,2411748,Comedy,2010,False,False
156236,10759874,Drama,2010,True,False
132232,146497771,Horror,2010,False,True
60304,226349749,Fantasy,2010,False,True
211233,532269,Thriller,2010,False,False
158907,89661,Drama,2010,True,False
83890,134634,Crime,2010,False,False
98357,34737199,Thriller,2010,False,False
156700,1400000,Comedy,2010,False,False
159638,9195,Comedy,2010,False,False
119283,46216641,Action,2010,False,False
158445,80300000,Drama,2010,True,False
139300,6134438,Adventure,2010,False,False
87818,32438988,Comedy,2010,False,False
122081,31724284,Drama,2010,True,False
117319,51000000,Action,2010,False,False
249276,10000,Drama,2010,True,False
164300,193081,Comedy,2010,False,False
158426,467282,Romance,2010,False,False
191820,11294,Drama,2010,True,False
160704,48965210,Action,2010,False,False
186834,7600000,Animation,2010,False,False
82654,116980662,Horror,2010,False,False
70074,9489829,Action,2010,False,False
174938,3666854,Drama,2010,True,False
47964,304654182,Action,2010,False,True
109431,173965010,Comedy,2010,False,True
170657,215000000,Action,2010,False,False
112949,97594140,Romance,2010,False,False
165904,18000000,Crime,2010,False,False
157293,222000,Drama,2010,True,False
109421,63372757,Thriller,2010,False,False
253098,10604,Horror,2010,False,False
708640,599153,Comedy,2010,False,False
164331,257019,Science Fiction,2010,False,False
124461,210565,Comedy,2010,False,False
150117,29128433,Comedy,2010,False,False
50275,34664,Documentary,2010,False,False
176590,13081410,Action,2010,False,False
41602,11650,Action,2010,False,False
168626,201103001,Comedy,2010,False,False
160068,2107925,Comedy,2010,False,False
167221,48125,Comedy,2010,False,False
109491,60052138,Fantasy,2010,False,True
171565,680000,Drama,2010,True,False
68179,74597643,Animation,2010,False,False
166879,7965,Romance,2010,False,False
469586,5298345,Drama,2010,True,False
161321,45659,Crime,2010,False,False
128158,148671,Drama,2010,True,False
145135,25174316,Science Fiction,2010,False,False
134411,42930462,Thriller,2010,False,False
174733,4463059,Action,2010,False,False
233423,901596,Family,2010,False,False
166666,6677474,Drama,2010,True,False
150897,6701,Drama,2010,True,False
168246,3100000,Romance,2010,False,False
164184,1553826,Drama,2010,True,False
104755,1165882,Horror,2010,False,False
81005,197687603,Fantasy,2010,False,True
169219,5217347,Thriller,2010,False,False
110402,1310673,Drama,2010,True,False
146203,15179302,Horror,2010,False,False
86825,12077441,Drama,2010,True,False
171879,18000000,Action,2010,False,False
107811,48065672,Comedy,2010,False,False
84191,8326,Drama,2010,True,False
1369009,8320694,Action,2010,False,False
244843,2346000,Comedy,2010,False,False
174645,1061,Action,2010,False,False
68728,491868548,Fantasy,2010,False,True
187459,3678530,Comedy,2010,False,False
144789,11724119,Comedy,2010,False,False
102362,18074539,Thriller,2010,False,False
87436,23589,Horror,2010,False,False
286167,102095,Drama,2010,True,False
123109,74918,Horror,2010,False,False
171910,115739,Documentary,2010,False,False
305242,5000,Romance,2010,False,False
172792,120000,Drama,2010,True,False
335207,90000,Documentary,2010,False,False
233364,10000000,Comedy,2010,False,False
110428,115860,Drama,2010,True,False
124459,27437881,Comedy,2010,False,False
97367,47135966,Drama,2010,True,False
175774,5524381,Fantasy,2010,False,False
158011,68572378,Crime,2010,False,False
93828,3926386,Action,2010,False,False
49519,587204668,Animation,2010,False,True
405047,190000,Thriller,2010,False,False
117263,170270201,Action,2010,False,False
180048,270000,Fantasy,2010,False,False
178915,9500000,Comedy,2010,False,False
144340,18637201,Comedy,2010,False,False
1470494,6060000,Animation,2010,False,False
349025,310000,Comedy,2010,False,False
72710,63327201,Action,2010,False,True
140222,19684,Drama,2010,True,False
171648,207023,Drama,2010,True,False
182127,3967001,Action,2010,False,False
68727,24261569,Thriller,2010,False,False
72559,371876278,Science Fiction,2010,False,True
240206,7755,Drama,2010,True,False
180147,26433651,Comedy,2010,False,False
191294,180590,Drama,2010,True,False
184219,33000000,Comedy,2010,False,False
716757,1000,Drama,2010,True,False
180680,6800000,Action,2010,False,False
195300,44400000,Comedy,2010,False,False
126963,50461371,Animation,2010,False,False
254732,45000,Horror,2010,False,False
168055,7636,Comedy,2010,False,True
214210,164290,Drama,2010,True,False
111190,1575749,Drama,2010,True,False
205017,5100000,Drama,2010,True,False
178546,3166666,Comedy,2010,False,False
212550,1646962,Drama,2010,True,False
145197,444098,Drama,2010,True,False
132344,11176469,Romance,2010,False,False
109428,97542952,Horror,2010,False,False
180853,5500000,Comedy,2010,False,False
75612,286168572,Action,2010,False,True
4258,78378744,Comedy,2010,False,False
185918,933259,Drama,2010,True,False
187442,10700000,Comedy,2010,False,False
109410,95020213,Drama,2010,True,True
184793,3100000,Comedy,2010,False,False
204342,779893,Action,2010,False,False
184155,29523237,Drama,2010,True,False
186747,6500000,Horror,2010,False,False
134374,87305549,Action,2010,False,True
68721,1215577205,Action,2010,False,False
163786,14700000,Animation,2010,False,False
186161,11311521,Comedy,2010,False,False
176124,2861020,Drama,2010,True,False
225745,4843719,Science Fiction,2010,False,False
171540,33232,Comedy,2010,False,False
166076,2915767,Animation,2010,False,False
121677,519535,Thriller,2010,False,False
180900,17876628,Thriller,2010,False,False
185738,50000,Drama,2010,True,False
174675,314131,Science Fiction,2010,False,False
87567,21819348,Comedy,2010,False,False
103731,32613173,Drama,2010,True,False
624074,140000,Crime,2010,False,False
239019,560000,Horror,2010,False,False
192558,16000000,Drama,2010,True,False
191421,116000000,Romance,2010,False,False
169853,44,Documentary,2010,False,False
189227,12000000,Comedy,2010,False,False
205601,16505460,Drama,2010,True,False
201893,1431461,Comedy,2010,False,False
151363,4200000,Romance,2010,False,False
127373,2711379,Drama,2010,True,False
220520,382454,Comedy,2010,False,False
190940,2700000,Drama,2010,True,False
188640,11000000,Action,2010,False,False
216782,1051000,Drama,2010,True,False
54138,467365246,Action,2010,False,True
136418,8352885,Action,2010,False,False
64682,351040419,Drama,2010,True,True
204395,2600000,Action,2010,False,False
363268,365,Crime,2010,False,False
191562,5400000,Comedy,2010,False,False
116711,268426634,Animation,2010,False,True
157847,2365467,Drama,2010,True,False
174321,104810,Comedy,2010,False,False
157690,5505705,Drama,2010,True,False
152780,10631747,Drama,2010,True,False
191726,2200000,Thriller,2010,False,False
121986,4069826,Comedy,2010,False,False
196325,88000000,Drama,2010,True,False
188761,3635718,Drama,2010,True,False
179144,24930592,Drama,2010,True,False
82992,788680968,Action,2010,False,True
109439,362000072,Comedy,2010,False,False
159154,602042,Documentary,2010,False,True
196313,355000,Comedy,2010,False,False
119675,15600000,Drama,2010,True,False
197082,342183,Drama,2010,True,False
193524,729043,Documentary,2010,False,False
75656,351723989,Thriller,2010,False,False
77987,10337387,Drama,2010,True,False
82700,243843127,Science Fiction,2010,False,True
87499,2401510,Drama,2010,True,False
158015,89328627,Science Fiction,2010,False,True
185008,46000000,Romance,2010,False,False
225989,500,Drama,2010,True,False
147773,23198652,Comedy,2010,False,False
159117,21833,Horror,2010,False,False
158999,2063312,Documentary,2010,False,False
116741,44000000,Comedy,2010,False,True
109414,126041322,Action,2010,False,True
49521,668045518,Action,2010,False,True
96936,19145732,Drama,2010,True,False
199139,5200000,Comedy,2010,False,False
159014,5892466,Documentary,2010,False,False
111969,81071,Drama,2010,True,False
201676,485232,Animation,2010,False,False
202220,46495296,Comedy,2010,False,False
197936,4949039,Drama,2010,True,False
62211,743559607,Animation,2010,False,True
1062678,1000,Comedy,2010,False,False
72190,531865000,Action,2010,False,True
203217,20552094,Comedy,2010,False,False
207686,4588899,Horror,2010,False,False
191121,1171761,Drama,2010,True,False
224219,12000000,Comedy,2010,False,False
258439,11200000,Drama,2010,True,False
205015,3351356,Family,2010,False,False
197382,124436,Crime,2010,False,False
93456,970761885,Animation,2010,False,True
137563,125,Documentary,2010,False,False
209049,77717014,Drama,2010,True,False
136795,158674180,Action,2010,False,True
117251,205366737,Action,2010,False,True
192097,5300000,Comedy,2010,False,False
204275,8500000,Action,2010,False,False
204810,4500000,Comedy,2010,False,False
204553,37795598,Adventure,2010,False,False
152795,455815,Drama,2010,True,False
199615,66559,Drama,2010,True,False
57201,260502115,Action,2010,False,True
152748,1031243,Crime,2010,False,False
181330,32230907,Comedy,2010,False,False
203778,89145,Comedy,2010,False,False
76544,2054941,Action,2010,False,True
192538,641,History,2010,False,False
179111,600000,Drama,2010,True,False
198287,1770376,Drama,2010,True,False
204349,58221,Horror,2010,False,False
219225,3731,Animation,2010,False,False
77950,282570682,Animation,2010,False,True
109418,247022278,Comedy,2010,False,True
199373,5496951,Thriller,2010,False,False
68726,411002906,Action,2010,False,False
77663,39881,Action,2010,False,False
206324,25000000,History,2010,False,False
227679,32300000,Action,2010,False,False
233842,12705475,Horror,2010,False,False
59859,60700000,Action,2010,False,True
203715,314047,Animation,2010,False,False
49524,61648500,Fantasy,2010,False,True
107985,46089287,Comedy,2010,False,False
172391,27187375,Animation,2010,False,False
153158,34061097,Animation,2010,False,False
146216,148100000,Action,2010,False,False
138843,320406242,Horror,2010,False,False
206851,5600000,Action,2010,False,False
267618,2830000,Comedy,2010,False,False
208036,7300000,Romance,2010,False,False
211954,99067206,Comedy,2010,False,False
149870,117932401,Drama,2010,True,False
252520,22862,Animation,2010,False,False
225666,107670,Horror,2010,False,False
215383,1000000,Drama,2010,True,False
76170,415440673,Action,2010,False,True
177699,9800000,Comedy,2010,False,False
129139,3566225,Comedy,2010,False,False
200346,1055,Thriller,2010,False,False
94671,14836,Drama,2010,True,False
225235,4037782,Drama,2010,True,False
157354,17549645,Drama,2010,True,False
77931,347434178,Fantasy,2010,False,True
209232,5378537,Comedy,2010,False,False
356297,100,Horror,2010,False,False
209764,35659824,Action,2010,False,False
160588,99206215,Drama,2010,True,False
110415,86758912,Action,2010,False,False
157386,6854611,Comedy,2010,False,False
109729,56825,Thriller,2010,False,False
274286,29203,Animation,2010,False,False
136400,131940411,Action,2010,False,True
599244,33421,Action,2010,False,False
68724,286140700,Science Fiction,2010,False,False
211711,47289937,Drama,2010,True,False
76285,199850315,Adventure,2010,False,False
179109,12247,Drama,2010,True,False
266629,103,Comedy,2010,False,False
138832,269994119,Comedy,2010,False,True
212769,1583687,Music,2010,False,False
77805,1585582,Drama,2010,True,False
205022,62000000,Romance,2010,False,False
578354,950000,Romance,2010,False,False
151960,219788712,Animation,2010,False,True
385052,1000,Crime,2010,False,False
267745,230000,Drama,2010,True,False
214355,4900000,Comedy,2010,False,False
624104,170000,Drama,2010,True,False
157360,2963902,Comedy,2010,False,False
146381,19799759,Animation,2010,False,False
234339,15300000,Drama,2010,True,False
190847,24084,Science Fiction,2010,False,False
208284,7182,Horror,2010,False,False
214209,35461505,Thriller,2010,False,False
200085,19775853,Action,2010,False,False
115348,17056265,Drama,2010,True,False
230310,43559,Animation,2010,False,False
220084,750000,Comedy,2010,False,False
156711,2159041,Comedy,2010,False,False
222772,11719123,Comedy,2010,False,False
214264,405916,Fantasy,2010,False,False
115782,42100000,Drama,2010,True,False
132363,115922175,Drama,2010,True,False
214674,11074988,Comedy,2010,False,False
184314,9757417,Drama,2010,True,False
123553,95396573,Fantasy,2010,False,False
83899,14347000,Horror,2010,False,False
190955,2415472,Thriller,2010,False,False
172533,343341,Romance,2010,False,False
152747,6108720,Action,2010,False,False
215776,6500000,Thriller,2010,False,False
169813,1645164,Drama,2010,True,False
226393,370000,Drama,2010,True,False
207768,678604,Thriller,2010,False,False
146223,5750401,Mystery,2010,False,False
190754,466088,Action,2010,False,False
172828,19613,Comedy,2010,False,False
212721,4793,Romance,2010,False,False
146227,10501938,Action,2010,False,False
223182,9,Comedy,2010,False,False
164558,68500000,Documentary,2010,False,False
257527,8385405,Horror,2010,False,False
199534,9630444,Horror,2010,False,False
96721,90247624,Drama,2010,True,False
87421,98337295,Science Fiction,2010,False,True
211067,9221,Horror,2010,False,False
169209,3639345,Action,2010,False,False
122906,87100449,Drama,2010,True,True
228674,1444235,Comedy,2010,False,False
215743,11563,Drama,2010,True,False
154282,35022,Drama,2010,True,False
173301,135039,Music,2010,False,False
180314,650675,Documentary,2010,False,False
210911,7865,Horror,2010,False,False
209403,7800000,Comedy,2010,False,False
214030,2681345,Comedy,2010,False,False
192133,340911,Drama,2010,True,False
212716,7847000,Drama,2010,True,False
192577,18010317,Animation,2010,False,False
198277,63464861,Comedy,2010,False,False
214083,383294,Documentary,2010,False,False
157547,44459951,Horror,2010,False,False
209357,95,Drama,2010,True,False
171424,12666449,Horror,2010,False,False
192145,1749201,Drama,2010,True,False
159378,500,Action,2010,False,False
209361,10900434,Drama,2010,True,False
160768,30283,Drama,2010,True,False
100542,747872,Adventure,2010,False,False
91586,161000000,Horror,2010,False,False
91745,1162635,Romance,2010,False,False
106747,15008161,Action,2010,False,True
112205,36894225,Crime,2010,False,False
220714,19000000,Comedy,2010,False,False
209189,265452,Comedy,2010,False,False
221029,572255,Animation,2010,False,False
209263,25288872,Comedy,2010,False,False
159932,18642,Drama,2010,True,False
146233,122126687,Drama,2010,True,True
173455,137460,Documentary,2010,False,False
79067,159828,Mystery,2010,False,False
112200,3499442,Comedy,2010,False,False
220289,139745,Thriller,2010,False,False
118289,21766271,Drama,2010,True,False
624459,220000,Drama,2010,True,False
191714,17240000,Drama,2010,True,False
210047,16971,Crime,2010,False,False
157834,770706,Drama,2010,True,False
209247,64065,Comedy,2010,False,False
265608,2482,Thriller,2010,False,False
220923,140000,Drama,2010,True,False
109417,16549477,Music,2010,False,False
129670,27682872,Drama,2010,True,True
85889,9114264,Crime,2010,False,False
227199,2505528,Drama,2010,True,False
146238,62616646,Crime,2010,False,False
199570,1110918,Drama,2010,True,False
222297,7424,Documentary,2010,False,False
193613,7972967,Music,2010,False,False
209901,1675381,Horror,2010,False,False
109451,248384621,Animation,2010,False,True
223993,2875527,Animation,2010,False,True
223988,1614831,Adventure,2010,False,False
159128,81381,Drama,2010,True,False
345877,126,Drama,2010,True,False
175528,22456509,Romance,2010,False,True
214317,4029,Drama,2010,True,False
174671,256979,Horror,2010,False,False
217923,98774891,Action,2010,False,False
246942,580000,Fantasy,2010,False,False
177945,19978961,Drama,2010,True,False
209262,1412181,History,2010,False,False
225132,22107,Crime,2010,False,False
49047,723192705,Science Fiction,2010,False,True
196024,13656380,Thriller,2010,False,False
115283,175705,Comedy,2010,False,False
133441,243550,Adventure,2010,False,False
140818,3721345,Action,2010,False,False
228406,284000,Drama,2010,True,False
187022,154120,Drama,2010,True,False
209350,2225098,Comedy,2010,False,False
167032,3800000,Horror,2010,False,False
203793,68129518,War,2010,False,False
152584,10165694,Romance,2010,False,False
107846,137328301,Action,2010,False,False
227056,4300000,Drama,2010,True,False
268898,540000,Comedy,2010,False,False
109424,218791811,Action,2010,False,True
146239,51164106,Comedy,2010,False,False
227062,11000000,Romance,2010,False,False
111479,40400,Drama,2010,True,False
578366,1368000,Action,2010,False,False
162903,8555008,Drama,2010,True,False
227700,1200000,Thriller,2010,False,False
86829,32935319,Drama,2010,True,False
133805,82394288,Drama,2010,True,False
157841,9494789,Adventure,2010,False,False
222216,12666,Drama,2010,True,False
285960,800000,Romance,2010,False,False
230222,44095996,Animation,2010,False,False
232175,1359910,Drama,2010,True,False
76203,187000000,Drama,2010,True,False
128206,6100000,Drama,2010,True,False
242575,5104868,Drama,2010,True,False
208134,151831537,Comedy,2010,False,True
110552,3302463,Action,2010,False,False
80274,125537191,Science Fiction,2010,False,False
240938,2,Animation,2010,False,False
209274,15298355,Drama,2010,True,False
236317,7406037,Drama,2010,True,False
194101,12189,Drama,2010,True,False
109091,71009334,Thriller,2010,False,False
214086,350006,Drama,2010,True,False
212162,12947880,Mystery,2010,False,False
280928,15000000,Thriller,2010,False,False
228676,57000,Horror,2010,False,False
76338,644783140,Action,2010,False,False
175574,110000000,Animation,2010,False,False
188540,21000000,Action,2010,False,False
137093,134402450,Comedy,2010,False,False
156277,33621,Drama,2010,True,False
152532,55736588,Drama,2010,True,False
205220,100129872,Drama,2010,True,False
1382272,10,Horror,2010,False,False
831830,524,Comedy,2010,False,False
186997,76933,Documentary,2010,False,False
149087,7029858,Adventure,2010,False,False
174316,4187,Comedy,2010,False,False
268373,59691,Animation,2010,False,False
209355,5586646,Comedy,2010,False,False
233063,77676735,Comedy,2010,False,False
443329,10130,Drama,2010,True,False
203833,76586316,Drama,2010,True,False
172542,70495,Crime,2010,False,False
230731,12345881,Animation,2010,False,False
164457,15400000,Thriller,2010,False,False
204082,43058898,Action,2010,False,True
242523,157937,Adventure,2010,False,False
456145,140000,Romance,2010,False,False
235984,32000000,Drama,2010,True,False
192134,523511,Comedy,2010,False,False
87516,5186767,Drama,2010,True,False
236808,2800000,Horror,2010,False,False
101299,865011746,Adventure,2010,False,False
217414,850259,Comedy,2010,False,False
146304,71625195,Comedy,2010,False,True
252529,489884,Thriller,2010,False,False
140870,30000000,Animation,2010,False,False
109445,1274219009,Animation,2010,False,True
305387,78,Family,2010,False,False
238930,6804918,Comedy,2010,False,False
323904,500000,Documentary,2010,False,False
256811,14000,Drama,2010,True,False
237305,342000,Comedy,2010,False,False
226354,2476775,Drama,2010,True,False
313106,10000000,Science Fiction,2010,False,False
149871,24366656,Animation,2010,False,False
175541,7018189,Music,2010,False,False
152599,5867686,Drama,2010,True,False
253279,249601,Drama,2010,True,False
246406,16,Drama,2010,True,False
192136,27333835,Drama,2010,True,False
140823,112544580,Comedy,2010,False,True
255635,2268939,Comedy,2010,False,False
220495,12,Action,2010,False,False
251312,1859,Comedy,2010,False,False
127560,24174885,Drama,2010,True,False
238811,41807000,Drama,2010,True,False
168672,251171807,Drama,2010,True,True
206408,16968297,Comedy,2010,False,False
216457,63946,Romance,2010,False,False
227707,6399,Fantasy,2010,False,False
250251,4803665,Comedy,2010,False,False
248223,2118871,Adventure,2010,False,False
447971,8463,Documentary,2010,False,False
382142,515150,Comedy,2010,False,False
64686,151783839,Drama,2010,True,True
1428874,100000,Horror,2010,False,False
57158,958400000,Fantasy,2010,False,True
152603,7600000,Drama,2010,True,False
244610,410129,Horror,2010,False,False
174341,6420,Drama,2010,True,False
175555,53396354,Comedy,2010,False,False
109443,173649015,Comedy,2010,False,True
152601,47351251,Romance,2010,False,True
77951,126546518,Animation,2010,False,True
116745,188133322,Adventure,2010,False,False
203819,4878242,Adventure,2010,False,False
44977,91000000,Action,2010,False,False
244049,12000000,Crime,2010,False,False
248087,84500000,War,2010,False,False
246575,3100000,Adventure,2010,False,False
230599,2900000,Adventure,2010,False,False
588188,13700,Comedy,2010,False,False
193756,149295601,War,2010,False,False
219572,94249025,Action,2010,False,False
202575,64197205,Family,2010,False,False
264357,7175709,Comedy,2010,False,False
111473,3986888,Drama,2010,True,False
258216,13545832,Drama,2010,True,False
169881,57284237,Adventure,2010,False,False
249397,4934725,Drama,2010,True,False
106646,392000000,Crime,2010,False,False
64807,44907260,Comedy,2010,False,True
250895,18315000,Animation,2010,False,False
152737,74188937,Comedy,2010,False,False
130150,20275812,Drama,2010,True,False
503928,210000,Adventure,2010,False,False
239523,7449778,Adventure,2010,False,False
346965,3280172,Animation,2010,False,False
192132,919591,Drama,2010,True,False
314224,20735,Comedy,2010,False,False
181886,3396726,Thriller,2010,False,False
1083090,110000000,Fantasy,2010,False,False
253192,5279982,Comedy,2010,False,False
227348,90894962,Horror,2010,False,False
241875,7255685,Comedy,2010,False,False
1083085,45000000,Fantasy,2010,False,False
346333,200,Drama,2010,True,False
1083832,120000000,Action,2010,False,False
247236,1012821,Romance,2010,False,False
284250,289013,Drama,2010,True,False
168530,153997819,Action,2010,False,True
79316,36433975,Horror,2010,False,True
245775,21026290,Drama,2010,True,False
224918,27538,Documentary,2010,False,False
1102520,1000,Thriller,2010,False,False
244088,5809330,Drama,2010,True,False
188207,61279452,Action,2010,False,False
247504,19000000,Action,2010,False,False
246087,18000000,Action,2010,False,False
252053,100,Drama,2010,True,False
283017,8,Mystery,2010,False,False
137094,135511030,Action,2010,False,True
971376,26322,Comedy,2010,False,False
228970,52501541,Drama,2010,True,False
265991,14766,Drama,2010,True,False
227783,122529966,Animation,2010,False,False
278769,4201541,Animation,2010,False,False
192142,70918,Drama,2010,True,False
244539,1430655,Drama,2010,True,False
270290,1124113,Drama,2010,True,False
244783,32251,Drama,2010,True,False
217993,5155325,Animation,2010,False,False
169817,354877,Comedy,2010,False,False
100241,76801179,Horror,2010,False,False
263491,2030000,Fantasy,2010,False,False
152760,154984035,War,2010,False,True
251577,1454682,Mystery,2010,False,False
285995,2822761,Action,2010,False,False
225565,45640143,Comedy,2010,False,False
208763,34592118,Thriller,2010,False,False
97020,242688965,Science Fiction,2010,False,True
281701,1668380,Family,2010,False,False
423626,111870000,Comedy,2010,False,False
242042,15071,Comedy,2010,False,False
249147,897803,Comedy,2010,False,False
248611,3736775,Action,2010,False,False
204436,3445000,Animation,2010,False,False
250219,54606,Comedy,2010,False,False
137106,469160692,Animation,2010,False,True
245158,143178,Crime,2010,False,False
82703,272912430,Animation,2010,False,True
244268,2262223,Drama,2010,True,False
203739,15391979,Comedy,2010,False,False
265424,17742,Fantasy,2010,False,False
174337,13769,Comedy,2010,False,False
257160,1500000,Comedy,2010,False,False
598838,8532,Drama,2010,True,False
314449,100000,Drama,2010,True,False
251321,53086,Drama,2010,True,False
241842,37473,Horror,2010,False,False
226857,34077920,Drama,2010,True,False
197796,49100000,Fantasy,2010,False,False
175112,63998725,Animation,2010,False,False
137321,30800231,Drama,2010,True,True
192102,53260230,Action,2010,False,True
256546,4245887,Mystery,2010,False,False
252444,15998618,Comedy,2010,False,False
222899,49002684,Comedy,2010,False,False
356549,45000,Romance,2010,False,False
76649,117831631,Action,2010,False,False
257343,39477906,Comedy,2010,False,False
251898,6500000,Romance,2010,False,False
225574,222809600,Action,2010,False,True
120467,174600318,Comedy,2010,False,False
267376,1637432,Action,2010,False,False
260522,4864560,Comedy,2010,False,False
375122,4086,Documentary,2010,False,False
257423,1100000,Crime,2010,False,False
235260,67800064,Drama,2010,True,True
242076,56574,Crime,2010,False,False
255827,1489112,Comedy,2010,False,False
225044,28208,Drama,2010,True,False
53182,337580051,Action,2010,False,True
268302,294348,Mystery,2010,False,False
253239,3946880,Drama,2010,True,False
257593,999593,Comedy,2010,False,False
258322,5260000,Drama,2010,True,False
262733,1677946,Drama,2010,True,False
86834,362637473,Drama,2010,True,True
247645,17000000,Comedy,2010,False,False
136797,203277636,Action,2010,False,False
1031831,200,Documentary,2010,False,False
177494,3485127,Comedy,2010,False,False
264269,320395,Horror,2010,False,False
157099,75143,Drama,2010,True,False
157350,288885818,Action,2010,False,False
97370,5735963,Thriller,2010,False,False
239562,16337881,Drama,2010,True,False
258251,115791,Action,2010,False,False
236737,78768613,Comedy,2010,False,False
389782,2,Animation,2010,False,False
242095,2665322,Thriller,2010,False,False
264279,429098,Comedy,2010,False,False
172385,500188435,Animation,2010,False,True
141043,7176347,Comedy,2010,False,False
145220,80383290,Comedy,2010,False,True
280913,3186708,Drama,2010,True,False
100402,714766572,Action,2010,False,False
241882,187000,Comedy,2010,False,False
270457,3200000,Documentary,2010,False,False
257448,5900000,Action,2010,False,False
249660,29789000,Drama,2010,True,False
337688,39910,Drama,2010,True,False
169607,1503616,Documentary,2010,False,False
257951,226595,Animation,2010,False,False
209276,54915,Drama,2010,True,False
197583,1064454,Comedy,2010,False,False
348733,511364,Family,2010,False,False
243935,206909,Crime,2010,False,False
587914,8010,Drama,2010,True,False
270654,15000000,Science Fiction,2010,False,False
252680,10429707,Comedy,2010,False,False
255549,189318,Drama,2010,True,False
1155226,10000,Documentary,2010,False,False
180299,6566916,Action,2010,False,False
293474,7000,Drama,2010,True,False
144336,22126842,Action,2010,False,True
193612,17834867,Horror,2010,False,False
332600,353,Documentary,2010,False,False
268743,9960000,Comedy,2010,False,False
263281,4519865,Comedy,2010,False,False
290067,250000,Romance,2010,False,False
266851,168604,Drama,2010,True,False
240704,13842409,Documentary,2010,False,False
146015,200406,Thriller,2010,False,False
210947,121179,Horror,2010,False,False
52653,149337,Thriller,2010,False,False
297298,4080294,Comedy,2010,False,False
243352,1156000,Drama,2010,True,False
385378,200340,Thriller,2010,False,False
264056,1200000,Comedy,2010,False,False
210479,4635300,Drama,2010,True,False
265581,3700000,Comedy,2010,False,False
157832,3593460,Drama,2010,True,False
200505,28831145,Drama,2010,True,False
240865,2800000,Action,2010,False,False
155084,13809,Horror,2010,False,False
259018,422697,Comedy,2010,False,False
285664,100000,Action,2010,False,False
193610,196781193,Comedy,2010,False,True
262391,176404493,Comedy,2010,False,False
236751,101332962,Drama,2010,True,False
262551,20258904,Comedy,2010,False,True
157353,103039258,Thriller,2010,False,True
102382,708962323,Action,2010,False,True
184345,25343661,Comedy,2010,False,False
105001,26033917,Adventure,2010,False,False
259720,22414611,Comedy,2010,False,False
218071,37338,Family,2010,False,False
272610,855450,Action,2010,False,False
265351,686484,Drama,2010,True,False
261036,37285,Comedy,2010,False,False
259963,126150,Drama,2010,True,False
258284,103536,Thriller,2010,False,False
1372467,100000,Romance,2010,False,False
215211,26576000,Romance,2010,False,False
254473,71416730,Action,2010,False,False
228692,15077,Animation,2010,False,False
157823,271755,Thriller,2010,False,False
285689,365522,Documentary,2010,False,False
253817,2113,Documentary,2010,False,False
310098,1782801,Crime,2010,False,False
256836,43089,Documentary,2010,False,False
290217,76000000,Romance,2010,False,False
188166,993313,Crime,2010,False,False
250349,14348529,Comedy,2010,False,False
267481,13969785,Comedy,2010,False,False
263499,300,Documentary,2010,False,False
177047,60048,Drama,2010,True,False
187596,8122990,Comedy,2010,False,False
251736,200126,Comedy,2010,False,False
612635,550,Thriller,2010,False,False
268642,4678632,Comedy,2010,False,False
309002,1183105,Fantasy,2010,False,False
212778,45967935,Comedy,2010,False,False
195589,270665134,Comedy,2010,False,True
59981,18662027,Animation,2010,False,False
268413,446619,Crime,2010,False,False
257521,1558836,Action,2010,False,False
244517,169976,Drama,2010,True,False
198185,38307627,Drama,2010,True,True
268860,1505000,Drama,2010,True,False
317467,355316,Comedy,2010,False,False
242310,2424381,Action,2010,False,False
248549,216706,Drama,2010,True,False
171372,1897363,Comedy,2010,False,False
280127,8000,Thriller,2010,False,False
157829,1448076,Drama,2010,True,False
337348,105835,Drama,2010,True,False
267579,95549,Western,2010,False,False
124905,529076069,Action,2010,False,False
271826,40000,Drama,2010,True,False
127585,747862775,Action,2010,False,True
259943,47587984,Drama,2010,True,False
222935,307166834,Romance,2010,False,False
419125,500,Drama,2010,True,False
192149,4507463,Thriller,2010,False,False
290823,500000,Drama,2010,True,False
264656,3442853,Western,2010,False,False
930087,10,Horror,2010,False,False
157851,1338365,Drama,2010,True,False
232672,127994610,Comedy,2010,False,False
221902,9016922,Drama,2010,True,False
214075,3346257,Comedy,2010,False,False
242224,10312540,Drama,2010,True,False
383008,151853,Drama,2010,True,False
266285,1363964,Drama,2010,True,False
278095,3998673,Comedy,2010,False,False
402938,764947,Drama,2010,True,False
188161,86410000,Comedy,2010,False,False
1244360,150,Romance,2010,False,False
271200,10000000,Romance,2010,False,False
244509,427418,Drama,2010,True,False
273271,19572,Thriller,2010,False,False
506484,15,Drama,2010,True,False
137113,370541256,Action,2010,False,True
273812,1500000,Romance,2010,False,False
102651,758539785,Fantasy,2010,False,True
269494,26488847,Action,2010,False,False
272731,319180,Comedy,2010,False,False
412484,290000,Action,2010,False,False
268660,1300000,Drama,2010,True,False
209185,3430018,Comedy,2010,False,False
262958,4825184,History,2010,False,False
619561,6526274,Animation,2010,False,False
398456,100000,Drama,2010,True,False
503966,5,Action,2010,False,False
273169,12058187,Comedy,2010,False,False
157845,2510007,Crime,2010,False,False
265851,4500000,Action,2010,False,False
85350,48137666,Drama,2010,True,False
187017,331333876,Crime,2010,False,True
244772,5284309,Drama,2010,True,False
280422,3,Crime,2010,False,False
82702,621537519,Fantasy,2010,False,True
246011,25781,Comedy,2010,False,False
291319,28951,Romance,2010,False,False
248774,3123963,Comedy,2010,False,False
251555,2483130,Comedy,2010,False,False
275805,450,Horror,2010,False,False
1317362,2,Drama,2010,True,False
267999,282358,Drama,2010,True,False
300220,157515,Animation,2010,False,False
623606,39000,Crime,2010,False,False
290229,195000,Comedy,2010,False,False
238603,45300000,Family,2010,False,True
587961,5495,Action,2010,False,False
311029,800000,Drama,2010,True,False
289727,4453524,Romance,2010,False,False
506977,50000,Drama,2010,True,False
1139731,80000,Science Fiction,2010,False,False
278718,92500,Drama,2010,True,False
209451,67347013,Music,2010,False,True
271331,168832,Drama,2010,True,False
246741,6263224,Comedy,2010,False,False
1130312,909672,Mystery,2010,False,False
184098,70181428,Comedy,2010,False,False
258086,5758519,Thriller,2010,False,False
287590,17150803,Action,2010,False,False
371507,467363,Crime,2010,False,False
91314,1104054072,Science Fiction,2010,False,True
348133,25574,Drama,2010,True,False
119450,710644566,Science Fiction,2010,False,False
262340,23000000,Comedy,2010,False,False
276935,1278108,Action,2010,False,False
270724,106640000,Romance,2010,False,False
250658,48911,Documentary,2010,False,False
259233,8867935,Horror,2010,False,False
184346,87937815,Thriller,2010,False,False
276918,14444502,Documentary,2010,False,False
226486,100525432,Comedy,2010,False,False
277190,1387956,War,2010,False,False
281298,27926871,Action,2010,False,False
151368,100000,Thriller,2010,False,False
251981,6457479,Mystery,2010,False,False
1355421,1,Thriller,2010,False,False
296945,5176467,Comedy,2010,False,False
274415,5031433,Family,2010,False,False
502655,70000,Drama,2010,True,False
598845,14223,Drama,2010,True,False
243683,86165646,Romance,2010,False,False
282761,5870000,Drama,2010,True,False
218836,151165787,Animation,2010,False,True
238636,111928365,Horror,2010,False,True
287175,7790968,Thriller,2010,False,False
270842,82320000,Romance,2010,False,False
253235,25312387,Comedy,2010,False,False
225886,126069509,Comedy,2010,False,False
231576,5483299,Drama,2010,True,False
293021,65220000,Horror,2010,False,False
244267,336472,Science Fiction,2010,False,False
262970,7700000,Drama,2010,True,False
282346,4600000,Drama,2010,True,False
242828,34949567,Animation,2010,False,False
184315,244819862,Action,2010,False,True
272875,9166810,Drama,2010,True,False
280690,55000000,Action,2010,False,False
315934,8,Action,2010,False,False
244534,30312,Comedy,2010,False,False
240832,458863600,Action,2010,False,False
528419,910000,Action,2010,False,False
229297,51029361,Comedy,2010,False,False
296318,8520000,Fantasy,2010,False,False
157849,31554855,Thriller,2010,False,False
300561,4500000,Comedy,2010,False,False
330705,220000,Action,2010,False,False
278408,670000,Comedy,2010,False,False
282631,112156811,War,2010,False,False
292136,100000,TV Movie,2010,False,False
118340,772776600,Action,2010,False,False
239566,33448971,Drama,2010,True,True
216282,160602194,Action,2010,False,False
285213,64400000,Action,2010,False,False
228194,89514453,Drama,2010,True,False
138103,214700000,Action,2010,False,False
98566,485004754,Science Fiction,2010,False,True
361489,8336207,Action,2010,False,False
242090,513447,Romance,2010,False,False
265712,83061158,Animation,2010,False,False
286875,7646700,Comedy,2010,False,False
245855,49667,Drama,2010,True,False
286595,11720,Drama,2010,True,False
1139708,9000,Drama,2010,True,False
262338,1857574,Thriller,2010,False,False
242643,4571025,Thriller,2010,False,False
256876,694600,Documentary,2010,False,False
284279,6015494,Action,2010,False,False
193893,136621271,Comedy,2010,False,True
227156,66980456,Drama,2010,True,False
279229,5188128,Fantasy,2010,False,False
256274,41900000,Horror,2010,False,True
292623,1695006,Adventure,2010,False,False
254375,1124445,Adventure,2010,False,False
272692,2405143,Horror,2010,False,False
157825,33821,Thriller,2010,False,False
244566,88273,Romance,2010,False,False
313653,980000,Thriller,2010,False,False
287703,4747792,Comedy,2010,False,False
265189,4094339,Drama,2010,True,False
189,39407616,Crime,2010,False,False
246860,1851517,Drama,2010,True,False
270343,23598,Comedy,2010,False,False
299738,32000000,Action,2010,False,False
330878,179000,Romance,2010,False,False
265195,27007072,Drama,2010,True,True
284286,3447633,Drama,2010,True,False
249164,78274843,Drama,2010,True,False
241254,1289595,Thriller,2010,False,False
681934,10585,Documentary,2010,False,False
287767,7557761,Action,2010,False,False
232679,30127963,Drama,2010,True,False
280002,1169603,Thriller,2010,False,False
289091,179272,Family,2010,False,False
266030,1341430,Drama,2010,True,False
254904,32556119,Crime,2010,False,False
206487,4942449,Science Fiction,2010,False,False
179150,423619,Comedy,2010,False,False
668763,6293794,Action,2010,False,False
265297,1059804,Documentary,2010,False,False
287859,4,Thriller,2010,False,False
245906,3118433,Comedy,2010,False,False
241868,22300000,Action,2010,False,False
267480,332710,History,2010,False,False
519918,100,Documentary,2010,False,False
287935,3016126,Family,2010,False,False
204922,15447154,Thriller,2010,False,False
290865,31278476,Crime,2010,False,False
290841,5337409,Family,2010,False,False
283322,5240,Adventure,2010,False,False
283350,37151,Comedy,2010,False,False
284288,15536328,Action,2010,False,False
270938,11774,Adventure,2010,False,False
206821,46460,Comedy,2010,False,False
250761,161,War,2010,False,False
244761,1075178,Drama,2010,True,False
241848,2700051,Mystery,2010,False,False
230179,7500000,Action,2010,False,False
286521,1020921,Drama,2010,True,False
110416,857522,Family,2010,False,False
284289,45895,Thriller,2010,False,False
287495,4574756,Drama,2010,True,False
290890,2600000,Comedy,2010,False,False
253331,21571189,Drama,2010,True,False
284276,2360281,Drama,2010,True,False
284294,166775,Drama,2010,True,False
230266,5000000,Drama,2010,True,False
287587,108808,Comedy,2010,False,False
282296,7527232,Romance,2010,False,False
250538,3396345,Drama,2010,True,True
198663,348319861,Action,2010,False,True
272435,154701,Romance,2010,False,False
136835,53830415,Crime,2010,False,False
170687,108255770,Animation,2010,False,False
239678,41296320,Drama,2010,True,True
407344,140730,Fantasy,2010,False,False
663637,30000,Animation,2010,False,False
271397,215034,Drama,2010,True,False
402714,89038,Drama,2010,True,False
227735,52424533,Family,2010,False,False
267899,865,Drama,2010,True,False
154400,19054534,Drama,2010,True,False
296641,260861,Science Fiction,2010,False,False
254191,9318,Horror,2010,False,False
199933,846704,Drama,2010,True,False
234200,7523634,Drama,2010,True,False
292830,42000000,Science Fiction,2010,False,False
292139,4900000,Action,2010,False,False
287594,120000,Drama,2010,True,False
169917,58834384,Crime,2010,False,False
265177,3494070,Drama,2010,True,False
270302,2146041,Drama,2010,True,False
1325265,1200000,Action,2010,False,False
246403,1882074,Comedy,2010,False,False
266500,223003,Comedy,2010,False,False
277355,358156,Thriller,2010,False,False
302130,1000000,Action,2010,False,False
292483,36026,Comedy,2010,False,False
270303,14674076,Horror,2010,False,False
265180,4396821,Drama,2010,True,False
156022,192330738,Thriller,2010,False,True
236735,5169755,Thriller,2010,False,False
296902,3700000,Comedy,2010,False,False
285021,156888,Drama,2010,True,False
244264,2379154,Comedy,2010,False,False
1010690,2700000,Drama,2010,True,False
254578,3184472,Drama,2010,True,False
284427,7700259,Thriller,2010,False,True
276843,1289998,Comedy,2010,False,False
286554,868081,Romance,2010,False,False
277547,1323415,Comedy,2010,False,False
289720,5148503,Action,2010,False,False
284298,189000000,Comedy,2010,False,False
271164,1009620,Music,2010,False,False
292177,360736,Family,2010,False,False
290370,1500000,Science Fiction,2010,False,False
298931,3400000,Music,2010,False,True
914675,8330,Animation,2010,False,False
210577,369330363,Mystery,2010,False,True
297899,1700,Documentary,2010,False,False
684897,17715,Drama,2010,True,False
228326,97437106,Animation,2010,False,True
417909,5000000,Adventure,2010,False,False
49017,217124280,Horror,2010,False,True
250546,257047661,Horror,2010,False,True
290599,11774200,Comedy,2010,False,False
280795,11500000,Crime,2010,False,False
193726,7171,Horror,2010,False,False
218043,19682924,Thriller,2010,False,False
254869,11672363,Action,2010,False,False
217057,32188,Animation,2010,False,False
296178,18091,Comedy,2010,False,False
321193,8804424,Drama,2010,True,False
435586,22000,Music,2010,False,False
308274,590000,Thriller,2010,False,False
351072,1400000,Thriller,2010,False,False
292106,1000000,Fantasy,2010,False,False
284303,2193474,Horror,2010,False,False
205587,83719388,Drama,2010,True,True
294463,1581125,Comedy,2010,False,False
287509,167230,Romance,2010,False,False
218778,100654149,Family,2010,False,True
241855,49970,Horror,2010,False,False
283559,15,Music,2010,False,False
303515,61583,Drama,2010,True,False
239563,54837234,Comedy,2010,False,False
245916,5218973,Crime,2010,False,False
262543,6237990,Thriller,2010,False,False
235271,17534314,Drama,2010,True,False
252178,3200000,Thriller,2010,False,False
241843,581011,Comedy,2010,False,True
296456,25480,Romance,2010,False,False
293310,3003169,Documentary,2010,False,False
293262,7205,Documentary,2010,False,False
275060,103815,Drama,2010,True,False
276401,109144,Romance,2010,False,False
244786,13092000,Drama,2010,True,False
293271,2200510,Animation,2010,False,False
290542,894964,Drama,2010,True,False
253254,8251,Drama,2010,True,False
291200,940000,Drama,2010,True,False
255343,3758328,Thriller,2010,False,False
164251,5092129,Drama,2010,True,False
283703,42491,Drama,2010,True,False
72784,10076790,Thriller,2010,False,False
317978,86172,Documentary,2010,False,False
284689,1822250,History,2010,False,False
239571,35926213,Drama,2010,True,False
228150,211817906,War,2010,False,True
269148,151530,Drama,2010,True,False
289984,4840034,Comedy,2010,False,False
200727,4439431,Romance,2010,False,False
194662,103215094,Drama,2010,True,False
301985,17888,Comedy,2010,False,False
298536,100,Romance,2010,False,False
244506,59744,Drama,2010,True,False
244403,58293,Music,2010,False,False
243684,461162,Drama,2010,True,True
789830,5000,Drama,2010,True,False
292795,3790114,Animation,2010,False,False
302526,100,Action,2010,False,False
297462,1914090,Romance,2010,False,False
299117,2074000,Drama,2010,True,False
286372,3250000,Thriller,2010,False,False
254474,14947,Horror,2010,False,False
462702,50000,Documentary,2010,False,False
245891,88761661,Action,2010,False,False
277685,62882090,Horror,2010,False,False
266082,60765,Drama,2010,True,False
207933,2478806,Thriller,2010,False,False
267806,2756,Horror,2010,False,False
286873,3005082,Adventure,2010,False,False
242582,50300000,Crime,2010,False,False
177572,657827828,Adventure,2010,False,True
242512,103590271,Horror,2010,False,True
110390,1472431,Drama,2010,True,False
287628,768449,Adventure,2010,False,False
284270,763280,Adventure,2010,False,False
268690,6300000,Animation,2010,False,False
299847,4626678,Comedy,2010,False,False
285205,298244,Comedy,2010,False,False
290864,129115,Action,2010,False,False
185341,4915757,Thriller,2010,False,False
359888,15000,Comedy,2010,False,False
245700,22179785,History,2010,False,False
309028,1507352,Drama,2010,True,False
336472,52947,Documentary,2010,False,False
206296,292092,Comedy,2010,False,False
157336,701729206,Adventure,2010,False,False
305088,5600000,Romance,2010,False,False
203834,23456897,Thriller,2010,False,False
328845,191500,Comedy,2010,False,False
311933,40051,Documentary,2010,False,False
288789,192400,Documentary,2010,False,False
227159,107670357,Comedy,2010,False,False
100042,169837010,Comedy,2010,False,True
293122,499168,History,2010,False,False
112454,4381603,Horror,2010,False,False
87492,12096300,Drama,2010,True,False
241771,14618727,Romance,2010,False,False
295884,2800000,Comedy,2010,False,False
1237432,1925000,Music,2010,False,False
205596,233555708,History,2010,False,False
131631,755356711,Science Fiction,2010,False,False
297963,2156387,Adventure,2010,False,False
300839,679608,Thriller,2010,False,False
283330,65460,Drama,2010,True,False
308462,4694,Drama,2010,True,False
294993,30932534,Drama,2010,True,True
380379,559000,Horror,2010,False,False
252171,395000,Horror,2010,False,False
280106,1,Thriller,2010,False,False
298780,100,Drama,2010,True,False
270946,373552094,Family,2010,False,False
116149,259207227,Comedy,2010,False,False
266856,123726688,Drama,2010,True,False
170522,42830578,Animation,2010,False,False
339297,400000,Mystery,2010,False,False
301849,60,Drama,2010,True,False
393472,590000,Drama,2010,True,False
294093,39296,Adventure,2010,False,False
147441,268031828,Adventure,2010,False,False
480873,10,Drama,2010,True,False
344615,119000,Comedy,2010,False,False
282813,16861137,Horror,2010,False,False
260001,8265,Romance,2010,False,False
284293,44779195,Drama,2010,True,False
246080,1171559,Adventure,2010,False,False
317442,19840000,Action,2010,False,False
265228,1076075,Drama,2010,True,False
122917,956019788,Action,2010,False,True
503978,10,Comedy,2010,False,False
284296,25434291,Drama,2010,True,True
171274,14710975,Drama,2010,True,True
68737,114178613,Adventure,2010,False,True
207703,414351546,Crime,2010,False,True
260346,325771424,Thriller,2010,False,True
313108,105365782,Drama,2010,True,False
181533,363204635,Adventure,2010,False,False
303542,5216102,Comedy,2010,False,False
297222,120000000,Comedy,2010,False,False
407681,590000,Thriller,2010,False,False
196867,133821816,Comedy,2010,False,True
311155,1200000,Drama,2010,True,False
313096,6779794,Comedy,2010,False,False
473570,1000,Horror,2010,False,False
87093,28883511,Drama,2010,True,False
294992,141654055,Thriller,2010,False,False
224141,212902372,Fantasy,2010,False,True
190859,542307423,War,2010,False,True
307000,3100000,Drama,2010,True,False
314285,2080529,Adventure,2010,False,False
227306,163442937,Drama,2010,True,False
284536,39171130,Thriller,2010,False,True
313556,12848123,Comedy,2010,False,False
273895,66787908,History,2010,False,False
264041,420000,Thriller,2010,False,False
228967,12342632,Action,2010,False,True
256917,15520023,War,2010,False,False
1307142,200,Comedy,2010,False,False
288158,48854305,Thriller,2010,False,False
241239,12007070,Crime,2010,False,False
385102,1958955,Comedy,2010,False,False
1083834,98000000,Action,2010,False,False
1083821,89000000,Mystery,2010,False,False
1083842,2000000,Action,2010,False,False
1083829,2000000,Action,2010,False,False
315226,930000,History,2010,False,False
278632,2710,Thriller,2010,False,False
1102535,3000,Drama,2010,True,False
266084,155881,Drama,2010,True,False
1103399,2000,Thriller,2010,False,False
446450,376973,Horror,2010,False,False
312809,7800000,Thriller,2010,False,False
279449,100,Comedy,2010,False,False
495778,300,Comedy,2010,False,False
201088,17752940,Crime,2010,False,True
290764,593683,Action,2010,False,False
283698,534549,Drama,2010,True,False
315335,9127383,Comedy,2010,False,False
252838,79799880,Comedy,2010,False,False
264660,36869414,Drama,2010,True,False
210860,47318560,Comedy,2010,False,False
506669,50000,Drama,2010,True,False
326203,712704,Drama,2010,True,False
306543,1810644,Comedy,2010,False,False
302429,13603453,Music,2010,False,False
1061401,1000,Drama,2010,True,False
241251,52425855,Thriller,2010,False,True
645717,100000,Comedy,2010,False,False
1168861,50000,Documentary,2010,False,False
310133,143658,Thriller,2010,False,False
320048,110834,Drama,2010,True,False
314420,2634,Drama,2010,True,False
318279,2334228,Adventure,2010,False,False
312849,78862,Drama,2010,True,False
310131,40423945,Drama,2010,True,False
227719,33213241,Science Fiction,2010,False,True
228165,311594032,Family,2010,False,True
320316,4541800,Comedy,2010,False,False
243940,64110728,Horror,2010,False,False
323260,709136,Romance,2010,False,False
335832,47581416,Animation,2010,False,False
76757,183987723,Science Fiction,2010,False,True
323661,15730665,Animation,2010,False,False
263109,106209378,Family,2010,False,False
309038,276792,Comedy,2010,False,False
296313,4765472,Comedy,2010,False,False
300983,16000000,Thriller,2010,False,False
325388,173616,Romance,2010,False,False
86835,566006,Romance,2010,False,False
316002,24487,Romance,2010,False,False
246127,554953,Drama,2010,True,False
320005,80551,Drama,2010,True,False
216015,571006128,Drama,2010,True,False
316900,5400,Romance,2010,False,False
328716,27387870,Action,2010,False,False
234212,3387000,Thriller,2010,False,False
262973,8200000,Comedy,2010,False,False
325699,11600000,Action,2010,False,False
354855,12045735,Romance,2010,False,False
266396,13644292,Action,2010,False,False
323020,10846026,Comedy,2010,False,False
343139,5520000,Comedy,2010,False,False
309302,123205624,Adventure,2010,False,False
484288,3000,Drama,2010,True,False
300168,121545703,Adventure,2010,False,False
331394,43738,Romance,2010,False,False
326011,7547762,War,2010,False,False
243938,64780213,Comedy,2010,False,True
228203,45710059,Drama,2010,True,True
272693,43528634,Romance,2010,False,False
323517,11480000,Crime,2010,False,False
598837,8966,Drama,2010,True,False
256591,153962963,Romance,2010,False,True
327474,2651302,Comedy,2010,False,False
268238,85978266,Drama,2010,True,False
348750,1759935,Drama,2010,True,False
309924,234417,Comedy,2010,False,False
319091,411115,Documentary,2010,False,False
315055,148205,Thriller,2010,False,False
346066,245818,Comedy,2010,False,False
657678,316201,Comedy,2010,False,False
198184,104399548,Crime,2010,False,True
239573,14431253,Comedy,2010,False,False
327982,9194350,Drama,2010,True,False
338781,2890000,Drama,2010,True,False
150689,543514353,Romance,2010,False,True
319993,105097,Drama,2010,True,False
253303,13684,Comedy,2010,False,False
350650,32700000,Comedy,2010,False,False
510304,50000,Drama,2010,True,False
241554,71561644,Action,2010,False,False
271674,9104716,Drama,2010,True,False
330431,5100000,Crime,2010,False,False
228968,2633527,Drama,2010,True,False
330999,500001,Drama,2010,True,False
692712,5152,Drama,2010,True,False
970686,13646,Drama,2010,True,False
343739,2036837,Comedy,2010,False,False
587963,4997,Action,2010,False,False
181283,3324330,Crime,2010,False,False
329712,106498,Drama,2010,True,False
262500,297002527,Action,2010,False,False
228161,368871007,Fantasy,2010,False,True
256924,10835752,Music,2010,False,False
335819,358590,Science Fiction,2010,False,False
373332,50604,TV Movie,2010,False,False
304357,61619773,Drama,2010,True,False
331159,1200000,Crime,2010,False,False
332788,8674655,Romance,2010,False,False
349176,25000000,Action,2010,False,False
307081,91709827,Action,2010,False,False
283227,10084623,Drama,2010,True,False
257091,111811453,Comedy,2010,False,True
337211,417929,Crime,2010,False,False
326215,769028,Animation,2010,False,False
332512,3300000,Family,2010,False,False
332511,8442829,Animation,2010,False,False
268689,1921923,Fantasy,2010,False,False
332830,4700000,Comedy,2010,False,False
338913,968534,Comedy,2010,False,False
327593,139000000,Action,2010,False,False
168259,1515341399,Action,2010,False,True
335462,80000000,Action,2010,False,False
320295,5200000,Action,2010,False,False
333112,2097768,Comedy,2010,False,True
527631,7909,Comedy,2010,False,False
308504,3643591,Action,2010,False,False
252512,17287309,Comedy,2010,False,False
334384,53889,Comedy,2010,False,False
773862,20698,Documentary,2010,False,False
374931,35000,Drama,2010,True,False
318954,1236094,Action,2010,False,False
182560,5090852,Thriller,2010,False,False
280391,16294916,Adventure,2010,False,False
303991,4366460,Comedy,2010,False,False
167810,45431,Fantasy,2010,False,False
319337,147315,History,2010,False,False
228205,63013281,Drama,2010,True,False
253626,316472,Drama,2010,True,False
335031,10,Comedy,2010,False,False
691633,3554736,Action,2010,False,False
292040,1473809,Thriller,2010,False,False
645997,200000,Documentary,2010,False,False
258363,4924990,Thriller,2010,False,False
293863,65663276,Romance,2010,False,False
329135,5100000,Romance,2010,False,False
295592,16661077,Documentary,2010,False,False
256961,107597242,Action,2010,False,True
333097,23957,Documentary,2010,False,False
245706,5261595,Crime,2010,False,False
336999,247274,Family,2010,False,False
328901,2159380,Drama,2010,True,False
287499,1000000,Drama,2010,True,False
207936,135026,Music,2010,False,False
316873,43000000,Crime,2010,False,False
303857,61768190,Action,2010,False,False
333377,44695,Documentary,2010,False,False
330112,4631,Drama,2010,True,False
1403461,500,Horror,2010,False,False
361249,960000,Drama,2010,True,False
334833,465184,Adventure,2010,False,False
99861,1405403694,Action,2010,False,False
598905,15666,Action,2010,False,False
248574,933847,Adventure,2010,False,False
250734,30229977,Drama,2010,True,False
337017,150000,Thriller,2010,False,False
256962,6485961,Comedy,2010,False,False
360214,44434,Drama,2010,True,False
315841,11757243,Comedy,2010,False,False
325848,8540288,Comedy,2010,False,False
341408,1683000,Comedy,2010,False,False
338517,5249225,Drama,2010,True,False
388972,196653,Comedy,2010,False,False
337876,41000000,Drama,2010,True,False
349498,23600000,Comedy,2010,False,False
238713,235666219,Action,2010,False,False
338942,488569,Drama,2010,True,False
326284,163080,Action,2010,False,False
254470,287506194,Comedy,2010,False,True
338944,3346518,Comedy,2010,False,False
268920,51680201,Action,2010,False,True
332835,22159216,Comedy,2010,False,False
287424,187112,Horror,2010,False,False
308638,771317,Drama,2010,True,False
598840,11232,Drama,2010,True,False
329819,26144,Drama,2010,True,False
76341,378858340,Action,2010,False,True
300155,4779170,Comedy,2010,False,False
314405,5500277,Romance,2010,False,False
223485,229094,Western,2010,False,False
316654,1500000,Crime,2010,False,False
57876,7556,Horror,2010,False,False
310121,7449681,Drama,2010,True,False
329805,8000000,Drama,2010,True,False
430146,5375,Mystery,2010,False,False
158852,209154322,Adventure,2010,False,True
503982,10,Action,2010,False,False
315575,269144,Drama,2010,True,False
310593,2000000,Comedy,2010,False,False
243688,95437994,Horror,2010,False,False
341007,645135,Family,2010,False,False
338912,2864556,Comedy,2010,False,False
283127,12756,Action,2010,False,False
338803,6906250,Drama,2010,True,False
342302,238000,Comedy,2010,False,False
336211,4180081,Comedy,2010,False,False
94365,16184,Horror,2010,False,False
336808,1320005,Drama,2010,True,False
254128,473990832,Action,2010,False,True
315865,54985,Drama,2010,True,False
664834,100000,Documentary,2010,False,False
319995,52761,Drama,2010,True,False
1417103,100000,Drama,2010,True,False
280092,112983889,Horror,2010,False,False
332340,3000000,Romance,2010,False,False
333657,4444,Drama,2010,True,False
222936,26250020,Drama,2010,True,False
285024,84417,Drama,2010,True,False
684290,8107623,Animation,2010,False,False
341895,1100000,Comedy,2010,False,False
271714,28641776,Drama,2010,True,False
294132,104507,Comedy,2010,False,False
319373,124518,Drama,2010,True,False
342724,400,Horror,2010,False,False
1120371,10000,Adventure,2010,False,False
188222,49263404,Comedy,2010,False,False
254905,143101,Drama,2010,True,False
1467797,10000,Drama,2010,True,False
253161,658532,Drama,2010,True,False
338065,22000000,Drama,2010,True,False
309304,7205073,Comedy,2010,False,False
312827,28281,Horror,2010,False,False
348746,81000,Comedy,2010,False,False
135397,1671537444,Action,2010,False,True
1224531,13,Action,2010,False,False
150540,857611174,Animation,2010,False,True
421248,50000,Drama,2010,True,False
336050,1777043,War,2010,False,False
320007,3191971,Crime,2010,False,False
342591,3022227,Comedy,2010,False,False
307931,1301696,Documentary,2010,False,False
461986,140000,Horror,2010,False,False
333623,21000000,Animation,2010,False,False
315846,346485,Drama,2010,True,False
587964,7666,Action,2010,False,False
339145,81379,Drama,2010,True,False
587965,7811,Action,2010,False,False
211672,1156730962,Family,2010,False,True
336804,5274664,Drama,2010,True,False
286565,85512300,Mystery,2010,False,False
426574,253878,Animation,2010,False,False
336790,892000,Drama,2010,True,True
308024,1100000,Mystery,2010,False,False
308639,17986781,Crime,2010,False,False
280996,29355203,Drama,2010,True,False
334376,101203,Science Fiction,2010,False,False
347946,5012513,Horror,2010,False,False
87101,440603537,Science Fiction,2010,False,True
318781,3621046,Drama,2010,True,False
214756,215863606,Comedy,2010,False,True
86828,6303792,Comedy,2010,False,False
288036,3214116,Comedy,2010,False,False
330418,1400000,Comedy,2010,False,False
263472,6341684,Thriller,2010,False,False
272878,43967255,Adventure,2010,False,True
397262,3481666,Family,2010,False,False
264999,117813057,Comedy,2010,False,True
245846,111107,Drama,2010,True,False
306947,354835,Thriller,2010,False,False
317952,1145923,Drama,2010,True,False
331781,8413144,Documentary,2010,False,False
254472,71085,Horror,2010,False,False
330421,14000000,Crime,2010,False,False
309242,130541,Comedy,2010,False,False
377579,2546192,Crime,2010,False,False
292431,249083,Drama,2010,True,False
337677,63802,Comedy,2010,False,False
281743,82320000,Drama,2010,True,False
299245,42964410,Horror,2010,False,False
385069,419756,Documentary,2010,False,False
256040,90747520,Action,2010,False,False
308084,924793,Comedy,2010,False,False
351694,150000000,Fantasy,2010,False,False
238615,31807156,Science Fiction,2010,False,False
275601,41325328,Comedy,2010,False,False
315465,49714378,Action,2010,False,False
102899,519311965,Science Fiction,2010,False,False
1061411,2000,Drama,2010,True,False
301875,2084628,Drama,2010,True,False
362739,1249176,Action,2010,False,False
334298,387053506,Comedy,2010,False,False
257344,244874809,Action,2010,False,True
347979,964206,Comedy,2010,False,False
308032,643557,Thriller,2010,False,False
282984,27391084,Drama,2010,True,False
348892,150000000,Comedy,2010,False,False
271718,140795793,Comedy,2010,False,True
383056,1570000,Comedy,2010,False,False
1499926,88,Comedy,2010,False,False
347945,4505,Thriller,2010,False,False
291549,96119773,Adventure,2010,False,False
177677,682716636,Action,2010,False,True
340401,3020134,Horror,2010,False,False
157544,1784763,Thriller,2010,False,False
351428,20,Comedy,2010,False,False
296099,104384188,Comedy,2010,False,False
309809,97571250,Adventure,2010,False,True
354697,8234,Horror,2010,False,False
377544,2050000,Drama,2010,True,False
352165,1900000,Comedy,2010,False,False
357441,1000000,Family,2010,False,False
249688,3002884,Drama,2010,True,False
328425,58978653,Thriller,2010,False,False
400380,7344,Comedy,2010,False,False
311291,4250507,Drama,2010,True,False
166424,167977596,Action,2010,False,True
257445,158162788,Adventure,2010,False,True
330298,339461,Thriller,2010,False,False
346646,87970000,Action,2010,False,False
293646,24902723,Drama,2010,True,True
352099,830000,Comedy,2010,False,False
372259,10849131,Animation,2010,False,False
347201,39500000,Animation,2010,False,False
250124,1477002,Drama,2010,True,False
324308,494506,Documentary,2010,False,False
378676,7100000,Science Fiction,2010,False,False
277216,201634991,Drama,2010,True,True
354275,680728,Drama,2010,True,False
354072,82027760,Romance,2010,False,False
203801,108145109,Comedy,2010,False,True
352161,20381995,Drama,2010,True,False
398753,72000,Drama,2010,True,False
193687,121461,Science Fiction,2010,False,False
310135,67132,Action,2010,False,False
339928,732655,Comedy,2010,False,False
309245,2500431,Comedy,2010,False,False
227716,13000,Drama,2010,True,False
347989,6200000,Thriller,2010,False,False
376105,38000,Romance,2010,False,False
225728,16322067,Drama,2010,True,False
261392,27139524,Comedy,2010,False,False
348060,3056677,Action,2010,False,False
283445,53329150,Horror,2010,False,False
338930,2250547,Action,2010,False,False
249070,81967450,Action,2010,False,True
338729,14301869,Fantasy,2010,False,False
301351,11122090,Drama,2010,True,True
192141,54418872,Thriller,2010,False,False
314402,7704357,Crime,2010,False,False
253450,632542,Action,2010,False,False
383740,2171383,Documentary,2010,False,False
323272,67790117,Drama,2010,True,False
300602,8306690,Comedy,2010,False,False
321751,1702433,Comedy,2010,False,False
336882,12975143,Thriller,2010,False,False
518076,25,Horror,2010,False,False
232572,37461274,Adventure,2010,False,False
287948,72629670,Action,2010,False,False
298721,89487,Drama,2010,True,False
330764,15709652,Comedy,2010,False,False
157843,1592853,Drama,2010,True,False
336029,572212,Drama,2010,True,False
339527,22586863,Thriller,2010,False,False
341392,24134,Comedy,2010,False,False
375625,313567,Comedy,2010,False,False
264419,26072723,Animation,2010,False,False
367553,8300000,Romance,2010,False,False
350555,2460914,Drama,2010,True,False
339751,302459,Documentary,2010,False,False
606050,940000,Drama,2010,True,False
333352,18704595,Drama,2010,True,False
276907,42972994,Crime,2010,False,True
294254,312296056,Science Fiction,2010,False,True
329263,83027924,Comedy,2010,False,False
253412,203427584,Adventure,2010,False,True
298312,98450062,Horror,2010,False,False
358962,2228115,Horror,2010,False,False
361791,5817,Documentary,2010,False,False
348674,1113277,Drama,2010,True,False
711677,88,Drama,2010,True,False
283587,9077700,Drama,2010,True,False
304372,60273173,Thriller,2010,False,False
358996,5000000,Romance,2010,False,False
10317,7002261,Comedy,2010,False,False
343795,4842699,Drama,2010,True,False
421337,500000,Drama,2010,True,False
296523,167085,Thriller,2010,False,False
338928,2642899,Documentary,2010,False,False
325348,14333790,Action,2010,False,False
327528,830129,Drama,2010,True,False
355065,148461,History,2010,False,False
358895,30400,Drama,2010,True,False
290637,2160298,Horror,2010,False,False
245698,5578519,Thriller,2010,False,False
324293,26632,Documentary,2010,False,False
315439,42165755,Drama,2010,True,False
352157,497323,Comedy,2010,False,False
271736,3286448,Drama,2010,True,False
362817,1847967,Action,2010,False,False
331190,2801508,Crime,2010,False,False
273481,84872444,Action,2010,False,False
387473,18382,Drama,2010,True,False
403051,952,Thriller,2010,False,False
354251,23665,Fantasy,2010,False,False
364427,302000,Drama,2010,True,False
261023,98837872,Drama,2010,True,False
273899,187674,Drama,2010,True,False
330636,4079135,Comedy,2010,False,False
360648,7800000,Drama,2010,True,False
441600,16046,Comedy,2010,False,False
361181,3479667,Comedy,2010,False,False
364111,8852989,Animation,2010,False,False
356300,24532,Drama,2010,True,False
353500,37500,Action,2010,False,False
159824,473226958,Animation,2010,False,True
1271337,1000000,Drama,2010,True,False
257211,194564672,Comedy,2010,False,False
341744,9027600,Drama,2010,True,False
364104,65844,Drama,2010,True,False
266647,128388320,Fantasy,2010,False,True
359460,17708027,Comedy,2010,False,False
283235,1411927,Drama,2010,True,False
361673,1,Documentary,2010,False,False
380872,82274,Comedy,2010,False,False
361759,77000000,Romance,2010,False,False
381803,1135216,Comedy,2010,False,False
360055,124358,Action,2010,False,True
378331,26021,Drama,2010,True,False
285783,61181942,Drama,2010,True,False
364324,99849421,Adventure,2010,False,False
362682,228000000,Romance,2010,False,False
329815,39687,Drama,2010,True,False
286217,630600000,Drama,2010,True,False
571330,6059071,Fantasy,2010,False,False
157827,1428004,Drama,2010,True,False
357096,144420,Horror,2010,False,False
241257,17671101,Horror,2010,False,False
295964,36606743,Drama,2010,True,False
336313,157768,Fantasy,2010,False,False
306745,573335,Romance,2010,False,False
362104,57726,Music,2010,False,False
359790,16458,Thriller,2010,False,False
418978,100000,Horror,2010,False,False
331588,97798,Comedy,2010,False,False
517754,100,Drama,2010,True,False
1511359,4000,Documentary,2010,False,False
318917,25513752,Comedy,2010,False,False
384015,2212,Drama,2010,True,False
361159,56191,Horror,2010,False,False
321697,34441873,Drama,2010,True,True
316042,87768,War,2010,False,False
201085,74679822,Horror,2010,False,True
290751,34854990,Thriller,2010,False,False
364403,2400,Adventure,2010,False,False
351037,1366879,Drama,2010,True,False
296098,165478348,Thriller,2010,False,False
346808,133332,Action,2010,False,False
333596,14394097,Drama,2010,True,False
254320,15656193,Comedy,2010,False,False
400267,190000,Thriller,2010,False,False
306964,416792,Horror,2010,False,False
245168,16002420,Drama,2010,True,False
378495,980000,Drama,2010,True,False
264644,35401758,Drama,2010,True,False
377495,2498851,Adventure,2010,False,False
364083,3330,Drama,2010,True,False
300693,5383097,Drama,2010,True,False
167073,62076141,Romance,2010,False,False
274854,146936910,Fantasy,2010,False,False
146301,78903124,Horror,2010,False,True
364594,3129507,Comedy,2010,False,False
364470,1341185,Science Fiction,2010,False,False
720214,2000,Drama,2010,True,False
266639,2333684,Fantasy,2010,False,False
253414,3020664,Comedy,2010,False,False
307946,63373,Drama,2010,True,False
273477,14860766,Comedy,2010,False,False
302528,1986615,Drama,2010,True,False
349158,222840,Animation,2010,False,False
206647,880674609,Action,2010,False,True
294016,8235661,Drama,2010,True,False
365271,5635272,Comedy,2010,False,False
365543,194157,Crime,2010,False,True
358760,869780,Romance,2010,False,False
298382,25003426,Drama,2010,True,False
328589,41387687,Comedy,2010,False,False
218784,70958,Science Fiction,2010,False,True
382480,160000,Thriller,2010,False,False
365719,418063,Crime,2010,False,False
371764,3145,Thriller,2010,False,False
364136,1034905,Drama,2010,True,False
360551,36900000,Mystery,2010,False,False
227973,246233113,Comedy,2010,False,True
314365,98690254,Drama,2010,True,False
371439,36982,Action,2010,False,False
359108,48995,Drama,2010,True,False
228066,34227298,Drama,2010,True,True
362136,67000000,Romance,2010,False,False
321741,50363790,Drama,2010,True,True
376208,37123,Drama,2010,True,False
373086,152152,Drama,2010,True,False
333348,42426912,Drama,2010,True,False
314385,3727746,Drama,2010,True,False
336004,4100000,Action,2010,False,False
446552,370000,Adventure,2010,False,False
463622,534159,Documentary,2010,False,False
352582,41527,Comedy,2010,False,False
105864,332207671,Adventure,2010,False,False
371492,43471,Documentary,2010,False,False
700800,3286,Documentary,2010,False,False
131634,653428261,Action,2010,False,False
680471,34393,Animation,2010,False,False
293413,62000000,Crime,2010,False,False
919773,103,Romance,2010,False,False
348537,38482411,Comedy,2010,False,False
258480,40272135,Romance,2010,False,False
296100,52395996,Comedy,2010,False,True
357400,1928616,Animation,2010,False,False
419154,1500,Documentary,2010,False,False
369758,100,Drama,2010,True,False
364760,189000,Comedy,2010,False,False
254302,4289074,Drama,2010,True,False
312221,173567581,Action,2010,False,True
369927,9316179,Drama,2010,True,False
324807,7545758,Drama,2010,True,False
287903,61788393,Horror,2010,False,True
372994,40840,Drama,2010,True,False
396574,806313,Romance,2010,False,False
320588,14659448,Comedy,2010,False,False
375599,5000,Action,2010,False,False
306819,64191523,Drama,2010,True,False
587966,8754,Action,2010,False,False
309298,31309,Comedy,2010,False,False
366755,1500000,Comedy,2010,False,False
331836,24563629,Comedy,2010,False,False
558609,100,Action,2010,False,False
365002,394522,Fantasy,2010,False,False
529625,500000,Animation,2010,False,False
257088,133718711,Action,2010,False,True
381888,398179,Comedy,2010,False,False
370964,10495305,Fantasy,2010,False,False
376829,9417,Drama,2010,True,False
205775,93920758,Thriller,2010,False,True
334924,82392,Comedy,2010,False,False
361131,8900000,Thriller,2010,False,False
402455,8596000,History,2010,False,False
374251,1378503,Animation,2010,False,False
371777,1510000,Family,2010,False,False
373944,1000,Horror,2010,False,False
366887,5500000,Comedy,2010,False,False
363152,5600000,Romance,2010,False,False
386084,4488000,Comedy,2010,False,False
443294,809995,Comedy,2010,False,False
318846,133346506,Comedy,2010,False,True
402339,6500000,Science Fiction,2010,False,False
544967,100,Comedy,2010,False,False
353326,11472454,Drama,2010,True,False
140607,2068223624,Adventure,2010,False,False
374111,500,Adventure,2010,False,False
363093,11083449,Action,2010,False,False
365961,8521017,Comedy,2010,False,False
258509,233755553,Adventure,2010,False,False
266294,105011053,Comedy,2010,False,False
326425,16775,Action,2010,False,False
370665,61000000,Crime,2010,False,False
299824,278300000,Action,2010,False,False
362045,56000000,History,2010,False,False
427036,200,Adventure,2010,False,False
352208,3820195,Documentary,2010,False,False
366566,7862364,Comedy,2010,False,False
365222,157029618,Action,2010,False,False
274479,101134059,Drama,2010,True,True
378373,3685708,Adventure,2010,False,False
372297,5900000,Drama,2010,True,False
373981,5000,Documentary,2010,False,False
348678,30692889,Comedy,2010,False,False
374020,694830,Romance,2010,False,False
375742,102986,Horror,2010,False,False
374331,5204792,Animation,2010,False,False
374232,8200000,Comedy,2010,False,False
273248,155760117,Drama,2010,True,False
281957,532950503,Western,2010,False,False
274167,242786137,Comedy,2010,False,True
291270,5659286,Animation,2010,False,True
174751,1397284,Western,2010,False,False
334394,318155,Horror,2010,False,False
375097,3933000,Comedy,2010,False,False
376436,6155274,Comedy,2010,False,False
362139,2968,Drama,2010,True,False
370545,9409000,Family,2010,False,False
374416,75173000,Comedy,2010,False,False
376311,20432,Horror,2010,False,False
1103404,500,Drama,2010,True,False
275269,9200000,Thriller,2010,False,False
375108,4026795,Action,2010,False,False
375100,292208,Music,2010,False,False
378084,500,Action,2010,False,False
329440,37608299,Horror,2010,False,False
368031,10975390,Horror,2010,False,False
277710,32163,Drama,2010,True,False
276905,17062499,Adventure,2010,False,False
378462,321930,Drama,2010,True,False
323675,124827316,Action,2010,False,True
299687,109906372,Science Fiction,2010,False,True
300671,69411370,War,2010,False,True
381938,9072024,Drama,2010,True,False
378777,10000000,Drama,2010,True,False
387949,186708860,Comedy,2010,False,False
382663,240000,Comedy,2010,False,False
364160,114,Action,2010,False,False
291870,94073028,Comedy,2010,False,False
380272,20000,Comedy,2010,False,False
353460,343059,Comedy,2010,False,False
352162,30169,Drama,2010,True,False
308453,615816,Drama,2010,True,False
442817,795,Thriller,2010,False,False
375290,32000000,Drama,2010,True,False
381902,193677158,Action,2010,False,False
358807,169242,Drama,2010,True,False
316000,3460466,Drama,2010,True,False
331962,1787926,Drama,2010,True,False
321258,73929392,Horror,2010,False,False
140300,521170825,Action,2010,False,True
372761,361950,Animation,2010,False,False
373472,16905,Documentary,2010,False,False
300673,52099090,Action,2010,False,True
372519,37070177,Drama,2010,True,False
377621,3569670,History,2010,False,False
351819,21164799,Romance,2010,False,False
357706,2100000,Action,2010,False,False
383582,500,Drama,2010,True,False
441508,100,Comedy,2010,False,False
430759,6,Comedy,2010,False,False
376810,296000,Animation,2010,False,False
334524,14880939,Adventure,2010,False,False
381374,2500000,Action,2010,False,False
58431,16457494,Romance,2010,False,False
330483,18730891,Drama,2010,True,False
372226,1600000,Drama,2010,True,False
368940,40075446,Animation,2010,False,False
382486,4292000,Comedy,2010,False,False
381691,2292774,Comedy,2010,False,False
373314,2049761,Thriller,2010,False,False
381298,7637304,Action,2010,False,False
355066,1656516,Comedy,2010,False,False
270487,63647656,Comedy,2010,False,True
297806,1646788,Music,2010,False,False
381511,1,Action,2010,False,False
329833,56722693,Comedy,2010,False,False
259694,112343513,Comedy,2010,False,False
381890,553810228,Comedy,2010,False,False
293660,783100000,Action,2010,False,True
364051,1063893,Drama,2010,True,False
390341,295129,Comedy,2010,False,False
381341,31640626,Comedy,2010,False,False
379284,11600000,Comedy,2010,False,True
370575,3963295,Adventure,2010,False,False
269149,1023784195,Animation,2010,False,True
470756,4500,Drama,2010,True,False
245703,6740647,Adventure,2010,False,True
382717,4472886,Drama,2010,True,False
388331,5096,Drama,2010,True,False
377878,4828042,Animation,2010,False,False
334522,33125,War,2010,False,False
397520,127345,Drama,2010,True,False
383218,2500000,Drama,2010,True,False
335778,46069568,Action,2010,False,True
336455,551760,Drama,2010,True,False
376716,4314688,Comedy,2010,False,False
381214,10147,Action,2010,False,False
428272,17978,Mystery,2010,False,False
384675,2092000,Comedy,2010,False,False
323677,24804129,Drama,2010,True,False
356270,1018486,Drama,2010,True,False
376869,17618280,Drama,2010,True,False
146198,12639297,Action,2010,False,False
383809,3,Comedy,2010,False,False
267193,27979040,Action,2010,False,True
385301,1058591,Horror,2010,False,False
364116,14332467,Thriller,2010,False,False
319888,46152411,Comedy,2010,False,False
205584,150680864,Action,2010,False,False
406490,15462,Thriller,2010,False,False
377154,2000000,Drama,2010,True,False
397562,116692,Horror,2010,False,False
333385,34694,Comedy,2010,False,False
441325,2000,Drama,2010,True,False
267860,205754447,Action,2010,False,False
381255,53780,Drama,2010,True,False
351809,9074836,Crime,2010,False,True
348668,5900000,Crime,2010,False,False
387845,500,Mystery,2010,False,False
279641,23083334,Comedy,2010,False,True
562889,141067,Documentary,2010,False,False
262504,179246868,Adventure,2010,False,False
599247,443567,Drama,2010,True,False
333371,110216998,Thriller,2010,False,False
318850,6490401,Drama,2010,True,False
385922,1822910,Comedy,2010,False,False
553838,7998,Documentary,2010,False,False
390415,210865,Drama,2010,True,False
369557,13624522,Comedy,2010,False,False
356842,121827,Thriller,2010,False,False
372752,1476624,Animation,2010,False,False
299641,230069,Comedy,2010,False,False
381262,1600000,Drama,2010,True,False
341006,10166820,Horror,2010,False,False
382159,3254,Drama,2010,True,False
339984,73983359,Family,2010,False,True
390198,9107,Horror,2010,False,False
384687,18319,Horror,2010,False,False
323929,144822,Drama,2010,True,False
587972,5000,Action,2010,False,False
388892,9265978,Comedy,2010,False,False
347881,8382,Drama,2010,True,False
374173,18897918,Drama,2010,True,False
587973,7786,Action,2010,False,False
301348,1055287,Drama,2010,True,False
209112,873637528,Action,2010,False,True
302688,90632641,Romance,2010,False,True
248705,18552314,Comedy,2010,False,False
381351,1515000,Comedy,2010,False,True
362178,646,Drama,2010,True,False
389371,1700000,Comedy,2010,False,False
342165,60000,Drama,2010,True,False
359628,31383050,Science Fiction,2010,False,False
416280,4986103,Action,2010,False,False
391036,2400000,Action,2010,False,False
295699,3400278,Comedy,2010,False,False
371645,23915910,Adventure,2010,False,False
390437,15480000,Comedy,2010,False,False
587976,9866,Action,2010,False,False
347126,23507567,Drama,2010,True,False
377587,9097072,Comedy,2010,False,False
337154,4267218,Comedy,2010,False,False
290595,164989338,Action,2010,False,True
374465,282382,Drama,2010,True,False
323676,78636257,Comedy,2010,False,True
392664,1628450,Family,2010,False,False
380762,116,Drama,2010,True,False
302156,14708696,Action,2010,False,False
375572,2412312,Drama,2010,True,False
278927,966550600,Family,2010,False,True
412369,24458,Drama,2010,True,False
301804,3295624,Drama,2010,True,False
374954,19059053,Action,2010,False,False
382399,2093725,Music,2010,False,False
391649,3140566,Comedy,2010,False,False
391955,520000,Action,2010,False,False
332872,22468044,Drama,2010,True,False
388088,520000,Drama,2010,True,False
234004,8821329,Action,2010,False,False
370076,26000000,Action,2010,False,False
369697,3814868,Comedy,2010,False,False
391617,1839313,Drama,2010,True,False
412854,646995,Comedy,2010,False,False
392818,22091,Horror,2010,False,False
377985,28000000,Action,2010,False,False
274504,13191,Thriller,2010,False,False
326423,55030051,Comedy,2010,False,True
313922,3769214,Horror,2010,False,False
305342,254536,Romance,2010,False,False
374856,9953934,Adventure,2010,False,False
291264,262921,Comedy,2010,False,False
365997,24000000,Documentary,2010,False,False
435397,1,Animation,2010,False,False
432234,450,Adventure,2010,False,False
702591,2112,Thriller,2010,False,False
342521,20609977,Action,2010,False,True
404655,216,Documentary,2010,False,False
380111,27305571,Action,2010,False,False
322487,116873,Adventure,2010,False,False
270010,4212494,Comedy,2010,False,False
364615,1903083,Drama,2010,True,False
333669,14397593,Action,2010,False,False
366170,1015339,Adventure,2010,False,False
271110,1155046416,Adventure,2010,False,False
312669,3351735,Romance,2010,False,False
291351,908927,Drama,2010,True,False
347882,3914430,Drama,2010,True,False
394759,4190750,Adventure,2010,False,False
380568,531452,Comedy,2010,False,False
353069,48782670,Comedy,2010,False,True
383367,16500000,Drama,2010,True,False
257440,21256,Thriller,2010,False,False
391629,17377000,Action,2010,False,False
396109,500,Comedy,2010,False,False
360365,17000172,Comedy,2010,False,True
594791,9887,Action,2010,False,False
394170,67054,Action,2010,False,False
325133,108758521,Comedy,2010,False,True
368006,15000000,Action,2010,False,False
205588,9930095,Thriller,2010,False,False
245913,27312,Drama,2010,True,False
385722,1404291,Family,2010,False,False
315664,48902953,Comedy,2010,False,False
418745,5391,Comedy,2010,False,False
391626,261895,Mystery,2010,False,False
1431894,1000000000,Action,2010,False,False
401332,93,History,2010,False,False
339397,43763247,Comedy,2010,False,False
153518,349779543,Animation,2010,False,True
303858,93282604,Thriller,2010,False,False
293670,49851770,Horror,2010,False,True
386235,9609809,Drama,2010,True,False
371865,920719,Comedy,2010,False,False
257345,10898293,Horror,2010,False,True
290250,62788218,Comedy,2010,False,True
246655,543934787,Action,2010,False,True
301748,2800000,Comedy,2010,False,False
393421,6463160,Drama,2010,True,False
371363,10000000,Family,2010,False,False
401616,15000,Documentary,2010,False,False
374458,2015002,Drama,2010,True,False
393170,109,Action,2010,False,False
397366,477689,Action,2010,False,False
374671,272132,Drama,2010,True,False
587980,13230,Action,2010,False,False
474782,20000,Drama,2010,True,False
241259,299457024,Adventure,2010,False,True
337674,2341534,Drama,2010,True,False
68735,433677183,Action,2010,False,True
587979,11232,Action,2010,False,False
373072,923000,Documentary,2010,False,False
399343,38577,Comedy,2010,False,False
296360,21401949,Drama,2010,True,False
435009,105000,Comedy,2010,False,False
431361,3,Documentary,2010,False,False
420952,1200000,Drama,2010,True,False
392567,7500000,Crime,2010,False,False
410386,300000,Comedy,2010,False,False
425704,33145,Documentary,2010,False,False
301365,3377430,Thriller,2010,False,False
895250,100,Music,2010,False,False
308531,245623848,Action,2010,False,True
290098,38600000,Thriller,2010,False,False
267935,195243411,Adventure,2010,False,True
296096,207945075,Drama,2010,True,False
587634,75,Action,2010,False,False
372399,189432924,Family,2010,False,False
291805,334901337,Crime,2010,False,False
328429,10232,Thriller,2010,False,False
341012,9496130,Comedy,2010,False,True
334538,9995,Drama,2010,True,False
659960,20000,Romance,2010,False,False
401121,350000,Thriller,2010,False,False
411738,55736,Drama,2010,True,False
399173,388789,Action,2010,False,False
441542,6666,Action,2010,False,False
300669,159047649,Thriller,2010,False,False
259693,321834351,Horror,2010,False,False
405373,1085332,Mystery,2010,False,False
790171,5000,Thriller,2010,False,False
397365,4201176,Thriller,2010,False,False
377213,4817642,Mystery,2010,False,False
267192,5681622,History,2010,False,False
195590,6817535,Thriller,2010,False,False
401357,38100,Documentary,2010,False,False
395452,1492523,Adventure,2010,False,False
359784,6170998,Drama,2010,True,False
302699,216972543,Action,2010,False,True
699673,1124,Drama,2010,True,False
127380,1028570889,Adventure,2010,False,True
421652,12847,Documentary,2010,False,False
346684,155111,Drama,2010,True,False
398535,14900000,Action,2010,False,False
402771,1000,Thriller,2010,False,False
970724,21001,Drama,2010,True,False
402010,37100,Documentary,2010,False,False
382602,9256114,Horror,2010,False,False
328111,875457937,Adventure,2010,False,True
47933,389681935,Action,2010,False,True
278154,408579038,Adventure,2010,False,True
347031,4900000,Comedy,2010,False,False
333386,4500,Western,2010,False,False
326094,469311,Comedy,2010,False,False
316152,25035950,Action,2010,False,False
332567,119100758,Horror,2010,False,True
393562,1013926,Thriller,2010,False,False
375315,6953604,Drama,2010,True,False
328387,85241496,Mystery,2010,False,False
316727,118587880,Action,2010,False,True
337703,921974,Animation,2010,False,False
258489,356743061,Fantasy,2010,False,True
372411,37915971,Comedy,2010,False,False
400411,349183,Horror,2010,False,False
168098,1133031,Horror,2010,False,False
417030,38972,Horror,2010,False,False
376812,102000000,Drama,2010,True,False
316023,77068246,Comedy,2010,False,True
188927,343471816,Action,2010,False,True
397582,506588,Comedy,2010,False,False
271706,84552250,Animation,2010,False,False
380808,109649,Documentary,2010,False,False
333667,9420546,Adventure,2010,False,False
416249,103197501,Action,2010,False,False
334533,23123592,Adventure,2010,False,False
399128,10700000,Action,2010,False,False
390734,269980,Animation,2010,False,False
223702,140705322,Adventure,2010,False,True
535175,10000,Action,2010,False,False
325789,21011110,Crime,2010,False,False
43074,229147509,Action,2010,False,True
423033,1746350,Action,2010,False,False
412795,400000,Horror,2010,False,False
331393,5777,Comedy,2010,False,False
353728,33962,Drama,2010,True,False
384737,567064,Action,2010,False,False
391995,13000000,History,2010,False,False
387587,233553,Animation,2010,False,False
396535,87547518,Horror,2010,False,False
345911,148868835,Horror,2010,False,True
270774,58500000,Action,2010,False,False
366080,74000000,Action,2010,False,False
356298,4417667,Comedy,2010,False,False
743367,55584,Horror,2010,False,False
407599,80000,Comedy,2010,False,False
374205,66207073,Action,2010,False,False
382322,3775000,Action,2010,False,False
324668,415484914,Action,2010,False,False
393184,18215,Thriller,2010,False,False
407887,49196532,History,2010,False,False
407620,6,Action,2010,False,False
406429,43300000,Action,2010,False,False
376659,183936074,Comedy,2010,False,True
393841,5500000,Romance,2010,False,False
444134,3125000,Comedy,2010,False,False
347033,1605463,Drama,2010,True,False
340611,3924527,Drama,2010,True,False
315011,77947607,Action,2010,False,False
376453,55000,Thriller,2010,False,False
518259,2,Drama,2010,True,False
410845,2350000,Documentary,2010,False,False
401090,1070000,Action,2010,False,False
408355,3916195,Fantasy,2010,False,False
297761,746846894,Action,2010,False,True
322240,57814445,Fantasy,2010,False,False
408360,39695124,Action,2010,False,False
411053,1500000,Drama,2010,True,False
303854,26409,Romance,2010,False,False
410508,1500000,Drama,2010,True,False
399231,268476,Comedy,2010,False,False
587982,11911,Action,2010,False,False
436104,7740006,Science Fiction,2010,False,False
456251,4500000,Drama,2010,True,False
294272,143695338,Adventure,2010,False,False
390497,52444295,Thriller,2010,False,False
350160,2571219,Comedy,2010,False,False
338766,37589296,Western,2010,False,False
402672,16000000,Adventure,2010,False,False
411268,88658655,Action,2010,False,False
309886,6903033,Action,2010,False,False
418402,9963833,Drama,2010,True,False
351454,939101,Drama,2010,True,False
410572,6900000,Action,2010,False,False
392572,26309214,Thriller,2010,False,False
351339,4600000,History,2010,False,False
1247298,41327,Documentary,2010,False,False
408024,126463,Drama,2010,True,False
271969,94061311,Action,2010,False,True
389868,2021735,Animation,2010,False,False
313297,76249438,Animation,2010,False,False
308266,86234523,Comedy,2010,False,True
389370,2657165,Comedy,2010,False,False
413666,2186,Drama,2010,True,False
374617,35000,Crime,2010,False,False
400965,7700810,Action,2010,False,False
409307,28115,Family,2010,False,False
325346,1016985,Comedy,2010,False,False
278924,125729635,Action,2010,False,False
419446,77451,Drama,2010,True,False
412872,1,Comedy,2010,False,False
310888,6628603,Romance,2010,False,False
372058,357986087,Romance,2010,False,False
373476,187145,Drama,2010,True,False
396121,31801,Documentary,2010,False,False
405924,21000000,Action,2010,False,False
377264,8810591,Horror,2010,False,True
377273,285930,Drama,2010,True,False
408539,945991,Drama,2010,True,False
336011,200242,Drama,2010,True,False
283552,25975621,Drama,2010,True,False
375794,12421716,Comedy,2010,False,False
196359,66880,Drama,2010,True,False
621928,42000,Drama,2010,True,False
442236,21246,Mystery,2010,False,False
407342,120000,Thriller,2010,False,False
363579,53165427,Action,2010,False,True
377263,7478354,History,2010,False,False
363676,240797623,Drama,2010,True,True
332718,1750000,Action,2010,False,False
1435787,3098251,Drama,2010,True,False
416239,4800000,Comedy,2010,False,False
416238,3000000,Romance,2010,False,False
404665,10000000,Thriller,2010,False,False
415091,10000,Romance,2010,False,False
416149,17000000,Science Fiction,2010,False,False
371449,93000,Comedy,2010,False,False
392344,9100000,Romance,2010,False,False
916844,500000,Documentary,2010,False,False
339408,15861566,Drama,2010,True,False
411638,1813729,Thriller,2010,False,False
335791,30658387,Mystery,2010,False,False
414637,2600000,Action,2010,False,False
410661,68883,Animation,2010,False,False
375867,13203541,Comedy,2010,False,False
421334,950000,Romance,2010,False,False
375183,1641235,Drama,2010,True,False
310307,24121245,Drama,2010,True,False
333484,162360636,Adventure,2010,False,True
377275,4971428,Comedy,2010,False,False
1311135,10,Adventure,2010,False,False
95610,211952420,Comedy,2010,False,True
284564,850419,Horror,2010,False,False
391698,12283800,Documentary,2010,False,False
302401,37357216,Drama,2010,True,False
413052,11239,Crime,2010,False,False
351211,45172994,Thriller,2010,False,False
587983,10999,Drama,2010,True,False
339994,90573,Drama,2010,True,False
415358,15020702,Drama,2010,True,False
413416,1575266,Romance,2010,False,False
346134,4611,Comedy,2010,False,False
318226,2600000,Documentary,2010,False,False
378064,30156463,Animation,2010,False,False
587985,11431,Action,2010,False,False
404812,178210,Horror,2010,False,False
378018,151042,Mystery,2010,False,False
332210,182379278,Adventure,2010,False,True
393559,5873256,Animation,2010,False,False
340945,2158568,Action,2010,False,False
424145,243000,Drama,2010,True,False
361777,2387127,History,2010,False,False
337874,23020,Drama,2010,True,False
424762,100,Music,2010,False,False
417417,209752,Documentary,2010,False,False
317557,10367161,Drama,2010,True,False
353979,22003,Horror,2010,False,False
456705,6892,Documentary,2010,False,False
340487,1215691,Drama,2010,True,False
283366,296482446,Fantasy,2010,False,True
392794,2000000,Drama,2010,True,False
296524,121790373,Drama,2010,True,False
492656,2000000,Drama,2010,True,False
408620,18200000,Action,2010,False,False
396616,9100000,War,2010,False,False
376565,6101904,Adventure,2010,False,False
404518,26950,Documentary,2010,False,False
500451,200000,Documentary,2010,False,False
213681,29200000,Action,2010,False,False
339116,4218,Action,2010,False,False
418325,246840,Crime,2010,False,False
415214,173000000,Action,2010,False,False
340485,2290649,Drama,2010,True,False
402298,4073489,Drama,2010,True,False
412924,226286,Music,2010,False,False
346685,173185859,Thriller,2010,False,False
881502,110000,Comedy,2010,False,False
345009,1600000,War,2010,False,False
412094,599913,Drama,2010,True,False
438797,606962,Comedy,2010,False,False
258230,47309313,Drama,2010,True,False
368942,1864266,Drama,2010,True,False
353501,29000000,Action,2010,False,False
369883,23316139,Family,2010,False,False
403540,1500000,Romance,2010,False,False
408508,21626,Drama,2010,True,False
446210,539716,Comedy,2010,False,False
324786,175302354,Drama,2010,True,False
417056,3755,Crime,2010,False,False
401032,418940,Drama,2010,True,False
423335,7500000,Comedy,2010,False,False
383354,222565,Drama,2010,True,False
422591,10000,Drama,2010,True,False
586055,50000,Documentary,2010,False,False
332794,9722918,Adventure,2010,False,False
424322,263000,Comedy,2010,False,False
207932,220021259,Mystery,2010,False,True
302946,155160045,Crime,2010,False,True
136799,346864462,Family,2010,False,True
277834,690860472,Adventure,2010,False,True
396263,2238600,Science Fiction,2010,False,False
286567,6272403,Action,2010,False,False
1231220,67,Adventure,2010,False,False
339927,23600000,Comedy,2010,False,True
256569,517197,Action,2010,False,False
547011,25000,Drama,2010,True,False
369300,2225698,Horror,2010,False,False
645536,360,Action,2010,False,False
343611,162146076,Action,2010,False,True
340676,1305195,Drama,2010,True,False
376166,47748,Drama,2010,True,False
599277,14332,Action,2010,False,False
331313,29918745,Action,2010,False,True
408540,229852,Comedy,2010,False,False
335796,81705746,Horror,2010,False,True
374473,15793051,Drama,2010,True,False
409502,2100000,Drama,2010,True,False
388045,5138140,Animation,2010,False,False
422603,2300000,Adventure,2010,False,False
390584,81757,Crime,2010,False,False
291356,53647,Western,2010,False,False
380124,74827344,Comedy,2010,False,False
376867,65046687,Drama,2010,True,False
284052,676343174,Action,2010,False,False
412741,4300,Comedy,2010,False,False
622578,900000,Comedy,2010,False,False
300667,680351,Comedy,2010,False,False
421914,1919930,Horror,2010,False,False
322548,14073,Crime,2010,False,False
424475,1,Comedy,2010,False,False
421742,356255,Comedy,2010,False,False
394684,1598584,Thriller,2010,False,False
475631,500000,Family,2010,False,False
467940,1000,Horror,2010,False,False
392142,8750678,War,2010,False,False
371859,17355,Drama,2010,True,False
376530,3162153,Family,2010,False,False
425722,322593,Family,2010,False,False
339419,8996802,Drama,2010,True,False
332979,6174491,Drama,2010,True,True
340666,29252978,Drama,2010,True,True
1062983,250,Thriller,2010,False,False
427008,11378898,War,2010,False,False
354979,80,Drama,2010,True,False
404378,17900000,Family,2010,False,False
419499,1728588,Comedy,2010,False,False
329865,203388186,Drama,2010,True,True
437048,119836,Comedy,2010,False,False
293767,30930984,Drama,2010,True,False
446626,3774,Comedy,2010,False,False
416364,856607,Animation,2010,False,False
417427,1237319,Comedy,2010,False,False
421333,1500000,Romance,2010,False,False
508592,5000,Horror,2010,False,False
374052,228894,Romance,2010,False,False
329981,13082071,Drama,2010,True,False
393519,4100000,Drama,2010,True,False
382598,7268779,Family,2010,False,False
340402,42487325,Comedy,2010,False,True
378108,19496308,Drama,2010,True,False
459414,187320,Documentary,2010,False,False
259316,809342332,Fantasy,2010,False,True
985007,20,Comedy,2010,False,False
414372,165,Drama,2010,True,False
447553,400000,Thriller,2010,False,False
369885,119520023,Action,2010,False,True
370755,2152738,Drama,2010,True,False
414175,255,Drama,2010,True,False
334541,78988148,Drama,2010,True,False
426558,6900000,Action,2010,False,False
376660,18803648,Comedy,2010,False,False
599273,21334,Action,2010,False,False
481239,11196,Drama,2010,True,False
338964,24079268,Comedy,2010,False,False
335797,634151679,Animation,2010,False,True
425332,42516,Drama,2010,True,False
426107,52400,Drama,2010,True,False
291328,3885342,Romance,2010,False,False
413543,3376375,Drama,2010,True,False
334543,140312928,Drama,2010,True,False
440132,1835,Documentary,2010,False,False
405670,16410,Drama,2010,True,False
346672,81093313,Fantasy,2010,False,False
384682,114501299,Comedy,2010,False,False
347026,13819139,Drama,2010,True,False
391973,95000,Drama,2010,True,False
376290,9101546,Drama,2010,True,False
401252,1236731,Comedy,2010,False,False
587989,12311,Action,2010,False,False
793685,1,Horror,2010,False,False
313369,447407695,Comedy,2010,False,False
399171,6900000,Thriller,2010,False,False
468938,4880,Romance,2010,False,False
241258,6341855,Horror,2010,False,False
425700,2900000,Comedy,2010,False,False
376866,13960394,Drama,2010,True,False
622118,6000000,Thriller,2010,False,False
451436,500000,Comedy,2010,False,False
375868,12304617,Romance,2010,False,False
725083,2000000,Action,2010,False,False
723150,600,Comedy,2010,False,False
524865,4500000,Drama,2010,True,False
354859,12448676,History,2010,False,False
423628,890303,Drama,2010,True,False
509533,1200000,War,2010,False,False
429674,5000,Adventure,2010,False,False
429450,30169000,Thriller,2010,False,False
382591,1447740,Drama,2010,True,False
470078,3195,Drama,2010,True,False
430185,21100,Adventure,2010,False,False
427515,138,Animation,2010,False,False
316021,9188,Drama,2010,True,False
399624,9600000,Romance,2010,False,False
381284,235956898,Drama,2010,True,True
388399,50548152,Action,2010,False,False
410117,5245263,Drama,2010,True,False
330459,1056057273,Action,2010,False,False
342473,2351359,Animation,2010,False,False
468656,640691,Action,2010,False,False
345920,88528280,Drama,2010,True,False
311324,331957105,Action,2010,False,True
393457,64414761,Drama,2010,True,True
451122,1172773,Comedy,2010,False,False
262982,1271880,Action,2010,False,False
495429,181000,Action,2010,False,False
436071,1000000,Music,2010,False,False
274870,303144152,Drama,2010,True,True
437941,4029886,Drama,2010,True,False
121856,240697856,Action,2010,False,False
262841,64493915,Action,2010,False,True
360814,311000000,Drama,2010,True,True
397243,6170043,Horror,2010,False,False
356305,118102725,Comedy,2010,False,True
68730,23737523,Drama,2010,True,False
227932,37858128,Comedy,2010,False,True
448343,30,Romance,2010,False,False
431296,18292,Adventure,2010,False,False
173897,312242626,Action,2010,False,False
377447,102205175,Action,2010,False,False
418378,4160000,Comedy,2010,False,False
429458,5296102,Animation,2010,False,False
259695,22678555,Crime,2010,False,True
403570,6625303,Family,2010,False,False
342737,5664764,Drama,2010,True,False
395762,1453270,Comedy,2010,False,False
350060,361878,Romance,2010,False,False
369698,29161298,History,2010,False,False
433327,7033500,Comedy,2010,False,False
419511,10748185,Romance,2010,False,False
804118,1000,Horror,2010,False,False
918746,1000,Adventure,2010,False,False
395769,1225280,Drama,2010,True,False
449262,9072414,Comedy,2010,False,False
411088,30000000,Drama,2010,True,False
1446160,11000000,Thriller,2010,False,False
638351,6821075,Animation,2010,False,False
392011,5037923,Documentary,2010,False,False
382595,3465,Music,2010,False,False
413882,345872,Drama,2010,True,False
434395,12000000,History,2010,False,False
292280,26667197,Horror,2010,False,False
324542,32540674,Action,2010,False,False
411717,17000000,Action,2010,False,False
47971,346147658,Action,2010,False,True
435029,2100000,Comedy,2010,False,False
435410,8100000,Drama,2010,True,False
441189,2775228,Animation,2010,False,False
398924,10898998,War,2010,False,False
434119,56100000,Action,2010,False,False
400768,5000,Comedy,2010,False,False
425222,209309,Family,2010,False,False
425942,1440000,Mystery,2010,False,False
422715,6945256,Mystery,2010,False,False
432583,6000000,Comedy,2010,False,False
378423,453511,Adventure,2010,False,False
421365,371528,Mystery,2010,False,False
381288,278454358,Horror,2010,False,True
381289,205035819,Adventure,2010,False,True
427109,1095349,Drama,2010,True,False
422892,6300000,Comedy,2010,False,False
428585,29258,Drama,2010,True,False
412678,37766,Crime,2010,False,False
467938,692079,Action,2010,False,False
365942,14793385,Romance,2010,False,True
820782,6000,Music,2010,False,False
438776,1360851,Comedy,2010,False,False
601068,5041,Documentary,2010,False,False
437962,1500000,Comedy,2010,False,False
401513,19454845,Drama,2010,True,False
440454,15,Comedy,2010,False,False
405204,1792414,Drama,2010,True,False
383785,254212245,Comedy,2010,False,False
438591,10205,Animation,2010,False,False
180863,42067430,Drama,2010,True,False
462927,77174241,Animation,2010,False,False
435800,248805149,Adventure,2010,False,False
403390,557241,War,2010,False,False
423453,7800000,Adventure,2010,False,False
14564,83080890,Horror,2010,False,True
382597,34598750,Action,2010,False,False
361142,39670,Family,2010,False,False
440913,1500000,Family,2010,False,False
429698,847307,Action,2010,False,False
462907,45150,Adventure,2010,False,False
411019,7123919,Documentary,2010,False,False
439057,9000000,Action,2010,False,False
437583,19084,Drama,2010,True,False
429199,1657449,Comedy,2010,False,False
783118,66436,Documentary,2010,False,False
431549,440000,Drama,2010,True,False
324849,311950384,Animation,2010,False,True
341174,378827494,Drama,2010,True,True
324552,171539887,Action,2010,False,False
412090,1632440,Comedy,2010,False,False
370663,33673,Drama,2010,True,False
430259,1300000,Comedy,2010,False,False
434126,7494,Drama,2010,True,False
428642,7800000,Horror,2010,False,False
438339,59989,Drama,2010,True,False
354556,4803565,Action,2010,False,False
1091404,50000,Comedy,2010,False,False
340837,26620002,Horror,2010,False,True
420648,3662671,Horror,2010,False,False
436992,306871,Drama,2010,True,False
398929,29370592,Comedy,2010,False,False
413765,311470,Documentary,2010,False,False
438703,28952258,Comedy,2010,False,False
430263,4781454,Comedy,2010,False,False
345922,41087017,Comedy,2010,False,False
442405,4300000,Action,2010,False,False
434273,3358085,Romance,2010,False,False
371447,6700,Drama,2010,True,False
297160,30911,Horror,2010,False,False
467806,1,Drama,2010,True,False
587993,13884,Drama,2010,True,False
413594,20725409,Animation,2010,False,False
587991,11232,Action,2010,False,False
340101,3603484,Romance,2010,False,False
438723,22421,Documentary,2010,False,False
430528,1162912,Comedy,2010,False,False
401846,339486,Animation,2010,False,False
437372,77156,Documentary,2010,False,False
419430,255407969,Mystery,2010,False,False
422347,59114,Animation,2010,False,False
390051,840809,Drama,2010,True,False
263115,619021436,Action,2010,False,True
446752,110,Drama,2010,True,False
439998,1042265,Comedy,2010,False,False
397837,18900000,Drama,2010,True,False
434610,42523,Documentary,2010,False,False
442000,3100000,Action,2010,False,False
429662,11868221,Drama,2010,True,False
437306,5078,Drama,2010,True,False
353569,5042014,Comedy,2010,False,False
345938,96942115,Drama,2010,True,False
396810,1783421,Comedy,2010,False,False
592227,8966,Action,2010,False,False
587738,75000,Comedy,2010,False,False
425134,26251899,Comedy,2010,False,False
418437,17768012,Drama,2010,True,False
293167,566652812,Action,2010,False,False
413391,380806,Comedy,2010,False,False
436167,30071,Comedy,2010,False,False
354285,5081495,Mystery,2010,False,False
412096,1550000,Thriller,2010,False,False
437031,5000000,War,2010,False,False
433356,413844,Romance,2010,False,False
371638,29820616,Comedy,2010,False,False
629380,8468,Horror,2010,False,False
314095,8574339,Adventure,2010,False,False
442648,186978,Comedy,2010,False,False
452758,387034,Documentary,2010,False,False
421471,327231,Comedy,2010,False,False
440777,22253,Action,2010,False,False
434884,93039,Comedy,2010,False,False
425218,3416299,Animation,2010,False,False
397415,4526,Action,2010,False,False
321612,1266115964,Family,2010,False,True
734735,10000,Drama,2010,True,False
449510,500732,Action,2010,False,False
431892,436529,Thriller,2010,False,False
448510,900000,Drama,2010,True,False
330947,1710528,Romance,2010,False,False
395992,100541806,Horror,2010,False,True
439154,7286136,Drama,2010,True,False
435901,182710,Romance,2010,False,False
439613,640000,Adventure,2010,False,False
137116,197183546,Family,2010,False,True
295693,527965936,Animation,2010,False,True
417644,26800152,Action,2010,False,True
283591,152761,Drama,2010,True,False
305470,142337240,Action,2010,False,False
346681,653951,Comedy,2010,False,False
430521,3100000,Drama,2010,True,False
289222,26152835,Drama,2010,True,False
452773,34156960,Animation,2010,False,True
895295,100,Music,2010,False,False
315837,169801921,Science Fiction,2010,False,True
445981,307716,Thriller,2010,False,False
428658,9600000,Action,2010,False,False
428988,882204,Drama,2010,True,False
416477,56303596,Comedy,2010,False,False
317560,28430,Comedy,2010,False,False
396774,59000,Drama,2010,True,False
450154,1033113,TV Movie,2010,False,False
334521,3719383,Action,2010,False,False
334536,19980,Horror,2010,False,False
442622,1500000,Comedy,2010,False,False
576819,250000,Documentary,2010,False,False
353070,84618541,Crime,2010,False,True
429191,1880736,Drama,2010,True,False
339967,3029287,Drama,2010,True,False
451892,195201,Drama,2010,True,False
449223,174337,Drama,2010,True,False
440642,9868942,Adventure,2010,False,False
444109,32075,Horror,2010,False,False
428741,1100000,Drama,2010,True,False
430214,3878208,Comedy,2010,False,False
599251,18990,Action,2010,False,False
582079,5000,Comedy,2010,False,False
337339,1236005118,Action,2010,False,True
400928,40343446,Drama,2010,True,False
452416,1400000,Action,2010,False,False
445793,2839240,Comedy,2010,False,False
452895,31100,Horror,2010,False,False
646484,12000,Animation,2010,False,False
452394,7800000,Comedy,2010,False,False
450045,2200000,Drama,2010,True,False
452196,6300000,Comedy,2010,False,False
438058,63147576,Animation,2010,False,False
426962,4855506,Comedy,2010,False,False
428498,142684,Drama,2010,True,False
283995,863756051,Science Fiction,2010,False,False
441957,5970922,Adventure,2010,False,False
433503,35821,Drama,2010,True,False
384620,173312,Drama,2010,True,False
363126,397783,Mystery,2010,False,False
429976,615194,Adventure,2010,False,True
443319,3600000,Horror,2010,False,True
454399,702,Drama,2010,True,False
457053,2000000,Music,2010,False,False
415311,5500000,Thriller,2010,False,False
458823,2621,History,2010,False,False
428449,1929659,Fantasy,2010,False,False
1225307,3,Comedy,2010,False,False
439552,615974,Drama,2010,True,False
355193,52966,Thriller,2010,False,False
538204,150000,Documentary,2010,False,False
711615,1700,Action,2010,False,False
1148266,2103,Action,2010,False,False
436334,11722,Drama,2010,True,False
350312,275947313,Action,2010,False,False
432091,6535535,Comedy,2010,False,False
394830,6554322,Horror,2010,False,False
339988,40651864,Drama,2010,True,False
654546,1,Horror,2010,False,False
464003,7436000,Drama,2010,True,False
481449,78769,Horror,2010,False,False
538496,8,Comedy,2010,False,False
333384,6179955,Drama,2010,True,True
426284,150532,Action,2010,False,True
576817,88000,Documentary,2010,False,False
455714,42350000,Drama,2010,True,False
373569,60845711,Action,2010,False,True
447429,40564,Family,2010,False,False
401546,2544921,Drama,2010,True,False
393561,197621,Documentary,2010,False,False
438421,244806,History,2010,False,False
439601,3900000,Action,2010,False,False
426272,2583,Comedy,2010,False,False
373546,502518,Drama,2010,True,False
456757,540000,Action,2010,False,False
521753,78000,Documentary,2010,False,False
126889,240891763,Science Fiction,2010,False,True
301355,315132,Thriller,2010,False,False
274857,148675066,Action,2010,False,True
455470,2437852,Drama,2010,True,False
405775,4500000,War,2010,False,False
457268,1100000,Drama,2010,True,False
430474,10972300,Animation,2010,False,False
598855,12311,Action,2010,False,False
452737,24207,History,2010,False,False
417678,61621140,Drama,2010,True,False
413884,12805400,Romance,2010,False,False
458157,40000,Comedy,2010,False,False
456570,52390000,Comedy,2010,False,False
369894,798214,Drama,2010,True,False
417830,40120144,Comedy,2010,False,True
686453,6184,Action,2010,False,False
457616,1800000,Thriller,2010,False,False
441182,3200000,Comedy,2010,False,False
166426,795922298,Adventure,2010,False,True
458842,33048,Thriller,2010,False,False
339259,4412639,War,2010,False,False
339846,177856751,Comedy,2010,False,True
926093,230000,Comedy,2010,False,False
403119,62198461,Thriller,2010,False,False
578796,3288150,Drama,2010,True,False
451955,4248574,Romance,2010,False,False
459674,2748,Romance,2010,False,False
458443,409712,Family,2010,False,True
367147,73121,Mystery,2010,False,False
297762,822854286,Action,2010,False,False
434131,23692,Drama,2010,True,False
429174,3925992,Drama,2010,True,False
268531,125427681,Action,2010,False,True
455551,1319566,Science Fiction,2010,False,False
339987,708973,War,2010,False,False
426230,248370,Comedy,2010,False,False
462996,407871,Family,2010,False,False
599274,13442,Action,2010,False,False
666095,120,Horror,2010,False,False
282035,409231607,Fantasy,2010,False,True
345915,855888,Action,2010,False,False
437109,8737458,Action,2010,False,False
413998,9200168,Drama,2010,True,False
588213,11232,Action,2010,False,False
429107,7,Comedy,2010,False,False
424488,13406883,Drama,2010,True,False
425751,4077333,Drama,2010,True,False
418078,19280931,Drama,2010,True,False
599267,11232,Action,2010,False,False
402529,44922302,History,2010,False,False
486731,10000,Drama,2010,True,False
453277,129888,Documentary,2010,False,False
446045,308121,Drama,2010,True,False
397422,45056771,Drama,2010,True,True
324852,1031552585,Action,2010,False,True
260514,383925276,Animation,2010,False,False
459073,8500000,Mystery,2010,False,False
485289,3090000,Documentary,2010,False,False
437297,7315040,Comedy,2010,False,False
335988,605425157,Action,2010,False,True
293768,30718107,Drama,2010,True,False
404733,11247280,Thriller,2010,False,True
382614,4596705,Drama,2010,True,False
530388,10000,Comedy,2010,False,False
428495,81089,Thriller,2010,False,False
459928,6158,Thriller,2010,False,False
453354,500000,Drama,2010,True,False
453191,19030780,Family,2010,False,False
339877,42187665,Animation,2010,False,False
445840,230258,Comedy,2010,False,False
315064,13285512,Comedy,2010,False,False
441728,6335171,Comedy,2010,False,False
460036,409913,Drama,2010,True,False
316154,180851,Drama,2010,True,False
490801,1656664,Action,2010,False,False
399019,27397655,Drama,2010,True,False
458504,940000,Drama,2010,True,False
463040,65000,Drama,2010,True,False
416186,82264,Drama,2010,True,False
462030,491712,Comedy,2010,False,False
461942,1300000,Comedy,2010,False,False
469932,412,Comedy,2010,False,False
468517,200,Documentary,2010,False,False
390062,1906640,Adventure,2010,False,False
339403,226945087,Action,2010,False,False
451995,1108983,Documentary,2010,False,False
269795,3945729,Science Fiction,2010,False,False
345914,34200000,Comedy,2010,False,False
435064,11238078,Comedy,2010,False,False
479750,806000,Adventure,2010,False,False
313943,24416,Science Fiction,2010,False,False
473768,129683,Drama,2010,True,False
315635,880166924,Action,2010,False,True
474420,32402205,Thriller,2010,False,False
467525,10775800,Comedy,2010,False,False
599259,223443,Action,2010,False,False
1242255,1200,Horror,2010,False,False
450047,2000000,Drama,2010,True,False
440597,14301505,Horror,2010,False,False
430447,42170089,Fantasy,2010,False,False
518351,6744,Action,2010,False,False
465155,3350,Thriller,2010,False,False
467988,5199,Family,2010,False,False
456048,17544173,Action,2010,False,False
281338,490719763,Drama,2010,True,True
466042,25193,Crime,2010,False,False
463238,1200000,Comedy,2010,False,False
466980,13006233,Animation,2010,False,False
257785,9204549,Drama,2010,True,True
401285,12500000,Adventure,2010,False,True
428501,128015,War,2010,False,False
364733,12522,Drama,2010,True,False
506576,1500000,Drama,2010,True,False
466501,2200000,Comedy,2010,False,False
1512162,69000000,Comedy,2010,False,False
436931,37552144,Family,2010,False,False
445030,6000000,Animation,2010,False,False
953033,1000,Drama,2010,True,False
436274,14097,Thriller,2010,False,False
374720,527000000,War,2010,False,True
462115,151493,Action,2010,False,False
339964,225973340,Adventure,2010,False,False
477306,6600,Drama,2010,True,False
467649,7000000,Drama,2010,True,False
417870,140376621,Comedy,2010,False,True
474952,19072322,Comedy,2010,False,False
469123,50000,Drama,2010,True,False
420279,1913973,Animation,2010,False,False
432057,1488577,Fantasy,2010,False,False
378236,216909830,Animation,2010,False,True
436391,46183383,Action,2010,False,False
341013,100014025,Action,2010,False,False
413644,46372519,Family,2010,False,False
452557,870322670,War,2010,False,False
95608,2550321,Drama,2010,True,False
415401,3300000,Comedy,2010,False,False
403431,532669,Comedy,2010,False,False
407448,23355100,Crime,2010,False,False
386623,48499,Drama,2010,True,False
486435,2825497,Animation,2010,False,False
432602,5398976,Documentary,2010,False,False
485333,640000,Drama,2010,True,False
440916,10000,Drama,2010,True,False
437068,81927980,Action,2010,False,False
345317,1725841,History,2010,False,False
427027,7017501,Comedy,2010,False,False
394822,1126,Drama,2010,True,False
353491,113231078,Fantasy,2010,False,True
396422,306515884,Horror,2010,False,True
395834,44998252,Crime,2010,False,False
440020,4970,Horror,2010,False,False
402688,2114260,Comedy,2010,False,False
450932,52036,Action,2010,False,False
421833,16544,Comedy,2010,False,False
497110,9,Action,2010,False,False
414453,1015744,Drama,2010,True,False
431530,130560428,Comedy,2010,False,True
457331,9335192,Action,2010,False,False
345923,646946,Mystery,2010,False,False
467634,6543075,Comedy,2010,False,False
452551,216556,Action,2010,False,False
441875,13800000,Comedy,2010,False,False
541732,100000,Drama,2010,True,False
429200,3283369,Crime,2010,False,False
460316,13610252,Comedy,2010,False,False
335777,65146020,Animation,2010,False,False
411741,24931915,Comedy,2010,False,False
336000,22088533,Drama,2010,True,False
524867,17809,Romance,2010,False,False
408648,39091,Adventure,2010,False,False
464737,185469,Horror,2010,False,False
390043,176586701,Action,2010,False,False
440374,5699056,Drama,2010,True,False
467106,8050806,Romance,2010,False,False
468987,6143216,Comedy,2010,False,False
399170,48453605,Comedy,2010,False,True
406990,27975429,Science Fiction,2010,False,False
432942,250130,Drama,2010,True,False
431819,26617621,Animation,2010,False,False
1298885,5990835,Comedy,2010,False,False
337170,133511855,Action,2010,False,False
598895,13224,Drama,2010,True,False
335788,2602149,Thriller,2010,False,False
470370,482723,Animation,2010,False,True
467542,23069,Drama,2010,True,False
451945,7632420,Drama,2010,True,False
454699,26441892,Animation,2010,False,False
408266,7125027,Action,2010,False,False
401246,9494535,Drama,2010,True,False
426238,486623,Drama,2010,True,False
473234,8000000,Romance,2010,False,False
461809,2500000,Action,2010,False,False
461078,3891,Animation,2010,False,False
461083,1118410,Action,2010,False,False
405815,28245,Comedy,2010,False,False
411778,49072,Drama,2010,True,False
418098,1192197,Science Fiction,2010,False,False
468988,7939761,Mystery,2010,False,False
465134,1000000,Comedy,2010,False,False
471892,8838757,Romance,2010,False,False
1106639,10000,Romance,2010,False,False
432641,168738,Western,2010,False,False
474227,2600000,Science Fiction,2010,False,False
428493,2559939,Romance,2010,False,False
391713,78966486,Drama,2010,True,False
416160,5728,Horror,2010,False,False
395474,280668,Comedy,2010,False,False
441894,27000000,Action,2010,False,False
398818,43143046,Romance,2010,False,False
457859,2157136,Romance,2010,False,False
599260,111123,Action,2010,False,False
444431,1356159,Drama,2010,True,False
419835,2049844,Mystery,2010,False,False
346364,701800000,Horror,2010,False,False
427900,27020284,Comedy,2010,False,False
433498,10060903,Drama,2010,True,False
397538,16657800,Drama,2010,True,False
495120,225000,Horror,2010,False,False
598856,81998,Drama,2010,True,False
546976,10000,Comedy,2010,False,False
1103409,3500,Drama,2010,True,False
518362,5889,Drama,2010,True,False
438522,725286,Music,2010,False,False
446173,198239,Documentary,2010,False,False
423899,65421267,Drama,2010,True,False
381283,44516999,Drama,2010,True,True
515244,4500,Documentary,2010,False,False
300665,1476843,Horror,2010,False,False
449664,1870824,Horror,2010,False,False
425980,2400000,Comedy,2010,False,False
505835,10,Drama,2010,True,False
415842,67200000,Action,2010,False,False
444404,47292,Drama,2010,True,False
470163,24336,Drama,2010,True,False
449891,13859,Drama,2010,True,False
468284,1001305,Drama,2010,True,False
390056,944370,Drama,2010,True,False
401898,1471656,Drama,2010,True,False
475242,338778,Drama,2010,True,False
343668,410902662,Action,2010,False,True
432627,1943343,Comedy,2010,False,False
446132,3389322,Drama,2010,True,False
472035,79172,Drama,2010,True,False
274862,123081555,Family,2010,False,True
395991,25754775,Drama,2010,True,False
461707,1240000,Crime,2010,False,False
508524,4561211,Drama,2010,True,False
412547,197616,Action,2010,False,False
476265,5549592,Comedy,2010,False,False
369192,12638526,Comedy,2010,False,False
395993,8484418,Drama,2010,True,False
449752,105176,Drama,2010,True,False
397852,1891907,Fantasy,2010,False,False
438740,13767037,Action,2010,False,False
491277,44162,Animation,2010,False,False
55341,4017852,Horror,2010,False,False
950647,2,Thriller,2010,False,False
398947,3503943,Comedy,2010,False,False
431017,4192590,Comedy,2010,False,False
467028,2,Comedy,2010,False,False
426034,112749,Fantasy,2010,False,False
457852,2475,Comedy,2010,False,False
449927,445000000,Action,2010,False,False
1077935,10,Comedy,2010,False,False
390061,4372130,Drama,2010,True,False
379149,145374099,Action,2010,False,False
440175,40814,Drama,2010,True,False
400710,45158254,Drama,2010,True,True
469114,5987319,Action,2010,False,False
467433,2587072,Drama,2010,True,False
456565,34500000,Action,2010,False,False
478110,11222,Documentary,2010,False,False
418680,7299662,Family,2010,False,False
473309,434336,Drama,2010,True,False
407449,955925,Drama,2010,True,False
426338,2963886,Comedy,2010,False,False
444090,4522950,Adventure,2010,False,False
396940,33109,Drama,2010,True,False
479306,334530869,Comedy,2010,False,False
461758,382119,Animation,2010,False,False
284053,855301806,Action,2010,False,False
479718,52946454,Action,2010,False,False
437081,28645448,War,2010,False,False
335984,259239658,Science Fiction,2010,False,True
453364,349886,Drama,2010,True,False
432068,23800000,Comedy,2010,False,False
469287,1889263,Comedy,2010,False,False
482260,221,Drama,2010,True,False
429467,916727,Horror,2010,False,False
290512,62832209,Drama,2010,True,True
502759,606719,Documentary,2010,False,False
335360,61294644,Family,2010,False,False
394117,11303040,Drama,2010,True,False
425972,56385,Drama,2010,True,False
486049,800000,Drama,2010,True,False
436835,29189,Drama,2010,True,False
406994,176288,Comedy,2010,False,False
599266,23444,Action,2010,False,False
592192,1122,Drama,2010,True,False
496230,90000000,Drama,2010,True,False
1020245,9,Comedy,2010,False,False
433808,1786396,Horror,2010,False,False
744289,35423,Documentary,2010,False,False
430162,245300,Family,2010,False,False
450314,8431194,Adventure,2010,False,False
425336,17535962,Crime,2010,False,False
434245,2745966,Action,2010,False,False
814377,1661,Drama,2010,True,False
372343,43203413,Crime,2010,False,True
440021,125479266,Horror,2010,False,False
450322,8096007,Drama,2010,True,False
393345,2200000,Horror,2010,False,False
274855,221600160,Action,2010,False,True
495996,1320000,Horror,2010,False,False
407445,5026154,Drama,2010,True,False
475149,990000,Comedy,2010,False,False
420622,1584759,Drama,2010,True,False
383709,1947099,Drama,2010,True,False
570324,10000,Crime,2010,False,False
584279,41000,Crime,2010,False,False
451751,237708,Thriller,2010,False,False
392982,10051659,Drama,2010,True,False
283984,17422935,Action,2010,False,False
598852,134444,Action,2010,False,False
501079,2000000,Drama,2010,True,False
559037,134814,Crime,2010,False,False
481264,400,Drama,2010,True,False
471968,30060061,Fantasy,2010,False,True
441889,137416709,Drama,2010,True,False
397601,106212,Comedy,2010,False,False
399057,7027336,Drama,2010,True,False
438440,30414,Documentary,2010,False,False
271404,992181,Action,2010,False,False
300687,6423605,Drama,2010,True,True
459202,48333932,Horror,2010,False,False
402897,24640027,Comedy,2010,False,False
477776,639812,Science Fiction,2010,False,False
482821,10000,Music,2010,False,False
463593,7347,Documentary,2010,False,False
324538,19532,Thriller,2010,False,False
298250,102952888,Horror,2010,False,False
430424,15100000,Drama,2010,True,False
395458,12751667,Thriller,2010,False,True
347629,9438370,Drama,2010,True,False
470114,5805201,Action,2010,False,False
477274,6000000,Comedy,2010,False,False
411976,580346,Drama,2010,True,False
452970,2732673,Action,2010,False,False
354912,800526015,Family,2010,False,True
400728,15550000,War,2010,False,False
445954,320705,Thriller,2010,False,False
480881,7240000,Drama,2010,True,False
399366,12294931,Thriller,2010,False,True
483165,8220990,Comedy,2010,False,False
1033164,15000,Drama,2010,True,False
483981,34134173,Action,2010,False,False
580445,15000,Horror,2010,False,False
508466,22834,Documentary,2010,False,False
505399,1500000,Drama,2010,True,False
1041642,718607,Documentary,2010,False,False
437078,3600000,Crime,2010,False,False
466876,10800715,Family,2010,False,False
445040,1361611,Drama,2010,True,False
392044,352794081,Mystery,2010,False,True
484889,17000,Action,2010,False,False
464458,7900000,Crime,2010,False,False
881152,103,Animation,2010,False,False
473888,960212,Documentary,2010,False,False
513434,27590180,Comedy,2010,False,False
430231,956425,Science Fiction,2010,False,False
951552,100,Horror,2010,False,False
460035,173187,Drama,2010,True,False
398181,10891281,Crime,2010,False,False
438447,8290,Documentary,2010,False,False
463861,6497695,Comedy,2010,False,False
346648,227300000,Adventure,2010,False,True
419680,180613180,Comedy,2010,False,True
740488,200,Thriller,2010,False,False
503022,17,Documentary,2010,False,False
469876,822764,Comedy,2010,False,False
436830,1528185,Drama,2010,True,False
444539,12055868,Drama,2010,True,False
486559,20000,Music,2010,False,False
406997,305937718,Drama,2010,True,False
1020249,800000,Crime,2010,False,False
141052,657926987,Action,2010,False,True
457851,902684,Comedy,2010,False,False
494796,68,Documentary,2010,False,False
413992,10456,Drama,2010,True,False
435129,312381,Animation,2010,False,False
398174,3179847,Romance,2010,False,False
480451,134438,Drama,2010,True,False
413362,13025860,Drama,2010,True,True
759157,500,Drama,2010,True,False
988481,200,Mystery,2010,False,False
965904,501,Thriller,2010,False,False
418383,1136945,Drama,2010,True,False
399404,150847207,Drama,2010,True,False
452187,10968212,Drama,2010,True,False
488539,1400000,Comedy,2010,False,False
437299,47255,Drama,2010,True,False
510708,100000,Adventure,2010,False,False
1033198,150,Comedy,2010,False,False
423646,4997844,Drama,2010,True,True
451044,853811,Animation,2010,False,False
590034,1200,Music,2010,False,False
492099,3976,Comedy,2010,False,False
694756,567421,Animation,2010,False,False
477300,1732579,Drama,2010,True,False
488445,35407,Drama,2010,True,False
469721,323776,Horror,2010,False,False
733175,250000,Family,2010,False,False
590792,9001,Drama,2010,True,False
587994,9445,Action,2010,False,False
488621,3,Thriller,2010,False,False
581796,25,Drama,2010,True,False
488623,9968972,Thriller,2010,False,False
415381,10657499,Fantasy,2010,False,False
462145,2129889,Documentary,2010,False,False
1146501,11000,Horror,2010,False,False
631762,9425,Drama,2010,True,False
429189,15366466,Drama,2010,True,False
398177,6069605,Action,2010,False,False
399055,195333312,Drama,2010,True,False
359940,160192031,Crime,2010,False,False
598862,32111,Action,2010,False,False
598857,16554,Action,2010,False,False
598899,11233,Action,2010,False,False
1134619,79000,Drama,2010,True,False
756033,200000,Drama,2010,True,False
396371,59284015,Drama,2010,True,False
514152,29700,Comedy,2010,False,False
480572,87465,Crime,2010,False,False
491422,4062,Drama,2010,True,False
389015,53939297,Drama,2010,True,False
495347,100000,Drama,2010,True,False
352491,10688,Mystery,2010,False,False
353486,995339117,Adventure,2010,False,True
599254,22344,Action,2010,False,False
364689,295038508,Animation,2010,False,True
479363,10289397,Action,2010,False,False
678958,1000,Documentary,2010,False,False
1014127,10000,Drama,2010,True,False
492402,5500000,Action,2010,False,False
181808,1332698830,Adventure,2010,False,False
1043335,8622,Documentary,2010,False,False
458252,14394690,Animation,2010,False,False
487562,3268233,Comedy,2010,False,False
518371,9089,Drama,2010,True,False
435841,32783733,Action,2010,False,False
421480,40,Comedy,2010,False,False
488424,2000000,Romance,2010,False,False
438457,7856,Western,2010,False,False
457251,224160000,Drama,2010,True,False
441909,87320000,Action,2010,False,False
432616,9242157,Drama,2010,True,False
501128,45,Drama,2010,True,False
397567,125983972,Action,2010,False,False
353616,184724494,Comedy,2010,False,True
316029,432844677,Drama,2010,True,True
354861,25601244,Comedy,2010,False,False
489648,16138333,Comedy,2010,False,False
446791,56996304,Crime,2010,False,False
446354,179769467,Drama,2010,True,True
497702,564000,Action,2010,False,False
496681,7082000,Adventure,2010,False,False
384680,36976336,Western,2010,False,False
301337,55003890,Drama,2010,True,True
494971,10449798,Family,2010,False,False
400617,47756590,Drama,2010,True,False
435577,9567121,War,2010,False,False
426030,15500000,Comedy,2010,False,False
443398,5011944,Comedy,2010,False,False
437103,49380115,Drama,2010,True,False
444218,51169464,Drama,2010,True,False
485894,7197082,Thriller,2010,False,False
470819,1723379,Documentary,2010,False,False
504514,19052,Documentary,2010,False,False
671116,239000,Action,2010,False,False
670470,580000,Drama,2010,True,False
705178,248835,Comedy,2010,False,False
494841,944348,Animation,2010,False,False
406563,167885588,Horror,2010,False,True
449749,3009621,Drama,2010,True,False
433150,1500000,Fantasy,2010,False,False
496313,164400,Thriller,2010,False,False
496321,126500,Romance,2010,False,False
450720,3501037,Adventure,2010,False,False
460399,1822043,Animation,2010,False,False
502981,1500000,Drama,2010,True,False
336843,288175335,Science Fiction,2010,False,True
399035,119942387,Action,2010,False,False
486070,4154000,Comedy,2010,False,False
496961,140000,Comedy,2010,False,False
471474,3469151,Thriller,2010,False,False
465024,1334800,Drama,2010,True,False
479040,386790,Action,2010,False,False
442064,21753365,Thriller,2010,False,False
413138,25015,Action,2010,False,False
499159,200000,Comedy,2010,False,False
337167,368307760,Drama,2010,True,True
454545,8351526,Comedy,2010,False,False
518375,5887,Action,2010,False,False
429351,67450815,War,2010,False,True
458027,1053002,Action,2010,False,False
449443,80509622,Action,2010,False,False
486078,8475827,Comedy,2010,False,False
496968,583100,Adventure,2010,False,False
409582,7910928,Action,2010,False,False
519011,1632236,Action,2010,False,False
401561,169209,Thriller,2010,False,False
391714,3335913,Drama,2010,True,False
489925,13539709,Comedy,2010,False,False
587999,11231,Action,2010,False,False
429417,135095,Horror,2010,False,False
587995,7665,Action,2010,False,False
497369,786800,Adventure,2010,False,False
598858,23233,Action,2010,False,False
925399,12000,Comedy,2010,False,False
509729,28129,Documentary,2010,False,False
432527,81673897,Drama,2010,True,False
497721,3004952,Comedy,2010,False,False
420634,416322,Horror,2010,False,False
417261,16367326,Romance,2010,False,False
495890,548000,Crime,2010,False,False
499461,1562712,Comedy,2010,False,False
464670,4370000,Action,2010,False,False
387592,53431158,Family,2010,False,False
447665,4537,Action,2010,False,False
598900,16444,Drama,2010,True,False
559926,100000,Drama,2010,True,False
459910,854319,Drama,2010,True,False
440627,2201472,Drama,2010,True,False
418879,12217160,Drama,2010,True,False
547177,12397,Horror,2010,False,False
464979,800800,Drama,2010,True,False
416234,44019588,Horror,2010,False,False
451657,81455,Drama,2010,True,False
453201,57076286,Drama,2010,True,True
381719,351266433,Animation,2010,False,True
500378,18603476,Adventure,2010,False,False
542083,82645,Romance,2010,False,False
483876,1,Documentary,2010,False,False
414001,4536348,Drama,2010,True,False
447856,23000000,Comedy,2010,False,True
500024,238800,Drama,2010,True,False
599265,23442,Drama,2010,True,False
477777,526114,Science Fiction,2010,False,False
1155299,120,Comedy,2010,False,False
444149,426290,Horror,2010,False,False
284054,1349926083,Action,2010,False,False
457435,7362730,History,2010,False,False
482712,3562793,Drama,2010,True,False
486101,8198518,Comedy,2010,False,False
470878,86026201,Music,2010,False,False
1290076,10,Drama,2010,True,False
445571,117501013,Mystery,2010,False,False
502453,208351,Action,2010,False,False
924455,10000,Comedy,2010,False,False
497984,361682618,Adventure,2010,False,False
499473,2356353,Drama,2010,True,False
449848,13638,Romance,2010,False,False
449176,66316289,Comedy,2010,False,True
493620,41000000,Action,2010,False,False
507964,635082,Comedy,2010,False,False
474392,4873825,Action,2010,False,True
505473,215000,Comedy,2010,False,False
459952,577500,Drama,2010,True,False
460555,579220560,Action,2010,False,False
529426,88726207,Animation,2010,False,False
476197,204798,Comedy,2010,False,False
493675,1763278,Thriller,2010,False,False
598897,15444,Drama,2010,True,False
1075391,543000,Horror,2010,False,False
504112,10000,Comedy,2010,False,False
548066,15575,Science Fiction,2010,False,False
504192,10000,Drama,2010,True,False
504198,10000,War,2010,False,False
437316,1894378,Adventure,2010,False,False
483221,200,Family,2010,False,True
467660,14293601,Horror,2010,False,False
455605,2330777,Horror,2010,False,True
300668,43070915,Science Fiction,2010,False,True
627354,6464,Action,2010,False,False
506972,100000000,Comedy,2010,False,False
465136,10421847,Fantasy,2010,False,False
953725,200,Romance,2010,False,False
507484,755018,Comedy,2010,False,False
626830,1100,Adventure,2010,False,False
476292,4300000,Animation,2010,False,False
545468,4850,Science Fiction,2010,False,False
430040,32517248,Action,2010,False,False
287523,10615000,Horror,2010,False,False
401981,151572634,Thriller,2010,False,True
497727,2244848,Adventure,2010,False,False
505015,4200000,Comedy,2010,False,False
461649,6000000,Horror,2010,False,False
395990,34017028,Action,2010,False,False
599248,456678,Action,2010,False,False
338970,274650803,Action,2010,False,True
1152849,10000,Drama,2010,True,False
463116,6914017,Animation,2010,False,False
371608,31039126,Horror,2010,False,False
652651,30027,Drama,2010,True,False
407451,132675864,Adventure,2010,False,True
397722,2830775,Drama,2010,True,False
505579,55429,Thriller,2010,False,False
450766,42213,Thriller,2010,False,False
501192,3200000,Thriller,2010,False,False
960175,10000000,Fantasy,2010,False,False
510313,1500000,Drama,2010,True,False
530437,440723,Comedy,2010,False,False
437557,94017294,Comedy,2010,False,True
499028,18588844,Romance,2010,False,False
504196,10000,Drama,2010,True,False
370567,90497778,Animation,2010,False,True
433627,9196740,Thriller,2010,False,False
485371,3273025,Family,2010,False,False
407439,11710110,Drama,2010,True,True
470433,252900,Music,2010,False,False
502090,1000,Drama,2010,True,False
550936,1080000,Drama,2010,True,False
495193,585333,Crime,2010,False,False
495356,1544333,Comedy,2010,False,False
511752,491800,Thriller,2010,False,False
515883,10000,Comedy,2010,False,False
508713,200,Drama,2010,True,False
516979,10000,Comedy,2010,False,False
513232,10,Drama,2010,True,False
268896,290061297,Action,2010,False,False
419478,27365467,Romance,2010,False,True
588002,8999,Action,2010,False,False
493623,25629954,Drama,2010,True,False
507527,220406,Drama,2010,True,False
476968,22525668,Drama,2010,True,False
399174,64337744,Adventure,2010,False,False
504314,3585800,Comedy,2010,False,False
466287,95589,Drama,2010,True,False
507297,216163,Drama,2010,True,False
588003,11475,Drama,2010,True,False
354279,8751856,Animation,2010,False,False
333339,607274134,Adventure,2010,False,True
508642,21041950,Horror,2010,False,False
533536,7455677,Romance,2010,False,False
512294,1377000,Comedy,2010,False,False
512096,850000,Drama,2010,True,False
491303,352082,Drama,2010,True,False
454286,5728940,Drama,2010,True,False
464502,34764055,Thriller,2010,False,False
476926,2635408,Science Fiction,2010,False,False
512295,660390,Action,2010,False,False
617952,101211,Documentary,2010,False,False
572028,13,Adventure,2010,False,False
447332,341000000,Horror,2010,False,True
513285,679000,Adventure,2010,False,False
443009,2066633,Comedy,2010,False,False
477489,2842040,Drama,2010,True,False
1103453,3000,Documentary,2010,False,False
1260503,1,Science Fiction,2010,False,False
510007,2127887,Drama,2010,True,False
513386,3186721,Animation,2010,False,False
469284,7471349,Mystery,2010,False,False
497802,7635778,Documentary,2010,False,True
407890,2455027,Drama,2010,True,False
456929,20121318,Drama,2010,True,False
516517,7764,Action,2010,False,False
385955,59717,Drama,2010,True,False
432301,17904202,History,2010,False,False
514769,154500,Comedy,2010,False,False
434355,38600000,Comedy,2010,False,False
399248,7509436,Action,2010,False,False
427641,428028233,Action,2010,False,False
542093,82446,Adventure,2010,False,False
460019,95330493,Thriller,2010,False,False
506596,6110461,Animation,2010,False,False
493006,101860359,Animation,2010,False,False
507562,14800000,Comedy,2010,False,False
454619,91244913,Romance,2010,False,False
505177,68260,Thriller,2010,False,False
425373,10230620,Drama,2010,True,False
519346,2100000,Comedy,2010,False,False
518021,7666,Action,2010,False,False
599264,23412,Action,2010,False,False
833982,20000000,Music,2010,False,False
467632,3435047,Thriller,2010,False,False
50022,18850674,Comedy,2010,False,False
460668,94539426,Comedy,2010,False,True
451480,23148937,Romance,2010,False,False
693508,435,Romance,2010,False,False
789213,139391,Comedy,2010,False,False
1305448,135395253,Adventure,2010,False,False
473149,5132274,Horror,2010,False,False
617922,60622,Action,2010,False,False
502406,1468454,Horror,2010,False,False
299536,2052415039,Adventure,2010,False,False
513919,32955,Drama,2010,True,False
506750,36837802,War,2010,False,True
499319,6877,Drama,2010,True,False
412003,4000,Romance,2010,False,False
467915,39194,Drama,2010,True,False
508747,209221331,Drama,2010,True,False
477779,620280,Science Fiction,2010,False,False
520358,8974547,Drama,2010,True,False
499726,1100000,Comedy,2010,False,False
440626,4988176,War,2010,False,False
517911,2849,Music,2010,False,False
516039,38110,Drama,2010,True,False
501264,2000,Comedy,2010,False,False
396806,1197741,Science Fiction,2010,False,False
599262,33245,Action,2010,False,False
533219,175,Comedy,2010,False,False
400579,15636462,Comedy,2010,False,False
493099,2002767,Documentary,2010,False,False
497814,49078000,Thriller,2010,False,False
1006209,1500,Drama,2010,True,False
540638,78676,Animation,2010,False,False
512418,3131350,Comedy,2010,False,False
401545,17997350,Crime,2010,False,False
407447,3267486,Comedy,2010,False,False
459713,11589600,Drama,2010,True,False
485189,1631910,Drama,2010,True,False
974180,300000,Drama,2010,True,False
383498,785896609,Action,2010,False,True
521329,443769,Comedy,2010,False,False
399796,61700416,Comedy,2010,False,True
491629,23800000,Thriller,2010,False,False
385332,843970,Crime,2010,False,False
341735,1057421,Drama,2010,True,False
601683,30,Horror,2010,False,False
527729,47349002,Family,2010,False,False
481203,65829,Action,2010,False,False
348350,392952373,Science Fiction,2010,False,False
467956,3645308,Comedy,2010,False,False
491584,6591038,Mystery,2010,False,False
483184,5080147,Crime,2010,False,False
458737,2525738,Drama,2010,True,False
425148,38830219,Adventure,2010,False,False
502682,78720293,Romance,2010,False,False
505205,2423465,Documentary,2010,False,False
517307,28222,Comedy,2010,False,False
588007,11221,Action,2010,False,False
591659,8900,Action,2010,False,False
461615,461724,Science Fiction,2010,False,False
448776,958883,Drama,2010,True,False
417643,217427,Thriller,2010,False,False
1020253,903400045,Mystery,2010,False,False
500919,1052222,Crime,2010,False,False
515820,2080679,Comedy,2010,False,False
455980,75100000,Comedy,2010,False,False
500664,16706680,Action,2010,False,False
429300,59945012,Thriller,2010,False,False
454283,5059608,Comedy,2010,False,True
520393,100000000,Thriller,2010,False,False
489931,2847319,Drama,2010,True,False
483189,19700000,Drama,2010,True,False
416079,200362,Mystery,2010,False,False
883927,10000,Horror,2010,False,False
513691,28645,Action,2010,False,False
440471,17500000,Action,2010,False,False
528769,31086,Horror,2010,False,False
402900,297718711,Crime,2010,False,True
843214,4,Action,2010,False,False
406761,12371132,Thriller,2010,False,False
493922,82530552,Horror,2010,False,False
533964,409198,Animation,2010,False,False
459008,22000000,Action,2010,False,False
508003,1243177,Documentary,2010,False,False
440298,18754051,Drama,2010,True,False
470333,2115765,Music,2010,False,False
472553,231719,Family,2010,False,False
870326,200,Thriller,2010,False,False
655232,100,Drama,2010,True,False
758253,3500,Documentary,2010,False,False
522811,24243825,Comedy,2010,False,False
500475,20545116,Action,2010,False,True
526988,32811,Comedy,2010,False,False
339103,4343227,Crime,2010,False,False
260513,1242805359,Action,2010,False,True
538831,21000000,Action,2010,False,False
475215,27526961,Animation,2010,False,False
592424,11236,Action,2010,False,False
531995,2617,Animation,2010,False,False
882052,110000,Comedy,2010,False,False
381237,165623,Comedy,2010,False,False
619090,158443,Comedy,2010,False,False
498914,1911400,Comedy,2010,False,False
396461,2053469,Crime,2010,False,False
794381,200,Drama,2010,True,False
452226,162589,Documentary,2010,False,False
447682,557169,Comedy,2010,False,False
351286,1310466296,Action,2010,False,True
543033,218184,Animation,2010,False,False
516363,1345315,Comedy,2010,False,False
729595,4000,Drama,2010,True,False
474335,17665000,Comedy,2010,False,False
530254,24340302,Mystery,2010,False,False
400535,75836683,Action,2010,False,True
400155,528600000,Animation,2010,False,True
490003,22835787,Documentary,2010,False,False
496328,67414985,Drama,2010,True,False
489988,1041955,Documentary,2010,False,False
599257,13224,Action,2010,False,False
1155720,41000,Documentary,2010,False,False
363088,622674139,Action,2010,False,False
442249,137056262,Horror,2010,False,True
838095,10,Drama,2010,True,False
534594,1642412,Music,2010,False,False
507256,1251945,Music,2010,False,False
424781,18200000,Fantasy,2010,False,False
927197,10000,Comedy,2010,False,False
1172337,30,Thriller,2010,False,False
458423,395044706,Comedy,2010,False,False
447200,292351275,Action,2010,False,False
1090993,100,Romance,2010,False,False
353081,791657398,Action,2010,False,True
438689,2006704,Crime,2010,False,False
489852,3168000,Drama,2010,True,False
534719,20,Comedy,2010,False,False
494407,23740788,Animation,2010,False,False
802531,1,Comedy,2010,False,False
429415,1451864,Action,2010,False,False
1212517,1000000,Action,2010,False,False
426613,2019874,Drama,2010,True,False
505058,16024987,Horror,2010,False,True
345887,190400157,Action,2010,False,True
420426,3729856,Action,2010,False,False
506971,3062477,Drama,2010,True,False
512788,12061164,Animation,2010,False,False
445651,41142379,Action,2010,False,True
469062,176236,Documentary,2010,False,False
474395,28646544,Animation,2010,False,False
506763,84168923,Mystery,2010,False,False
414191,24039,Horror,2010,False,False
492998,2266853,Drama,2010,True,False
591132,14558,Drama,2010,True,False
538331,376000000,Comedy,2010,False,False
496283,178471,Action,2010,False,False
518068,112790210,Fantasy,2010,False,False
467936,17696794,Drama,2010,True,False
1061412,5000,Drama,2010,True,False
421792,2707199,Horror,2010,False,False
454992,33562069,Action,2010,False,False
498248,35487190,Adventure,2010,False,False
420814,99138899,Adventure,2010,False,True
438146,2517405,Drama,2010,True,False
340613,19978189,Drama,2010,True,False
385448,2614006,Family,2010,False,False
526090,4080000,Drama,2010,True,False
533237,3489863,Adventure,2010,False,False
505262,31478826,Animation,2010,False,False
593982,9569411,Music,2010,False,False
513347,496334,Animation,2010,False,False
543094,92108679,Action,2010,False,False
598847,15332,Action,2010,False,False
526997,8900000,Comedy,2010,False,False
507505,10452324,Drama,2010,True,False
703014,140,Documentary,2010,False,False
487558,93411426,Comedy,2010,False,False
345940,530517320,Action,2010,False,True
457041,4973,Science Fiction,2010,False,False
468735,185576,Drama,2010,True,False
523931,5303,Action,2010,False,False
439015,11817275,Horror,2010,False,False
477510,6842356,Romance,2010,False,False
599242,33221,Action,2010,False,False
599249,134425,Action,2010,False,False
897721,157202,Animation,2010,False,False
1056872,23000,Action,2010,False,False
455207,238539198,Comedy,2010,False,True
758257,5000,Action,2010,False,False
347375,66308758,Action,2010,False,False
399360,35808437,Adventure,2010,False,True
508422,3902796,Animation,2010,False,False
557499,1197984,Animation,2010,False,False
529011,19109023,Comedy,2010,False,False
489928,467306,Drama,2010,True,False
591658,9885,Action,2010,False,False
544402,78655,Comedy,2010,False,False
532108,1953865,Action,2010,False,False
514277,661769,Crime,2010,False,False
412988,27506452,Action,2010,False,False
543005,3087982,Action,2010,False,False
532444,20895905,Romance,2010,False,False
598846,18443,Action,2010,False,False
508515,120000,Documentary,2010,False,False
633732,16193,Comedy,2010,False,False
544891,4936739,Drama,2010,True,False
536768,1271572,Drama,2010,True,False
456086,129124,Drama,2010,True,False
1475028,18,Documentary,2010,False,False
553041,2800000,Comedy,2010,False,False
489999,75462037,Thriller,2010,False,False
592955,14552,Action,2010,False,False
426426,1140769,Drama,2010,True,False
484247,97644617,Crime,2010,False,False
543753,4300000,Drama,2010,True,False
543688,1397388,Drama,2010,True,False
493551,17506878,Drama,2010,True,False
1211962,3200,TV Movie,2010,False,False
425505,10023153,Science Fiction,2010,False,False
455108,1824902,Mystery,2010,False,False
479001,7141571,Mystery,2010,False,False
504253,33748006,Animation,2010,False,False
1373137,159000,Animation,2010,False,False
438674,660132,Crime,2010,False,False
346910,160542134,Science Fiction,2010,False,True
439079,365582797,Horror,2010,False,False
433501,2534122,Crime,2010,False,False
458594,53918723,Action,2010,False,True
506863,2137751,War,2010,False,False
429202,1330828,Drama,2010,True,False
599285,46554,Action,2010,False,False
759144,1000,Music,2010,False,False
506421,373000,Comedy,2010,False,False
523593,5577666,Action,2010,False,False
515911,4100000,Drama,2010,True,False
521296,293385,Animation,2010,False,False
540158,235066,Music,2010,False,False
519255,176746000,Drama,2010,True,False
460885,1214525,Horror,2010,False,False
463272,158972499,Action,2010,False,False
426618,128269,War,2010,False,False
460071,844786,Crime,2010,False,False
438808,26000000,Crime,2010,False,True
463821,131523093,Fantasy,2010,False,True
585358,5642,Thriller,2010,False,False
591229,9000,Action,2010,False,False
930173,50,Comedy,2010,False,False
542836,15229193,Crime,2010,False,False
544089,64147,Drama,2010,True,False
507076,1088907,Horror,2010,False,False
440161,13143056,Drama,2010,True,False
535389,41509280,War,2010,False,False
517814,64978931,Drama,2010,True,False
426249,365353,Drama,2010,True,True
549733,50,Romance,2010,False,False
220882,487420,Crime,2010,False,True
446894,214115531,Family,2010,False,True
446696,7997774,Drama,2010,True,False
454652,14273033,Drama,2010,True,False
446101,2900000,Thriller,2010,False,False
444101,4957487,Adventure,2010,False,False
496334,9600000,Comedy,2010,False,False
417812,3097257,Drama,2010,True,False
400090,855756,Drama,2010,True,False
535127,863,Drama,2010,True,False
472451,7928149,Drama,2010,True,False
540384,3300000,Comedy,2010,False,False
517987,181316,Drama,2010,True,False
376865,2133033,Science Fiction,2010,False,False
550315,1996326,Family,2010,False,False
517839,2045184,Fantasy,2010,False,False
429476,18160930,Horror,2010,False,False
483983,11859396,Drama,2010,True,False
546230,6748935,Action,2010,False,False
454293,33157615,Comedy,2010,False,True
429203,11277120,Comedy,2010,False,False
335983,856085151,Science Fiction,2010,False,False
517331,1932261,Thriller,2010,False,False
459422,5410153,Drama,2010,True,False
515042,21790193,Documentary,2010,False,False
463319,91708374,Action,2010,False,False
506072,22777,Science Fiction,2010,False,False
544627,29433930,Crime,2010,False,False
599280,43327,Action,2010,False,False
332562,433888866,Music,2010,False,True
459616,25498160,Comedy,2010,False,False
423612,4831836,Drama,2010,True,False
398173,5566776,Drama,2010,True,False
552180,1830556,Drama,2010,True,False
446021,31882724,Thriller,2010,False,True
534780,40000000,Crime,2010,False,False
586099,1000,Family,2010,False,False
526433,10000,Comedy,2010,False,False
588011,12342,Action,2010,False,False
542007,190000,Comedy,2010,False,False
539228,1399479,Comedy,2010,False,False
369972,105713218,History,2010,False,True
442062,93320380,Adventure,2010,False,True
361292,6348889,Drama,2010,True,False
544814,5400000,Drama,2010,True,False
436387,1228051,Thriller,2010,False,False
553580,200,Comedy,2010,False,False
538061,360996,Drama,2010,True,False
451915,7649973,Drama,2010,True,False
554386,1000000,Music,2010,False,False
526051,1119537,Horror,2010,False,False
613795,17,Comedy,2010,False,False
1365415,1000,Comedy,2010,False,False
599282,44566,Action,2010,False,False
523604,53738,Animation,2010,False,False
1363861,50000,Comedy,2010,False,False
520928,18611,Romance,2010,False,False
424139,259900000,Horror,2010,False,True
517508,5479646,Romance,2010,False,False
516516,1671700,Thriller,2010,False,False
859424,784,Animation,2010,False,False
401847,8586944,Drama,2010,True,False
547912,1502605,Action,2010,False,False
470044,34934009,Crime,2010,False,False
437586,6897446,Drama,2010,True,False
546109,28893,Comedy,2010,False,False
526477,710000,Drama,2010,True,False
547654,39000000,Comedy,2010,False,False
399402,31672678,Action,2010,False,False
545097,10000,Comedy,2010,False,False
1364681,1000,Comedy,2010,False,False
610616,40365,Action,2010,False,False
561516,27642,Horror,2010,False,False
1031586,150,Documentary,2010,False,False
588005,8777,Action,2010,False,False
1364804,1000,Comedy,2010,False,False
424694,903992901,Music,2010,False,True
300681,8100000,Science Fiction,2010,False,False
446807,35164920,Thriller,2010,False,True
549432,48701,Drama,2010,True,False
1364813,1000,Comedy,2010,False,False
472269,33225,Drama,2010,True,False
539685,557092,Drama,2010,True,False
426543,59522646,Fantasy,2010,False,True
378107,134801,Animation,2010,False,False
528372,14701918,Drama,2010,True,False
300906,74,Horror,2010,False,False
579023,100000,Comedy,2010,False,False
556452,7841,Horror,2010,False,False
830984,5,Crime,2010,False,False
1415752,15576565,Horror,2010,False,False
514619,29152618,Comedy,2010,False,True
457943,730762,Action,2010,False,False
520331,3313429,Comedy,2010,False,False
438799,41657844,Horror,2010,False,True
674943,96,Mystery,2010,False,False
506464,2000000,Thriller,2010,False,False
562258,6124,Drama,2010,True,False
1365354,1000,Comedy,2010,False,False
1042427,10000,Drama,2010,True,False
689760,495697,Romance,2010,False,False
629583,29558,Comedy,2010,False,False
1365361,1000,Comedy,2010,False,False
401469,73866088,Crime,2010,False,False
476764,3242235,Drama,2010,True,True
549590,3388675,Thriller,2010,False,False
472138,3136000,Adventure,2010,False,False
1365430,1000,Comedy,2010,False,False
1365421,1000,Comedy,2010,False,False
555531,53815,Family,2010,False,False
470125,1023,Drama,2010,True,False
698706,20000,Comedy,2010,False,False
535378,56341,Drama,2010,True,False
360920,508575295,Animation,2010,False,False
477666,14193,Drama,2010,True,False
543580,20904188,Documentary,2010,False,False
534939,414202,Drama,2010,True,False
1365446,1000,Comedy,2010,False,False
1365441,1000,Comedy,2010,False,False
951572,100,Drama,2010,True,False
338952,654855901,Fantasy,2010,False,True
561996,159693,Drama,2010,True,False
490132,319700000,Drama,2010,True,False
475132,3944165,Drama,2010,True,False
466411,5812,Crime,2010,False,False
610040,30217,Horror,2010,False,False
491418,120989656,Comedy,2010,False,True
591660,6555,Action,2010,False,False
1365457,1000,Comedy,2010,False,False
555609,688995,Animation,2010,False,False
404368,529323962,Family,2010,False,True
453755,4100000,Drama,2010,True,False
535754,672282,Drama,2010,True,False
375588,86493046,Adventure,2010,False,False
502138,312789,Documentary,2010,False,False
480530,214215889,Drama,2010,True,False
503616,72282227,Romance,2010,False,True
445559,18995,Drama,2010,True,False
1365458,1000,Comedy,2010,False,False
457915,12496155,Comedy,2010,False,False
563857,207621,Documentary,2010,False,False
564335,9000,Crime,2010,False,False
375262,95918706,Drama,2010,True,False
772921,500,Comedy,2010,False,False
1365471,1000,Comedy,2010,False,False
428078,83869818,Adventure,2010,False,True
1365476,1000,Comedy,2010,False,False
543633,2354010,Comedy,2010,False,False
462698,10832,Drama,2010,True,False
373449,114629169,Action,2010,False,False
558022,4300000,Comedy,2010,False,False
1123924,1000,Documentary,2010,False,False
434555,43016528,Horror,2010,False,False
529216,17325485,Thriller,2010,False,False
566611,3882,Animation,2010,False,False
599268,44564,Action,2010,False,False
492452,12616995,Drama,2010,True,False
563103,11,Thriller,2010,False,False
324857,375464627,Action,2010,False,True
510863,250169,Drama,2010,True,False
534313,12000000,Animation,2010,False,False
1515335,5,Comedy,2010,False,False
561594,186078,Music,2010,False,False
568021,6214362,Romance,2010,False,False
297802,1148528393,Action,2010,False,True
457136,37807625,Drama,2010,True,False
592731,9886,Action,2010,False,False
599284,45332,Action,2010,False,False
759138,300,Music,2010,False,False
1029998,1,Comedy,2010,False,False
703348,10,Drama,2010,True,False
458302,7434840,Adventure,2010,False,False
400650,348807090,Fantasy,2010,False,True
504172,174804407,Crime,2010,False,True
465914,20572691,Romance,2010,False,False
594916,435787,Animation,2010,False,False
503314,125002821,Action,2010,False,True
682667,600,Comedy,2010,False,False
424783,467989645,Action,2010,False,True
592026,7785,Action,2010,False,False
593709,3000,Comedy,2010,False,False
510030,65,Drama,2010,True,False
470827,195517,Documentary,2010,False,False
599269,55434,Action,2010,False,False
1150876,1841,Comedy,2010,False,False
558394,4432618,Adventure,2010,False,False
450001,21832649,Action,2010,False,False
351044,12780692,Animation,2010,False,False
734185,1,Drama,2010,True,False
570027,18491089,Action,2010,False,False
864960,200000,Thriller,2010,False,False
1511180,2000,Documentary,2010,False,False
570352,77542,Drama,2010,True,False
879548,1311229,Animation,2010,False,False
710095,35348,Action,2010,False,False
426563,40462793,Mystery,2010,False,True
339380,38673750,Drama,2010,True,False
429197,76073488,Comedy,2010,False,False
505954,36220872,War,2010,False,False
554133,8769486,Family,2010,False,False
544052,1892516,Animation,2010,False,False
833889,94,Comedy,2010,False,False
568490,1350826,History,2010,False,False
394741,24420923,Comedy,2010,False,False
599290,55647,Drama,2010,True,False
599270,35667,Action,2010,False,False
679672,70000,Documentary,2010,False,False
927052,60000,Comedy,2010,False,False
599278,22342,Drama,2010,True,False
522681,155712077,Horror,2010,False,True
599279,33214,Action,2010,False,False
166428,524580592,Animation,2010,False,False
940621,152,Drama,2010,True,False
592772,13322,Action,2010,False,False
529589,7733048,Music,2010,False,False
599276,44355,Drama,2010,True,False
560527,14651772,Fantasy,2010,False,False
563907,4695495,Comedy,2010,False,False
440472,125000000,Comedy,2010,False,False
574894,56343000,Action,2010,False,False
508763,17643857,Drama,2010,True,True
573699,61631776,Romance,2010,False,True
750182,350000,Science Fiction,2010,False,False
579435,82900,Drama,2010,True,False
574252,2835,Comedy,2010,False,False
390634,19790000,Animation,2010,False,False
920425,1200,Drama,2010,True,False
454294,32140970,Action,2010,False,True
599271,44532,Action,2010,False,False
450465,246999039,Thriller,2010,False,True
569494,77275,Comedy,2010,False,False
563609,135000,Crime,2010,False,False
587897,5611,Action,2010,False,False
1332955,40000000,Romance,2010,False,False
515818,4017253,Comedy,2010,False,False
567646,124652206,Action,2010,False,False
710091,25000,Comedy,2010,False,False
518755,3393975,Animation,2010,False,False
534011,488593,Thriller,2010,False,False
452832,14454622,Thriller,2010,False,False
572455,146200,Comedy,2010,False,False
580386,21100,Drama,2010,True,False
523172,22384741,Comedy,2010,False,False
542839,805000,Comedy,2010,False,False
951560,30,Drama,2010,True,False
302349,400900,Action,2010,False,False
581381,25300,Action,2010,False,False
580610,33700,Romance,2010,False,False
640209,7000,Drama,2010,True,False
505436,87761857,Comedy,2010,False,False
571430,1028949,Horror,2010,False,False
399579,404980543,Action,2010,False,True
572208,9131085,Comedy,2010,False,False
565179,2440478,History,2010,False,False
571419,3068838,Drama,2010,True,False
500852,15200000,Action,2010,False,True
496743,40124,Science Fiction,2010,False,False
577990,9831515,Comedy,2010,False,False
820605,1000,Romance,2010,False,False
579791,683780,Comedy,2010,False,False
527089,43130,Documentary,2010,False,False
469274,14702744,Adventure,2010,False,False
532671,21150265,Horror,2010,False,False
280217,199603202,Action,2010,False,True
573438,24743,Family,2010,False,False
581933,5063840,Action,2010,False,False
438650,76419755,Action,2010,False,False
575100,7478544,Comedy,2010,False,False
487297,69766483,Comedy,2010,False,True
530081,3822,Drama,2010,True,False
594417,4,Horror,2010,False,False
705962,1000,Documentary,2010,False,False
512196,25327500,Comedy,2010,False,False
618363,200041,Documentary,2010,False,False
509730,35515687,Family,2010,False,False
449563,48800000,Comedy,2010,False,False
445629,39055536,Comedy,2010,False,False
582681,12964399,Romance,2010,False,False
576393,29,Romance,2010,False,False
491625,33974264,Drama,2010,True,False
585973,1401422,Drama,2010,True,False
484468,12652790,Thriller,2010,False,False
556509,17607783,Mystery,2010,False,False
575113,1548450,Comedy,2010,False,False
520552,1964806,History,2010,False,False
582075,2135393,Horror,2010,False,False
507990,6424420,Drama,2010,True,False
554814,32802347,Comedy,2010,False,False
567973,6890000,Action,2010,False,False
543915,98559,Thriller,2010,False,False
474214,6898,Action,2010,False,False
587361,6000,Drama,2010,True,False
591663,10777,Action,2010,False,False
517517,67522,Drama,2010,True,False
1511947,1800,Documentary,2010,False,False
571783,1091477,Drama,2010,True,False
501590,242483,Comedy,2010,False,False
653847,40271,Drama,2010,True,False
1443767,50,Drama,2010,True,False
484437,3373474,Horror,2010,False,False
500899,386166,Thriller,2010,False,False
433502,9215591,War,2010,False,False
464504,74747725,Comedy,2010,False,False
1104863,100000,Romance,2010,False,False
299537,1131416446,Action,2010,False,False
546424,483240,Drama,2010,True,False
579273,176372,Drama,2010,True,False
411728,4957273,History,2010,False,False
541977,493857,Horror,2010,False,False
584123,18860,Thriller,2010,False,False
491473,11145006,Drama,2010,True,False
492565,1561698,Western,2010,False,False
551499,159630,Crime,2010,False,False
601508,10,Action,2010,False,False
590033,1,Horror,2010,False,False
1425852,1293,Drama,2010,True,False
400157,119559110,Comedy,2010,False,True
527641,92600000,Romance,2010,False,False
416144,16872691,Thriller,2010,False,False
458723,256067149,Horror,2010,False,True
1157928,1179,Documentary,2010,False,False
588459,1289283,History,2010,False,False
498743,106796,Western,2010,False,False
489243,876980,Thriller,2010,False,False
500860,1144575,Drama,2010,True,False
429471,8808611,Science Fiction,2010,False,False
583794,1350772,Action,2010,False,False
441384,4554065,Comedy,2010,False,False
517093,4944386,Drama,2010,True,False
477016,17682,Drama,2010,True,False
519010,37359689,Drama,2010,True,False
589060,210000,Crime,2010,False,False
589210,890000,Action,2010,False,False
580581,2000,Thriller,2010,False,False
329996,353284621,Family,2010,False,True
564701,28717000,Action,2010,False,False
570269,15712,Animation,2010,False,False
287947,366080049,Action,2010,False,False
476344,600654,Drama,2010,True,False
462099,140000,Action,2010,False,False
500904,83012,Thriller,2010,False,False
450487,76916,Thriller,2010,False,False
844364,126000,Science Fiction,2010,False,False
1111090,12,Comedy,2010,False,False
755481,3489206,Music,2010,False,False
580600,3123088,Animation,2010,False,False
584350,1297191,Documentary,2010,False,False
570132,3458157,Comedy,2010,False,False
458253,26565710,Family,2010,False,False
526050,17399000,Comedy,2010,False,True
570168,61962,Family,2010,False,False
575769,1292773,Thriller,2010,False,False
593693,134696,Drama,2010,True,False
157433,113118226,Horror,2010,False,False
594170,288,Comedy,2010,False,False
553141,44652,Horror,2010,False,False
503706,68904,Horror,2010,False,False
731339,500,Horror,2010,False,False
1342076,2,Comedy,2010,False,False
709548,100,Comedy,2010,False,False
456740,55065289,Fantasy,2010,False,False
514439,49231674,Drama,2010,True,True
537915,69497587,Romance,2010,False,False
710020,100,Horror,2010,False,False
724487,150,Comedy,2010,False,False
509733,3882729,Animation,2010,False,False
566555,115570314,Action,2010,False,False
574370,11788968,Comedy,2010,False,False
567733,20440,Thriller,2010,False,False
1211954,5000,TV Movie,2010,False,False
897724,7615,Animation,2010,False,False
952251,100,Drama,2010,True,False
601529,17306,Documentary,2010,False,False
480414,122033739,Horror,2010,False,False
592336,5000000,Comedy,2010,False,False
554577,976,Crime,2010,False,False
567801,6740201,Comedy,2010,False,False
915513,5,Crime,2010,False,False
653229,1,Horror,2010,False,False
299534,2800000000,Adventure,2010,False,False
758247,1000,Drama,2010,True,False
501591,844774,Drama,2010,True,False
586592,117947,Comedy,2010,False,False
886887,2341461,Drama,2010,True,False
580641,1188936,Documentary,2010,False,False
454458,32450241,Family,2010,False,False
499573,3681669,Comedy,2010,False,False
468224,8654322,War,2010,False,False
447404,449762638,Action,2010,False,False
524247,40600000,Thriller,2010,False,False
547590,1370000,Drama,2010,True,False
522518,78871079,Family,2010,False,True
541576,156117,Documentary,2010,False,False
532938,4645750,Comedy,2010,False,False
541487,34000000,Drama,2010,True,False
449562,97409779,Comedy,2010,False,False
601610,3851,Thriller,2010,False,False
531309,33224654,Horror,2010,False,False
574241,8600192,Comedy,2010,False,False
538207,143837,Drama,2010,True,False
823827,13,Documentary,2010,False,False
512954,731827,Drama,2010,True,False
471859,98240,Drama,2010,True,False
531588,445,Documentary,2010,False,False
535581,12104595,Comedy,2010,False,True
581528,25775371,Crime,2010,False,False
458156,326709727,Action,2010,False,False
519238,11759,Horror,2010,False,False
527261,2325977,Horror,2010,False,False
508791,6800000,Romance,2010,False,False
1371426,100,Comedy,2010,False,False
743974,920000,Comedy,2010,False,False
473019,1719157,Romance,2010,False,False
560949,11032,Drama,2010,True,False
481880,130000,Drama,2010,True,False
493141,310827,Drama,2010,True,False
504608,167323950,Music,2010,False,True
603466,5556675,Action,2010,False,False
685251,100,Thriller,2010,False,False
693668,100,Comedy,2010,False,False
582887,1873079,Drama,2010,True,False
420817,1054304000,Adventure,2010,False,True
529983,323754,Thriller,2010,False,False
412117,155152550,Adventure,2010,False,True
511910,11573,Documentary,2010,False,False
505600,24849029,Comedy,2010,False,False
606413,1368504,Comedy,2010,False,False
671911,15000,Music,2010,False,False
703102,168,Drama,2010,True,False
373571,386600138,Science Fiction,2010,False,False
502416,51749995,Horror,2010,False,True
626524,1,Fantasy,2010,False,False
802535,1,Documentary,2010,False,False
496243,257591776,Comedy,2010,False,False
627446,120645,Comedy,2010,False,False
878495,27096,Thriller,2010,False,False
698102,483684,Documentary,2010,False,False
607586,1400000,Romance,2010,False,False
608124,1300000,Comedy,2010,False,False
320288,252442974,Fantasy,2010,False,True
543084,5070484,Documentary,2010,False,False
505948,643593,Science Fiction,2010,False,False
586346,251017,Comedy,2010,False,False
522039,2975184,Drama,2010,True,False
1512858,1600,Documentary,2010,False,False
790236,5000,Science Fiction,2010,False,False
601131,1442504,Animation,2010,False,False
479455,253890701,Comedy,2010,False,True
611562,1000000,Action,2010,False,False
838099,1,Action,2010,False,False
486131,21360215,Action,2010,False,False
508101,44112,Romance,2010,False,False
605964,2263,Thriller,2010,False,False
531428,9923127,Drama,2010,True,False
533642,44902237,Horror,2010,False,False
484641,31626978,Thriller,2010,False,False
301528,1073394593,Family,2010,False,True
568160,186965409,Animation,2010,False,False
582883,1686700,Comedy,2010,False,False
577328,55478164,Drama,2010,True,False
421473,21712,Thriller,2010,False,False
449998,12000000,Action,2010,False,False
611390,140000,Horror,2010,False,False
515195,88092097,Comedy,2010,False,False
503742,61035,Drama,2010,True,False
521029,231252591,Horror,2010,False,False
562964,127533,Drama,2010,True,False
429617,1131927996,Action,2010,False,True
541577,125348,Documentary,2010,False,False
895937,100,Music,2010,False,False
529209,3262957,Comedy,2010,False,False
367198,64601,Action,2010,False,False
428836,242115,Drama,2010,True,False
758223,3238,Thriller,2010,False,False
655245,120,Thriller,2010,False,False
608793,450,Science Fiction,2010,False,False
605279,37234,Drama,2010,True,False
530385,47969371,Horror,2010,False,False
1192169,9120,Documentary,2010,False,False
615548,1,Comedy,2010,False,False
626743,147131,Drama,2010,True,False
820613,10,Comedy,2010,False,False
511987,91542097,Thriller,2010,False,False
513045,32400000,Action,2010,False,False
420818,1663075401,Adventure,2010,False,True
480001,2414269,Comedy,2010,False,False
565310,23076657,Comedy,2010,False,False
571891,26654184,Animation,2010,False,False
615425,1000,Animation,2010,False,False
961235,10,Comedy,2010,False,False
1192207,2903,Documentary,2010,False,False
920357,35089,Music,2010,False,False
605257,44400,Drama,2010,True,False
603552,4165528,Drama,2010,True,False
952255,100,Thriller,2010,False,False
499460,3492,Drama,2010,True,False
611651,130023,Horror,2010,False,False
574207,1431904,Drama,2010,True,False
466272,374251247,Comedy,2010,False,True
486589,10054356,Animation,2010,False,False
599672,6627695,Thriller,2010,False,False
570169,1705811,Family,2010,False,False
475303,23800000,Comedy,2010,False,False
615453,742500000,Animation,2010,False,False
604165,5530199,Action,2010,False,False
605389,16454674,War,2010,False,False
617483,4200000,Comedy,2010,False,False
566213,1133735,Documentary,2010,False,False
571627,11750306,Action,2010,False,False
1325875,100,Comedy,2010,False,False
572164,69501772,Action,2010,False,False
593961,16800000,Romance,2010,False,False
606227,180000,Drama,2010,True,False
571756,10057790,Comedy,2010,False,False
384018,760098996,Action,2010,False,True
454640,147792047,Animation,2010,False,True
735872,1,Crime,2010,False,False
492616,2268204,Drama,2010,True,False
587272,15894372,Comedy,2010,False,False
703105,33,Action,2010,False,False
522924,33766787,Drama,2010,True,True
508664,2078370,War,2010,False,False
417384,104545505,Horror,2010,False,False
570480,12127842,Animation,2010,False,False
499701,120597108,Adventure,2010,False,True
535845,4300000,Drama,2010,True,False
534259,18144644,Drama,2010,True,True
527385,2790019,Drama,2010,True,False
568012,81562741,Animation,2010,False,False
521777,111037232,Comedy,2010,False,False
520016,147172,Thriller,2010,False,False
596054,7364054,Comedy,2010,False,False
417466,1929915,Drama,2010,True,False
515741,230193,Drama,2010,True,False
480105,47582563,Horror,2010,False,False
586961,103047,Drama,2010,True,False
613200,11903801,Animation,2010,False,False
428045,8685794,Action,2010,False,False
790987,300,Documentary,2010,False,False
531368,25293853,Action,2010,False,False
653241,1,Comedy,2010,False,False
1192231,2280,Documentary,2010,False,False
567609,57615777,Comedy,2010,False,False
423204,146661977,Action,2010,False,False
575094,1940234,Adventure,2010,False,False
561557,2996763,Fantasy,2010,False,False
508138,25373,Thriller,2010,False,False
529862,7439448,Comedy,2010,False,False
653249,1,Science Fiction,2010,False,False
653261,1,Comedy,2010,False,False
614205,120818,Horror,2010,False,False
620249,48045728,Animation,2010,False,False
743128,30924,Drama,2010,True,False
547404,1041948,Drama,2010,True,False
570503,8631781,Romance,2010,False,False
612080,228385,Comedy,2010,False,False
454292,55000000,Action,2010,False,False
441282,1012932,Drama,2010,True,False
621681,912000,Horror,2010,False,False
615137,1862261,Fantasy,2010,False,False
571473,544436,Drama,2010,True,False
605375,245179562,Drama,2010,True,False
574376,2407571,Drama,2010,True,False
509853,3153,Crime,2010,False,False
558582,101068,Drama,2010,True,False
539651,5300000,Science Fiction,2010,False,False
466081,2927708,Drama,2010,True,False
612654,1096179,Documentary,2010,False,False
603055,1067629,Drama,2010,True,False
473033,50020902,Drama,2010,True,False
610375,500,Drama,2010,True,False
1220872,2000,Horror,2010,False,False
654954,4000,Thriller,2010,False,False
474350,473122525,Horror,2010,False,False
582873,1681545,Romance,2010,False,False
505940,2536386,Drama,2010,True,False
612821,277969,History,2010,False,False
616584,359377,Music,2010,False,False
575359,4000000,Comedy,2010,False,False
596650,29353057,Romance,2010,False,False
620210,1265949,Drama,2010,True,False
610892,10841702,Drama,2010,True,False
613090,368430,Comedy,2010,False,False
606943,4400000,Comedy,2010,False,False
635654,5106,Drama,2010,True,False
505707,761361,Drama,2010,True,False
501907,67925733,Drama,2010,True,False
458305,487625,Science Fiction,2010,False,False
548473,1023510,Horror,2010,False,False
1505915,165,Drama,2010,True,False
859471,100,Comedy,2010,False,False
1103434,10000,Drama,2010,True,False
574302,15704187,Crime,2010,False,False
498678,35765,Drama,2010,True,False
611259,4846415,Romance,2010,False,True
582913,44291,Horror,2010,False,False
540901,157600000,Drama,2010,True,False
477428,659535,War,2010,False,False
535544,192199131,Drama,2010,True,False
679629,1500,Documentary,2010,False,False
630849,881,Comedy,2010,False,False
622327,8727994,Comedy,2010,False,False
537881,7316,Adventure,2010,False,False
576328,183594,Drama,2010,True,False
539892,333593,Science Fiction,2010,False,False
597088,416167,Drama,2010,True,False
489064,2295825,Drama,2010,True,False
419704,127461872,Science Fiction,2010,False,True
431580,190304772,Family,2010,False,True
419706,709528,Horror,2010,False,False
522938,91490353,Action,2010,False,False
340104,481707,Drama,2010,True,False
606146,156168,Thriller,2010,False,False
622831,15030400,History,2010,False,False
521844,41767,Comedy,2010,False,False
624779,23101,Action,2010,False,False
628637,100000,Horror,2010,False,False
638110,3403406,Comedy,2010,False,False
567629,7883200,Drama,2010,True,False
422803,42880428,Comedy,2010,False,False
575075,2889720,Action,2010,False,False
491283,38981322,Drama,2010,True,False
542921,12277353,Drama,2010,True,False
565386,228676,Drama,2010,True,False
565383,36586,Comedy,2010,False,False
492188,2300000,Drama,2010,True,False
512263,3400977,Drama,2010,True,False
787838,100000,Adventure,2010,False,False
612845,450064993,Drama,2010,True,False
552865,332731,Crime,2010,False,False
399121,18878646,History,2010,False,False
1398120,5,Mystery,2010,False,False
475557,1074458282,Crime,2010,False,True
710098,5219,Comedy,2010,False,False
599616,725155,History,2010,False,False
585268,66293455,Action,2010,False,False
617924,1294480,Music,2010,False,False
453405,173469516,Science Fiction,2010,False,True
500245,1152502,Drama,2010,True,False
619139,42759,Comedy,2010,False,False
537140,1136167,Drama,2010,True,False
522369,8766149,Drama,2010,True,False
613092,332356,Drama,2010,True,False
639251,1579078,Animation,2010,False,False
679670,50000,Documentary,2010,False,False
638220,623054,Family,2010,False,False
549945,897441,Action,2010,False,False
618326,540482,Action,2010,False,False
338967,122801777,Comedy,2010,False,True
517468,4873627,Drama,2010,True,False
481084,204394183,Family,2010,False,False
611763,297388,Drama,2010,True,False
571655,70821,Adventure,2010,False,False
636322,78254,Drama,2010,True,False
637920,19289062,Drama,2010,True,False
620725,9341824,Comedy,2010,False,False
468816,1560697,Action,2010,False,False
769956,7831,Mystery,2010,False,False
710078,12,Drama,2010,True,False
615165,4736031,Animation,2010,False,False
935991,7081810,Comedy,2010,False,False
440762,1011305,Comedy,2010,False,False
679675,75000,Documentary,2010,False,False
644920,149485,Animation,2010,False,False
631828,84499,Romance,2010,False,False
420809,491730089,Family,2010,False,True
892050,10000,Drama,2010,True,False
470897,343038,Thriller,2010,False,False
593400,702001,Comedy,2010,False,False
429416,64648,Comedy,2010,False,False
503919,18129854,Drama,2010,True,False
640155,577641,Comedy,2010,False,False
515001,82468705,Comedy,2010,False,False
640154,577641,Drama,2010,True,False
573150,443038,Drama,2010,True,False
710085,5000,Comedy,2010,False,False
631143,101346,Documentary,2010,False,False
290859,261119292,Science Fiction,2010,False,True
535292,49939757,Crime,2010,False,True
575184,53565,Drama,2010,True,False
599975,48021766,Horror,2010,False,True
587065,521149,Adventure,2010,False,False
509598,2855316,Thriller,2010,False,False
629500,2716070,Comedy,2010,False,False
714646,6000,Documentary,2010,False,False
635100,1082629,Documentary,2010,False,False
575813,225879065,Drama,2010,True,False
590009,110064,Horror,2010,False,False
459116,1291514,Documentary,2010,False,False
578189,22741061,Action,2010,False,False
681584,1000,Horror,2010,False,False
1466868,12000,Documentary,2010,False,False
639733,1226552,Music,2010,False,False
781065,300,Comedy,2010,False,False
607702,137520,Documentary,2010,False,False
501170,72381712,Horror,2010,False,False
602545,2514679,Thriller,2010,False,False
536506,4040319,Comedy,2010,False,False
504562,18377736,Drama,2010,True,False
619265,13000000,Horror,2010,False,False
658140,150,Fantasy,2010,False,False
655978,70049,Documentary,2010,False,False
744252,50,Drama,2010,True,False
398978,968853,Crime,2010,False,False
644479,1315376,Drama,2010,True,False
416153,11285154,Animation,2010,False,False
640053,6409,Drama,2010,True,False
760145,10,Horror,2010,False,False
514921,3485251,Adventure,2010,False,False
586595,6713,Drama,2010,True,False
595975,13935410,Comedy,2010,False,False
646100,32000,Drama,2010,True,False
522162,127420861,Action,2010,False,False
679681,40000,Documentary,2010,False,False
605278,929868,Crime,2010,False,False
520900,11620337,Comedy,2010,False,False
577028,958558,Mystery,2010,False,False
625489,14980989,Comedy,2010,False,False
549053,121550750,Comedy,2010,False,True
674780,300000,Romance,2010,False,False
636959,12000000,Animation,2010,False,False
554241,69412425,Family,2010,False,True
511322,33856058,Crime,2010,False,False
641823,42200,Drama,2010,True,False
619264,1090116,Drama,2010,True,False
1352070,1000,Drama,2010,True,False
622420,1035734,Horror,2010,False,False
647225,11461,Action,2010,False,False
359724,225508210,Drama,2010,True,True
952265,100,Thriller,2010,False,False
497835,243043,History,2010,False,False
623780,890729,Comedy,2010,False,True
458897,73279888,Action,2010,False,True
654187,3000000,Action,2010,False,False
709456,486842,Drama,2010,True,False
533444,2576990,Romance,2010,False,False
705244,5780,Action,2010,False,False
612195,126,Drama,2010,True,False
348672,434977,Drama,2010,True,False
649288,100,Animation,2010,False,False
472815,853898,Comedy,2010,False,False
1422319,60,Drama,2010,True,False
430155,2363584,Science Fiction,2010,False,False
589976,9796520,Comedy,2010,False,False
781040,1000000,Adventure,2010,False,False
330457,1450026933,Family,2010,False,True
634571,2480326,Documentary,2010,False,False
538715,3955,Mystery,2010,False,False
574982,2746207,Thriller,2010,False,False
650360,4920899,Drama,2010,True,False
621191,5750000,Crime,2010,False,True
552178,13601384,Drama,2010,True,False
619441,2197075,Thriller,2010,False,False
560739,131500,Drama,2010,True,False
611914,4700862,Action,2010,False,False
501395,471152,Crime,2010,False,False
587677,43330,Comedy,2010,False,False
546554,312897920,Comedy,2010,False,False
536743,47803176,Drama,2010,True,False
551332,232638,Drama,2010,True,False
643571,1124280,Romance,2010,False,False
592814,74432,Drama,2010,True,False
620639,317244,Drama,2010,True,False
574321,878668,Drama,2010,True,False
512200,801693929,Adventure,2010,False,True
640793,25064,Comedy,2010,False,False
582206,7201952,Comedy,2010,False,False
431693,171616764,Animation,2010,False,True
560192,5566,Thriller,2010,False,False
641790,92968,Action,2010,False,False
461130,157209,Science Fiction,2010,False,False
515789,585443,Animation,2010,False,False
614587,7334393,Adventure,2010,False,False
659677,36131,Mystery,2010,False,False
927485,50,Comedy,2010,False,False
551808,18529730,Horror,2010,False,True
586954,4983582,Animation,2010,False,False
692664,1080,Comedy,2010,False,False
613349,6294941,Comedy,2010,False,False
403300,4612788,Drama,2010,True,False
604872,24800000,Action,2010,False,False
591101,8680109,Action,2010,False,False
660033,5975729,Crime,2010,False,False
613853,10000000,Family,2010,False,False
510298,592565,Thriller,2010,False,False
292011,33904605,Drama,2010,True,True
525661,61404394,Drama,2010,True,False
655521,278,Mystery,2010,False,False
780487,6,Drama,2010,True,False
648572,2529728,Animation,2010,False,False
181812,1074144248,Adventure,2010,False,False
413518,17133446,Drama,2010,True,False
581387,61321941,Action,2010,False,False
449924,176345966,Action,2010,False,False
606952,8277796,Drama,2010,True,False
536869,73515024,Fantasy,2010,False,True
592350,29900850,Animation,2010,False,False
581518,8541775,Drama,2010,True,False
657853,7035,Crime,2010,False,False
346709,646389,Thriller,2010,False,False
530915,394638258,War,2010,False,False
522212,50401502,Drama,2010,True,True
617768,1138962,Drama,2010,True,False
331482,216601214,Drama,2010,True,True
664610,1000,Drama,2010,True,False
620683,39273021,Comedy,2010,False,True
915392,1500,Thriller,2010,False,False
565307,309776,Drama,2010,True,False
575776,1640866,Drama,2010,True,False
500916,146863,Action,2010,False,False
465086,42800000,Horror,2010,False,False
593402,52186426,Comedy,2020,False,False
514207,32104054,Science Fiction,2020,False,False
522627,115171795,Comedy,2020,False,False
448119,251410631,Family,2020,False,True
630220,3486375,Drama,2020,True,False
609031,351500,Comedy,2020,False,False
988476,500,Horror,2020,False,False
443791,40882928,Horror,2020,False,True
526019,26925979,Comedy,2020,False,True
592834,4418501,Family,2020,False,False
657593,6561680,Crime,2020,False,False
663209,2536753,Action,2020,False,False
957092,1,Action,2020,False,False
550738,6928960,Animation,2020,False,False
1258930,6000,Drama,2020,True,False
628241,28859072,Action,2020,False,False
38700,426505244,Thriller,2020,False,True
575718,8300000,Comedy,2020,False,False
586461,274674,Drama,2020,True,False
576987,8613317,Comedy,2020,False,False
609242,7627100,Comedy,2020,False,False
520765,520191,Family,2020,False,False
633172,6404964,Music,2020,False,False
474764,2679585,Drama,2020,True,False
573730,4971635,Animation,2020,False,False
640344,9500000,Family,2020,False,False
665358,11327287,Comedy,2020,False,False
692000,500000,Drama,2020,True,False
665089,680418,Drama,2020,True,False
658181,2642944,Comedy,2020,False,False
665090,680418,Drama,2020,True,False
572197,4354691,Comedy,2020,False,False
503917,46855,Action,2020,False,False
701062,5000,Comedy,2020,False,False
442065,3364426,Drama,2020,True,False
492611,19428166,Horror,2020,False,True
640923,3700000,Comedy,2020,False,False
539565,3500000,Comedy,2020,False,False
669919,103079,Animation,2020,False,False
522241,26000000,Thriller,2020,False,False
619918,1339784,Animation,2020,False,False
644712,12589965,Drama,2020,True,False
613096,396640,Comedy,2020,False,False
641960,843965,Drama,2020,True,False
531900,709452,Action,2020,False,False
727805,250,Drama,2020,True,False
717817,100,Comedy,2020,False,False
727787,250,Romance,2020,False,False
724493,250,Drama,2020,True,False
542224,22304357,Fantasy,2020,False,False
674848,912491,Drama,2020,True,False
727795,250,Drama,2020,True,False
659764,1033730,Romance,2020,False,False
627463,1338881,Drama,2020,True,False
645691,77942,Comedy,2020,False,False
758208,2708,Drama,2020,True,False
709806,250,Drama,2020,True,False
664593,8613864,Comedy,2020,False,False
539434,26563,Drama,2020,True,False
466622,5989583,Action,2020,False,True
495764,205372791,Action,2020,False,True
925736,2000,Action,2020,False,False
560391,7547254,Drama,2020,True,False
661043,11136444,Romance,2020,False,False
672815,350000,Comedy,2020,False,False
747882,883,Documentary,2020,False,False
659731,4139731,Comedy,2020,False,False
664413,9458590,Romance,2020,False,False
635199,12175665,Horror,2020,False,False
704087,1,Crime,2020,False,False
605193,10468890,Comedy,2020,False,False
454626,319715683,Action,2020,False,True
621744,208723,Drama,2020,True,False
539537,49447308,Horror,2020,False,True
653910,10349294,Comedy,2020,False,False
556678,25155355,Comedy,2020,False,False
623926,3069303,Comedy,2020,False,False
682957,16399,Comedy,2020,False,False
616803,98157,Action,2020,False,False
547012,29118,Comedy,2020,False,False
672902,10325,Horror,2020,False,False
589049,20690779,Drama,2020,True,True
1005510,1,Action,2020,False,False
672873,4,Action,2020,False,False
703007,123,Drama,2020,True,False
605735,9305412,Family,2020,False,False
571648,5707415,Mystery,2020,False,False
481848,111202881,Adventure,2020,False,False
592279,1593464,War,2020,False,False
674349,2723347,Comedy,2020,False,False
619594,236653,Drama,2020,True,False
555974,20311536,Horror,2020,False,False
657811,3666620,Adventure,2020,False,False
683707,300000,Drama,2020,True,False
566927,10700000,Comedy,2020,False,False
1029460,69000000,Western,2020,False,False
571265,24200000,Animation,2020,False,False
522466,2313364,Thriller,2020,False,False
1032851,845,Documentary,2020,False,False
666363,14000,Comedy,2020,False,False
570670,144492724,Thriller,2020,False,True
575088,1398488,Horror,2020,False,False
682354,40,Comedy,2020,False,False
457335,835102,Action,2020,False,False
489326,106270,Action,2020,False,False
604031,16080,Comedy,2020,False,False
532323,3780000,Animation,2020,False,False
508439,141940042,Family,2020,False,True
688251,1000,Crime,2020,False,False
661804,7142214,History,2020,False,False
338762,39861118,Action,2020,False,True
685180,100,Action,2020,False,False
529485,14590514,Drama,2020,True,True
592717,6237973,Comedy,2020,False,False
639564,5081127,Comedy,2020,False,False
563067,7494243,History,2020,False,False
680936,60,Romance,2020,False,False
618214,1338195,Drama,2020,True,False
502425,2431995,Drama,2020,True,False
594669,18473570,Action,2020,False,False
929407,200,Drama,2020,True,False
605804,3758846,Horror,2020,False,False
446893,49276818,Family,2020,False,True
480857,3507755,Drama,2020,True,False
514847,10550350,Action,2020,False,True
585244,16069730,Music,2020,False,False
644852,233325,Drama,2020,True,True
567965,1073290,Drama,2020,True,False
560008,1623809,Drama,2020,True,False
605802,142725,Horror,2020,False,False
595671,407807,Drama,2020,True,False
689361,2371,Music,2020,False,False
772923,2000,Drama,2020,True,False
707560,15,Drama,2020,True,False
1192543,357,Documentary,2020,False,False
1124489,9000,Horror,2020,False,False
692005,11400,Drama,2020,True,False
985653,100,Thriller,2020,False,False
1069767,700,Music,2020,False,False
655431,757096,Science Fiction,2020,False,False
491926,449753,War,2020,False,False
1192223,577,Documentary,2020,False,False
1192269,585,Documentary,2020,False,False
340102,49169594,Science Fiction,2020,False,False
627051,185973,Documentary,2020,False,False
470610,439418,Romance,2020,False,False
1173151,25,Horror,2020,False,False
550231,3215636,Drama,2020,True,False
581577,3825668,War,2020,False,False
724679,100,Animation,2020,False,False
1238559,602,Fantasy,2020,False,False
1192240,752,Documentary,2020,False,False
627661,641308,Adventure,2020,False,False
575121,11324,Drama,2020,True,False
703859,1,Comedy,2020,False,False
696048,34,Animation,2020,False,False
755285,100,Comedy,2020,False,False
707028,900,Action,2020,False,False
545237,1200000,Drama,2020,True,False
706582,100,Documentary,2020,False,False
705151,500,Music,2020,False,False
1185855,100000,Horror,2020,False,False
1069780,2400,Music,2020,False,False
1244203,500,Drama,2020,True,False
952260,100,Science Fiction,2020,False,False
602291,4751103,Mystery,2020,False,False
794229,8,Drama,2020,True,False
1069785,1100,Music,2020,False,False
713675,1,Animation,2020,False,False
1080757,1,Documentary,2020,False,False
1139744,10000,Drama,2020,True,False
659943,5236154,Family,2020,False,False
715762,25488,Horror,2020,False,False
1368631,4500,Drama,2020,True,False
794732,100,Documentary,2020,False,False
1232545,265,Comedy,2020,False,False
704489,20000000,Music,2020,False,False
702936,68881,Action,2020,False,False
522098,989310,Drama,2020,True,False
1112764,10,Action,2020,False,False
1250204,45,Action,2020,False,False
430417,1000,Drama,2020,True,False
704407,5000,Documentary,2020,False,False
717163,1,Drama,2020,True,False
521531,548608,Horror,2020,False,False
964609,10000,Horror,2020,False,False
1021533,40,Documentary,2020,False,False
614696,13416285,Horror,2020,False,False
639247,375836,Horror,2020,False,False
531876,2133452,War,2020,False,False
575659,263274,Drama,2020,True,False
429422,858281,Crime,2020,False,False
520946,9750139,Animation,2020,False,False
719906,2,Documentary,2020,False,False
621707,742476,Horror,2020,False,False
595148,177418,Comedy,2020,False,False
539885,2987741,Action,2020,False,False
619592,638221,Action,2020,False,False
539181,2902552,Horror,2020,False,False
608195,345289,Horror,2020,False,False
1346687,68,Horror,2020,False,False
1079073,2000000,Drama,2020,True,False
794870,363000,Music,2020,False,False
385103,28588425,Animation,2020,False,True
521034,889816,Family,2020,False,False
522444,1117982,Horror,2020,False,False
587792,164000,Comedy,2020,False,False
723889,100000,Documentary,2020,False,False
671041,1822472,Comedy,2020,False,False
1250566,23,Science Fiction,2020,False,False
659959,3600000,Romance,2020,False,False
665488,5127426,Comedy,2020,False,False
667071,236880,Comedy,2020,False,False
581392,42698327,Horror,2020,False,False
625568,39238300,Action,2020,False,False
606625,3551439,Horror,2020,False,False
475908,16791,Romance,2020,False,False
753114,1500000,Comedy,2020,False,False
1290084,10,Thriller,2020,False,False
738801,1,Documentary,2020,False,False
1138491,1,Music,2020,False,False
702525,10855626,Animation,2020,False,False
657350,35762324,Comedy,2020,False,False
587496,4296804,Horror,2020,False,False
729483,1247791,Family,2020,False,False
601844,1045873,Thriller,2020,False,False
726208,443458,Drama,2020,True,False
523977,504296,Drama,2020,True,False
601165,94583,Thriller,2020,False,False
606906,12329960,Action,2020,False,False
668742,14871307,Comedy,2020,False,False
524047,52300000,Action,2020,False,False
684139,438694,Horror,2020,False,False
664297,398663,Drama,2020,True,False
662541,12841,Comedy,2020,False,False
1403468,100,Horror,2020,False,False
736808,1700000,Drama,2020,True,False
698369,160008,Documentary,2020,False,False
931131,200,Comedy,2020,False,False
671047,8859185,Comedy,2020,False,False
581526,34662454,Crime,2020,False,False
731329,10000,Documentary,2020,False,False
513584,1239498,Family,2020,False,False
629210,1369679,Family,2020,False,False
594958,11709,Fantasy,2020,False,False
531499,942666,Action,2020,False,False
694741,1430103,Documentary,2020,False,False
1467288,1000,Comedy,2020,False,False
1053155,100,Comedy,2020,False,False
599335,9341543,Comedy,2020,False,False
670497,3790930,Animation,2020,False,False
606234,243279,Science Fiction,2020,False,False
696070,10759,Horror,2020,False,False
826830,1000000,Documentary,2020,False,False
400160,4700000,Family,2020,False,True
508935,461421559,War,2020,False,False
517412,459051,History,2020,False,False
653598,43840,Thriller,2020,False,False
1467296,4500,Horror,2020,False,False
390635,20150000,Animation,2020,False,False
647745,2513010,Comedy,2020,False,False
636360,114575,Drama,2020,True,False
718444,139757,Action,2020,False,False
1416541,700000000,Action,2020,False,False
623958,1941,Thriller,2020,False,False
610201,21200,Horror,2020,False,False
501953,68905,Comedy,2020,False,False
577922,365304105,Action,2020,False,True
748806,1,Drama,2020,True,False
899613,9859,Animation,2020,False,False
752196,2,Documentary,2020,False,False
659986,225374,Horror,2020,False,False
425001,43387445,Comedy,2020,False,False
501979,6274027,Comedy,2020,False,False
546724,190760,Horror,2020,False,False
679894,69546,Drama,2020,True,False
1467302,3000,Comedy,2020,False,False
738178,1,Mystery,2020,False,False
844213,1,Horror,2020,False,False
712150,3044720,Comedy,2020,False,False
613504,42000000,Romance,2020,False,False
627290,7060384,Horror,2020,False,False
553604,31220247,Thriller,2020,False,False
337401,66800000,Adventure,2020,False,True
712123,142027,Comedy,2020,False,False
761122,5,Horror,2020,False,False
594718,354023,Science Fiction,2020,False,False
575463,5460628,Crime,2020,False,False
730647,8954945,Music,2020,False,False
667935,54967,Drama,2020,True,False
547017,230441,Drama,2020,True,False
731249,11000000,Animation,2020,False,False
952268,100,Drama,2020,True,False
552269,1736318,Drama,2020,True,False
638965,2044087,Comedy,2020,False,False
615115,615233,Thriller,2020,False,False
664301,17300,Comedy,2020,False,False
533514,20339624,Animation,2020,False,False
479259,106045,Drama,2020,True,False
1244243,500,Documentary,2020,False,False
492008,1516150,Action,2020,False,False
599377,323829,Drama,2020,True,False
580175,21700000,Comedy,2020,False,False
515454,70459,Science Fiction,2020,False,False
541305,829900,Crime,2020,False,False
684684,769563,Horror,2020,False,False
757901,253263,Family,2020,False,False
1032411,552,Documentary,2020,False,False
556984,107423,Drama,2020,True,False
748816,15,Drama,2020,True,False
616692,1000,Drama,2020,True,False
601297,2982559,Comedy,2020,False,False
688343,25092,Horror,2020,False,False
604822,50866901,Action,2020,False,False
737568,307873,Action,2020,False,False
717637,2430000,Romance,2020,False,False
616180,6700000,Adventure,2020,False,False
651793,52351,Action,2020,False,False
635389,240656068,Animation,2020,False,False
785518,650,Drama,2020,True,False
435615,841334,Horror,2020,False,False
681509,580759,Comedy,2020,False,False
554761,9828,Drama,2020,True,False
959645,1,War,2020,False,False
749159,111232,Drama,2020,True,False
595149,41848,Horror,2020,False,False
738231,2033629,Comedy,2020,False,False
466994,131473,Science Fiction,2020,False,False
522406,26747,Thriller,2020,False,False
524216,107629,Fantasy,2020,False,False
752453,1,Documentary,2020,False,False
751373,600,Drama,2020,True,False
1425334,4000,Drama,2020,True,False
768710,100000,Drama,2020,True,False
1190352,200,Documentary,2020,False,False
613377,11208529,Comedy,2020,False,False
587311,2239791,Comedy,2020,False,False
743888,372000,Comedy,2020,False,False
754751,1,Drama,2020,True,False
523366,3175644,Animation,2020,False,False
732721,153303,Animation,2020,False,True
1027553,100,Drama,2020,True,False
659994,4155492,Drama,2020,True,False
695187,399142,Drama,2020,True,False
635302,503063688,Action,2020,False,False
637053,18370,Comedy,2020,False,False
590223,1122066,Comedy,2020,False,False
673748,284200,Adventure,2020,False,False
651610,479317,Comedy,2020,False,False
589972,1680146,Animation,2020,False,False
612571,27913,Thriller,2020,False,False
651881,16955173,Comedy,2020,False,False
728143,273224,Drama,2020,True,False
516632,4796993,Horror,2020,False,True
624484,206589,Drama,2020,True,False
603258,8261,Drama,2020,True,False
724989,111523,Action,2020,False,False
746817,791762,Horror,2020,False,False
761273,1000000,Music,2020,False,False
652004,239828,Horror,2020,False,False
748685,161047608,War,2020,False,False
549294,1019041,Science Fiction,2020,False,False
1368028,100,Action,2020,False,False
632322,2000000,Romance,2020,False,False
1210511,150,Comedy,2020,False,False
850412,1,Documentary,2020,False,False
767276,70,Horror,2020,False,False
441130,1266570,Animation,2020,False,False
531219,29303571,Family,2020,False,True
760092,100,Thriller,2020,False,False
571384,8119285,Horror,2020,False,False
590995,2300000,Horror,2020,False,True
670428,95384,Science Fiction,2020,False,False
680593,289157,Horror,2020,False,False
1265194,23,Documentary,2020,False,False
602654,916042,Thriller,2020,False,False
579872,137547,Horror,2020,False,False
688258,331091,Science Fiction,2020,False,False
925988,5,Horror,2020,False,False
1221976,1000,Horror,2020,False,False
1244236,500,Music,2020,False,False
760348,700,Music,2020,False,False
579828,596370,Horror,2020,False,False
728552,1500000,Horror,2020,False,False
596161,7997460,Drama,2020,True,False
717672,8921,Drama,2020,True,False
692233,1181823,Thriller,2020,False,False
848052,300,Animation,2020,False,False
551804,15104310,Comedy,2020,False,True
1162280,50,Drama,2020,True,False
679694,7758221,Comedy,2020,False,False
527400,1746860,Fantasy,2020,False,False
568467,1396905,Romance,2020,False,False
614560,122252,Drama,2020,True,False
751394,252494,Horror,2020,False,False
663870,679505,Comedy,2020,False,False
498402,11131254,Music,2020,False,False
833803,50,Horror,2020,False,False
768166,10,Comedy,2020,False,False
546121,5184368,Thriller,2020,False,False
590706,99924,Action,2020,False,False
502033,516520,Drama,2020,True,False
642208,2506542,Romance,2020,False,False
1108379,5,Documentary,2020,False,False
529203,215905815,Animation,2020,False,True
520172,1401954,Romance,2020,False,False
575089,10791301,Drama,2020,True,False
727097,136240,Action,2020,False,False
773302,1000,Family,2020,False,False
1078995,2,Documentary,2020,False,False
611213,187432,Romance,2020,False,False
458576,42145959,Action,2020,False,False
1322784,52,Crime,2020,False,True
646593,4609,Thriller,2020,False,False
723072,26745,Horror,2020,False,False
637202,3607899,Animation,2020,False,False
1102338,240000,Action,2020,False,False
774012,100,Animation,2020,False,False
793561,8,Thriller,2020,False,False
614911,70018,Science Fiction,2020,False,False
602301,1709980,Romance,2020,False,False
721625,620836,Thriller,2020,False,False
836319,1,Drama,2020,True,False
839835,1,Drama,2020,True,False
653756,401983,Documentary,2020,False,False
1112767,1,Horror,2020,False,False
1189292,1,Action,2020,False,False
582014,13868965,Thriller,2020,False,False
845277,500,Western,2020,False,False
464052,169601036,Action,2020,False,True
1069795,1500,Music,2020,False,False
651571,39328,Science Fiction,2020,False,False
1112771,7,Action,2020,False,False
629540,10000,Comedy,2020,False,False
600354,21029340,Drama,2020,True,False
1513234,32428,Comedy,2020,False,False
585257,12916151,Action,2020,False,False
757860,69000000,Action,2020,False,False
484297,28657,Drama,2020,True,False
559974,198000000,Action,2020,False,False
508442,136384442,Animation,2020,False,True
653746,57000,Documentary,2020,False,False
1280118,19,Horror,2020,False,False
780276,10,Romance,2020,False,False
676859,539584,Drama,2020,True,False
581032,12668325,Drama,2020,True,True
675327,1054290,Horror,2020,False,False
589754,27658331,Fantasy,2020,False,False
567797,17424378,Crime,2020,False,False
765684,20000000,Family,2020,False,False
732203,15486691,Animation,2020,False,False
1211929,3500,TV Movie,2020,False,False
1258920,6000,Drama,2020,True,False
788840,100000,Adventure,2020,False,False
665387,3158212,Comedy,2020,False,False
696822,28037,Horror,2020,False,False
586101,645949,Music,2020,False,False
526811,75167,Romance,2020,False,False
550205,25860000,Animation,2020,False,True
634528,23076711,Action,2020,False,False
644083,510466,Crime,2020,False,False
789859,5000,Mystery,2020,False,False
1009393,50,Drama,2020,True,False
630586,3777969,Horror,2020,False,False
602269,29942746,Crime,2020,False,True
581734,14784114,Drama,2020,True,False
817809,28,Action,2020,False,False
736146,2168905,Crime,2020,False,False
1204695,1,Horror,2020,False,False
683127,384659,Animation,2020,False,False
773303,1412957,Horror,2020,False,False
581389,24571,Drama,2020,True,False
1402783,1000,Horror,2020,False,False
586791,39053,Romance,2020,False,False
587130,596806,Horror,2020,False,False
724904,421202,Drama,2020,True,False
929393,200,Drama,2020,True,False
805916,700,Drama,2020,True,False
588921,10237061,Adventure,2020,False,False
587807,136536687,Comedy,2020,False,True
644583,7527030,Drama,2020,True,False
728882,4702781,Drama,2020,True,False
871832,6009,Horror,2020,False,False
795894,1,Documentary,2020,False,False
633802,532054,Romance,2020,False,False
643586,431020,Action,2020,False,False
602666,686257563,Action,2020,False,False
611698,150123320,Fantasy,2020,False,False
598896,2375190,Drama,2020,True,False
583406,6416063,Drama,2020,True,True
758891,822049668,Drama,2020,True,False
890135,1000000,Drama,2020,True,False
599281,24565,Thriller,2020,False,False
615643,12886100,Drama,2020,True,False
1050579,100000,Comedy,2020,False,False
513310,2000000,Action,2020,False,False
838237,6500,Horror,2020,False,False
1443066,1,Action,2020,False,False
779280,9267397,Comedy,2020,False,False
412656,26508132,Fantasy,2020,False,False
676845,1753826,Horror,2020,False,False
931774,98,Adventure,2020,False,False
809904,250,Drama,2020,True,False
527774,130423032,Animation,2020,False,True
809911,300,Drama,2020,True,False
630004,8804000,Action,2020,False,False
1068010,1,Comedy,2020,False,False
804568,1,Comedy,2020,False,False
283566,92300000,Animation,2020,False,False
835003,500,Comedy,2020,False,False
749312,100000,Documentary,2020,False,False
951423,1,Comedy,2020,False,False
787459,17130489,Comedy,2020,False,False
807278,4535,Horror,2020,False,False
675575,32890,Horror,2020,False,False
681887,349757,Action,2020,False,False
712121,11546,Drama,2020,True,False
615457,61779301,Action,2020,False,False
807381,550,Family,2020,False,False
717694,360868,Drama,2020,True,False
989531,201187,Science Fiction,2020,False,False
1204685,1,Drama,2020,True,False
1234327,100,Drama,2020,True,False
399566,470116094,Action,2020,False,False
522478,153000000,Family,2020,False,True
784957,10,Comedy,2020,False,False
810508,1,Comedy,2020,False,False
579731,10221,Comedy,2020,False,False
632357,30833138,Horror,2020,False,False
1210123,452,Adventure,2020,False,False
934663,1345,Action,2020,False,False
1158480,2,History,2020,False,False
529106,4493306,Action,2020,False,False
813208,657371,Romance,2020,False,False
1005526,1,Crime,2020,False,False
802068,32519,Action,2020,False,False
811634,13000000,Animation,2020,False,False
874286,10,Drama,2020,True,False
768480,7388603,Mystery,2020,False,False
664300,31014,Comedy,2020,False,False
834638,100,Thriller,2020,False,False
834646,300,Thriller,2020,False,False
1321124,500,Drama,2020,True,False
834648,300,Thriller,2020,False,False
810290,11,Romance,2020,False,False
460465,84426031,Action,2020,False,False
1371270,2500000,Animation,2020,False,False
624385,318989,Mystery,2020,False,False
597890,4298184,Science Fiction,2020,False,False
811828,40006,Documentary,2020,False,False
853631,1,Drama,2020,True,False
894091,6600,Family,2020,False,False
1022783,5000,Science Fiction,2020,False,False
664601,142531,Documentary,2020,False,False
589761,6459306,Drama,2020,True,False
662638,95580715,Animation,2020,False,False
786110,30000,Horror,2020,False,False
985611,10,Drama,2020,True,False
752317,3000,Drama,2020,True,False
1058050,4600,Thriller,2020,False,False
822563,69000,Drama,2020,True,False
915334,5,Documentary,2020,False,False
637649,103966489,Crime,2020,False,False
602063,33457923,Action,2020,False,False
798581,1128578,Animation,2020,False,False
1062787,100,Documentary,2020,False,False
931785,3859,Drama,2020,True,False
823313,3000,Thriller,2020,False,False
993640,67,Mystery,2020,False,False
525660,3310000,Action,2020,False,False
579221,6361,Action,2020,False,False
746781,25570,Horror,2020,False,False
786170,1694828,Thriller,2020,False,False
824851,20,Drama,2020,True,False
639557,172919448,Thriller,2020,False,False
554371,224405,Drama,2020,True,False
833753,1000000,Documentary,2020,False,False
818972,1,Action,2020,False,False
965326,4,Drama,2020,True,False
578701,23384502,Thriller,2020,False,False
675024,1474579,Horror,2020,False,False
1086241,1000,Drama,2020,True,False
805051,1965219,Animation,2020,False,False
999663,75,Documentary,2020,False,False
1089730,200,Animation,2020,False,False
835629,5,Science Fiction,2020,False,False
602734,40618920,Horror,2020,False,False
534072,517929,Horror,2020,False,False
769749,3300000,Romance,2020,False,False
639453,4345693,Romance,2020,False,False
503736,190700000,Action,2020,False,False
1211900,2500,Documentary,2020,False,False
385128,726229501,Action,2020,False,True
754765,867257,Science Fiction,2020,False,False
637693,17635215,Animation,2020,False,True
520763,297400000,Science Fiction,2020,False,True
1405710,180,Drama,2020,True,False
603206,6435260,Comedy,2020,False,False
1068110,50,Comedy,2020,False,False
973352,26,Action,2020,False,False
423108,206431050,Horror,2020,False,False
1425773,15,Comedy,2020,False,False
618200,1042238,Crime,2020,False,False
337404,233503234,Comedy,2020,False,True
659940,39200,Thriller,2020,False,False
817451,68152,Thriller,2020,False,False
658313,13161,Drama,2020,True,False
603603,2011012,History,2020,False,False
1230785,700,Comedy,2020,False,False
878525,47467,Drama,2020,True,False
989796,20,Thriller,2020,False,False
749004,1024575,Drama,2020,True,False
781044,404371,Action,2020,False,False
1351728,6,Family,2020,False,False
971679,20,Action,2020,False,False
1286181,400,Horror,2020,False,False
1251911,2,Drama,2020,True,False
776553,61404,Documentary,2020,False,False
1021626,50,Music,2020,False,False
1270968,300,Adventure,2020,False,False
844017,10,Thriller,2020,False,False
467909,43000000,Drama,2020,True,False
839160,1,Documentary,2020,False,False
973336,11,Crime,2020,False,False
663866,314785,Horror,2020,False,False
808667,12571501,Thriller,2020,False,False
583116,2893660,Comedy,2020,False,False
883288,5000,Crime,2020,False,False
522931,70060492,Action,2020,False,False
508943,49750471,Animation,2020,False,True
955932,120,Crime,2020,False,False
629017,34561,Action,2020,False,False
680813,712229,Documentary,2020,False,False
795853,47863,Horror,2020,False,False
625169,3615193,History,2020,False,False
776485,677946,Documentary,2020,False,False
883280,26620,Crime,2020,False,False
1010608,125000,Family,2020,False,False
1185062,1000,Thriller,2020,False,False
920906,10,Animation,2020,False,False
642684,3795575,Comedy,2020,False,False
693827,136579,Crime,2020,False,False
646207,7502846,Action,2020,False,False
844669,2,Science Fiction,2020,False,False
809717,6666618,Animation,2020,False,False
1247470,200,Science Fiction,2020,False,False
1339630,200,Action,2020,False,False
843252,122055,Animation,2020,False,False
800497,937490,Horror,2020,False,False
1158138,350,Documentary,2020,False,False
849091,244000,Drama,2020,True,False
602223,76994245,Horror,2020,False,True
606236,4849622,Comedy,2020,False,False
672582,1900000,Horror,2020,False,False
839939,1200,Documentary,2020,False,False
523936,700000,Horror,2020,False,False
459151,146745280,Animation,2020,False,True
847023,306442,Animation,2020,False,False
795813,1090661,Science Fiction,2020,False,False
585216,65774490,Horror,2020,False,True
741664,3485442,Comedy,2020,False,False
847257,50,Action,2020,False,False
843241,1094673,Animation,2020,False,False
776527,37000000,Documentary,2020,False,False
672741,495268,Horror,2020,False,False
859016,178000,Animation,2020,False,False
424277,3642692,Drama,2020,True,False
497698,379751131,Action,2020,False,False
379686,163692228,Family,2020,False,True
800823,3468053,Comedy,2020,False,False
585378,131465,Science Fiction,2020,False,False
722799,8756,Family,2020,False,False
454527,2652725,Drama,2020,True,False
843250,293094,Animation,2020,False,False
848880,176619381,Drama,2020,True,False
847528,140000,Comedy,2020,False,False
985597,300,Thriller,2020,False,False
745881,7230000,Horror,2020,False,False
611408,1453459,Comedy,2020,False,False
477044,589895,Drama,2020,True,False
630240,5115725,Drama,2020,True,False
574060,1015760,Action,2020,False,False
607430,969204,Drama,2020,True,False
617502,238524,Action,2020,False,False
547565,14590542,Drama,2020,True,False
642732,3701480,Documentary,2020,False,False
635731,3889432,Drama,2020,True,False
776305,63501160,Animation,2020,False,False
774714,95813,Action,2020,False,False
1250783,2,Action,2020,False,False
1251186,9000,Adventure,2020,False,False
1251183,400,War,2020,False,False
1244257,500,Documentary,2020,False,False
649394,106645,History,2020,False,False
577242,19002036,Adventure,2020,False,False
631843,90146510,Thriller,2020,False,True
568620,36964325,Action,2020,False,True
795607,87212911,Animation,2020,False,False
762904,542675,Comedy,2020,False,False
693113,229811,Crime,2020,False,False
791568,39906,Science Fiction,2020,False,False
638449,1451974,Drama,2020,True,False
1253893,21754,Horror,2020,False,False
436969,168717425,Action,2020,False,True
513692,205000000,Action,2020,False,False
451048,220889446,Action,2020,False,True
607844,29855981,War,2020,False,False
630392,4588389,Horror,2020,False,False
757635,142591,Drama,2020,True,False
616651,19754272,Drama,2020,True,False
953648,5,Drama,2020,True,False
559907,18888418,Adventure,2020,False,False
941600,4465,Drama,2020,True,False
835551,8866,Thriller,2020,False,False
855836,100,Drama,2020,True,False
854916,500,Action,2020,False,False
1073345,3000,Horror,2020,False,False
1085661,5000,Adventure,2020,False,False
1021580,100,TV Movie,2020,False,False
769271,3487821,Comedy,2020,False,False
604563,13450000,Comedy,2020,False,False
882201,443,Comedy,2020,False,False
700578,10357720,Comedy,2020,False,False
1269737,30000,Adventure,2020,False,False
682532,25386,Drama,2020,True,False
768744,38410729,Animation,2020,False,False
747983,149755,Comedy,2020,False,False
675445,144327371,Animation,2020,False,True
1125984,1000,Documentary,2020,False,False
623135,17970000,Comedy,2020,False,False
776503,1600000,Drama,2020,True,False
550988,331526598,Comedy,2020,False,False
1527385,57000000,Animation,2020,False,False
676705,6813652,Animation,2020,False,False
592863,31217372,Drama,2020,True,False
919912,2000,Drama,2020,True,False
876408,557,Drama,2020,True,False
952271,100,Drama,2020,True,False
573164,3606902,Animation,2020,False,False
482373,53785551,Thriller,2020,False,False
682875,2400000,Comedy,2020,False,False
724331,3962,Comedy,2020,False,False
788929,3189087,Drama,2020,True,False
579047,18717947,Mystery,2020,False,False
602463,13000000,Action,2020,False,False
733982,5606810,Family,2020,False,False
758866,15308325,Drama,2020,True,False
837739,7514,Fantasy,2020,False,False
645788,8639684,Action,2020,False,False
745115,283558,Animation,2020,False,False
822099,567955,Documentary,2020,False,False
864539,1,Thriller,2020,False,False
1053799,1,Fantasy,2020,False,False
978071,1000,Horror,2020,False,False
565028,77411570,Horror,2020,False,True
679658,1,Documentary,2020,False,False
760873,328914,Science Fiction,2020,False,False
774456,1163538,Comedy,2020,False,False
871510,1,Romance,2020,False,False
1199613,500,Comedy,2020,False,False
837548,214390,Drama,2020,True,False
1203165,100,Comedy,2020,False,False
891025,8770,Comedy,2020,False,False
861794,11,Adventure,2020,False,False
1040266,1000,Adventure,2020,False,False
866362,31200000,Drama,2020,True,False
1204700,1,Drama,2020,True,False
744275,21500000,Romance,2020,False,False
566525,432243292,Action,2020,False,False
619778,34891791,Horror,2020,False,False
772307,458000,Drama,2020,True,False
933511,1,Drama,2020,True,False
751503,13664,Family,2020,False,False
637014,101449,Comedy,2020,False,False
588228,14400000,Action,2020,False,False
643532,5040860,Drama,2020,True,False
870799,1000000,Documentary,2020,False,False
1069029,6,Action,2020,False,False
682587,1218734,Documentary,2020,False,True
745611,8356097,History,2020,False,False
663260,9738741,Mystery,2020,False,False
740844,5843307,Family,2020,False,False
738652,6807158,Thriller,2020,False,False
644089,750000,Drama,2020,True,False
842050,2298938,Comedy,2020,False,False
659954,74701,Drama,2020,True,False
1125574,5,Action,2020,False,False
644714,11772156,Action,2020,False,False
438631,402027830,Science Fiction,2020,False,False
730823,5619316,Drama,2020,True,False
749274,16481544,Drama,2020,True,True
940124,20,Comedy,2020,False,False
601470,2404127,Drama,2020,True,False
970196,10,Mystery,2020,False,False
524369,13037403,Crime,2020,False,True
712454,1756552,Animation,2020,False,False
597316,4100000,Animation,2020,False,False
860878,4700000,Comedy,2020,False,False
750253,962689,Thriller,2020,False,False
1126573,12,Thriller,2020,False,False
1003578,3000000,Action,2020,False,False
567690,19200000,Drama,2020,True,True
1314342,1000,Horror,2020,False,False
1179417,500,Documentary,2020,False,False
848886,67474,Horror,2020,False,False
370172,774153007,Action,2020,False,True
580489,506863592,Science Fiction,2020,False,True
779029,902540935,Drama,2020,True,False
639721,119815153,Animation,2020,False,False
670429,56415,Horror,2020,False,False
824349,529254,Drama,2020,True,False
588890,1505235,Adventure,2020,False,False
785663,77463,Action,2020,False,False
655082,13000000,Romance,2020,False,False
862260,84281,Documentary,2020,False,False
1018540,3362,Drama,2020,True,False
423333,131357,Drama,2020,True,False
680058,946634,Documentary,2020,False,False
935321,200000,Action,2020,False,False
955968,750,Drama,2020,True,False
473021,98929,Drama,2020,True,False
1036139,5,Horror,2020,False,False
568124,253000000,Animation,2020,False,True
617653,30500000,History,2020,False,False
796891,461877,Mystery,2020,False,False
660120,11800000,Drama,2020,True,False
780382,15300000,Family,2020,False,False
482321,60692022,Animation,2020,False,False
1249391,657,Action,2020,False,False
579701,18852,Comedy,2020,False,False
793749,60000,Comedy,2020,False,False
793937,13128530,Family,2020,False,False
610253,133423964,Horror,2020,False,False
893941,354068,Comedy,2020,False,False
820722,365000,Comedy,2020,False,False
879337,7100000,Comedy,2020,False,False
1008626,1,War,2020,False,False
966121,1200,Drama,2020,True,False
1115497,1,Comedy,2020,False,False
950652,20,Drama,2020,True,False
660000,8600000,Drama,2020,True,False
876671,201000,Crime,2020,False,False
576845,22957625,Mystery,2020,False,False
542178,46333545,Drama,2020,True,False
1195419,1,Mystery,2020,False,False
886308,5928973,Animation,2020,False,False
774823,244223,Documentary,2020,False,False
789050,641,Action,2020,False,False
1251301,13,Comedy,2020,False,False
1031770,1,Documentary,2020,False,False
882744,1413,Documentary,2020,False,False
796499,46900000,Action,2020,False,False
764686,2178083,Drama,2020,True,False
516329,18867659,Drama,2020,True,False
598252,109926,Horror,2020,False,False
890905,2,Drama,2020,True,False
714195,212833,Drama,2020,True,False
623511,2836382,Action,2020,False,False
797838,253583,Drama,2020,True,False
838154,985853,Drama,2020,True,False
787723,67413,Action,2020,False,False
1080632,2000,Drama,2020,True,False
761898,14037060,Animation,2020,False,False
895290,100,Horror,2020,False,False
1094670,500,Horror,2020,False,False
1014175,2000,Action,2020,False,False
1251306,9000,Comedy,2020,False,False
1251312,60000,Comedy,2020,False,False
746131,2200000,Drama,2020,True,False
524434,402064899,Science Fiction,2020,False,False
512195,178143,Action,2020,False,False
716612,14000000,Drama,2020,True,False
890453,226378,Comedy,2020,False,False
811592,29439,Action,2020,False,False
592508,37700000,Action,2020,False,False
1068440,1,Drama,2020,True,False
1202245,5000,Comedy,2020,False,False
1028580,200,Drama,2020,True,False
822404,2131,Action,2020,False,False
585245,107347356,Family,2020,False,True
897348,99999,Drama,2020,True,False
895435,132326332,Mystery,2020,False,False
425909,191000000,Fantasy,2020,False,True
777270,49158343,Drama,2020,True,False
795815,24862,Drama,2020,True,False
918542,1,Romance,2020,False,False
918764,500,Action,2020,False,False
918549,9475,Science Fiction,2020,False,False
1251315,100000,Drama,2020,True,False
820709,288661,Drama,2020,True,False
1239434,50,Drama,2020,True,False
614917,39429285,Drama,2020,True,True
835975,218511,Drama,2020,True,False
948004,12,Drama,2020,True,False
821683,268008,Drama,2020,True,False
795615,8316,Horror,2020,False,False
632617,4300000,Drama,2020,True,False
906250,204,Mystery,2020,False,False
1171012,28379,Drama,2020,True,False
460458,41914915,Horror,2020,False,False
644495,153235995,Drama,2020,True,False
684697,13140,Documentary,2020,False,False
884452,5218666,War,2020,False,False
774607,10,Action,2020,False,False
718032,27423319,Drama,2020,True,False
921693,2820,Drama,2020,True,False
931103,600,Animation,2020,False,False
762079,456555,Horror,2020,False,False
1242036,5000,Documentary,2020,False,False
1152844,1,Comedy,2020,False,False
905068,13728000,TV Movie,2020,False,False
438695,406000000,Animation,2020,False,True
911306,2551748,Comedy,2020,False,False
597208,39629195,Thriller,2020,False,False
1137177,58680,Documentary,2020,False,False
673121,199107,Drama,2020,True,False
826241,1401254,Comedy,2020,False,False
591538,176248,Drama,2020,True,False
1107769,500,Documentary,2020,False,False
1153803,4700,Documentary,2020,False,False
646380,791863,Science Fiction,2020,False,False
1314056,1000,Horror,2020,False,False
947086,1000,Animation,2020,False,False
511809,74530532,Drama,2020,True,False
563811,1500,Drama,2020,True,False
915005,250,Fantasy,2020,False,False
748618,74441,Action,2020,False,False
922443,1,Horror,2020,False,False
718488,1209996,Drama,2020,True,False
763329,2200000,Drama,2020,True,False
893871,8000000,Action,2020,False,False
754067,4181043,Adventure,2020,False,False
634649,1921847111,Action,2020,False,True
1371419,100,Comedy,2020,False,False
554230,14521,Drama,2020,True,False
624860,156497322,Science Fiction,2020,False,True
1126839,145,Thriller,2020,False,False
593395,3189418,Crime,2020,False,False
1415432,35,Drama,2020,True,False
821427,24322,Drama,2020,True,False
826749,52169,Action,2020,False,False
897183,1703,Animation,2020,False,False
730047,3000000,Drama,2020,True,False
887344,3021890,Action,2020,False,False
927365,15000,Drama,2020,True,False
918814,371,Adventure,2020,False,False
501841,6200000,Drama,2020,True,True
476669,125928656,Action,2020,False,False
598014,29694624,Fantasy,2020,False,False
399178,847418,Drama,2020,True,False
601337,25452983,Drama,2020,True,False
612491,882,Romance,2020,False,False
931580,98,Drama,2020,True,False
939592,1,Thriller,2020,False,False
818427,1099,Comedy,2020,False,False
810693,195870885,Animation,2020,False,False
919178,3,Adventure,2020,False,False
1172404,150,Horror,2020,False,False
673309,25000000,Drama,2020,True,False
1230779,423,Comedy,2020,False,False
968969,100,Romance,2020,False,False
821661,1906786,Comedy,2020,False,False
810407,861866,Comedy,2020,False,False
1021694,300,Romance,2020,False,False
1068096,50,Comedy,2020,False,False
814785,55540000,Action,2020,False,False
903125,72760000,Comedy,2020,False,False
839738,3839773,Family,2020,False,False
1509349,100,Comedy,2020,False,False
1204701,1,Drama,2020,True,False
1197452,6600,Crime,2020,False,False
923456,20,Drama,2020,True,False
522016,55700000,Action,2020,False,True
575322,211674,Science Fiction,2020,False,False
1103441,2000,Horror,2020,False,False
992354,1315,Comedy,2020,False,False
646385,140041405,Horror,2020,False,True
1000115,1000,Documentary,2020,False,False
656796,31512,Comedy,2020,False,False
760926,176048,Action,2020,False,False
1046118,1,Comedy,2020,False,False
860135,33311,Horror,2020,False,False
757999,3358402,Comedy,2020,False,False
845140,3285760,Comedy,2020,False,False
1461981,30,Comedy,2020,False,False
1014193,200,Thriller,2020,False,False
245842,2182492,Fantasy,2020,False,False
698508,9100000,Romance,2020,False,True
590164,200046,Horror,2020,False,False
953948,342322,Drama,2020,True,False
910896,5290213,Action,2020,False,False
734081,22065,Drama,2020,True,False
946261,5000,Drama,2020,True,False
573787,6019720,Drama,2020,True,False
952273,100,Drama,2020,True,False
814609,1500000,Drama,2020,True,False
591120,10247262,Action,2020,False,False
807070,222230,Drama,2020,True,False
557946,365644,Action,2020,False,False
1324994,957000000,Horror,2020,False,False
854426,46124,Drama,2020,True,False
803114,130493,Thriller,2020,False,False
661791,1817696,Drama,2020,True,False
1379093,250000,Drama,2020,True,False
1251260,2,Drama,2020,True,False
923403,500000,Music,2020,False,False
942626,15000,Family,2020,False,False
653053,1250,Crime,2020,False,False
915039,25140000,Animation,2020,False,False
656663,80340218,Comedy,2020,False,True
931404,146943587,Animation,2020,False,False
923192,393014816,Action,2020,False,False
827689,85365990,Romance,2020,False,False
799288,90120000,Drama,2020,True,False
928123,626203271,War,2020,False,False
931176,1785000,Comedy,2020,False,False
803266,211018982,Drama,2020,True,False
746333,7375119,Comedy,2020,False,False
811211,2440653,Romance,2020,False,False
776717,48389,Comedy,2020,False,False
406759,67295363,Science Fiction,2020,False,False
926771,1712634,Drama,2020,True,False
966270,1,Comedy,2020,False,False
938477,132367,Drama,2020,True,False
934972,10,Documentary,2020,False,False
932268,1,Crime,2020,False,False
505026,137307235,Mystery,2020,False,False
661605,1610009,Crime,2020,False,False
740460,2627605,Comedy,2020,False,False
615904,44000000,Romance,2020,False,True
335787,407141258,Action,2020,False,True
823625,15902207,Action,2020,False,True
723567,3945902,Drama,2020,True,False
940010,1,Documentary,2020,False,False
924984,4300000,Action,2020,False,False
1250779,100000,Adventure,2020,False,False
664731,500000,Drama,2020,True,False
892527,2551835,Adventure,2020,False,False
626735,84774243,Drama,2020,True,False
1413024,200000000,Thriller,2020,False,False
854006,2782770,Horror,2020,False,False
940716,1,Drama,2020,True,False
752564,5934907,Mystery,2020,False,False
895744,3000776,Horror,2020,False,False
801071,195189,Horror,2020,False,False
664332,25300000,Crime,2020,False,False
1023553,100,Family,2020,False,False
799876,4026709,Crime,2020,False,False
1267491,23500000,Action,2020,False,False
1250773,9000,Adventure,2020,False,False
1515475,100,Documentary,2020,False,False
414906,770945583,Crime,2020,False,True
660709,378956,Drama,2020,True,False
822258,124375,Documentary,2020,False,False
517302,490000,Horror,2020,False,False
876797,22456368,Drama,2020,True,False
1301492,11,Horror,2020,False,False
939237,6760000,Action,2020,False,False
913880,1000000,Action,2020,False,False
508947,18879922,Animation,2020,False,True
628900,2122288,Action,2020,False,False
978436,568828,Drama,2020,True,False
958087,150,Drama,2020,True,False
939984,32600000,Music,2020,False,False
964260,100,Drama,2020,True,False
763285,51783040,Thriller,2020,False,True
833339,623462,Drama,2020,True,False
760104,14779858,Horror,2020,False,False
914346,500,Family,2020,False,False
629542,250162278,Animation,2020,False,True
1231746,25707800,Drama,2020,True,False
864370,5700000,Horror,2020,False,False
996666,1770794,Comedy,2020,False,False
751237,2118582,Horror,2020,False,False
952662,2,Mystery,2020,False,False
1050715,10000000,Drama,2020,True,False
953763,1,Comedy,2020,False,False
629015,304106,Thriller,2020,False,False
597845,7523353,Comedy,2020,False,False
752623,192907684,Action,2020,False,True
579974,160000000,Action,2020,False,False
545611,139200000,Action,2020,False,False
1017528,1,Drama,2020,True,False
811631,1564696,Thriller,2020,False,False
978026,10000000,Comedy,2020,False,False
1250913,25,Horror,2020,False,False
771077,11196824,Comedy,2020,False,False
526896,167500000,Action,2020,False,True
956767,521,Drama,2020,True,False
1492382,2000,Romance,2020,False,False
883083,125000,Horror,2020,False,False
1198645,1000,Comedy,2020,False,False
1061215,1,Western,2020,False,False
1127007,3000000,Drama,2020,True,False
477462,492000,Horror,2020,False,False
338953,406950844,Fantasy,2020,False,True
639933,69633110,Action,2020,False,False
675353,405421518,Action,2020,False,True
838148,389447,Drama,2020,True,False
945607,3550053,Action,2020,False,False
968229,37,Documentary,2020,False,False
972802,7,War,2020,False,False
955935,1,Documentary,2020,False,False
1050614,10000000,Romance,2020,False,False
809140,21591034,Drama,2020,True,False
961999,30000,Horror,2020,False,False
777831,193908,Action,2020,False,False
1107682,10,Drama,2020,True,False
749026,4697273,Comedy,2020,False,False
587412,90410749,Action,2020,False,False
776501,96206,Drama,2020,True,False
962939,1,Adventure,2020,False,False
1162169,900000,Drama,2020,True,False
986304,10,Crime,2020,False,False
903939,40330183,Animation,2020,False,False
922705,5212123,Comedy,2020,False,False
648579,29116320,Action,2020,False,False
1064235,100000,Mystery,2020,False,False
626129,1300000,Thriller,2020,False,False
812320,2300000,Horror,2020,False,False
1416555,200000,Adventure,2020,False,False
1516338,457144,Music,2020,False,False
989218,16054,Comedy,2020,False,False
969175,1,Action,2020,False,False
1367658,10,Drama,2020,True,False
820446,88000000,Drama,2020,True,False
962931,43000,Thriller,2020,False,False
678287,1379888,Animation,2020,False,False
818397,13897255,Action,2020,False,False
1022261,100,Comedy,2020,False,False
883502,69075,Action,2020,False,False
992642,100,Action,2020,False,False
1153330,16,Horror,2020,False,False
453395,955775804,Fantasy,2020,False,False
895659,1512938,Drama,2020,True,False
1313709,1,Drama,2020,True,False
961386,6130000,Action,2020,False,False
893030,67083,Documentary,2020,False,False
975560,20000,Romance,2020,False,False
532710,15039250,Science Fiction,2020,False,True
1112416,2,Action,2020,False,False
961484,5950199,Action,2020,False,False
846528,2700000,Comedy,2020,False,False
811656,138450,Horror,2020,False,False
634429,33800000,Drama,2020,True,False
916405,1756887,Drama,2020,True,False
1413684,40,Drama,2020,True,False
852438,2046233,Horror,2020,False,False
619803,100130688,Action,2020,False,False
1004847,1,Drama,2020,True,False
959558,558917,Horror,2020,False,False
780609,7168717,Horror,2020,False,False
865686,21348,Comedy,2020,False,False
820067,17288993,Animation,2020,False,False
933554,1465513,Documentary,2020,False,False
836202,369419,Drama,2020,True,False
695962,22449857,Horror,2020,False,False
949273,1,Thriller,2020,False,False
361743,1488732821,Action,2020,False,True
819876,4400000,Horror,2020,False,False
979243,50,Crime,2020,False,False
504827,34148750,Animation,2020,False,False
1482734,10000,Action,2020,False,False
944045,1000000,Action,2020,False,False
1467261,1431140,Adventure,2020,False,False
669654,36452,Drama,2020,True,False
507086,1001978080,Adventure,2020,False,True
1144499,6000,Horror,2020,False,False
743563,54172014,Action,2020,False,False
986717,5000,Drama,2020,True,False
671109,182000,Drama,2020,True,False
1113305,6100,Action,2020,False,False
858015,58156,Horror,2020,False,False
919570,450255,Drama,2020,True,False
807356,2543216,Horror,2020,False,False
1465257,150,Comedy,2020,False,False
1220034,110,Comedy,2020,False,False
1072196,100,Horror,2020,False,False
736732,18632208,Drama,2020,True,False
660327,163473,Comedy,2020,False,False
816705,117510,Drama,2020,True,False
610150,86562140,Animation,2020,False,False
1220049,117,Family,2020,False,False
1405689,253,Science Fiction,2020,False,False
650034,1000,Drama,2020,True,False
718789,226425420,Animation,2020,False,True
1106435,1000,Action,2020,False,False
735697,2329813,Comedy,2020,False,False
615173,23068596,Action,2020,False,False
758330,7589829,Comedy,2020,False,False
846867,322619,Animation,2020,False,False
965132,707496,Music,2020,False,False
1037780,164313,Action,2020,False,False
893086,94909,Thriller,2020,False,False
1001212,1,Drama,2020,True,False
614934,288670284,Drama,2020,True,True
1436367,2,Horror,2020,False,False
756999,161440742,Horror,2020,False,True
1233925,20000000,Comedy,2020,False,False
1008660,500028,Drama,2020,True,False
988595,5283447,Action,2020,False,False
945664,253816909,Drama,2020,True,False
1029757,20000,Comedy,2020,False,False
869626,6000000,Animation,2020,False,False
1489477,3000,Documentary,2020,False,False
1175403,700000,Drama,2020,True,False
992119,65000,Documentary,2020,False,False
991805,10,Documentary,2020,False,False
438148,939628210,Animation,2020,False,True
705996,16914773,Thriller,2020,False,False
1371911,10000,Comedy,2020,False,False
1303856,1200,Crime,2020,False,False
607145,3900000,Drama,2020,True,False
916423,712069,Animation,2020,False,False
566466,7283918,Animation,2020,False,False
616037,760928081,Fantasy,2020,False,False
888321,3092534,Drama,2020,True,False
920736,3294,Action,2020,False,False
768757,1747438,Drama,2020,True,False
938008,595112,Action,2020,False,False
925102,3467232,Thriller,2020,False,False
725201,454023,Action,2020,False,False
1095181,220,Comedy,2020,False,False
889699,1252637,Crime,2020,False,False
1073594,200,Thriller,2020,False,False
682507,144353965,Drama,2020,True,False
366672,42500000,Animation,2020,False,True
1098640,1000,Documentary,2020,False,False
1285132,400,Horror,2020,False,False
1112708,4,Action,2020,False,False
852485,40958,Horror,2020,False,False
887109,839559,Crime,2020,False,False
754609,10370305,Drama,2020,True,False
961420,38258562,Action,2020,False,False
601796,12067556,Science Fiction,2020,False,False
848685,10238603,Thriller,2020,False,False
762504,170823080,Horror,2020,False,True
998757,345353,Drama,2020,True,False
995167,72,Drama,2020,True,False
1220069,80,Comedy,2020,False,False
539681,203000000,Animation,2020,False,True
760161,9572765,Horror,2020,False,False
1161695,10000,Thriller,2020,False,False
683340,4225720,Thriller,2020,False,False
945840,11795,Action,2020,False,False
801803,460300583,Science Fiction,2020,False,False
940417,2352175,Horror,2020,False,False
1243544,18797,Action,2020,False,False
1039028,2000,Drama,2020,True,False
626872,19200000,Action,2020,False,False
999786,1,Family,2020,False,False
718930,239268602,Action,2020,False,True
997658,386,Drama,2020,True,False
824281,13071438,Comedy,2020,False,True
1010163,100,Romance,2020,False,False
518896,100730000,Drama,2020,True,False
520023,13905020,Comedy,2020,False,False
971206,1000,Comedy,2020,False,False
900667,150797338,Animation,2020,False,False
1355087,6000,Drama,2020,True,False
1014066,500,Action,2020,False,False
760741,56000000,Thriller,2020,False,True
601635,16000000,Drama,2020,True,True
985939,16120263,Thriller,2020,False,False
862965,2157673,Crime,2020,False,False
863530,8824658,Comedy,2020,False,False
894762,10384945,Action,2020,False,False
974772,34450000,Drama,2020,True,False
1113129,6,Adventure,2020,False,False
976720,889529,Science Fiction,2020,False,False
1424861,15,Action,2020,False,False
1011736,420,Comedy,2020,False,False
844075,70826303,Animation,2020,False,False
1054103,163,Documentary,2020,False,False
1023410,200,Thriller,2020,False,False
1036620,1000000,Horror,2020,False,False
556694,20282422,Drama,2020,True,False
962558,785361,Drama,2020,True,False
744276,12467270,Romance,2020,False,False
830788,33628000,Horror,2020,False,False
1451477,3,Thriller,2020,False,False
988294,6815085,Action,2020,False,False
948333,42195,Thriller,2020,False,False
1073507,1400,Comedy,2020,False,False
1045906,1,Fantasy,2020,False,False
1276960,1300,Horror,2020,False,False
1046896,1100,Thriller,2020,False,False
1138308,1000,Comedy,2020,False,False
1010376,10,Comedy,2020,False,False
881212,21000,Horror,2020,False,False
999205,30556,Thriller,2020,False,False
993885,600108,Drama,2020,True,False
1010969,5000,Thriller,2020,False,False
1228598,3,Comedy,2020,False,False
1130493,1,Comedy,2020,False,False
848331,2144225,Comedy,2020,False,False
1036880,2500,Crime,2020,False,False
901944,739307,Comedy,2020,False,False
747803,30272,Action,2020,False,False
995546,1000000,Action,2020,False,False
1004452,50,Comedy,2020,False,False
635891,4717597,Comedy,2020,False,False
1037880,50,Horror,2020,False,False
915931,3614838,Drama,2020,True,False
852427,4283431,Thriller,2020,False,False
851800,9590000,Comedy,2020,False,False
925096,1046266,Drama,2020,True,False
810389,1946816,Science Fiction,2020,False,False
957325,1162077,Comedy,2020,False,False
840098,1641723,Drama,2020,True,False
1052940,1,Horror,2020,False,False
551271,4311284,Action,2020,False,False
1022364,100,Comedy,2020,False,False
800939,168763270,Comedy,2020,False,False
913290,45352337,Horror,2020,False,False
1024777,60000,Comedy,2020,False,False
1377841,100000,Thriller,2020,False,False
766475,21921551,Mystery,2020,False,False
975407,5021114,Drama,2020,True,False
1063561,5,Science Fiction,2020,False,False
1012907,10233276,Drama,2020,True,False
1451721,5000,Drama,2020,True,False
944945,723229,Comedy,2020,False,False
794842,2705228,Romance,2020,False,False
957457,10680627,Documentary,2020,False,False
1151456,6815,Drama,2020,True,False
717728,6175213,Horror,2020,False,False
724495,97250903,Action,2020,False,False
949423,9423445,Horror,2020,False,False
910371,3744712,Action,2020,False,False
855810,2035911,Comedy,2020,False,False
1201795,2878,Thriller,2020,False,False
1270723,44538,Animation,2020,False,False
724665,500000,Comedy,2020,False,False
942624,1445862,Drama,2020,True,False
1138899,11,Drama,2020,True,False
497828,24733572,Comedy,2020,False,False
1026837,800,Comedy,2020,False,False
619730,86669039,Thriller,2020,False,True
882598,216135048,Horror,2020,False,True
655322,46000,Drama,2020,True,True
817758,29182623,Drama,2020,True,False
903774,4000,Thriller,2020,False,False
658886,2000,Drama,2020,True,False
1066578,3,Drama,2020,True,False
664469,31245810,Mystery,2020,False,False
1022128,727153,Horror,2020,False,False
797840,1907869,Drama,2020,True,False
522925,471787,Drama,2020,True,False
714888,871621,Drama,2020,True,False
1028526,32850000,Drama,2020,True,False
961427,93434,Adventure,2020,False,False
614939,14800000,Comedy,2020,False,True
1028524,10,Documentary,2020,False,False
843380,81403,Western,2020,False,False
788734,1051375,Comedy,2020,False,False
818110,236328,Adventure,2020,False,False
947507,2013434,Animation,2020,False,False
1022145,236085820,Drama,2020,True,False
858485,60447800,Action,2020,False,False
1079419,372,Comedy,2020,False,False
1359008,1996,Horror,2020,False,False
914203,575385,Drama,2020,True,False
1022991,548974,Comedy,2020,False,False
1032151,11,Comedy,2020,False,False
747779,1380392,Drama,2020,True,False
823951,18114769,Crime,2020,False,False
335795,5000,Family,2020,False,False
848791,149441,Thriller,2020,False,False
663712,15065239,Horror,2020,False,False
1005548,460000,Comedy,2020,False,False
974521,1067495,Drama,2020,True,False
714339,1365839,Drama,2020,True,False
1018494,23000,War,2020,False,False
823147,27322,Drama,2020,True,False
1035490,89000000,Thriller,2020,False,False
830784,104088441,Comedy,2020,False,True
1031700,100000,Documentary,2020,False,False
848058,380512,Horror,2020,False,False
1144741,18000,Horror,2020,False,False
1169866,75455,Documentary,2020,False,False
1155942,150000,Drama,2020,True,False
1135944,25554,Animation,2020,False,False
616820,104361355,Horror,2020,False,True
919573,5175806,Comedy,2020,False,False
1175051,15,Animation,2020,False,False
875279,9692,Action,2020,False,False
681303,1819302,Animation,2020,False,False
987864,100,Documentary,2020,False,False
707103,1859871,History,2020,False,False
854239,8900000,Drama,2020,True,False
1037452,60,Drama,2020,True,False
1051467,663,Drama,2020,True,False
865498,7274076,Comedy,2020,False,False
1022072,4932514,Horror,2020,False,False
1313720,100,Horror,2020,False,False
436270,393252111,Action,2020,False,False
957461,281424,Drama,2020,True,False
674324,49262687,Drama,2020,True,False
886755,16059,Drama,2020,True,False
886083,1031519,Horror,2020,False,False
587092,27833,Action,2020,False,False
1270831,30000,Action,2020,False,False
965150,4785157,Drama,2020,True,False
1230302,127068796,Thriller,2020,False,False
676547,37655699,Horror,2020,False,False
788977,3646605,Thriller,2020,False,False
1041195,1200,Horror,2020,False,False
1051276,1,Drama,2020,True,False
912726,9598008,Drama,2020,True,False
1020776,2638057,Music,2020,False,False
1327143,1000,Documentary,2020,False,False
615952,6100000,Drama,2020,True,False
791333,4683403,Comedy,2020,False,False
1042407,60,Music,2020,False,False
703285,23071,Drama,2020,True,False
1254361,500,Drama,2020,True,False
1171357,100,Comedy,2020,False,False
1402460,500,Comedy,2020,False,False
892515,6667598,Drama,2020,True,False
901563,3129968,Drama,2020,True,False
760099,6999027,Drama,2020,True,False
1061329,256,Adventure,2020,False,False
910858,572062,Comedy,2020,False,False
742459,1800,Comedy,2020,False,False
1026563,1891519,Drama,2020,True,False
1040618,2376,Comedy,2020,False,False
1047900,574,Comedy,2020,False,False
1039135,166,Thriller,2020,False,False
1072173,1,Documentary,2020,False,False
1045722,1,Drama,2020,True,False
505642,859102154,Action,2020,False,False
1305464,469000000,Action,2020,False,False
806368,3564844,Drama,2020,True,False
1144957,1,Drama,2020,True,False
901358,1247507,Drama,2020,True,False
916224,321092572,Animation,2020,False,False
804095,45598614,Drama,2020,True,False
661374,13280000,Comedy,2020,False,False
1046735,75,Drama,2020,True,False
774548,6843970,Action,2020,False,False
823999,1228459,Crime,2020,False,False
593643,79628200,Comedy,2020,False,False
837881,10632378,Drama,2020,True,True
791177,14134907,Drama,2020,True,False
952701,1594998,Drama,2020,True,False
1020837,1000000,Action,2020,False,False
1051618,20000,Comedy,2020,False,False
1432672,300,Comedy,2020,False,False
1045416,10,Documentary,2020,False,False
1261537,3500,Drama,2020,True,False
971594,1461650,Drama,2020,True,False
1004663,894733,Documentary,2020,False,False
653851,20000000,War,2020,False,False
877269,73621640,Animation,2020,False,True
925943,823074,Drama,2020,True,False
799177,10911075,Comedy,2020,False,False
744594,71476,Comedy,2020,False,False
876792,11426555,Animation,2020,False,False
668482,35602350,Family,2020,False,False
899112,75734910,Action,2020,False,True
1056007,20000,Horror,2020,False,False
1034317,1,Documentary,2020,False,False
1048933,1,Horror,2020,False,False
783675,258000000,Animation,2020,False,False
1139554,10,Drama,2020,True,False
1055894,100,Mystery,2020,False,False
1052900,3834,Drama,2020,True,False
1060192,10,Drama,2020,True,False
1057854,1000,Drama,2020,True,False
315162,482129780,Animation,2020,False,True
1060559,20,Documentary,2020,False,False
1058724,500,Drama,2020,True,False
1105994,5,Western,2020,False,False
814757,11320643,Drama,2020,True,False
1020696,356840,Horror,2020,False,False
785084,55101305,Drama,2020,True,False
1059591,100,Drama,2020,True,False
1084788,10,Drama,2020,True,False
76600,2320250281,Science Fiction,2020,False,False
1155211,10000,Animation,2020,False,False
1076727,1,Documentary,2020,False,False
1058479,1457000,Comedy,2020,False,False
676710,21110363,Animation,2020,False,False
1052431,30,Comedy,2020,False,False
1464339,200,Horror,2020,False,False
696157,41000000,Music,2020,False,False
803700,9494985,Drama,2020,True,False
1371373,100,Horror,2020,False,False
615777,63363579,Drama,2020,True,True
1064596,1500000,Thriller,2020,False,False
1030613,1843824,Mystery,2020,False,False
1089934,1000,Drama,2020,True,False
999021,20000,Drama,2020,True,False
888234,14000000,Action,2020,False,False
777245,7589419,Drama,2020,True,False
804725,62655572,Mystery,2020,False,False
1230784,795,Comedy,2020,False,False
1066995,69,Comedy,2020,False,False
1474864,500,Comedy,2020,False,False
758009,4495365,Action,2020,False,False
937278,108961677,Comedy,2020,False,True
536554,179960167,Science Fiction,2020,False,True
1067585,10,Animation,2020,False,False
1335879,500,Crime,2020,False,False
1062371,45,Comedy,2020,False,False
1066166,120000,Drama,2020,True,False
850028,121067,Thriller,2020,False,False
739405,37846713,Action,2020,False,False
816904,34200000,Animation,2020,False,False
1150403,1500,Documentary,2020,False,False
1073636,150,Documentary,2020,False,False
1143404,2,Mystery,2020,False,False
1185432,100,Horror,2020,False,False
1260540,40,Comedy,2020,False,False
840111,279383,Drama,2020,True,False
1083159,1,Drama,2020,True,False
1072739,12,Drama,2020,True,False
1072571,11,Drama,2020,True,False
1204724,1,Drama,2020,True,False
1072677,100,Documentary,2020,False,False
646389,51000000,Action,2020,False,False
994143,2100000,Horror,2020,False,False
990140,159959,Action,2020,False,False
1189291,1,Comedy,2020,False,False
606400,13325763,Crime,2020,False,False
768362,45100756,Thriller,2020,False,False
1057478,230000,Drama,2020,True,False
1052025,3608,Comedy,2020,False,False
955659,5280000,Family,2020,False,False
1413957,20,Comedy,2020,False,False
990326,10000000,Drama,2020,True,False
895956,100772,Drama,2020,True,False
881201,2040000,Animation,2020,False,False
1266026,69,Documentary,2020,False,False
1077027,1,Horror,2020,False,False
1317765,4000,Documentary,2020,False,False
1135748,500,Comedy,2020,False,False
842675,604380922,Science Fiction,2020,False,False
1056567,720000,Drama,2020,True,False
1078044,70,Comedy,2020,False,False
1066298,673556758,Mystery,2020,False,False
1057856,5097243,Thriller,2020,False,False
855483,139083591,Drama,2020,True,False
667717,136090000,Animation,2020,False,False
1078012,221590000,Comedy,2020,False,False
864692,112000000,Action,2020,False,False
715385,1350807,Animation,2020,False,False
939338,4834952,Animation,2020,False,False
941488,11300000,Adventure,2020,False,True
800301,10898395,Romance,2020,False,False
1075587,809552,History,2020,False,False
1008903,3600000,Science Fiction,2020,False,False
667216,5078400,Horror,2020,False,False
980078,5200000,Horror,2020,False,False
972230,4393504,Drama,2020,True,False
840326,13009289,Action,2020,False,False
880100,2100000,Horror,2020,False,False
1336063,1000,Horror,2020,False,False
1253832,100,Horror,2020,False,False
631842,54708659,Thriller,2020,False,True
1063453,29291883,Music,2020,False,False
1074478,1000,Horror,2020,False,False
1073449,1050490,Horror,2020,False,False
942922,29637811,Comedy,2020,False,True
1185066,100,Thriller,2020,False,False
1123927,100000,Documentary,2020,False,False
1418167,456000000,Drama,2020,True,False
1281572,1,Comedy,2020,False,False
1165528,3000,Documentary,2020,False,False
1172745,10,Horror,2020,False,False
906221,52000000,Comedy,2020,False,True
1063197,1704030,Comedy,2020,False,False
884184,1504289,Horror,2020,False,False
1016084,2600000,Comedy,2020,False,False
1086635,10000,Drama,2020,True,False
1077310,8180000,Romance,2020,False,False
640146,476071180,Action,2020,False,False
844417,6262663,Mystery,2020,False,False
1087170,50000,Comedy,2020,False,False
1432675,1000,Mystery,2020,False,False
1089448,2,Drama,2020,True,False
1439454,1,War,2020,False,False
1124853,10,Music,2020,False,False
1376566,30000,Horror,2020,False,False
1215080,100000000,Drama,2020,True,False
1375956,30000,Animation,2020,False,False
1404481,31602,Horror,2020,False,False
804150,87649532,Thriller,2020,False,True
982858,83966,Drama,2020,True,False
719256,52300000,Drama,2020,True,False
996117,500000,Drama,2020,True,False
1090959,100,Animation,2020,False,False
876969,188292,Action,2020,False,False
1152567,150,Comedy,2020,False,False
1086400,10,Horror,2020,False,False
677179,275248615,Drama,2020,True,False
1487796,300000,Documentary,2020,False,False
1252397,20,Drama,2020,True,False
925714,3836554,Thriller,2020,False,False
816844,4354380,Drama,2020,True,False
459003,16858557,Animation,2020,False,False
700391,55000000,Science Fiction,2020,False,True
785759,537974,Horror,2020,False,False
1117415,1000,Animation,2020,False,False
1096649,175,Drama,2020,True,False
1071707,800000,Action,2020,False,False
1095510,20,Comedy,2020,False,False
838082,200,Drama,2020,True,False
977506,9693463,Comedy,2020,False,False
934433,168961389,Horror,2020,False,True
1073070,454339,Horror,2020,False,False
958196,170000,Drama,2020,True,False
933419,9263009,Comedy,2020,False,False
741602,9605591,Thriller,2020,False,False
945703,102500000,Comedy,2020,False,False
1102715,800,Comedy,2020,False,False
1136011,101,Drama,2020,True,False
594767,133437105,Comedy,2020,False,False
617882,2471778,Drama,2020,True,False
890203,4324164,Drama,2020,True,False
813477,14768529,Action,2020,False,False
1101662,31952141,Family,2020,False,False
1386319,576,Music,2020,False,False
1238095,3,Comedy,2020,False,False
603692,426978565,Action,2020,False,False
1175281,805,Crime,2020,False,False
868985,4155903,Drama,2020,True,False
493529,208177026,Adventure,2020,False,True
1101427,61,Drama,2020,True,False
1100271,8430000,History,2020,False,False
664412,8330000,Drama,2020,True,False
1449439,100,Documentary,2020,False,False
1250788,60000,Action,2020,False,False
1114112,15000,Comedy,2020,False,False
1106089,200,Documentary,2020,False,False
1106101,6,Comedy,2020,False,False
555285,21826840,Comedy,2020,False,False
1106208,10,Drama,2020,True,False
1439666,1,Drama,2020,True,False
899524,5000000,History,2020,False,False
1106853,10000,Comedy,2020,False,False
1215426,2,Music,2020,False,False
761851,11480048,Drama,2020,True,False
1004653,400000,Drama,2020,True,False
1107387,42423217,Drama,2020,True,False
1102763,1,Comedy,2020,False,False
1107177,100,Horror,2020,False,False
1096996,305526,Horror,2020,False,False
851977,9790000,Adventure,2020,False,False
1083160,3597587,Music,2020,False,False
1115909,4200,Romance,2020,False,False
1228457,4,Documentary,2020,False,False
1113094,18,Thriller,2020,False,False
964980,87078875,Drama,2020,True,False
502356,1355725263,Animation,2020,False,True
1093787,100,Horror,2020,False,False
758323,70204828,Horror,2020,False,False
796185,31165459,Action,2020,False,False
605886,200221,Crime,2020,False,False
821890,811467,Comedy,2020,False,False
1103591,3,Comedy,2020,False,False
931102,36232675,Action,2020,False,False
1008048,882348,Crime,2020,False,False
1317625,14,Action,2020,False,False
846961,37820,Romance,2020,False,False
649609,26348156,Comedy,2020,False,True
1084226,128759,Music,2020,False,False
1100690,524872,Music,2020,False,False
1175818,999999,Comedy,2020,False,False
713704,146733054,Thriller,2020,False,False
1112804,50,Documentary,2020,False,False
809787,3902761,Comedy,2020,False,False
1128689,1150,Drama,2020,True,False
1219975,50,Comedy,2020,False,False
846519,5240000,Drama,2020,True,False
913673,5433685,Horror,2020,False,False
798286,10000000,Comedy,2020,False,False
1168020,7500,Drama,2020,True,False
1290064,50,Drama,2020,True,False
1421922,9000,Comedy,2020,False,False
1116689,5,Horror,2020,False,False
882569,20000000,War,2020,False,False
1290554,3300,Thriller,2020,False,False
1123586,421796,Music,2020,False,False
844386,2305305,Horror,2020,False,False
1216632,6000,Drama,2020,True,False
1116056,4707,Fantasy,2020,False,False
812635,3000000,Music,2020,False,False
763261,383996,Music,2020,False,False
1053600,455912,Drama,2020,True,False
1116461,500,Documentary,2020,False,False
1038515,494402,Drama,2020,True,False
1152239,1,Comedy,2020,False,False
1293876,10000,Action,2020,False,False
1247477,200,Drama,2020,True,False
1337483,200,Romance,2020,False,False
636173,3890008,Comedy,2020,False,False
878361,3800000,Drama,2020,True,False
455476,6794519,Fantasy,2020,False,False
1077295,81250000,Comedy,2020,False,False
1119103,30,Comedy,2020,False,False
949698,5220000,Drama,2020,True,False
1012837,80504376,Drama,2020,True,False
1102833,1000,Comedy,2020,False,False
1230865,49835677,History,2020,False,False
1113803,200,Drama,2020,True,False
1204730,1,Drama,2020,True,False
1516296,21325600,Music,2020,False,False
447365,845430302,Science Fiction,2020,False,False
1132454,1,Comedy,2020,False,False
758336,10000000,Romance,2020,False,False
866440,24076520,Thriller,2020,False,False
1119487,300,Comedy,2020,False,False
1518784,53000,Action,2020,False,False
1413686,300,Documentary,2020,False,False
1165593,120,Horror,2020,False,False
1285592,100000000,Action,2020,False,False
536437,9464308,Mystery,2020,False,False
1125557,5,Drama,2020,True,False
1195361,25000,Drama,2020,True,False
982271,27849137,Comedy,2020,False,True
1313647,100,Drama,2020,True,False
1398174,51,Drama,2020,True,False
1129899,9000,Comedy,2020,False,False
1189582,1000000000,Drama,2020,True,False
385687,704709660,Action,2020,False,True
1294924,1500,Thriller,2020,False,False
1366473,1,Drama,2020,True,False
1511992,25000,Documentary,2020,False,False
1136447,100,Crime,2020,False,False
1136042,100,Horror,2020,False,False
447277,569244557,Adventure,2020,False,True
869612,563772,Drama,2020,True,False
1137733,300,Documentary,2020,False,False
1262469,444,Adventure,2020,False,False
1373291,2000,Drama,2020,True,False
1208885,32,Music,2020,False,False
1156815,150,Drama,2020,True,False
717930,3000000,Action,2020,False,False
1137028,1000000,Comedy,2020,False,False
890215,5000000,Comedy,2020,False,False
1007276,1000,Drama,2020,True,False
1111277,200,Science Fiction,2020,False,False
1077701,1,Drama,2020,True,False
1134091,1,Music,2020,False,False
1133893,10,Adventure,2020,False,False
1436845,3,Adventure,2020,False,False
569094,683241751,Animation,2020,False,True
1220084,102,Comedy,2020,False,False
1133226,6000,Comedy,2020,False,False
532408,66978229,Horror,2020,False,False
1138820,200,Drama,2020,True,False
666277,6000000,Drama,2020,True,False
1370294,1500,Drama,2020,True,False
1276629,98,Action,2020,False,False
1136360,7,Crime,2020,False,False
1136380,7,Crime,2020,False,False
1137109,1,Comedy,2020,False,False
667538,429800000,Action,2020,False,True
1139005,69,Drama,2020,True,False
1288815,25,Drama,2020,True,False
1504415,5,Comedy,2020,False,False
747188,47281670,Comedy,2020,False,False
1145172,24,Action,2020,False,False
1140128,10,Documentary,2020,False,False
1097990,7259,Comedy,2020,False,False
1262046,8,History,2020,False,False
1148518,20,Comedy,2020,False,False
1188974,400,Action,2020,False,False
298618,268375616,Action,2020,False,True
1140548,200000,Comedy,2020,False,False
976573,486797988,Animation,2020,False,True
884605,82995526,Comedy,2020,False,True
1008392,16000000,Horror,2020,False,False
1185706,25000,Drama,2020,True,False
1219784,106460919,Action,2020,False,False
734253,43000000,Action,2020,False,False
1202615,10000,Action,2020,False,False
1151741,525,Drama,2020,True,False
1142816,3,Mystery,2020,False,False
1215432,2,Music,2020,False,False
1084660,3882855,Comedy,2020,False,False
1425939,300,Horror,2020,False,False
1108211,334039200,Mystery,2020,False,False
966576,107398,Adventure,2020,False,False
1117561,120,Drama,2020,True,False
1446258,200,Horror,2020,False,False
864168,11000000,Comedy,2020,False,False
1083862,53929,Animation,2020,False,False
1145614,5,Documentary,2020,False,False
625767,102,Music,2020,False,False
460686,80,Music,2020,False,False
1144858,20,Science Fiction,2020,False,False
1220098,176,Comedy,2020,False,False
1040148,43716515,Animation,2020,False,True
1005685,4074922,Comedy,2020,False,False
335977,382891104,Adventure,2020,False,False
898673,62578,Drama,2020,True,False
1032048,3800000,Action,2020,False,False
1026961,2122023,Romance,2020,False,False
1113286,5000,Action,2020,False,False
1354237,25,Documentary,2020,False,False
1114972,145000,Documentary,2020,False,False
1137945,1,Action,2020,False,False
1237130,10,Adventure,2020,False,False
678512,212587173,Action,2020,False,False
1185296,8000000,Comedy,2020,False,False
614479,185582093,Horror,2020,False,False
496450,36010829,Animation,2020,False,False
1142382,4600,Drama,2020,True,False
977770,310746,Drama,2020,True,False
1322265,20535,Animation,2020,False,False
575264,563148955,Action,2020,False,True
1149302,400,Documentary,2020,False,False
1246980,6956,Thriller,2020,False,False
877250,2700000,Comedy,2020,False,False
508883,55121616,Animation,2020,False,False
1510662,40000,Documentary,2020,False,False
1157900,50000,Horror,2020,False,False
1112755,4,Action,2020,False,False
1398188,15,Drama,2020,True,False
1226559,500,Documentary,2020,False,False
872585,933700000,Drama,2020,True,True
346698,1428545028,Comedy,2020,False,False
709631,5569593,Horror,2020,False,False
856289,357736908,Action,2020,False,False
1147777,3800000,Comedy,2020,False,False
1194067,30,Thriller,2020,False,False
1155122,20,Crime,2020,False,False
1143417,2,Music,2020,False,False
1233668,5,Thriller,2020,False,False
1263254,200,Thriller,2020,False,False
616747,91000000,Fantasy,2020,False,True
1008042,72600000,Horror,2020,False,False
1262776,32,Comedy,2020,False,False
1154172,200,Drama,2020,True,False
1142350,1000,Drama,2020,True,False
1079221,1100000,Romance,2020,False,False
1227653,423629,Documentary,2020,False,False
1004683,30189,Documentary,2020,False,False
614930,172000000,Animation,2020,False,True
640380,1750,Drama,2020,True,False
1158749,10,Western,2020,False,False
615656,384056482,Action,2020,False,True
1171001,366934,Comedy,2020,False,False
1018754,666482,Comedy,2020,False,False
1121612,464012225,Drama,2020,True,False
1161398,8385,Drama,2020,True,False
1167114,45,Thriller,2020,False,False
635910,21576744,Thriller,2020,False,False
980489,114800000,Action,2020,False,True
1072371,2000000,Science Fiction,2020,False,False
1414528,3500,Horror,2020,False,False
1163740,50,Comedy,2020,False,False
1164726,3,Romance,2020,False,False
1167494,700,Comedy,2020,False,False
1423405,432,Mystery,2020,False,False
1165578,2500,Romance,2020,False,False
1201104,30,Action,2020,False,False
1166652,3150,Crime,2020,False,False
565770,124818235,Action,2020,False,True
1136562,100,Documentary,2020,False,False
1173804,500,Romance,2020,False,False
912908,32000000,Comedy,2020,False,True
1269211,91838,Animation,2020,False,False
1166984,878,Action,2020,False,False
1187133,300,Drama,2020,True,False
1197212,50,Horror,2020,False,False
1169272,50,Drama,2020,True,False
1193656,50,Horror,2020,False,False
1155943,10,Documentary,2020,False,False
1248313,1330,Documentary,2020,False,False
762430,12905464,Action,2020,False,False
1161406,16367572,Action,2020,False,False
814776,11600000,Comedy,2020,False,False
1048522,281126,Comedy,2020,False,False
1174526,55,Fantasy,2020,False,False
1360538,5,Documentary,2020,False,False
1331514,1,Thriller,2020,False,False
926393,158300000,Action,2020,False,True
1251432,403331,Animation,2020,False,False
965489,6400000,Romance,2020,False,False
1220059,98,Comedy,2020,False,False
1171369,51,Documentary,2020,False,False
1189285,1,Comedy,2020,False,False
796224,1000,Drama,2020,True,False
1174229,1,Documentary,2020,False,False
968051,231200000,Horror,2020,False,False
1024773,4800000,Horror,2020,False,False
1001811,34900000,Romance,2020,False,False
872906,128690264,Action,2020,False,False
1439914,100,Comedy,2020,False,False
1056133,2210000,Animation,2020,False,False
1391457,3000,Documentary,2020,False,False
1018490,100,Comedy,2020,False,False
1115222,420,Comedy,2020,False,False
1177383,20,Romance,2020,False,False
1265236,150,Thriller,2020,False,False
1177058,100,Documentary,2020,False,False
820525,3280152,Romance,2020,False,False
945729,89800000,Mystery,2020,False,False
958006,476375,Crime,2020,False,False
299054,15000000,Action,2020,False,False
953062,1000,Documentary,2020,False,False
1166535,8324,Documentary,2020,False,False
1167689,60,Drama,2020,True,False
1422679,50,Thriller,2020,False,False
1182302,10000,Comedy,2020,False,False
1234711,10000,Drama,2020,True,False
1186026,20,Horror,2020,False,False
893723,47400000,Animation,2020,False,True
1172381,27438,Documentary,2020,False,False
1180708,100,Horror,2020,False,False
1129199,380754,Documentary,2020,False,False
1182818,6,Drama,2020,True,False
1432437,50,Drama,2020,True,False
1162330,20,Horror,2020,False,False
1191988,120,Music,2020,False,False
951491,29300000,Crime,2020,False,False
1182190,143,Drama,2020,True,False
1032194,5000000,Drama,2020,True,False
1185489,2,Drama,2020,True,False
1073088,9852,Drama,2020,True,False
1488896,3,Horror,2020,False,False
1223349,15000,Drama,2020,True,False
1197898,1000,Comedy,2020,False,False
1193811,20000,Adventure,2020,False,False
1194763,70000,Documentary,2020,False,False
1286009,1000000000,Adventure,2020,False,False
1367856,10,Horror,2020,False,False
1426301,72000,Action,2020,False,False
1222627,10,Music,2020,False,False
1188617,1,Comedy,2020,False,False
1246351,4,Action,2020,False,False
1189018,4,Comedy,2020,False,False
1193596,100,Science Fiction,2020,False,False
1192676,200,Horror,2020,False,False
1194800,50000,Documentary,2020,False,False
1190183,5,Comedy,2020,False,False
1372792,1,Documentary,2020,False,False
1373716,450,Horror,2020,False,False
1192198,1,Action,2020,False,False
1287764,700,Science Fiction,2020,False,False
1354080,1,Horror,2020,False,False
1191130,500,Comedy,2020,False,False
1488903,2,Horror,2020,False,False
1370282,2000,Documentary,2020,False,False
1501829,1000,Action,2020,False,False
1413853,5,Horror,2020,False,False
1193739,7,Thriller,2020,False,False
1239092,1,Horror,2020,False,False
1428383,2500,Documentary,2020,False,False
1262476,200,Adventure,2020,False,False
1511199,10000,Music,2020,False,False
1194177,233,Comedy,2020,False,False
1383054,5,Thriller,2020,False,False
1286020,1000000000,Adventure,2020,False,False
1216203,123,Comedy,2020,False,False
1198245,1000,Fantasy,2020,False,False
1198982,5,Horror,2020,False,False
1426939,5,Horror,2020,False,False
1273375,723,Horror,2020,False,False
1200560,1,Documentary,2020,False,False
1503963,36,Action,2020,False,False
1425464,13574,Action,2020,False,False
1201025,1,Action,2020,False,False
1202560,10000,Comedy,2020,False,False
1268409,2000,Thriller,2020,False,False
1455123,400,Science Fiction,2020,False,False
1231262,72394200,History,2020,False,False
1204732,1,Drama,2020,True,False
1235708,2000,Drama,2020,True,False
1260786,500,Documentary,2020,False,False
1335873,200,Thriller,2020,False,False
1227018,5000,Documentary,2020,False,False
1209984,170,Horror,2020,False,False
1210350,12000000,Action,2020,False,True
1249827,1000,Action,2020,False,False
1272305,1000,Comedy,2020,False,False
1211602,1000000,Horror,2020,False,False
1413691,360,Documentary,2020,False,False
1213329,200,Drama,2020,True,False
1340879,100000,Music,2020,False,False
1292188,100000,Romance,2020,False,False
1391235,50,Documentary,2020,False,False
1217333,12,Drama,2020,True,False
1212090,200,Action,2020,False,False
1277446,200,Music,2020,False,False
1301551,21,Thriller,2020,False,False
1258023,1,Horror,2020,False,False
1356750,12,Comedy,2020,False,False
1286155,10000,Documentary,2020,False,False
1245955,5,Thriller,2020,False,False
1269765,30000,Horror,2020,False,False
1219499,689365,Music,2020,False,False
1219493,1,Comedy,2020,False,False
1220780,2,Comedy,2020,False,False
1314756,1000,Horror,2020,False,False
1496315,100,Drama,2020,True,False
1201464,50,Science Fiction,2020,False,False
1403347,1000,Horror,2020,False,False
1223057,194,Drama,2020,True,False
1223356,5,Comedy,2020,False,False
1335840,2000,Thriller,2020,False,False
1212759,120,Horror,2020,False,False
1318142,1,Drama,2020,True,False
1238997,5,Comedy,2020,False,True
