id,revenue,decade,production_companies,top_genre_decade,top_genre_production
24099,12145169.0,1980,20th Century Fox,False,False
43471,2736400.0,1940,20th Century Fox,True,True
2661,3900000.0,1960,20th Century Fox,False,False
118908,2736400.0,1940,20th Century Fox,False,False
1152855,141383274.5,2000,20th Century Fox,False,False
2161,12000000.0,1960,20th Century Fox,False,False
165165,2736400.0,1940,20th Century Fox,False,False
9902,28650575.0,2000,20th Century Fox,False,False
237334,2736400.0,1940,20th Century Fox,True,True
20000,2736400.0,1940,20th Century Fox,False,False
52270,2736400.0,1940,20th Century Fox,False,False
116014,7754571.0,1980,20th Century Fox,True,True
25498,2736400.0,1940,20th Century Fox,True,True
36658,407711549.0,2000,20th Century Fox,False,False
108032,2736400.0,1940,20th Century Fox,False,False
26286,3000000.0,1940,20th Century Fox,True,True
21336,2736400.0,1940,20th Century Fox,True,True
375916,141383274.5,2000,20th Century Fox,False,False
490865,2736400.0,1940,20th Century Fox,True,True
5923,20000000.0,1960,20th Century Fox,True,True
247728,2736400.0,1940,20th Century Fox,True,True
241909,2736400.0,1940,20th Century Fox,True,True
61436,2736400.0,1940,20th Century Fox,True,True
9616,11560806.0,2000,20th Century Fox,False,True
29237,2736400.0,1940,20th Century Fox,True,True
4932,5000000.0,1960,20th Century Fox,False,False
261182,14427221.625,1960,20th Century Fox,False,False
8698,179265204.0,2000,20th Century Fox,False,False
464779,141383274.5,2000,20th Century Fox,True,False
254138,2736400.0,1940,20th Century Fox,True,True
149414,2736400.0,1940,20th Century Fox,False,False
242177,3712166.6666666665,1940,20th Century Fox,False,False
17963,110293402.1388889,2000,20th Century Fox,True,False
181537,3712166.6666666665,1940,20th Century Fox,False,False
18926,3712166.6666666665,1940,20th Century Fox,True,True
23728,14807337.8,1960,20th Century Fox,False,False
2103,30002758.0,2000,20th Century Fox,False,True
20481,8862354.0,1990,20th Century Fox,False,False
1840,3712166.6666666665,1940,20th Century Fox,False,False
39287,14807337.8,1960,20th Century Fox,False,False
18200,3712166.6666666665,1940,20th Century Fox,False,False
111042,3712166.6666666665,1940,20th Century Fox,False,False
1486488,3712166.6666666665,1940,20th Century Fox,False,False
445164,14807337.8,1960,20th Century Fox,False,False
1257696,3712166.6666666665,1940,20th Century Fox,False,False
12090,101564935.0,2000,20th Century Fox,True,False
9480,179179718.0,2000,20th Century Fox,False,False
242749,2736400.0,1940,20th Century Fox,True,True
36645,14807337.8,1960,20th Century Fox,False,False
19728,14807337.8,1960,20th Century Fox,True,True
56135,2736400.0,1940,20th Century Fox,True,True
60778,2346150.0,1990,20th Century Fox,True,False
3088,2750000.0,1940,20th Century Fox,True,True
113003,2736400.0,1940,20th Century Fox,False,False
129422,2736400.0,1940,20th Century Fox,False,False
3001,4400000.0,1960,20th Century Fox,False,False
24621,6126237.0,2000,20th Century Fox,True,False
13435,23367586.0,2000,20th Century Fox,False,True
45256,8000000.0,1960,20th Century Fox,False,False
8619,212011111.0,2000,20th Century Fox,False,True
249,160188546.0,1980,20th Century Fox,True,True
116755,2655944.4444444445,1940,20th Century Fox,True,True
254618,2655944.4444444445,1940,20th Century Fox,False,False
352719,2655944.4444444445,1940,20th Century Fox,False,False
259593,2655944.4444444445,1940,20th Century Fox,False,False
168380,14427221.625,1960,20th Century Fox,False,False
16081,9000000.0,1960,20th Century Fox,False,False
108205,2655944.4444444445,1940,20th Century Fox,False,False
58732,2655944.4444444445,1940,20th Century Fox,False,False
3055,50000000.0,1960,20th Century Fox,True,True
10591,31635150.0,2000,20th Century Fox,True,False
42321,2655944.4444444445,1940,20th Century Fox,True,True
342852,13537924.8,1960,20th Century Fox,False,False
18805,14427221.625,1960,20th Century Fox,True,True
469170,13537924.8,1960,20th Century Fox,False,False
77123,2655944.4444444445,1940,20th Century Fox,True,True
52827,2655944.4444444445,1940,20th Century Fox,True,True
435,552639571.0,2000,20th Century Fox,False,False
30177,2655944.4444444445,1940,20th Century Fox,True,True
10875,18428904.0,1980,20th Century Fox,True,True
8920,200804534.0,2000,20th Century Fox,True,False
35849,1798500.0,1940,20th Century Fox,False,False
9472,167722310.0,2000,20th Century Fox,True,False
3040,50336279.0,2000,20th Century Fox,False,False
2048,347234916.0,2000,20th Century Fox,False,False
85847,13537924.8,1960,20th Century Fox,False,False
42636,6500000.0,1960,20th Century Fox,True,True
871,32589624.0,1960,20th Century Fox,True,True
522357,2736400.0,1940,20th Century Fox,False,False
26204,14427221.625,1960,20th Century Fox,False,False
495172,162889622.15789473,2000,20th Century Fox,False,False
43472,2736400.0,1940,20th Century Fox,False,False
117394,2655944.4444444445,1940,20th Century Fox,False,False
17645,2655944.4444444445,1940,20th Century Fox,True,True
24130,11000000.0,1960,20th Century Fox,False,False
1792,65784503.0,2000,20th Century Fox,True,False
43537,2655944.4444444445,1940,20th Century Fox,False,False
27945,12000000.0,1960,20th Century Fox,False,False
26243,1500000.0,1940,20th Century Fox,False,False
107973,2655944.4444444445,1940,20th Century Fox,True,True
11007,190212113.0,2000,20th Century Fox,True,False
274773,162889622.15789473,2000,20th Century Fox,False,False
4886,1000000.0,1940,20th Century Fox,True,True
242621,2655944.4444444445,1940,20th Century Fox,True,True
520263,78746674.6521739,1980,20th Century Fox,False,False
42295,2500000.0,1940,20th Century Fox,True,True
27686,2655944.4444444445,1940,20th Century Fox,False,False
42702,14427221.625,1960,20th Century Fox,False,False
16784,14000000.0,2000,20th Century Fox,True,False
42407,1200000.0,1960,20th Century Fox,False,False
43915,14427221.625,1960,20th Century Fox,True,True
170568,2655944.4444444445,1940,20th Century Fox,True,True
32330,78746674.6521739,1980,20th Century Fox,True,False
117959,2655944.4444444445,1940,20th Century Fox,True,True
188116,2655944.4444444445,1940,20th Century Fox,True,True
142629,2655944.4444444445,1940,20th Century Fox,False,False
1483933,2655944.4444444445,1940,20th Century Fox,False,False
20483,16951702.0,2000,20th Century Fox,False,False
193310,1470009.0,1940,20th Century Fox,True,True
37964,27362712.0,2000,20th Century Fox,True,False
238913,3712166.6666666665,1940,20th Century Fox,True,True
9086,59000000.0,1990,20th Century Fox,False,False
131472,3626000.0,1940,20th Century Fox,True,True
143170,3626000.0,1940,20th Century Fox,False,False
380382,3626000.0,1940,20th Century Fox,False,False
315530,3626000.0,1940,20th Century Fox,False,False
201074,3626000.0,1940,20th Century Fox,False,False
62694,3626000.0,1940,20th Century Fox,True,True
824,179213434.0,2000,20th Century Fox,False,True
10808,176104344.0,2000,20th Century Fox,True,False
32560,21915360.5,1960,20th Century Fox,False,False
218212,3626000.0,1940,20th Century Fox,True,True
20362,3626000.0,1940,20th Century Fox,True,True
33115,3626000.0,1940,20th Century Fox,False,False
64158,21915360.5,1960,20th Century Fox,True,True
112705,3626000.0,1940,20th Century Fox,False,False
2140,64437847.0,2000,20th Century Fox,False,False
869,362211740.0,2000,20th Century Fox,False,False
52278,3626000.0,1940,20th Century Fox,False,False
9548,20423389.0,1990,20th Century Fox,True,False
52906,21915360.5,1960,20th Century Fox,False,False
155685,21915360.5,1960,20th Century Fox,False,False
10696,5271666.0,2000,20th Century Fox,False,True
546769,115729753.31428571,2000,20th Century Fox,False,False
36336,3626000.0,1940,20th Century Fox,True,True
10604,9000000.0,1960,20th Century Fox,True,True
12103,100020092.0,2000,20th Century Fox,False,False
30624,3626000.0,1940,20th Century Fox,True,True
36814,3626000.0,1940,20th Century Fox,True,True
59820,90233038.10714285,1990,20th Century Fox,False,True
20638,3626000.0,1940,20th Century Fox,False,False
53613,2684857.1428571427,1940,20th Century Fox,True,True
20003,2684857.1428571427,1940,20th Century Fox,True,True
111752,21915360.5,1960,20th Century Fox,True,True
3072,334748.0,1990,20th Century Fox,False,False
4958,39459427.0,2000,20th Century Fox,False,True
88288,1850000.0,1940,20th Century Fox,False,False
56131,2889000.0,1940,20th Century Fox,False,False
64378,2684857.1428571427,1940,20th Century Fox,False,False
10173,46044400.0,1990,20th Century Fox,False,False
8859,73180723.0,2000,20th Century Fox,True,False
151138,21915360.5,1960,20th Century Fox,True,True
8358,429632142.0,2000,20th Century Fox,False,True
20309,12320393.0,2000,20th Century Fox,True,False
77012,2684857.1428571427,1940,20th Century Fox,False,False
118905,2684857.1428571427,1940,20th Century Fox,False,False
146818,2684857.1428571427,1940,20th Century Fox,True,True
2990,55000000.0,1990,20th Century Fox,False,False
103930,2684857.1428571427,1940,20th Century Fox,False,False
164073,2684857.1428571427,1940,20th Century Fox,True,True
379,5080409.0,1990,20th Century Fox,False,True
768,74558115.0,2000,20th Century Fox,False,False
45578,2684857.1428571427,1940,20th Century Fox,True,True
199727,2684857.1428571427,1940,20th Century Fox,False,False
120481,2684857.1428571427,1940,20th Century Fox,True,True
23685,5409517.0,2000,20th Century Fox,True,False
124250,21915360.5,1960,20th Century Fox,True,True
11826,115729753.31428571,2000,20th Century Fox,True,True
490872,3712166.6666666665,1940,20th Century Fox,False,False
10299,4000000.0,1960,20th Century Fox,True,True
26747,3626000.0,1940,20th Century Fox,False,False
33667,7800000.0,1940,20th Century Fox,True,True
477982,33377946.681818184,1980,20th Century Fox,False,False
271827,3712166.6666666665,1940,20th Century Fox,True,True
47923,3712166.6666666665,1940,20th Century Fox,False,False
180,358372926.0,2000,20th Century Fox,False,False
104720,3712166.6666666665,1940,20th Century Fox,True,True
19169,3712166.6666666665,1940,20th Century Fox,True,True
24731,90233038.10714285,1990,20th Century Fox,True,False
217155,3712166.6666666665,1940,20th Century Fox,True,True
21972,110293402.1388889,2000,20th Century Fox,True,False
42737,60769269.833333336,1960,20th Century Fox,True,True
21454,3712166.6666666665,1940,20th Century Fox,False,False
16643,16872671.0,2000,20th Century Fox,True,True
108506,60769269.833333336,1960,20th Century Fox,True,True
4147,181001478.0,2000,20th Century Fox,False,True
36815,4000000.0,1960,20th Century Fox,True,True
346985,3712166.6666666665,1940,20th Century Fox,False,False
65403,90233038.10714285,1990,20th Century Fox,False,True
51207,3712166.6666666665,1940,20th Century Fox,True,True
1230975,60769269.833333336,1960,20th Century Fox,False,False
10243,60769269.833333336,1960,20th Century Fox,True,True
20616,34411240.0,2000,20th Century Fox,False,False
11881,2700000.0,1940,20th Century Fox,True,True
28594,110293402.1388889,2000,20th Century Fox,False,False
44868,3712166.6666666665,1940,20th Century Fox,False,False
22292,3712166.6666666665,1940,20th Century Fox,True,True
106825,3712166.6666666665,1940,20th Century Fox,False,False
1573,240031094.0,1990,20th Century Fox,False,False
21876,60769269.833333336,1960,20th Century Fox,False,False
11560,63781810.0,2000,20th Century Fox,False,True
9889,141069860.0,2000,20th Century Fox,True,False
95358,2000000.0,1960,20th Century Fox,False,False
241280,3626000.0,1940,20th Century Fox,False,False
18985,3626000.0,1940,20th Century Fox,True,True
189084,60769269.833333336,1960,20th Century Fox,False,False
11469,33422806.0,2000,20th Century Fox,True,False
8007,91753202.0,2000,20th Century Fox,False,True
797406,60769269.833333336,1960,20th Century Fox,False,False
154066,3626000.0,1940,20th Century Fox,False,False
197279,3626000.0,1940,20th Century Fox,False,False
12312,24516772.0,2000,20th Century Fox,True,True
42734,60769269.833333336,1960,20th Century Fox,False,False
10338,29950000.0,1960,20th Century Fox,False,False
11891,110293402.1388889,2000,20th Century Fox,True,False
76211,3626000.0,1940,20th Century Fox,False,False
41599,3626000.0,1940,20th Century Fox,False,False
140402,60769269.833333336,1960,20th Century Fox,False,False
26038,3626000.0,1940,20th Century Fox,True,True
15121,286214286.0,1960,20th Century Fox,True,True
218213,3626000.0,1940,20th Century Fox,False,False
292190,60769269.833333336,1960,20th Century Fox,False,False
465462,3626000.0,1940,20th Century Fox,True,True
425,383257136.0,2000,20th Century Fox,True,False
38340,60769269.833333336,1960,20th Century Fox,True,True
44534,3712166.6666666665,1940,20th Century Fox,False,False
20301,3712166.6666666665,1940,20th Century Fox,True,True
148493,3626000.0,1940,20th Century Fox,True,True
10687,148701.0,2000,20th Century Fox,False,True
18050,1470009.0,1940,20th Century Fox,True,True
247515,1470009.0,1940,20th Century Fox,True,True
15213,16627188.0,2000,20th Century Fox,True,False
18100,2970000.0,1940,20th Century Fox,False,False
99237,2970000.0,1940,20th Century Fox,True,True
99212,2970000.0,1940,20th Century Fox,False,False
43524,2970000.0,1940,20th Century Fox,False,False
112493,2970000.0,1940,20th Century Fox,True,True
389326,2970000.0,1940,20th Century Fox,False,False
7512,495303.0,2000,20th Century Fox,True,False
209454,29041229.285714287,1970,20th Century Fox,True,True
217035,2970000.0,1940,20th Century Fox,False,False
13495,23321954.0,2000,20th Century Fox,False,False
43781,2970000.0,1940,20th Century Fox,True,True
99234,2970000.0,1940,20th Century Fox,True,True
106228,2970000.0,1940,20th Century Fox,False,False
84085,2970000.0,1940,20th Century Fox,True,True
98257,2970000.0,1940,20th Century Fox,True,True
61524,2970000.0,1940,20th Century Fox,False,False
27655,2970000.0,1940,20th Century Fox,True,True
43521,2970000.0,1940,20th Century Fox,False,False
9726,42064105.0,2000,20th Century Fox,True,True
35940,152441279.91666666,2000,20th Century Fox,False,False
121384,29041229.285714287,1970,20th Century Fox,True,True
8975,22165608.0,2000,20th Century Fox,False,False
98241,2970000.0,1940,20th Century Fox,True,True
98256,2970000.0,1940,20th Century Fox,False,False
97821,2970000.0,1940,20th Century Fox,False,False
146439,2970000.0,1940,20th Century Fox,True,True
218302,2970000.0,1940,20th Century Fox,True,True
27459,29041229.285714287,1970,20th Century Fox,False,False
11951,72266306.0,1970,20th Century Fox,True,True
36611,4843583.333333333,1940,20th Century Fox,True,True
113534,4843583.333333333,1940,20th Century Fox,True,True
322441,4843583.333333333,1940,20th Century Fox,False,False
980,4843583.333333333,1940,20th Century Fox,True,True
36668,459359555.0,2000,20th Century Fox,False,False
111183,4843583.333333333,1940,20th Century Fox,False,False
36823,4843583.333333333,1940,20th Century Fox,True,True
282859,152441279.91666666,2000,20th Century Fox,False,False
806,119975084.0,2000,20th Century Fox,False,False
303139,35117203.11111111,1970,20th Century Fox,True,True
9513,141702264.0,2000,20th Century Fox,True,False
17978,35117203.11111111,1970,20th Century Fox,True,True
43784,2970000.0,1940,20th Century Fox,False,False
111333,4843583.333333333,1940,20th Century Fox,True,True
350,326706115.0,2000,20th Century Fox,True,True
50747,2970000.0,1940,20th Century Fox,False,False
1428590,152441279.91666666,2000,20th Century Fox,False,False
109640,2970000.0,1940,20th Century Fox,True,True
52983,1400000.0,1940,20th Century Fox,True,True
8491,30218387.0,1980,20th Century Fox,True,False
29882,5727000.0,1940,20th Century Fox,True,True
28558,2970000.0,1940,20th Century Fox,False,False
9293,68844775.0,2000,20th Century Fox,True,False
1277013,29041229.285714287,1970,20th Century Fox,False,False
99845,2970000.0,1940,20th Century Fox,False,False
58035,2970000.0,1940,20th Century Fox,True,True
944954,152441279.91666666,2000,20th Century Fox,False,False
26655,152441279.91666666,2000,20th Century Fox,True,False
10005,152441279.91666666,2000,20th Century Fox,False,False
40158,29041229.285714287,1970,20th Century Fox,False,False
89907,2970000.0,1940,20th Century Fox,True,True
9760,86865564.0,2000,20th Century Fox,True,False
44530,2970000.0,1940,20th Century Fox,True,True
110191,2970000.0,1940,20th Century Fox,False,False
111073,2970000.0,1940,20th Century Fox,False,False
51137,207721571.575,2000,20th Century Fox,True,False
1051,41158757.0,1970,20th Century Fox,False,False
161172,2970000.0,1940,20th Century Fox,False,False
10090,20342161.0,2000,20th Century Fox,True,False
30648,29041229.285714287,1970,20th Century Fox,False,False
56558,5364627.6,1940,20th Century Fox,True,True
287952,29041229.285714287,1970,20th Century Fox,False,False
29328,2970000.0,1940,20th Century Fox,False,False
84465,29041229.285714287,1970,20th Century Fox,False,False
96136,5364627.6,1940,20th Century Fox,True,True
325014,5364627.6,1940,20th Century Fox,False,False
490669,5364627.6,1940,20th Century Fox,False,False
80702,5364627.6,1940,20th Century Fox,False,False
17038,207721571.575,2000,20th Century Fox,False,False
45215,5364627.6,1940,20th Century Fox,True,True
106823,32731719.222222224,1970,20th Century Fox,True,True
337375,5364627.6,1940,20th Century Fox,False,False
46059,3500000.0,1970,20th Century Fox,False,False
21600,5364627.6,1940,20th Century Fox,False,False
43266,6000000.0,1940,20th Century Fox,True,True
389075,5364627.6,1940,20th Century Fox,False,False
154306,5364627.6,1940,20th Century Fox,False,False
396676,2970000.0,1940,20th Century Fox,True,True
1534,30822861.0,2000,20th Century Fox,False,False
97583,2970000.0,1940,20th Century Fox,True,True
496,262552893.0,2000,20th Century Fox,True,False
42062,2970000.0,1940,20th Century Fox,True,True
171435,152441279.91666666,2000,20th Century Fox,False,False
98239,2970000.0,1940,20th Century Fox,False,False
97776,2970000.0,1940,20th Century Fox,False,False
490708,2970000.0,1940,20th Century Fox,False,False
110628,2970000.0,1940,20th Century Fox,True,True
1687,12348905.0,1970,20th Century Fox,False,False
27554,29041229.285714287,1970,20th Century Fox,True,True
109933,2970000.0,1940,20th Century Fox,False,False
106060,2970000.0,1940,20th Century Fox,False,False
27307,1642239.0,1980,20th Century Fox,True,False
490706,2970000.0,1940,20th Century Fox,True,True
490707,2970000.0,1940,20th Century Fox,False,False
319983,2970000.0,1940,20th Century Fox,False,False
176087,29041229.285714287,1970,20th Century Fox,False,False
150587,29041229.285714287,1970,20th Century Fox,False,False
446188,2970000.0,1940,20th Century Fox,False,False
2486,249288105.0,2000,20th Century Fox,False,False
79887,2970000.0,1940,20th Century Fox,False,False
446191,2970000.0,1940,20th Century Fox,False,False
43783,2970000.0,1940,20th Century Fox,False,False
2028,20036737.0,1980,20th Century Fox,True,True
398764,2970000.0,1940,20th Century Fox,True,True
57684,2970000.0,1940,20th Century Fox,False,False
1593,574480841.0,2000,20th Century Fox,True,False
5745,29041229.285714287,1970,20th Century Fox,True,True
396561,162889622.15789473,2000,20th Century Fox,True,False
31770,4843583.333333333,1940,20th Century Fox,False,False
37412,1700000.0,1950,20th Century Fox,False,False
1439520,155557248.7837838,2000,20th Century Fox,False,False
262927,34541747.0,1960,20th Century Fox,False,False
116750,1470009.0,1940,20th Century Fox,True,True
9947,56681566.0,2000,20th Century Fox,False,False
11096,127369981.0,2000,20th Century Fox,False,False
153498,1470009.0,1940,20th Century Fox,False,False
264573,1470009.0,1940,20th Century Fox,True,True
107353,34541747.0,1960,20th Century Fox,False,False
18611,155557248.7837838,2000,20th Century Fox,True,False
17880,32645546.0,2000,20th Century Fox,True,True
364738,1470009.0,1940,20th Century Fox,False,False
43502,1470009.0,1940,20th Century Fox,False,False
218105,1470009.0,1940,20th Century Fox,True,True
9928,262511490.0,2000,20th Century Fox,True,False
92863,1470009.0,1940,20th Century Fox,True,True
43499,1470009.0,1940,20th Century Fox,True,True
280039,34541747.0,1960,20th Century Fox,False,False
106821,1470009.0,1940,20th Century Fox,False,False
211816,900000.0,1960,20th Century Fox,True,True
1495,218122627.0,2000,20th Century Fox,False,True
14566,33004.0,2000,20th Century Fox,False,False
60550,1470009.0,1940,20th Century Fox,True,True
42609,34541747.0,1960,20th Century Fox,True,True
787,487287646.0,2000,20th Century Fox,True,True
18972,34541747.0,1960,20th Century Fox,False,False
43504,1470009.0,1940,20th Century Fox,True,True
61411,34541747.0,1960,20th Century Fox,True,True
13321,1000000.0,1940,20th Century Fox,True,True
15045,48563556.0,2000,20th Century Fox,True,False
11866,21009180.0,2000,20th Century Fox,False,True
395,177427090.0,2000,20th Century Fox,False,False
41857,12000000.0,1960,20th Century Fox,False,False
193311,1470009.0,1940,20th Century Fox,False,False
587872,1470009.0,1940,20th Century Fox,False,False
15644,16796512.0,2000,20th Century Fox,False,True
218092,1470009.0,1940,20th Century Fox,True,True
280134,2600000.0,1960,20th Century Fox,True,True
345550,13537924.8,1960,20th Century Fox,False,False
1939,2000000.0,1940,20th Century Fox,True,True
32969,13537924.8,1960,20th Century Fox,True,True
193313,1470009.0,1940,20th Century Fox,False,False
118900,1470009.0,1940,20th Century Fox,False,False
67220,1750000.0,1960,20th Century Fox,False,False
73737,1470009.0,1940,20th Century Fox,False,False
11045,71255003.0,2000,20th Century Fox,True,False
52959,14000000.0,1960,20th Century Fox,True,True
26690,13537924.8,1960,20th Century Fox,True,True
211775,13537924.8,1960,20th Century Fox,False,False
42630,13537924.8,1960,20th Century Fox,True,True
141955,13537924.8,1960,20th Century Fox,False,False
642,102308889.0,1960,20th Century Fox,False,False
145436,34541747.0,1960,20th Century Fox,False,False
5179,34541747.0,1960,20th Century Fox,True,True
37308,34541747.0,1960,20th Century Fox,False,False
84084,2000000.0,1940,20th Century Fox,True,True
41064,34541747.0,1960,20th Century Fox,False,False
162236,1470009.0,1940,20th Century Fox,False,False
10025,38159905.0,2000,20th Century Fox,True,True
587885,1470009.0,1940,20th Century Fox,False,False
9738,333535934.0,2000,20th Century Fox,False,False
651,81600000.0,1970,20th Century Fox,True,True
2269,42918532.0,2000,20th Century Fox,False,False
180114,4843583.333333333,1940,20th Century Fox,True,True
9900,6538177.0,2000,20th Century Fox,True,False
18727,4843583.333333333,1940,20th Century Fox,True,True
358048,4843583.333333333,1940,20th Century Fox,True,True
43513,4843583.333333333,1940,20th Century Fox,False,False
1685,18999718.0,1970,20th Century Fox,False,False
4296,78746674.6521739,1980,20th Century Fox,False,False
12096,158851357.0,2000,20th Century Fox,True,False
69204,3305000.0,1940,20th Century Fox,False,False
40973,3000000.0,1970,20th Century Fox,True,True
9641,129181830.0,2000,20th Century Fox,True,False
1864,35117203.11111111,1970,20th Century Fox,False,False
18992,4843583.333333333,1940,20th Century Fox,True,True
950,660998756.0,2000,20th Century Fox,True,False
5722,40000000.0,1970,20th Century Fox,True,True
9044,28000000.0,2000,20th Century Fox,False,True
269739,4843583.333333333,1940,20th Century Fox,True,True
26852,4843583.333333333,1940,20th Century Fox,True,True
2756,90000098.0,1980,20th Century Fox,False,False
58076,4843583.333333333,1940,20th Century Fox,True,True
36862,152441279.91666666,2000,20th Century Fox,False,False
74012,4843583.333333333,1940,20th Century Fox,True,True
5820,78810595.0,2000,20th Century Fox,False,False
183053,35117203.11111111,1970,20th Century Fox,False,False
71098,4843583.333333333,1940,20th Century Fox,False,False
29094,1470009.0,1940,20th Century Fox,False,False
43520,4843583.333333333,1940,20th Century Fox,False,False
291891,4843583.333333333,1940,20th Century Fox,False,False
7233,16809014.0,2000,20th Century Fox,True,False
98248,34541747.0,1960,20th Century Fox,True,True
69847,1470009.0,1940,20th Century Fox,True,True
14030,33208099.0,1960,20th Century Fox,False,False
577792,4843583.333333333,1940,20th Century Fox,True,True
61742,34541747.0,1960,20th Century Fox,True,True
22744,4843583.333333333,1940,20th Century Fox,True,True
67967,4843583.333333333,1940,20th Century Fox,False,False
43516,4843583.333333333,1940,20th Century Fox,True,True
1019250,155557248.7837838,2000,20th Century Fox,False,False
17186,3344431.0,2000,20th Century Fox,False,True
75892,78746674.6521739,1980,20th Century Fox,False,True
17952,155557248.7837838,2000,20th Century Fox,True,True
84481,35117203.11111111,1970,20th Century Fox,True,True
69017,4843583.333333333,1940,20th Century Fox,False,False
47599,155557248.7837838,2000,20th Century Fox,False,False
261077,4843583.333333333,1940,20th Century Fox,True,True
184957,4843583.333333333,1940,20th Century Fox,True,True
121678,155557248.7837838,2000,20th Century Fox,False,False
8066,8342132.0,2000,20th Century Fox,False,True
43510,4843583.333333333,1940,20th Century Fox,True,True
11165,37150000.0,1970,20th Century Fox,True,True
78237,155557248.7837838,2000,20th Century Fox,True,True
226013,4843583.333333333,1940,20th Century Fox,True,True
45817,35117203.11111111,1970,20th Century Fox,True,True
252708,35117203.11111111,1970,20th Century Fox,True,True
11202,89800000.0,1970,20th Century Fox,True,True
1979,301913131.0,2000,20th Century Fox,False,False
217190,2684857.1428571427,1940,20th Century Fox,False,False
23567,2684857.1428571427,1940,20th Century Fox,False,False
4809,5533333.333333333,1950,20th Century Fox,True,True
9070,66400000.0,1990,20th Century Fox,False,False
11472,138510230.0,1990,20th Century Fox,True,False
10206,16624456.0,1990,20th Century Fox,True,False
53939,2400000.0,1960,20th Century Fox,True,True
255620,5533333.333333333,1950,20th Century Fox,True,True
188752,2400000.0,1960,20th Century Fox,False,False
790628,5533333.333333333,1950,20th Century Fox,True,True
26258,7919823.0,1990,20th Century Fox,True,False
149116,5533333.333333333,1950,20th Century Fox,False,False
82203,5533333.333333333,1950,20th Century Fox,True,True
615754,88720477.33333333,1990,20th Century Fox,False,False
39695,5533333.333333333,1950,20th Century Fox,True,True
37317,5000000.0,1950,20th Century Fox,False,False
63618,4000000.0,1950,20th Century Fox,True,True
24014,2400000.0,1960,20th Century Fox,False,False
53879,5533333.333333333,1950,20th Century Fox,True,True
206070,2400000.0,1960,20th Century Fox,True,True
131758,5533333.333333333,1950,20th Century Fox,False,False
43327,5533333.333333333,1950,20th Century Fox,True,True
118697,2400000.0,1960,20th Century Fox,False,False
20942,1700000.0,1950,20th Century Fox,True,True
281,7959291.0,1990,20th Century Fox,False,True
10653,12000000.0,1950,20th Century Fox,False,False
44888,5533333.333333333,1950,20th Century Fox,True,True
461102,88720477.33333333,1990,20th Century Fox,False,False
39472,94922520.66666667,1990,20th Century Fox,True,False
33218,5533333.333333333,1950,20th Century Fox,True,True
76269,5533333.333333333,1950,20th Century Fox,True,True
9560,50012507.0,1990,20th Century Fox,False,True
26036,11080727.25,1950,20th Century Fox,True,True
10510,46264384.0,1990,20th Century Fox,False,True
16520,21300000.0,1950,20th Century Fox,True,True
15139,13670688.0,1990,20th Century Fox,False,False
23719,5777916.0,1990,20th Century Fox,True,False
9361,75505856.0,1990,20th Century Fox,False,True
301917,2400000.0,1960,20th Century Fox,True,True
64129,11080727.25,1950,20th Century Fox,True,True
13153,14356479.0,1990,20th Century Fox,False,False
71171,11080727.25,1950,20th Century Fox,False,False
82311,2400000.0,1960,20th Century Fox,True,True
107625,11080727.25,1950,20th Century Fox,False,False
141723,11080727.25,1950,20th Century Fox,False,False
102293,11080727.25,1950,20th Century Fox,True,True
1150895,66.0,1990,20th Century Fox,False,False
27985,88720477.33333333,1990,20th Century Fox,False,True
28290,11080727.25,1950,20th Century Fox,True,True
43042,2400000.0,1960,20th Century Fox,True,True
220614,11080727.25,1950,20th Century Fox,True,True
30528,88720477.33333333,1990,20th Century Fox,True,False
15375,2400000.0,1960,20th Century Fox,True,True
6071,14942422.0,1990,20th Century Fox,False,True
28100,11080727.25,1950,20th Century Fox,False,False
2982,2400000.0,1960,20th Century Fox,False,False
1572,366101666.0,1990,20th Century Fox,False,False
129156,11080727.25,1950,20th Century Fox,True,True
130933,11080727.25,1950,20th Century Fox,True,True
359195,2400000.0,1960,20th Century Fox,False,False
2613,22697691.0,1990,20th Century Fox,True,True
39834,5533333.333333333,1950,20th Century Fox,True,True
200386,4489890.166666667,1950,20th Century Fox,False,False
602,817400891.0,1990,20th Century Fox,False,False
43332,4489890.166666667,1950,20th Century Fox,False,False
10684,100860818.0,1990,20th Century Fox,False,True
255083,5000000.0,1960,20th Century Fox,True,True
490919,4489890.166666667,1950,20th Century Fox,False,False
10158,90753806.0,1990,20th Century Fox,True,True
41503,4489890.166666667,1950,20th Century Fox,True,True
240050,4489890.166666667,1950,20th Century Fox,False,False
1936,4489890.166666667,1950,20th Century Fox,False,False
12123,60209334.0,1990,20th Century Fox,False,True
107053,5000000.0,1960,20th Century Fox,False,False
36191,4489890.166666667,1950,20th Century Fox,False,False
65994,3373.0,1950,20th Century Fox,False,False
82937,5000000.0,1960,20th Century Fox,True,True
336326,5000000.0,1960,20th Century Fox,False,False
76372,4489890.166666667,1950,20th Century Fox,True,True
476907,132132182.09677419,1990,20th Century Fox,False,False
9591,34585416.0,1990,20th Century Fox,True,True
294513,4489890.166666667,1950,20th Century Fox,False,False
210808,5000000.0,1960,20th Century Fox,True,True
42314,132132182.09677419,1990,20th Century Fox,False,False
23097,4489890.166666667,1950,20th Century Fox,True,True
389293,5000000.0,1960,20th Century Fox,False,False
41776,94922520.66666667,1990,20th Century Fox,True,True
454,147298761.0,1990,20th Century Fox,False,True
10377,64088552.0,1990,20th Century Fox,True,False
6523,2400000.0,1960,20th Century Fox,False,False
243017,4489890.166666667,1950,20th Century Fox,False,False
24973,15000000.0,1950,20th Century Fox,True,True
45136,5533333.333333333,1950,20th Century Fox,True,True
31357,81452156.0,1990,20th Century Fox,True,True
17637,5533333.333333333,1950,20th Century Fox,True,True
127064,5533333.333333333,1950,20th Century Fox,False,False
137343,5533333.333333333,1950,20th Century Fox,True,True
168408,2400000.0,1960,20th Century Fox,True,True
1406446,94922520.66666667,1990,20th Century Fox,False,False
119252,5533333.333333333,1950,20th Century Fox,True,True
8077,159773545.0,1990,20th Century Fox,False,False
17414,132132182.09677419,1990,20th Century Fox,True,False
362557,2400000.0,1960,20th Century Fox,True,True
18639,2000000.0,1960,20th Century Fox,False,False
74074,4489890.166666667,1950,20th Century Fox,False,False
21468,4489890.166666667,1950,20th Century Fox,False,False
9101,132132182.09677419,1990,20th Century Fox,True,False
245385,4489890.166666667,1950,20th Century Fox,False,False
43333,4489890.166666667,1950,20th Century Fox,True,True
358623,4489890.166666667,1950,20th Century Fox,False,False
44052,4489890.166666667,1950,20th Century Fox,False,False
825678,94922520.66666667,1990,20th Century Fox,True,False
108668,4489890.166666667,1950,20th Century Fox,False,False
113843,4489890.166666667,1950,20th Century Fox,True,True
42328,4489890.166666667,1950,20th Century Fox,False,False
8866,3407.0,1990,20th Century Fox,True,False
20759,132132182.09677419,1990,20th Century Fox,True,True
18495,6132924.0,1990,20th Century Fox,True,False
9208,150270147.0,1990,20th Century Fox,False,False
47199,132132182.09677419,1990,20th Century Fox,False,True
24047,79336177.54054055,1990,20th Century Fox,False,True
64605,2400000.0,1960,20th Century Fox,False,False
15797,3283371.0,1990,20th Century Fox,False,False
66748,65744090.5,1990,20th Century Fox,False,False
125420,14266666.666666666,1950,20th Century Fox,False,False
462683,14266666.666666666,1950,20th Century Fox,False,False
98508,14266666.666666666,1950,20th Century Fox,True,True
145865,14266666.666666666,1950,20th Century Fox,True,True
11815,3000000.0,1950,20th Century Fox,True,True
336290,7575000.0,1950,20th Century Fox,False,False
85718,14266666.666666666,1950,20th Century Fox,True,True
115549,7575000.0,1950,20th Century Fox,True,True
243248,14266666.666666666,1950,20th Century Fox,False,False
61564,14266666.666666666,1950,20th Century Fox,False,False
45520,14266666.666666666,1950,20th Century Fox,True,True
275496,14266666.666666666,1950,20th Century Fox,False,False
40085,14266666.666666666,1950,20th Century Fox,True,True
277513,7575000.0,1950,20th Century Fox,False,False
9272,60613008.0,1990,20th Century Fox,False,True
57664,14266666.666666666,1950,20th Century Fox,False,False
462222,7575000.0,1950,20th Century Fox,False,False
279388,7575000.0,1950,20th Century Fox,False,False
271561,7575000.0,1950,20th Century Fox,True,True
40739,14266666.666666666,1950,20th Century Fox,True,True
239605,14266666.666666666,1950,20th Century Fox,False,False
17352,36800000.0,1950,20th Century Fox,False,False
11041,65744090.5,1990,20th Century Fox,True,False
243412,14266666.666666666,1950,20th Century Fox,True,True
101288,14266666.666666666,1950,20th Century Fox,True,True
788,441286195.0,1990,20th Century Fox,True,True
130980,7575000.0,1950,20th Century Fox,False,False
7007,107198790.0,1990,20th Century Fox,False,True
71140,65744090.5,1990,20th Century Fox,False,False
35921,7575000.0,1950,20th Century Fox,True,True
159615,7575000.0,1950,20th Century Fox,True,True
2576,7575000.0,1950,20th Century Fox,True,True
131785,7575000.0,1950,20th Century Fox,True,True
38749,5145823.0,1990,20th Century Fox,True,True
243497,7575000.0,1950,20th Century Fox,True,True
11528,34348444.0,1990,20th Century Fox,True,False
137826,7575000.0,1950,20th Century Fox,False,False
199072,7575000.0,1950,20th Century Fox,True,True
9255,133752825.0,1990,20th Century Fox,True,False
111678,14266666.666666666,1950,20th Century Fox,False,False
1644,14543394.0,1990,20th Century Fox,False,True
32049,6500000.0,1990,20th Century Fox,False,False
124233,14266666.666666666,1950,20th Century Fox,False,False
169922,14266666.666666666,1950,20th Century Fox,False,False
21845,56500758.0,1990,20th Century Fox,True,False
38126,7575000.0,1950,20th Century Fox,False,False
329443,14266666.666666666,1950,20th Century Fox,False,False
142339,14266666.666666666,1950,20th Century Fox,True,True
37123,14266666.666666666,1950,20th Century Fox,False,False
686515,65744090.5,1990,20th Century Fox,True,False
75799,14266666.666666666,1950,20th Century Fox,True,True
8005,35739755.0,1990,20th Century Fox,True,False
490961,14266666.666666666,1950,20th Century Fox,False,False
65590,14266666.666666666,1950,20th Century Fox,True,True
37451,14266666.666666666,1950,20th Century Fox,True,True
24010,7270000.0,1950,20th Century Fox,True,True
134774,14266666.666666666,1950,20th Century Fox,True,True
41651,5086909.0,1990,20th Century Fox,False,False
772,358994850.0,1990,20th Century Fox,True,False
490951,2792724.0,1950,20th Century Fox,False,False
158715,2792724.0,1950,20th Century Fox,False,False
11212,16671505.0,1990,20th Century Fox,True,True
37596,2792724.0,1950,20th Century Fox,True,True
71144,2792724.0,1950,20th Century Fox,True,True
36955,378882411.0,1990,20th Century Fox,False,False
83354,2792724.0,1950,20th Century Fox,False,False
37103,2792724.0,1950,20th Century Fox,True,True
26255,754935.0,1990,20th Century Fox,True,False
104719,2792724.0,1950,20th Century Fox,False,False
13595,5751882.0,1990,20th Century Fox,True,False
152992,1750000.0,1950,20th Century Fox,True,True
793553,2400000.0,1960,20th Century Fox,False,False
18780,2400000.0,1960,20th Century Fox,True,True
38171,4300000.0,1950,20th Century Fox,True,True
9369,79336177.54054055,1990,20th Century Fox,True,False
42839,11080727.25,1950,20th Century Fox,False,False
35233,79336177.54054055,1990,20th Century Fox,True,False
247691,11080727.25,1950,20th Century Fox,True,True
39833,9000000.0,1950,20th Century Fox,True,True
94257,11080727.25,1950,20th Century Fox,True,True
84567,1520000.0,1950,20th Century Fox,True,True
121899,11080727.25,1950,20th Century Fox,False,False
44921,11080727.25,1950,20th Century Fox,False,False
36760,2400000.0,1960,20th Century Fox,True,True
36288,94922520.66666667,1990,20th Century Fox,False,True
168338,7575000.0,1950,20th Century Fox,True,True
1637,350448145.0,1990,20th Century Fox,False,False
37373,5000000.0,1950,20th Century Fox,True,True
15876,2792724.0,1950,20th Century Fox,False,False
10410,94922520.66666667,1990,20th Century Fox,False,False
28285,2792724.0,1950,20th Century Fox,True,True
239175,7575000.0,1950,20th Century Fox,False,False
43236,2792724.0,1950,20th Century Fox,True,True
52367,2792724.0,1950,20th Century Fox,False,False
134773,2792724.0,1950,20th Century Fox,False,False
106833,3700000.0,1950,20th Century Fox,True,True
57103,7575000.0,1950,20th Century Fox,True,True
11597,23278931.0,1990,20th Century Fox,True,False
110671,2792724.0,1950,20th Century Fox,True,True
79730,2792724.0,1950,20th Century Fox,True,True
11571,10000000.0,1950,20th Century Fox,False,False
10694,8009329.0,1990,20th Century Fox,True,False
14837,6344.0,1950,20th Century Fox,False,False
148784,7575000.0,1950,20th Century Fox,True,True
25190,2792724.0,1950,20th Century Fox,True,True
11853,15240435.0,1990,20th Century Fox,False,False
47925,7575000.0,1950,20th Century Fox,True,True
24203,2792724.0,1950,20th Century Fox,False,False
37124,2792724.0,1950,20th Century Fox,False,False
127769,2792724.0,1950,20th Century Fox,False,False
208650,7575000.0,1950,20th Century Fox,False,False
37086,2792724.0,1950,20th Century Fox,True,True
14425,4350774.0,1990,20th Century Fox,True,False
8356,3800000.0,1950,20th Century Fox,True,True
490954,2792724.0,1950,20th Century Fox,True,True
25971,2684857.1428571427,1940,20th Century Fox,True,True
47173,15701000.0,1950,20th Century Fox,True,True
22734,15701000.0,1950,20th Century Fox,True,True
129437,4498500.0,1950,20th Century Fox,False,False
29577,4498500.0,1950,20th Century Fox,False,False
9289,50100000.0,1960,20th Century Fox,True,True
25330,4603929.0,1990,20th Century Fox,True,False
83683,4498500.0,1950,20th Century Fox,True,True
54139,4498500.0,1950,20th Century Fox,True,True
43011,5450000.0,1960,20th Century Fox,True,True
43380,4498500.0,1950,20th Century Fox,False,False
72687,4498500.0,1950,20th Century Fox,True,True
38351,4498500.0,1950,20th Century Fox,False,False
10212,2000000.0,1990,20th Century Fox,False,True
81305,4498500.0,1950,20th Century Fox,True,True
28434,4498500.0,1950,20th Century Fox,True,True
39306,4498500.0,1950,20th Century Fox,False,False
8374,50000000.0,1990,20th Century Fox,False,False
346993,4498500.0,1950,20th Century Fox,False,False
44890,4498500.0,1950,20th Century Fox,True,True
38766,4498500.0,1950,20th Century Fox,True,True
242968,4113000.0,1950,20th Century Fox,False,False
1542,12827813.0,1990,20th Century Fox,True,False
9079,82264675.0,1990,20th Century Fox,False,True
98912,4113000.0,1950,20th Century Fox,False,False
2611,25092802.0,1990,20th Century Fox,True,False
11355,84565230.0,1990,20th Century Fox,True,True
34376,3752426.0,1990,20th Century Fox,True,False
74512,4113000.0,1950,20th Century Fox,True,True
68238,4498500.0,1950,20th Century Fox,True,True
111732,4113000.0,1950,20th Century Fox,False,False
9882,116672912.0,1990,20th Century Fox,False,True
42996,16887500.0,1960,20th Century Fox,False,False
846,189198313.0,1990,20th Century Fox,False,False
69784,4498500.0,1950,20th Century Fox,True,True
26205,4498500.0,1950,20th Century Fox,True,True
16089,4498500.0,1950,20th Century Fox,True,True
3050,294456605.0,1990,20th Century Fox,True,False
422130,16887500.0,1960,20th Century Fox,True,True
828,1850000.0,1950,20th Century Fox,True,True
544,369884651.0,1990,20th Century Fox,True,False
23152,4498500.0,1950,20th Century Fox,True,True
290,6153939.0,1990,20th Century Fox,True,True
9454,65705772.0,1990,20th Century Fox,True,True
279630,4498500.0,1950,20th Century Fox,True,True
927830,79458206.375,1990,20th Century Fox,True,False
245297,4498500.0,1950,20th Century Fox,False,False
42567,4498500.0,1950,20th Century Fox,True,True
33644,37672350.0,1990,20th Century Fox,True,True
62483,4498500.0,1950,20th Century Fox,False,False
40642,4498500.0,1950,20th Century Fox,False,False
173797,4498500.0,1950,20th Century Fox,True,True
17976,16887500.0,1960,20th Century Fox,False,False
43882,4498500.0,1950,20th Century Fox,True,True
39345,92218382.43243243,1990,20th Century Fox,False,False
9595,181096164.0,1990,20th Century Fox,True,False
45581,4498500.0,1950,20th Century Fox,False,False
85615,16887500.0,1960,20th Century Fox,True,True
245108,4498500.0,1950,20th Century Fox,True,True
19972,16887500.0,1960,20th Century Fox,False,False
24002,4498500.0,1950,20th Century Fox,True,True
103119,4113000.0,1950,20th Century Fox,False,False
126596,4113000.0,1950,20th Century Fox,True,True
27001,4113000.0,1950,20th Century Fox,True,True
214463,4113000.0,1950,20th Century Fox,False,False
96255,4113000.0,1950,20th Century Fox,True,True
162,53000000.0,1990,20th Century Fox,False,True
45241,71000000.0,1960,20th Century Fox,False,False
54615,4113000.0,1950,20th Century Fox,False,False
255429,4113000.0,1950,20th Century Fox,False,False
10564,33771174.0,2000,20th Century Fox,True,True
169,57120318.0,1990,20th Century Fox,False,False
29106,4113000.0,1950,20th Century Fox,True,True
9600,173959438.0,2000,20th Century Fox,True,False
15497,3225000.0,1940,20th Century Fox,True,True
110669,2039000.0,1950,20th Century Fox,False,False
7450,36754634.0,2000,20th Century Fox,False,False
53833,2684857.1428571427,1940,20th Century Fox,False,False
177870,2684857.1428571427,1940,20th Century Fox,False,False
36657,296339527.0,2000,20th Century Fox,False,False
241497,2684857.1428571427,1940,20th Century Fox,True,True
44533,2684857.1428571427,1940,20th Century Fox,True,True
260681,2684857.1428571427,1940,20th Century Fox,False,False
2655,291420351.0,2000,20th Century Fox,False,True
108231,2684857.1428571427,1940,20th Century Fox,False,False
62727,2684857.1428571427,1940,20th Century Fox,True,True
20025,2684857.1428571427,1940,20th Century Fox,True,True
771,476684675.0,1990,20th Century Fox,True,False
1208029,21915360.5,1960,20th Century Fox,False,False
2123,149270999.0,2000,20th Century Fox,True,False
705,8400000.0,1950,20th Century Fox,True,True
33839,4113000.0,1950,20th Century Fox,True,True
37468,4113000.0,1950,20th Century Fox,True,True
217185,4113000.0,1950,20th Century Fox,False,False
102144,4113000.0,1950,20th Century Fox,False,False
29475,79458206.375,1990,20th Century Fox,False,True
76011,4113000.0,1950,20th Century Fox,True,True
98216,71000000.0,1960,20th Century Fox,False,False
44398,4113000.0,1950,20th Century Fox,False,False
17707,10115013.0,1990,20th Century Fox,False,True
28433,4113000.0,1950,20th Century Fox,True,True
15771,79458206.375,1990,20th Century Fox,False,True
37292,4113000.0,1950,20th Century Fox,False,False
32078,4113000.0,1950,20th Century Fox,False,False
171660,106229839.85714285,1990,20th Century Fox,False,True
7442,174999005.0,1990,20th Century Fox,False,True
173662,4113000.0,1950,20th Century Fox,False,False
14429,22593409.0,1990,20th Century Fox,True,True
17221,4113000.0,1950,20th Century Fox,True,True
550,100853753.0,1990,20th Century Fox,False,True
1849,71000000.0,1960,20th Century Fox,True,True
17409,4113000.0,1950,20th Century Fox,False,False
369132,71000000.0,1960,20th Century Fox,True,True
21349,18653615.0,1990,20th Century Fox,True,True
19119,4113000.0,1950,20th Century Fox,True,True
142286,4113000.0,1950,20th Century Fox,False,False
8095,71000000.0,1960,20th Century Fox,True,True
170343,71000000.0,1960,20th Century Fox,True,True
136772,4113000.0,1950,20th Century Fox,False,False
214265,71000000.0,1960,20th Century Fox,False,False
243001,15701000.0,1950,20th Century Fox,False,False
188520,4498500.0,1950,20th Century Fox,True,True
256426,16887500.0,1960,20th Century Fox,True,True
25955,15701000.0,1950,20th Century Fox,False,False
89158,15701000.0,1950,20th Century Fox,True,True
99898,15701000.0,1950,20th Century Fox,True,True
36554,15701000.0,1950,20th Century Fox,True,True
80138,15701000.0,1950,20th Century Fox,False,False
18080,141474200.29411766,1990,20th Century Fox,True,False
465516,5000000.0,1960,20th Century Fox,False,False
16535,4905000.0,1950,20th Century Fox,True,True
9413,44332015.0,1990,20th Century Fox,True,False
243778,5000000.0,1960,20th Century Fox,False,False
46011,15701000.0,1950,20th Century Fox,False,False
123868,15701000.0,1950,20th Century Fox,False,False
1639,164508066.0,1990,20th Century Fox,False,False
16372,1200000.0,1960,20th Century Fox,False,False
30462,5000000.0,1960,20th Century Fox,False,False
39346,141474200.29411766,1990,20th Century Fox,True,False
30126,5000000.0,1960,20th Century Fox,True,True
25221,23202444.0,1990,20th Century Fox,False,True
245222,15701000.0,1950,20th Century Fox,False,False
316101,15701000.0,1950,20th Century Fox,False,False
77563,15701000.0,1950,20th Century Fox,False,False
19997,8500000.0,1950,20th Century Fox,False,False
279438,15701000.0,1950,20th Century Fox,True,True
279660,15701000.0,1950,20th Century Fox,False,False
243015,15701000.0,1950,20th Century Fox,False,False
94529,2000000.0,1950,20th Century Fox,True,True
172440,15701000.0,1950,20th Century Fox,False,False
43365,2000000.0,1950,20th Century Fox,True,True
44536,15701000.0,1950,20th Century Fox,True,True
130385,15701000.0,1950,20th Century Fox,False,False
9279,129832389.0,1990,20th Century Fox,True,False
20539,7343114.0,1990,20th Century Fox,False,True
32825,5000000.0,1960,20th Century Fox,True,True
7300,97529550.0,1990,20th Century Fox,True,False
38658,5000000.0,1960,20th Century Fox,True,True
10297,15701000.0,1950,20th Century Fox,False,False
37408,15701000.0,1950,20th Century Fox,True,True
98010,5000000.0,1960,20th Century Fox,True,True
2160,7000000.0,1960,20th Century Fox,True,True
31962,43838238.0,1990,20th Century Fox,False,True
29912,36000000.0,1950,20th Century Fox,True,True
248713,15701000.0,1950,20th Century Fox,False,False
1317422,15701000.0,1950,20th Century Fox,False,False
122712,15701000.0,1950,20th Century Fox,False,False
37198,15701000.0,1950,20th Century Fox,True,True
315541,5000000.0,1960,20th Century Fox,False,False
6499,9679739.0,1990,20th Century Fox,False,False
31560,15701000.0,1950,20th Century Fox,True,True
36330,15701000.0,1950,20th Century Fox,False,False
759,5300000.0,1950,20th Century Fox,False,False
13697,40991329.0,1990,20th Century Fox,False,True
109239,15701000.0,1950,20th Century Fox,False,False
132269,15701000.0,1950,20th Century Fox,False,False
10357,122823468.0,1990,20th Century Fox,False,True
990,7600000.0,1960,20th Century Fox,True,True
187647,15701000.0,1950,20th Century Fox,False,False
279896,5000000.0,1960,20th Century Fox,True,True
132094,4498500.0,1950,20th Century Fox,True,True
102764,2000000.0,1950,20th Century Fox,True,True
43267,79458206.375,1990,20th Century Fox,True,False
9410,55494066.0,1990,20th Century Fox,True,True
172493,2000000.0,1950,20th Century Fox,True,True
50549,2000000.0,1950,20th Century Fox,False,False
43188,2000000.0,1950,20th Century Fox,True,True
927824,79458206.375,1990,20th Century Fox,True,False
8583,4553271.0,1990,20th Century Fox,False,True
65787,2000000.0,1950,20th Century Fox,True,True
171019,2000000.0,1950,20th Century Fox,False,False
36334,2000000.0,1950,20th Century Fox,True,True
59087,2000000.0,1950,20th Century Fox,True,True
109133,16887500.0,1960,20th Century Fox,False,False
279266,2000000.0,1950,20th Century Fox,False,False
28187,16887500.0,1960,20th Century Fox,False,False
1810,2000000.0,1950,20th Century Fox,False,False
48353,2000000.0,1950,20th Century Fox,True,True
143523,2000000.0,1950,20th Century Fox,True,True
42807,76000000.0,1990,20th Century Fox,False,True
4461,4498500.0,1950,20th Century Fox,False,False
17127,46905889.0,1990,20th Century Fox,True,True
41521,4000000.0,1960,20th Century Fox,False,False
68439,4498500.0,1950,20th Century Fox,True,True
9452,29202884.0,1990,20th Century Fox,True,True
46662,4498500.0,1950,20th Century Fox,True,True
247210,4498500.0,1950,20th Century Fox,False,False
46875,4498500.0,1950,20th Century Fox,True,True
9715,81471882.0,1990,20th Century Fox,True,True
76229,2000000.0,1950,20th Century Fox,True,True
121903,16887500.0,1960,20th Century Fox,True,True
41417,8165212.0,1990,20th Century Fox,False,False
1021076,92218382.43243243,1990,20th Century Fox,False,False
192550,2000000.0,1950,20th Century Fox,False,False
8078,162000000.0,1990,20th Century Fox,False,False
26777,2000000.0,1950,20th Century Fox,False,False
131473,2000000.0,1950,20th Century Fox,False,False
199898,2000000.0,1950,20th Century Fox,True,True
4460,2000000.0,1950,20th Century Fox,True,True
226251,79458206.375,1990,20th Century Fox,False,True
291834,2000000.0,1950,20th Century Fox,False,False
4459,2000000.0,1950,20th Century Fox,True,True
597,2264162353.0,1990,20th Century Fox,False,True
9444,139804348.0,1990,20th Century Fox,False,False
24008,2000000.0,1950,20th Century Fox,False,False
297594,2000000.0,1950,20th Century Fox,False,False
72613,2000000.0,1950,20th Century Fox,True,True
132654,2000000.0,1950,20th Century Fox,True,True
24006,2000000.0,1950,20th Century Fox,True,True
94618,2000000.0,1950,20th Century Fox,False,False
24005,2000000.0,1950,20th Century Fox,True,True
40750,141474200.29411766,1990,20th Century Fox,True,False
249846,2000000.0,1950,20th Century Fox,True,True
24004,2000000.0,1950,20th Century Fox,False,False
279640,2000000.0,1950,20th Century Fox,True,True
144326,16887500.0,1960,20th Century Fox,True,True
659379,92218382.43243243,1990,20th Century Fox,False,False
4462,2000000.0,1950,20th Century Fox,True,True
111794,92218382.43243243,1990,20th Century Fox,True,False
9714,79082515.0,1990,20th Century Fox,True,False
68013,5364627.6,1940,20th Century Fox,False,False
92296,35117203.11111111,1970,20th Century Fox,True,True
433305,5364627.6,1940,20th Century Fox,True,True
1088012,256617351.9642857,2010,20th Century Fox,False,False
117117,2743000.0,1930,20th Century Fox,True,True
70981,403354469.0,2010,20th Century Fox,False,False
33708,2743000.0,1930,20th Century Fox,False,False
72331,116471580.0,2010,20th Century Fox,False,False
218404,2743000.0,1930,20th Century Fox,False,True
57800,877244782.0,2010,20th Century Fox,True,False
1088108,256617351.9642857,2010,20th Century Fox,False,False
43897,618534.5,1930,20th Century Fox,True,True
11558,51079064.0,1970,20th Century Fox,False,False
191845,618534.5,1930,20th Century Fox,False,True
16220,9000000.0,1970,20th Century Fox,False,False
38890,5364627.6,1940,20th Century Fox,False,False
490480,618534.5,1930,20th Century Fox,True,False
36748,1500000.0,1970,20th Century Fox,False,False
41662,114271131.25,1970,20th Century Fox,True,True
1471575,256617351.9642857,2010,20th Century Fox,False,False
11,775398007.0,1970,20th Century Fox,False,False
80844,114271131.25,1970,20th Century Fox,True,True
41036,114271131.25,1970,20th Century Fox,False,False
116440,256617351.9642857,2010,20th Century Fox,False,True
475958,2743000.0,1930,20th Century Fox,False,True
195456,37755630.5,1970,20th Century Fox,False,False
296426,2743000.0,1930,20th Century Fox,False,True
296587,2743000.0,1930,20th Century Fox,False,True
59962,156974557.0,2010,20th Century Fox,True,False
57840,2743000.0,1930,20th Century Fox,True,False
490491,2743000.0,1930,20th Century Fox,True,True
13703,12396383.0,1980,20th Century Fox,False,True
490492,2743000.0,1930,20th Century Fox,True,False
86213,37755630.5,1970,20th Century Fox,True,True
33386,2743000.0,1930,20th Century Fox,True,False
1405074,256617351.9642857,2010,20th Century Fox,True,False
490490,2743000.0,1930,20th Century Fox,False,True
383335,2743000.0,1930,20th Century Fox,True,False
286571,2743000.0,1930,20th Century Fox,False,True
358247,2743000.0,1930,20th Century Fox,False,True
60747,44806783.0,2010,20th Century Fox,False,False
31945,5406879.0,1980,20th Century Fox,False,True
1220526,256617351.9642857,2010,20th Century Fox,True,False
77245,2743000.0,1930,20th Century Fox,False,True
76489,54819301.0,2010,20th Century Fox,True,False
17258,13290368.0,1980,20th Century Fox,True,False
147157,37755630.5,1970,20th Century Fox,True,True
114735,37755630.5,1970,20th Century Fox,True,True
82675,376141306.0,2010,20th Century Fox,False,False
84080,114271131.25,1970,20th Century Fox,False,False
82684,7900000.0,2010,20th Century Fox,False,True
25763,8720000.0,1970,20th Century Fox,False,False
77951,126546518.0,2010,20th Century Fox,False,False
378,29180280.0,1980,20th Century Fox,True,False
45169,38886981.9,1970,20th Century Fox,False,False
79316,36433975.0,2010,20th Century Fox,False,False
499739,260744249.7142857,2010,20th Century Fox,False,False
152760,154984035.0,2010,20th Century Fox,False,True
82703,272912430.0,2010,20th Century Fox,False,False
460224,260744249.7142857,2010,20th Century Fox,False,False
10019,42721196.0,1980,20th Century Fox,True,False
192102,53260230.0,2010,20th Century Fox,False,True
235260,67800064.0,2010,20th Century Fox,False,True
40842,22228000.0,1970,20th Century Fox,True,True
172385,500188435.0,2010,20th Century Fox,True,False
104449,38886981.9,1970,20th Century Fox,False,False
193610,196781193.0,2010,20th Century Fox,True,False
19345,25205460.0,1980,20th Century Fox,False,False
127585,747862775.0,2010,20th Century Fox,False,False
197884,38886981.9,1970,20th Century Fox,True,True
82702,621537519.0,2010,20th Century Fox,True,False
20283,20000000.0,1970,20th Century Fox,True,True
348,104931801.0,1970,20th Century Fox,False,False
34193,77947551.14285715,1970,20th Century Fox,True,True
794,60922980.0,1970,20th Century Fox,False,False
45695,77947551.14285715,1970,20th Century Fox,False,False
175528,22456509.0,2010,20th Century Fox,True,False
72976,275293450.0,2010,20th Century Fox,False,True
359074,618534.5,1930,20th Century Fox,False,False
16889,22642033.0,1980,20th Century Fox,True,False
42222,20700000.0,1970,20th Century Fox,True,True
160085,319941105.71428573,2010,20th Century Fox,True,False
490478,618534.5,1930,20th Century Fox,False,False
47964,304654182.0,2010,20th Century Fox,False,False
45579,114271131.25,1970,20th Century Fox,False,False
49519,587204668.0,2010,20th Century Fox,True,False
12611,24000000.0,1970,20th Century Fox,False,False
116711,268426634.0,2010,20th Century Fox,False,False
38731,24000000.0,1970,20th Century Fox,True,True
116741,44000000.0,2010,20th Century Fox,True,False
106,98267558.0,1980,20th Century Fox,False,False
33390,618534.5,1930,20th Century Fox,False,False
136795,158674180.0,2010,20th Century Fox,True,False
77950,282570682.0,2010,20th Century Fox,False,False
76170,415440673.0,2010,20th Century Fox,False,False
2153,77947551.14285715,1970,20th Century Fox,False,False
10766,26518355.0,1970,20th Century Fox,False,False
1034726,36918232.583333336,1980,20th Century Fox,False,False
18410,18532286.0,1980,20th Century Fox,True,True
193893,136621271.0,2010,20th Century Fox,True,False
56559,2743000.0,1930,20th Century Fox,False,False
72431,50365377.0,2010,20th Century Fox,False,True
36685,112892319.0,1970,20th Century Fox,False,False
27597,2743000.0,1930,20th Century Fox,False,False
50237,30923601.833333332,1970,20th Century Fox,False,False
154878,2743000.0,1930,20th Century Fox,False,False
245372,2743000.0,1930,20th Century Fox,False,True
328790,2743000.0,1930,20th Century Fox,True,True
149991,2743000.0,1930,20th Century Fox,True,False
28044,2743000.0,1930,20th Century Fox,False,False
60307,72526996.0,2010,20th Century Fox,True,False
38322,83615414.0,2010,20th Century Fox,True,False
297280,2743000.0,1930,20th Century Fox,False,False
46195,484635760.0,2010,20th Century Fox,True,False
297194,2743000.0,1930,20th Century Fox,True,False
793375,241858597.7419355,2010,20th Century Fox,False,False
490494,2743000.0,1930,20th Century Fox,True,False
402875,2743000.0,1930,20th Century Fox,True,False
204774,2743000.0,1930,20th Century Fox,False,False
83633,2743000.0,1930,20th Century Fox,True,False
202844,2743000.0,1930,20th Century Fox,False,True
17126,8253123.0,1980,20th Century Fox,True,False
81687,2743000.0,1930,20th Century Fox,False,True
253930,3990500.0,1930,20th Century Fox,False,True
50971,30923601.833333332,1970,20th Century Fox,True,True
172563,3990500.0,1930,20th Century Fox,False,True
44048,167805466.0,2010,20th Century Fox,False,False
118578,3990500.0,1930,20th Century Fox,False,False
1321804,3990500.0,1930,20th Century Fox,True,False
4704,1500000.0,1970,20th Century Fox,False,False
43347,102820008.0,2010,20th Century Fox,True,True
38716,3990500.0,1930,20th Century Fox,False,True
475959,3990500.0,1930,20th Century Fox,False,True
242488,3990500.0,1930,20th Century Fox,True,False
265841,3990500.0,1930,20th Century Fox,True,False
499344,3990500.0,1930,20th Century Fox,False,False
10711,12484444.0,1970,20th Century Fox,True,True
53851,3990500.0,1930,20th Century Fox,True,True
39211,30923601.833333332,1970,20th Century Fox,True,True
216392,3990500.0,1930,20th Century Fox,False,False
43843,3990500.0,1930,20th Century Fox,True,False
32051,30923601.833333332,1970,20th Century Fox,False,False
38617,7242035.0,1980,20th Century Fox,False,True
127537,3990500.0,1930,20th Century Fox,True,False
38745,237382724.0,2010,20th Century Fox,True,False
55692,238672661.56756756,2010,20th Century Fox,False,False
1305001,241858597.7419355,2010,20th Century Fox,False,False
273339,241858597.7419355,2010,20th Century Fox,False,False
49538,353624124.0,2010,20th Century Fox,False,False
32484,2743000.0,1930,20th Century Fox,False,True
173239,2743000.0,1930,20th Century Fox,True,False
73937,8179416.0,2010,20th Century Fox,True,False
43268,2743000.0,1930,20th Century Fox,False,False
297152,2743000.0,1930,20th Century Fox,False,True
31913,37755630.5,1970,20th Century Fox,True,True
191473,2743000.0,1930,20th Century Fox,True,False
383371,2743000.0,1930,20th Century Fox,False,True
86209,37755630.5,1970,20th Century Fox,True,True
98857,241858597.7419355,2010,20th Century Fox,True,False
42551,37755630.5,1970,20th Century Fox,False,False
362445,2743000.0,1930,20th Century Fox,False,True
54613,4120000.0,1970,20th Century Fox,False,False
247984,2743000.0,1930,20th Century Fox,False,True
260943,2743000.0,1930,20th Century Fox,False,True
74465,120081841.0,2010,20th Century Fox,True,True
383339,2743000.0,1930,20th Century Fox,True,False
296882,2743000.0,1930,20th Century Fox,True,False
55301,342695435.0,2010,20th Century Fox,True,False
100922,887000.0,1970,20th Century Fox,True,True
289926,2743000.0,1930,20th Century Fox,True,False
38450,37755630.5,1970,20th Century Fox,False,False
293012,2743000.0,1930,20th Century Fox,False,True
292790,241858597.7419355,2010,20th Century Fox,False,False
76726,145000000.0,2010,20th Century Fox,False,True
37699,2743000.0,1930,20th Century Fox,False,True
101665,241858597.7419355,2010,20th Century Fox,False,True
82237,2743000.0,1930,20th Century Fox,True,False
1014618,2743000.0,1930,20th Century Fox,True,False
54302,30923601.833333332,1970,20th Century Fox,False,False
132597,2743000.0,1930,20th Century Fox,False,True
58224,187361754.0,2010,20th Century Fox,True,False
58625,241858597.7419355,2010,20th Century Fox,False,True
12626,67330500.0,1980,20th Century Fox,True,False
140276,2743000.0,1930,20th Century Fox,False,True
43870,2743000.0,1930,20th Century Fox,True,True
464341,2743000.0,1930,20th Century Fox,False,True
10673,43848069.0,1980,20th Century Fox,False,True
61791,482860185.0,2010,20th Century Fox,False,True
218365,2743000.0,1930,20th Century Fox,False,False
67675,18663238.0,2010,20th Century Fox,False,False
490493,2743000.0,1930,20th Century Fox,True,False
383684,2743000.0,1930,20th Century Fox,True,False
203555,2743000.0,1930,20th Century Fox,False,True
33387,2743000.0,1930,20th Century Fox,True,False
105882,30923601.833333332,1970,20th Century Fox,False,False
297158,2743000.0,1930,20th Century Fox,False,True
63492,30426096.0,2010,20th Century Fox,True,False
29859,30923601.833333332,1970,20th Century Fox,False,False
59584,3990500.0,1930,20th Century Fox,False,False
37598,38886981.9,1970,20th Century Fox,False,False
30636,38886981.9,1970,20th Century Fox,True,True
24226,53977250.0,1980,20th Century Fox,False,True
445651,41142379.0,2010,20th Century Fox,False,True
255259,33320025.307692308,1980,20th Century Fox,True,False
262,2536000.0,1980,20th Century Fox,True,True
81001,23588161.333333332,1980,20th Century Fox,True,False
499572,300429222.9375,2010,20th Century Fox,True,True
472918,300429222.9375,2010,20th Century Fox,True,False
346910,160542134.0,2010,20th Century Fox,False,False
42104,41293495.95,1980,20th Century Fox,False,True
604847,300429222.9375,2010,20th Century Fox,False,False
220882,487420.0,2010,20th Century Fox,False,False
10303,96773200.0,1980,20th Century Fox,True,False
47944,9600000.0,1980,20th Century Fox,False,True
446021,31882724.0,2010,20th Century Fox,False,True
424694,903992901.0,2010,20th Century Fox,False,True
15035,760883.0,1980,20th Century Fox,False,False
1793,41293495.95,1980,20th Century Fox,True,True
10905,8645411.0,1980,20th Century Fox,True,False
34599,41293495.95,1980,20th Century Fox,False,True
567604,300429222.9375,2010,20th Century Fox,True,False
426249,365353.0,2010,20th Century Fox,False,True
34028,1918117.0,1980,20th Century Fox,False,True
41166,6148000.0,1980,20th Century Fox,False,True
124963,23588161.333333332,1980,20th Century Fox,False,True
42128,23588161.333333332,1980,20th Century Fox,True,True
392044,352794081.0,2010,20th Century Fox,False,True
37191,23588161.333333332,1980,20th Century Fox,False,False
46885,13258670.0,1980,20th Century Fox,False,False
41760,23588161.333333332,1980,20th Century Fox,True,True
27380,23588161.333333332,1980,20th Century Fox,False,False
364689,295038508.0,2010,20th Century Fox,True,False
316029,432844677.0,2010,20th Century Fox,False,True
446354,179769467.0,2010,20th Century Fox,False,True
336843,288175335.0,2010,20th Century Fox,False,False
78235,2685453.0,1980,20th Century Fox,True,False
46925,20225989.0,1980,20th Century Fox,True,True
47947,30688860.0,1980,20th Century Fox,True,False
449176,66316289.0,2010,20th Century Fox,True,True
25872,23588161.333333332,1980,20th Century Fox,True,True
455605,2330777.0,2010,20th Century Fox,False,False
401981,151572634.0,2010,20th Century Fox,False,False
270879,33320025.307692308,1980,20th Century Fox,False,False
10999,57500000.0,1980,20th Century Fox,False,False
494491,300429222.9375,2010,20th Century Fox,True,False
383498,785896609.0,2010,20th Century Fox,True,False
569888,300429222.9375,2010,20th Century Fox,True,False
38556,41293495.95,1980,20th Century Fox,False,True
454294,32140970.0,2010,20th Century Fox,False,False
399579,404980543.0,2010,20th Century Fox,False,False
18172,17233166.0,1980,20th Century Fox,False,True
516632,4796993.0,2020,20th Century Fox,False,False
14750,8692426.0,1980,20th Century Fox,True,False
5686,41293495.95,1980,20th Century Fox,True,True
16806,17000000.0,1980,20th Century Fox,True,False
32644,23646952.0,1980,20th Century Fox,True,False
22998,13030214.0,1980,20th Century Fox,True,False
50812,33377946.681818184,1980,20th Century Fox,True,False
14347,18644570.0,1980,20th Century Fox,True,False
25010,33377946.681818184,1980,20th Century Fox,True,True
9326,86572238.0,1980,20th Century Fox,True,False
154276,261033.0,1980,20th Century Fox,False,True
9314,8430492.0,1980,20th Century Fox,False,True
87909,33377946.681818184,1980,20th Century Fox,True,False
61471,33377946.681818184,1980,20th Century Fox,True,True
16551,21435321.0,1980,20th Century Fox,True,False
12309,38435947.0,1980,20th Century Fox,True,False
1000589,33377946.681818184,1980,20th Century Fox,False,True
18680,33377946.681818184,1980,20th Century Fox,False,True
14052,33377946.681818184,1980,20th Century Fox,True,False
655,2181987.0,1980,20th Century Fox,False,True
12239,6486797.0,1980,20th Century Fox,False,True
28940,23588161.333333332,1980,20th Century Fox,True,False
443791,40882928.0,2020,20th Century Fox,False,False
431693,171616764.0,2010,20th Century Fox,True,False
10328,85313124.0,1980,20th Century Fox,True,True
2075,26657534.0,1980,20th Century Fox,True,False
19698,33759266.0,1980,20th Century Fox,True,False
588209,432487082.5714286,2010,20th Century Fox,False,False
588207,432487082.5714286,2010,20th Century Fox,False,False
588210,432487082.5714286,2010,20th Century Fox,False,False
588204,432487082.5714286,2010,20th Century Fox,False,False
588211,432487082.5714286,2010,20th Century Fox,False,False
588216,432487082.5714286,2010,20th Century Fox,False,False
514439,49231674.0,2010,20th Century Fox,False,True
320288,252442974.0,2010,20th Century Fox,False,False
522924,33766787.0,2010,20th Century Fox,True,True
1471591,432487082.5714286,2010,20th Century Fox,False,False
624160,432487082.5714286,2010,20th Century Fox,False,False
13105,64783827.0,1980,20th Century Fox,True,True
419704,127461872.0,2010,20th Century Fox,False,True
31462,10627754.0,1980,20th Century Fox,True,False
12633,5555305.0,1980,20th Century Fox,False,True
290859,261119292.0,2010,20th Century Fox,False,False
526,18432000.0,1980,20th Century Fox,True,False
359724,225508210.0,2010,20th Century Fox,False,True
27969,33320025.307692308,1980,20th Century Fox,True,True
198663,348319861.0,2010,20th Century Fox,False,False
290512,62832209.0,2010,20th Century Fox,False,True
95733,23588161.333333332,1980,20th Century Fox,False,True
227973,246233113.0,2010,20th Century Fox,True,False
367326,184340120.39285713,2010,20th Century Fox,True,False
228066,34227298.0,2010,20th Century Fox,False,True
92323,4400000.0,1980,20th Century Fox,True,True
91781,45340219.0,1980,20th Century Fox,True,False
274479,101134059.0,2010,20th Century Fox,True,True
1227722,319004069.0769231,2010,20th Century Fox,False,False
36460,45340219.0,1980,20th Century Fox,True,False
570481,319004069.0769231,2010,20th Century Fox,False,True
679,183316455.0,1980,20th Century Fox,False,False
379053,319004069.0769231,2010,20th Century Fox,False,False
293660,783100000.0,2010,20th Century Fox,True,False
40969,45340219.0,1980,20th Century Fox,False,False
351809,9074836.0,2010,20th Century Fox,False,False
329718,319004069.0769231,2010,20th Century Fox,False,True
1265203,33224861.263157893,1980,20th Century Fox,False,True
30194,3900000.0,1980,20th Century Fox,False,False
293670,49851770.0,2010,20th Century Fox,False,False
60816,45340219.0,1980,20th Century Fox,True,True
246655,543934787.0,2010,20th Century Fox,False,False
140300,521170825.0,2010,20th Century Fox,True,False
26179,45340219.0,1980,20th Century Fox,True,False
294254,312296056.0,2010,20th Century Fox,False,False
21873,22482952.0,1980,20th Century Fox,True,True
210577,369330363.0,2010,20th Century Fox,False,True
258076,260744249.7142857,2010,20th Century Fox,True,False
373210,38886981.9,1970,20th Century Fox,False,False
289728,260744249.7142857,2010,20th Century Fox,True,False
16323,29174648.0,1970,20th Century Fox,True,True
207703,414351546.0,2010,20th Century Fox,True,False
260346,325771424.0,2010,20th Century Fox,False,False
151839,38886981.9,1970,20th Century Fox,True,True
16858,37823676.0,1970,20th Century Fox,True,True
23050,38886981.9,1970,20th Century Fox,False,False
1000998,45340219.0,1980,20th Century Fox,False,False
333873,184340120.39285713,2010,20th Century Fox,False,False
228161,368871007.0,2010,20th Century Fox,True,False
38922,45340219.0,1980,20th Century Fox,True,True
11953,4000000.0,1980,20th Century Fox,False,True
289982,45340219.0,1980,20th Century Fox,False,True
1247216,184340120.39285713,2010,20th Century Fox,False,False
166424,167977596.0,2010,20th Century Fox,False,False
1623,37121708.0,1980,20th Century Fox,False,True
42160,45340219.0,1980,20th Century Fox,True,True
249070,81967450.0,2010,20th Century Fox,False,False
13766,9697739.0,1980,20th Century Fox,False,False
6978,11000000.0,1980,20th Century Fox,True,False
47933,389681935.0,2010,20th Century Fox,False,False
278154,408579038.0,2010,20th Century Fox,True,False
443319,3600000.0,2010,20th Century Fox,False,False
457491,284558539.2647059,2010,20th Century Fox,False,False
695617,284558539.2647059,2010,20th Century Fox,False,False
83105,33224861.263157893,1980,20th Century Fox,False,True
373569,60845711.0,2010,20th Century Fox,True,False
568708,284558539.2647059,2010,20th Century Fox,False,False
126889,240891763.0,2010,20th Century Fox,False,False
27997,3500000.0,1980,20th Century Fox,True,False
417830,40120144.0,2010,20th Century Fox,True,False
268531,125427681.0,2010,20th Century Fox,True,False
281338,490719763.0,2010,20th Century Fox,False,True
10246,125728258.0,1980,20th Century Fox,True,False
62204,55260558.0,1980,20th Century Fox,False,True
1471626,284558539.2647059,2010,20th Century Fox,False,False
1471612,284558539.2647059,2010,20th Century Fox,False,False
480912,284558539.2647059,2010,20th Century Fox,False,False
480913,284558539.2647059,2010,20th Century Fox,False,False
10627,35856053.0,1980,20th Century Fox,False,True
16471,26154211.0,1980,20th Century Fox,True,False
41913,11897978.0,1980,20th Century Fox,False,True
343668,410902662.0,2010,20th Century Fox,True,False
568635,284558539.2647059,2010,20th Century Fox,False,False
11864,12303411.0,1980,20th Century Fox,False,True
295693,527965936.0,2010,20th Century Fox,True,False
473958,284558539.2647059,2010,20th Century Fox,False,False
19494,103300000.0,1980,20th Century Fox,True,False
316023,77068246.0,2010,20th Century Fox,True,False
31679,30015443.42105263,1980,20th Century Fox,False,False
10768,20471382.0,1980,20th Century Fox,False,False
377264,8810591.0,2010,20th Century Fox,False,False
10945,29844101.0,1980,20th Century Fox,True,False
9443,58972904.0,1980,20th Century Fox,False,True
13346,8200000.0,1980,20th Century Fox,True,True
283366,296482446.0,2010,20th Century Fox,False,False
136799,346864462.0,2010,20th Century Fox,True,False
10156,31672907.0,1980,20th Century Fox,True,False
331313,29918745.0,2010,20th Century Fox,True,False
11286,72179579.0,1980,20th Century Fox,True,False
19317,30015443.42105263,1980,20th Century Fox,True,False
381284,235956898.0,2010,20th Century Fox,False,True
356305,118102725.0,2010,20th Century Fox,True,False
58442,30015443.42105263,1980,20th Century Fox,True,False
340837,26620002.0,2010,20th Century Fox,False,False
456504,284558539.2647059,2010,20th Century Fox,False,False
263115,619021436.0,2010,20th Century Fox,False,True
558144,284558539.2647059,2010,20th Century Fox,True,False
368401,30015443.42105263,1980,20th Century Fox,False,True
78734,3990500.0,1930,20th Century Fox,False,True
80320,7575000.0,1950,20th Century Fox,True,True
181353,5364627.6,1940,20th Century Fox,True,True
263287,3990500.0,1930,20th Century Fox,True,False
9540,8038508.0,1980,20th Century Fox,False,False
10344,38903179.0,1980,20th Century Fox,False,False
35640,6982465.0,2000,20th Century Fox,True,False
102410,32731719.222222224,1970,20th Century Fox,False,False
42298,5364627.6,1940,20th Century Fox,False,False
55909,66453333.28571428,1970,20th Century Fox,True,True
118889,3990500.0,1930,20th Century Fox,False,True
33392,3990500.0,1930,20th Century Fox,True,False
39540,1889891.75,1940,20th Century Fox,True,True
95105,32731719.222222224,1970,20th Century Fox,False,False
30702,66453333.28571428,1970,20th Century Fox,True,True
107019,32731719.222222224,1970,20th Century Fox,True,True
204604,1889891.75,1940,20th Century Fox,True,True
352537,1889891.75,1940,20th Century Fox,True,True
62098,1889891.75,1940,20th Century Fox,True,True
61334,5364627.6,1940,20th Century Fox,False,False
301881,5364627.6,1940,20th Century Fox,False,False
60400,1889891.75,1940,20th Century Fox,False,False
236830,5364627.6,1940,20th Century Fox,False,False
236828,5364627.6,1940,20th Century Fox,False,False
141651,5364627.6,1940,20th Century Fox,False,False
562,140767956.0,1980,20th Century Fox,False,False
8645,163403799.0,2000,20th Century Fox,False,False
2080,373062864.0,2000,20th Century Fox,False,False
1380,2777280.0,1980,20th Century Fox,False,False
249460,1889891.75,1940,20th Century Fox,False,False
490652,1889891.75,1940,20th Century Fox,False,False
2274,31852619.0,2000,20th Century Fox,False,True
298602,5364627.6,1940,20th Century Fox,True,True
297870,1889891.75,1940,20th Century Fox,False,False
35280,32731719.222222224,1970,20th Century Fox,True,True
120477,3990500.0,1930,20th Century Fox,False,True
38461,5364627.6,1940,20th Century Fox,False,False
98091,61507145.0,1970,20th Century Fox,True,True
35405,66453333.28571428,1970,20th Century Fox,False,False
52661,66453333.28571428,1970,20th Century Fox,False,False
490526,3990500.0,1930,20th Century Fox,True,False
223970,3990500.0,1930,20th Century Fox,True,True
38459,1889891.75,1940,20th Century Fox,False,False
14328,61507145.0,1970,20th Century Fox,True,True
121992,1889891.75,1940,20th Century Fox,False,False
42448,4600000.0,1970,20th Century Fox,True,True
148675,3990500.0,1930,20th Century Fox,False,True
86574,66453333.28571428,1970,20th Century Fox,True,True
2280,151927281.0,1980,20th Century Fox,True,True
43157,3990500.0,1930,20th Century Fox,True,False
175382,5364627.6,1940,20th Century Fox,True,True
23023,112462508.0,2010,20th Century Fox,True,False
11260,50650079.0,2000,20th Century Fox,True,False
127798,1889891.75,1940,20th Century Fox,True,True
386476,3990500.0,1930,20th Century Fox,False,False
13704,32734732.90625,1980,20th Century Fox,True,False
257081,3990500.0,1930,20th Century Fox,False,True
110525,1889891.75,1940,20th Century Fox,True,True
19017,66453333.28571428,1970,20th Century Fox,False,False
13186,207721571.575,2000,20th Century Fox,False,False
11835,16974459.0,2000,20th Century Fox,False,True
386460,3990500.0,1930,20th Century Fox,False,True
23398,443140005.0,2000,20th Century Fox,True,False
490525,3990500.0,1930,20th Century Fox,True,False
19995,2923706026.0,2000,20th Century Fox,False,False
43797,5364627.6,1940,20th Century Fox,False,False
14164,58228460.0,2000,20th Century Fox,False,False
47818,6264058.0,1980,20th Century Fox,False,True
1688,9700000.0,1970,20th Century Fox,False,False
296104,1889891.75,1940,20th Century Fox,True,True
260078,1889891.75,1940,20th Century Fox,False,False
20856,57881056.0,2000,20th Century Fox,True,False
4593,32731719.222222224,1970,20th Century Fox,False,False
223704,5364627.6,1940,20th Century Fox,False,False
43746,5364627.6,1940,20th Century Fox,False,False
596,1591000.0,1940,20th Century Fox,True,True
12222,298572799.0,2000,20th Century Fox,True,False
6477,361366633.0,2000,20th Century Fox,True,False
406435,32731719.222222224,1970,20th Century Fox,True,True
358039,5364627.6,1940,20th Century Fox,False,False
38460,5364627.6,1940,20th Century Fox,False,False
259773,32731719.222222224,1970,20th Century Fox,True,True
29735,61507145.0,1970,20th Century Fox,False,False
440,130290885.0,2000,20th Century Fox,False,False
490661,5364627.6,1940,20th Century Fox,False,False
18539,5364627.6,1940,20th Century Fox,True,True
379904,1889891.75,1940,20th Century Fox,True,True
106239,5364627.6,1940,20th Century Fox,False,False
8355,886686817.0,2000,20th Century Fox,True,False
551,84563118.0,1970,20th Century Fox,False,False
66707,1889891.75,1940,20th Century Fox,True,True
40687,32731719.222222224,1970,20th Century Fox,False,False
88875,32731719.222222224,1970,20th Century Fox,True,True
120585,5364627.6,1940,20th Century Fox,False,False
84847,61507145.0,1970,20th Century Fox,True,True
32080,61507145.0,1970,20th Century Fox,True,True
80769,1889891.75,1940,20th Century Fox,True,True
222682,1889891.75,1940,20th Century Fox,False,False
8681,226830568.0,2000,20th Century Fox,False,False
43804,5364627.6,1940,20th Century Fox,False,False
21949,32731719.222222224,1970,20th Century Fox,False,False
190908,1889891.75,1940,20th Century Fox,False,False
91571,32731719.222222224,1970,20th Century Fox,False,False
3525,103173635.0,1980,20th Century Fox,True,True
13506,38135878.0,2000,20th Century Fox,False,False
4923,1800000.0,1970,20th Century Fox,False,False
10759,207721571.575,2000,20th Century Fox,True,False
237741,1889891.75,1940,20th Century Fox,True,True
43794,5364627.6,1940,20th Century Fox,False,False
77775,1889891.75,1940,20th Century Fox,True,True
9029,219375562.0,2000,20th Century Fox,True,False
273459,5364627.6,1940,20th Century Fox,False,False
490664,5364627.6,1940,20th Century Fox,False,False
224023,5364627.6,1940,20th Century Fox,False,False
451340,1889891.75,1940,20th Century Fox,False,False
22404,5364627.6,1940,20th Century Fox,False,False
490663,5364627.6,1940,20th Century Fox,False,False
13106,207721571.575,2000,20th Century Fox,False,False
18360,413106170.0,2000,20th Century Fox,True,False
154073,61507145.0,1970,20th Century Fox,False,False
94251,5364627.6,1940,20th Century Fox,False,False
38458,1889891.75,1940,20th Century Fox,False,False
354348,5364627.6,1940,20th Century Fox,True,True
44399,5364627.6,1940,20th Century Fox,True,True
13018,18024545.0,2000,20th Century Fox,False,False
11285,25024919.0,1980,20th Century Fox,True,False
214131,32731719.222222224,1970,20th Century Fox,True,True
2284,69474661.0,2000,20th Century Fox,True,False
359611,32731719.222222224,1970,20th Century Fox,False,False
287912,5364627.6,1940,20th Century Fox,False,False
2926,22018000.0,1970,20th Century Fox,False,False
38456,1889891.75,1940,20th Century Fox,False,False
1620,99965753.0,2000,20th Century Fox,False,True
293742,5364627.6,1940,20th Century Fox,False,False
19994,31556061.0,2000,20th Century Fox,True,False
42490,32731719.222222224,1970,20th Century Fox,False,False
257467,3990500.0,1930,20th Century Fox,True,False
8836,69363381.0,2000,20th Century Fox,False,True
316238,3990500.0,1930,20th Century Fox,True,False
95541,5364627.6,1940,20th Century Fox,False,False
297577,3990500.0,1930,20th Century Fox,True,False
177790,1889891.75,1940,20th Century Fox,True,True
43810,1889891.75,1940,20th Century Fox,True,True
386458,3990500.0,1930,20th Century Fox,False,True
40264,80547866.0,2010,20th Century Fox,True,False
490653,1889891.75,1940,20th Century Fox,False,False
268357,238672661.56756756,2010,20th Century Fox,True,False
5919,116000000.0,1970,20th Century Fox,True,True
16180,61507145.0,1970,20th Century Fox,False,False
38774,3990500.0,1930,20th Century Fox,False,False
352536,1889891.75,1940,20th Century Fox,False,False
152818,1889891.75,1940,20th Century Fox,False,False
697921,32734732.90625,1980,20th Century Fox,False,False
13051,85416905.0,2000,20th Century Fox,False,True
258088,3990500.0,1930,20th Century Fox,True,False
62754,61507145.0,1970,20th Century Fox,False,False
32093,1889891.75,1940,20th Century Fox,True,True
49609,5364627.6,1940,20th Century Fox,False,False
200171,3990500.0,1930,20th Century Fox,True,True
12310,66453333.28571428,1970,20th Century Fox,True,True
356563,3990500.0,1930,20th Century Fox,True,False
357038,3990500.0,1930,20th Century Fox,False,False
59414,32731719.222222224,1970,20th Century Fox,False,False
43077,61507145.0,1970,20th Century Fox,False,False
21044,186403213.88235295,2000,20th Century Fox,True,False
490524,3990500.0,1930,20th Century Fox,True,False
97629,5364627.6,1940,20th Century Fox,False,False
31605,1000000.0,1970,20th Century Fox,True,True
152705,1889891.75,1940,20th Century Fox,False,False
153855,3990500.0,1930,20th Century Fox,True,False
704838,238672661.56756756,2010,20th Century Fox,False,False
10200,233093859.0,2000,20th Century Fox,False,True
118258,1889891.75,1940,20th Century Fox,False,False
116973,3990500.0,1930,20th Century Fox,False,False
38457,1889891.75,1940,20th Century Fox,False,False
704935,238672661.56756756,2010,20th Century Fox,False,False
288351,3990500.0,1930,20th Century Fox,True,False
704882,238672661.56756756,2010,20th Century Fox,False,False
10128,32155047.0,1980,20th Century Fox,False,False
12478,78746674.6521739,1980,20th Century Fox,True,True
298327,1889891.75,1940,20th Century Fox,False,False
59797,9797098.0,1980,20th Century Fox,False,False
33909,134748021.0,2010,20th Century Fox,False,True
241244,3990500.0,1930,20th Century Fox,True,False
386615,3990500.0,1930,20th Century Fox,True,False
1705,8844595.0,1970,20th Century Fox,False,False
411706,1889891.75,1940,20th Century Fox,False,False
3034,86273333.0,1970,20th Century Fox,False,False
43821,1889891.75,1940,20th Century Fox,False,False
1571,383531464.0,2000,20th Century Fox,False,False
43839,4000000.0,1930,20th Century Fox,False,True
6972,211787511.0,2000,20th Century Fox,False,True
56152,1889891.75,1940,20th Century Fox,False,False
109537,3990500.0,1930,20th Century Fox,False,True
40793,30923601.833333332,1970,20th Century Fox,True,True
238345,1889891.75,1940,20th Century Fox,True,True
386632,1889891.75,1940,20th Century Fox,True,True
61270,273964492.4324324,2000,20th Century Fox,False,True
27327,66453333.28571428,1970,20th Century Fox,False,False
256839,5364627.6,1940,20th Century Fox,False,False
108222,1889891.75,1940,20th Century Fox,True,True
337888,1889891.75,1940,20th Century Fox,False,False
413697,1889891.75,1940,20th Century Fox,True,True
37834,261989769.0,2010,20th Century Fox,True,False
297626,3990500.0,1930,20th Century Fox,False,True
34544,177238796.0,2010,20th Century Fox,True,False
38579,83761844.0,2010,20th Century Fox,True,False
38769,3990500.0,1930,20th Century Fox,False,True
15268,12764201.0,2000,20th Century Fox,False,False
296688,1889891.75,1940,20th Century Fox,False,False
43848,3990500.0,1930,20th Century Fox,True,False
386616,3990500.0,1930,20th Century Fox,True,False
72473,5364627.6,1940,20th Century Fox,False,False
31943,61507145.0,1970,20th Century Fox,True,True
68714,66453333.28571428,1970,20th Century Fox,False,False
9381,72109200.0,2000,20th Century Fox,False,False
1321809,3990500.0,1930,20th Century Fox,True,False
35,527068851.0,2000,20th Century Fox,True,False
288512,3990500.0,1930,20th Century Fox,True,True
280129,61507145.0,1970,20th Century Fox,True,True
34851,127233108.0,2010,20th Century Fox,False,False
41479,7022728.0,2010,20th Century Fox,True,True
283334,66453333.28571428,1970,20th Century Fox,True,True
42268,66453333.28571428,1970,20th Century Fox,True,True
161324,61507145.0,1970,20th Century Fox,True,True
29484,3990500.0,1930,20th Century Fox,False,False
288389,3990500.0,1930,20th Century Fox,True,False
118583,3990500.0,1930,20th Century Fox,False,False
35056,152263880.0,2010,20th Century Fox,True,False
247596,3990500.0,1930,20th Century Fox,True,False
490655,1889891.75,1940,20th Century Fox,True,True
386466,3990500.0,1930,20th Century Fox,True,False
247759,3990500.0,1930,20th Century Fox,True,False
46590,32734732.90625,1980,Walt Disney Pictures,True,False
321612,1266115964.0,2010,Walt Disney Pictures,False,True
360195,32734732.90625,1980,Walt Disney Pictures,False,False
406785,319004069.0769231,2010,Walt Disney Pictures,True,True
10067,87134280.0,2000,Walt Disney Pictures,True,True
10539,28946127.0,1990,Walt Disney Pictures,False,True
13493,51549674.0,2000,Walt Disney Pictures,True,True
322781,319004069.0769231,2010,Walt Disney Pictures,False,True
9994,38625550.0,1980,Walt Disney Pictures,False,True
10545,325338851.0,1990,Walt Disney Pictures,False,True
36986,141474200.29411766,1990,Walt Disney Pictures,False,True
301764,32734732.90625,1980,Walt Disney Pictures,False,False
38580,152441279.91666666,2000,Walt Disney Pictures,False,True
9446,59927618.0,1990,Walt Disney Pictures,True,True
300673,52099090.0,2010,Walt Disney Pictures,False,False
24328,186403213.88235295,2000,Walt Disney Pictures,True,True
22751,152441279.91666666,2000,Walt Disney Pictures,False,False
13053,309979994.0,2000,Walt Disney Pictures,True,True
354912,800526015.0,2010,Walt Disney Pictures,True,True
58,1065659812.0,2000,Walt Disney Pictures,False,False
42884,141474200.29411766,1990,Walt Disney Pictures,False,True
11425,141474200.29411766,1990,Walt Disney Pictures,True,True
15300,2706352.0,1990,Walt Disney Pictures,False,True
460793,284558539.2647059,2010,Walt Disney Pictures,True,True
20735,141474200.29411766,1990,Walt Disney Pictures,True,True
443284,33224861.263157893,1980,Walt Disney Pictures,False,True
471968,30060061.0,2010,Walt Disney Pictures,True,True
9904,102338515.0,2000,Walt Disney Pictures,False,True
496834,284558539.2647059,2010,Walt Disney Pictures,False,False
269149,1023784195.0,2010,Walt Disney Pictures,True,True
13042,186403213.88235295,2000,Walt Disney Pictures,True,True
103926,79458206.375,1990,Walt Disney Pictures,False,False
360814,311000000.0,2010,Walt Disney Pictures,True,True
399106,319004069.0769231,2010,Walt Disney Pictures,False,True
37933,68625104.0,2000,Walt Disney Pictures,False,False
434584,33224861.263157893,1980,Walt Disney Pictures,False,False
127380,1028570889.0,2010,Walt Disney Pictures,True,True
267583,132132182.09677419,1990,Walt Disney Pictures,False,True
12233,74151346.0,1980,Walt Disney Pictures,True,True
11887,252909177.0,2000,Walt Disney Pictures,True,True
34785,33224861.263157893,1980,Walt Disney Pictures,False,False
14405,149281606.0,2000,Walt Disney Pictures,True,True
20737,23144499.0,1990,Walt Disney Pictures,True,True
13934,152441279.91666666,2000,Walt Disney Pictures,True,True
365351,33224861.263157893,1980,Walt Disney Pictures,False,False
10603,174463257.0,1990,Walt Disney Pictures,True,True
210103,33224861.263157893,1980,Walt Disney Pictures,True,True
10681,521311860.0,2000,Walt Disney Pictures,False,True
285319,32734732.90625,1980,Walt Disney Pictures,False,False
148175,33224861.263157893,1980,Walt Disney Pictures,False,True
11970,252712101.0,1990,Walt Disney Pictures,True,True
2454,419665568.0,2000,Walt Disney Pictures,False,True
43274,141474200.29411766,1990,Walt Disney Pictures,True,True
241259,299457024.0,2010,Walt Disney Pictures,False,True
166426,795922298.0,2010,Walt Disney Pictures,False,False
278927,966550600.0,2010,Walt Disney Pictures,False,True
80612,132132182.09677419,1990,Walt Disney Pictures,False,True
920,461983149.0,2000,Walt Disney Pictures,True,True
563493,186403213.88235295,2000,Walt Disney Pictures,False,False
36797,141474200.29411766,1990,Walt Disney Pictures,True,True
83200,78746674.6521739,1980,Walt Disney Pictures,True,False
1146171,4843583.333333333,1940,Walt Disney Pictures,False,False
9354,222724172.0,1980,Walt Disney Pictures,True,True
1483994,186403213.88235295,2000,Walt Disney Pictures,True,True
11652,57806952.0,2000,Walt Disney Pictures,False,False
360365,17000172.0,2010,Walt Disney Pictures,True,False
12559,132132182.09677419,1990,Walt Disney Pictures,True,True
285458,152441279.91666666,2000,Walt Disney Pictures,False,True
1167358,186403213.88235295,2000,Walt Disney Pictures,False,False
842712,33224861.263157893,1980,Walt Disney Pictures,False,False
401285,12500000.0,2010,Walt Disney Pictures,True,False
82549,141474200.29411766,1990,Walt Disney Pictures,True,False
11674,320689294.0,1990,Walt Disney Pictures,True,True
277834,690860472.0,2010,Walt Disney Pictures,True,True
402163,319004069.0769231,2010,Walt Disney Pictures,False,False
267935,195243411.0,2010,Walt Disney Pictures,False,True
23617,141383274.5,2000,Walt Disney Pictures,False,True
25059,32709423.0,1990,Walt Disney Pictures,True,True
508943,49750471.0,2020,Walt Disney Pictures,True,True
10057,53898845.0,1990,Walt Disney Pictures,True,False
33914,33377946.681818184,1980,Walt Disney Pictures,False,True
451048,220889446.0,2020,Walt Disney Pictures,False,False
38057,207721571.575,2000,Walt Disney Pictures,False,True
9479,75634409.0,1990,Walt Disney Pictures,False,True
568124,253000000.0,2020,Walt Disney Pictures,True,True
864,154856263.0,1990,Walt Disney Pictures,True,False
876716,115594063.28571428,2020,Walt Disney Pictures,True,True
831827,115594063.28571428,2020,Walt Disney Pictures,True,True
774741,115594063.28571428,2020,Walt Disney Pictures,True,True
441776,65744090.5,1990,Walt Disney Pictures,False,False
206321,33377946.681818184,1980,Walt Disney Pictures,False,True
774825,259395341.5,2020,Walt Disney Pictures,True,True
285,961000000.0,2000,Walt Disney Pictures,False,False
724728,33377946.681818184,1980,Walt Disney Pictures,False,True
508947,18879922.0,2020,Walt Disney Pictures,True,True
818356,115594063.28571428,2020,Walt Disney Pictures,False,False
818342,115594063.28571428,2020,Walt Disney Pictures,False,False
43643,79336177.54054055,1990,Walt Disney Pictures,False,True
10437,27281507.0,1990,Walt Disney Pictures,True,True
1267,169332978.0,2000,Walt Disney Pictures,True,True
508442,136384442.0,2020,Walt Disney Pictures,True,True
353567,79336177.54054055,1990,Walt Disney Pictures,False,False
621876,115594063.28571428,2020,Walt Disney Pictures,True,True
13962,79336177.54054055,1990,Walt Disney Pictures,True,True
527774,130423032.0,2020,Walt Disney Pictures,True,True
779047,115594063.28571428,2020,Walt Disney Pictures,True,True
24767,21006361.0,1990,Walt Disney Pictures,False,True
811367,115594063.28571428,2020,Walt Disney Pictures,True,True
337404,233503234.0,2020,Walt Disney Pictures,False,False
818370,115594063.28571428,2020,Walt Disney Pictures,True,True
818336,115594063.28571428,2020,Walt Disney Pictures,False,False
818367,115594063.28571428,2020,Walt Disney Pictures,False,False
818361,115594063.28571428,2020,Walt Disney Pictures,True,True
727306,109414986.0909091,2020,Walt Disney Pictures,True,True
826953,259395341.5,2020,Walt Disney Pictures,True,True
297669,33377946.681818184,1980,Walt Disney Pictures,True,False
929569,247036610.375,2020,Walt Disney Pictures,True,True
1143429,247036610.375,2020,Walt Disney Pictures,False,False
1143516,247036610.375,2020,Walt Disney Pictures,False,False
24736,12890752.0,1990,Walt Disney Pictures,False,False
83203,65744090.5,1990,Walt Disney Pictures,True,False
1135111,247036610.375,2020,Walt Disney Pictures,False,False
616747,91000000.0,2020,Walt Disney Pictures,False,False
1184348,247036610.375,2020,Walt Disney Pictures,False,False
1184346,247036610.375,2020,Walt Disney Pictures,False,False
1165491,247036610.375,2020,Walt Disney Pictures,False,False
34723,24103594.0,1990,Walt Disney Pictures,False,True
1165492,247036610.375,2020,Walt Disney Pictures,False,False
1178086,247036610.375,2020,Walt Disney Pictures,True,True
374493,65744090.5,1990,Walt Disney Pictures,False,False
1519780,247036610.375,2020,Walt Disney Pictures,True,True
976573,486797988.0,2020,Walt Disney Pictures,True,True
691683,259395341.5,2020,Walt Disney Pictures,True,True
447277,569244557.0,2020,Walt Disney Pictures,True,True
420808,247036610.375,2020,Walt Disney Pictures,True,True
420821,259395341.5,2020,Walt Disney Pictures,True,True
799883,259395341.5,2020,Walt Disney Pictures,False,False
718789,226425420.0,2020,Walt Disney Pictures,True,True
759054,259395341.5,2020,Walt Disney Pictures,False,False
974936,259395341.5,2020,Walt Disney Pictures,False,False
6878,65744090.5,1990,Walt Disney Pictures,True,True
532639,259395341.5,2020,Walt Disney Pictures,True,True
642885,259395341.5,2020,Walt Disney Pictures,True,True
338958,259395341.5,2020,Walt Disney Pictures,True,True
877269,73621640.0,2020,Walt Disney Pictures,True,True
897192,259395341.5,2020,Walt Disney Pictures,True,True
10439,45395069.0,1990,Walt Disney Pictures,True,True
751741,259395341.5,2020,Walt Disney Pictures,True,True
2062,623726000.0,2000,Walt Disney Pictures,True,True
776098,247036610.375,2020,Walt Disney Pictures,True,True
620705,247036610.375,2020,Walt Disney Pictures,True,True
13380,13677222.0,1980,Walt Disney Pictures,False,True
662546,109414986.0909091,2020,Walt Disney Pictures,True,True
6589,65270477.0,2000,Walt Disney Pictures,True,True
1104547,152441279.91666666,2000,Walt Disney Pictures,False,False
546728,300429222.9375,2010,Walt Disney Pictures,True,True
618163,300429222.9375,2010,Walt Disney Pictures,True,True
27281,88720477.33333333,1990,Walt Disney Pictures,True,True
426543,59522646.0,2010,Walt Disney Pictures,False,True
10957,21288692.0,1980,Walt Disney Pictures,False,True
404368,529323962.0,2010,Walt Disney Pictures,True,True
318929,207721571.575,2000,Walt Disney Pictures,False,False
10530,346079773.0,1990,Walt Disney Pictures,False,True
703021,152441279.91666666,2000,Walt Disney Pictures,False,False
400650,348807090.0,2010,Walt Disney Pictures,True,True
15789,35348597.0,1990,Walt Disney Pictures,True,True
41841,88720477.33333333,1990,Walt Disney Pictures,False,True
40490,88720477.33333333,1990,Walt Disney Pictures,True,True
14819,17689177.0,1990,Walt Disney Pictures,True,True
37108,88720477.33333333,1990,Walt Disney Pictures,True,True
374499,88720477.33333333,1990,Walt Disney Pictures,False,False
67166,88720477.33333333,1990,Walt Disney Pictures,True,False
11158,58662452.0,1990,Walt Disney Pictures,True,True
253353,70642966.0,2000,Walt Disney Pictures,False,False
10874,34327391.0,1990,Walt Disney Pictures,True,True
56106,33320025.307692308,1980,Walt Disney Pictures,False,False
105325,207721571.575,2000,Walt Disney Pictures,True,False
407451,132675864.0,2010,Walt Disney Pictures,False,True
938608,88720477.33333333,1990,Walt Disney Pictures,True,False
35144,9708373.0,1980,Walt Disney Pictures,False,True
45325,23920048.0,1990,Walt Disney Pictures,False,True
6637,459242249.0,2000,Walt Disney Pictures,False,False
260513,1242805359.0,2010,Walt Disney Pictures,False,True
13767,84500122.0,2000,Walt Disney Pictures,True,True
42981,88720477.33333333,1990,Walt Disney Pictures,False,False
197747,94922520.66666667,1990,Walt Disney Pictures,True,True
420814,99138899.0,2010,Walt Disney Pictures,True,True
26441,88720477.33333333,1990,Walt Disney Pictures,True,True
4523,340487652.0,2000,Walt Disney Pictures,True,True
526702,109414986.0909091,2020,Walt Disney Pictures,False,False
298464,152441279.91666666,2000,Walt Disney Pictures,True,True
329996,353284621.0,2010,Walt Disney Pictures,False,True
24795,50236831.0,1990,Walt Disney Pictures,True,True
706860,109414986.0909091,2020,Walt Disney Pictures,True,True
14280,41293495.95,1980,Walt Disney Pictures,False,False
475430,109414986.0909091,2020,Walt Disney Pictures,True,True
8587,763455561.0,1990,Walt Disney Pictures,False,True
556574,109414986.0909091,2020,Walt Disney Pictures,False,False
101866,41293495.95,1980,Walt Disney Pictures,False,True
719643,109414986.0909091,2020,Walt Disney Pictures,False,False
454433,109414986.0909091,2020,Walt Disney Pictures,True,True
508570,109414986.0909091,2020,Walt Disney Pictures,True,True
285459,207721571.575,2000,Walt Disney Pictures,False,True
812,504050219.0,1990,Walt Disney Pictures,False,True
337401,66800000.0,2020,Walt Disney Pictures,False,False
14813,21000000.0,1980,Walt Disney Pictures,False,True
50566,41293495.95,1980,Walt Disney Pictures,False,False
382748,109414986.0909091,2020,Walt Disney Pictures,True,True
10714,43.0,1990,Walt Disney Pictures,False,True
508439,141940042.0,2020,Walt Disney Pictures,True,True
594530,109414986.0909091,2020,Walt Disney Pictures,True,True
13060,152441279.91666666,2000,Walt Disney Pictures,True,True
13680,147880543.0,2000,Walt Disney Pictures,True,True
420817,1054304000.0,2010,Walt Disney Pictures,False,True
301528,1073394593.0,2010,Walt Disney Pictures,True,True
420818,1663075401.0,2010,Walt Disney Pictures,False,True
11395,189833357.0,1990,Walt Disney Pictures,True,True
65158,3337685.0,1990,Walt Disney Pictures,False,False
1265,137587063.0,2000,Walt Disney Pictures,False,True
420809,491730089.0,2010,Walt Disney Pictures,False,True
464608,94922520.66666667,1990,Walt Disney Pictures,False,True
512895,432487082.5714286,2010,Walt Disney Pictures,True,True
454467,432487082.5714286,2010,Walt Disney Pictures,True,True
330457,1450026933.0,2010,Walt Disney Pictures,True,True
606856,432487082.5714286,2010,Walt Disney Pictures,False,True
550440,109414986.0909091,2020,Walt Disney Pictures,True,True
46282,41293495.95,1980,Walt Disney Pictures,False,False
13929,141474200.29411766,1990,Walt Disney Pictures,False,True
25831,90233038.10714285,1990,Walt Disney Pictures,True,True
4244,110317580.0,2000,Walt Disney Pictures,True,True
245003,162889622.15789473,2000,Walt Disney Pictures,True,True
1865,1045713802.0,2010,Walt Disney Pictures,False,False
51739,149480483.0,2010,Walt Disney Pictures,False,True
15655,45554533.0,2000,Walt Disney Pictures,True,True
141423,256617351.9642857,2010,Walt Disney Pictures,False,True
27022,215283742.0,2010,Walt Disney Pictures,False,False
11544,273144151.0,2000,Walt Disney Pictures,False,True
13374,27645491.0,2000,Walt Disney Pictures,True,True
40619,238672661.56756756,2010,Walt Disney Pictures,False,True
36968,118020004.19354838,2000,Walt Disney Pictures,True,True
49013,559852396.0,2010,Walt Disney Pictures,True,True
51310,90233038.10714285,1990,Walt Disney Pictures,True,True
10193,1066969703.0,2010,Walt Disney Pictures,True,True
6558,118020004.19354838,2000,Walt Disney Pictures,True,True
450297,256617351.9642857,2010,Walt Disney Pictures,True,True
13932,155557248.7837838,2000,Walt Disney Pictures,False,True
140420,256617351.9642857,2010,Walt Disney Pictures,False,True
82690,471222889.0,2010,Walt Disney Pictures,True,True
47813,80.0,2000,Walt Disney Pictures,False,False
68829,155557248.7837838,2000,Walt Disney Pictures,False,False
30809,118020004.19354838,2000,Walt Disney Pictures,False,True
10567,354248063.0,2000,Walt Disney Pictures,False,True
374484,36918232.583333336,1980,Walt Disney Pictures,False,False
197725,118020004.19354838,2000,Walt Disney Pictures,False,True
13931,110293402.1388889,2000,Walt Disney Pictures,True,True
1415639,256617351.9642857,2010,Walt Disney Pictures,False,False
170851,32734732.90625,1980,Walt Disney Pictures,False,False
166659,319941105.71428573,2010,Walt Disney Pictures,False,True
145511,118020004.19354838,2000,Walt Disney Pictures,False,True
19585,292817841.0,2000,Walt Disney Pictures,True,True
49948,60655420.0,1990,Walt Disney Pictures,False,True
122190,137124.0,1990,Walt Disney Pictures,False,False
37135,448191819.0,1990,Walt Disney Pictures,False,True
54107,32734732.90625,1980,Walt Disney Pictures,True,True
21299,22257624.0,1980,Walt Disney Pictures,False,True
302064,319941105.71428573,2010,Walt Disney Pictures,False,True
151960,219788712.0,2010,Walt Disney Pictures,True,True
51162,14460000.0,2010,Walt Disney Pictures,False,True
11132,29331068.0,2000,Walt Disney Pictures,True,False
11451,144146816.0,2000,Walt Disney Pictures,True,True
332,134400000.0,1990,Walt Disney Pictures,True,True
26809,273964492.4324324,2000,Walt Disney Pictures,False,True
57201,260502115.0,2010,Walt Disney Pictures,False,False
278306,273964492.4324324,2000,Walt Disney Pictures,True,True
1139087,247036610.375,2020,Walt Disney Pictures,True,True
341986,106229839.85714285,1990,Walt Disney Pictures,False,True
76346,241858597.7419355,2010,Walt Disney Pictures,False,True
401688,155557248.7837838,2000,Walt Disney Pictures,True,False
43270,106229839.85714285,1990,Walt Disney Pictures,False,False
404,6203044.0,1990,Walt Disney Pictures,False,False
51588,10130000.0,2010,Walt Disney Pictures,True,False
68728,491868548.0,2010,Walt Disney Pictures,False,True
26177,106229839.85714285,1990,Walt Disney Pictures,True,True
18357,18012097.0,2000,Walt Disney Pictures,True,True
19933,36918232.583333336,1980,Walt Disney Pictures,False,True
521493,36918232.583333336,1980,Walt Disney Pictures,False,True
420812,155557248.7837838,2000,Walt Disney Pictures,False,True
14175,61746888.0,2000,Walt Disney Pictures,True,True
12227,34793160.0,1990,Walt Disney Pictures,False,True
62211,743559607.0,2010,Walt Disney Pictures,False,True
23438,79458206.375,1990,Walt Disney Pictures,False,True
9574,177977226.0,1990,Walt Disney Pictures,True,True
701163,238672661.56756756,2010,Walt Disney Pictures,True,False
48732,314402.0,2000,Walt Disney Pictures,False,True
117369,256617351.9642857,2010,Walt Disney Pictures,False,False
426534,162889622.15789473,2000,Walt Disney Pictures,False,False
17979,325286646.0,2000,Walt Disney Pictures,False,True
19405,44460850.0,2000,Walt Disney Pictures,True,True
12155,1025467110.0,2010,Walt Disney Pictures,False,True
59977,36918232.583333336,1980,Walt Disney Pictures,True,True
22949,96753696.0,2000,Walt Disney Pictures,True,True
458609,115729753.31428571,2000,Walt Disney Pictures,False,False
2059,347512318.0,2000,Walt Disney Pictures,False,False
21385,162889622.15789473,2000,Walt Disney Pictures,True,True
11130,134734481.0,2000,Walt Disney Pictures,True,True
195698,241858597.7419355,2010,Walt Disney Pictures,False,True
12242,162889622.15789473,2000,Walt Disney Pictures,True,True
10198,270997378.0,2000,Walt Disney Pictures,False,True
34549,18634654.0,2000,Walt Disney Pictures,True,True
64328,165184237.0,2010,Walt Disney Pictures,True,False
49529,284139100.0,2010,Walt Disney Pictures,False,False
9806,631442092.0,2000,Walt Disney Pictures,False,True
82424,241858597.7419355,2010,Walt Disney Pictures,True,True
355241,162889622.15789473,2000,Walt Disney Pictures,False,True
321187,1149000.0,2010,Walt Disney Pictures,False,False
42980,115729753.31428571,2000,Walt Disney Pictures,False,False
10865,186053725.0,2000,Walt Disney Pictures,False,True
9880,165335153.0,2000,Walt Disney Pictures,True,True
154489,162889622.15789473,2000,Walt Disney Pictures,False,False
49554,162889622.15789473,2000,Walt Disney Pictures,True,True
25805,10814122.0,2000,Walt Disney Pictures,False,False
71805,15024232.0,1990,Walt Disney Pictures,False,True
296811,155557248.7837838,2000,Walt Disney Pictures,False,False
11688,169327687.0,2000,Walt Disney Pictures,True,True
13700,145358062.0,2000,Walt Disney Pictures,False,True
10022,198636868.0,2000,Walt Disney Pictures,True,True
105965,256617351.9642857,2010,Walt Disney Pictures,True,True
267597,90233038.10714285,1990,Walt Disney Pictures,False,True
9543,336365676.0,2010,Walt Disney Pictures,False,False
13682,52900000.0,2000,Walt Disney Pictures,True,True
16187,118020004.19354838,2000,Walt Disney Pictures,True,True
14635,75597042.0,2000,Walt Disney Pictures,False,True
11135,47431461.0,1990,Walt Disney Pictures,False,True
71864,56012642.0,2010,Walt Disney Pictures,True,True
281678,32734732.90625,1980,Walt Disney Pictures,True,False
10637,136706683.0,2000,Walt Disney Pictures,False,False
22559,155557248.7837838,2000,Walt Disney Pictures,False,False
130925,256617351.9642857,2010,Walt Disney Pictures,True,True
13926,36918232.583333336,1980,Walt Disney Pictures,False,True
12448,110293402.1388889,2000,Walt Disney Pictures,True,True
51107,537.0,2000,Walt Disney Pictures,False,True
10481,183611771.0,2000,Walt Disney Pictures,True,True
92208,118020004.19354838,2000,Walt Disney Pictures,True,True
11888,81000000.0,2000,Walt Disney Pictures,True,True
20760,155557248.7837838,2000,Walt Disney Pictures,True,True
230652,241858597.7419355,2010,Walt Disney Pictures,False,False
10204,72178895.0,2000,Walt Disney Pictures,True,False
62177,538983207.0,2010,Walt Disney Pictures,True,True
102936,90233038.10714285,1990,Walt Disney Pictures,False,False
1163,118020004.19354838,2000,Walt Disney Pictures,False,False
1401889,30.0,1980,Walt Disney Pictures,True,True
267857,256617351.9642857,2010,Walt Disney Pictures,False,True
16690,109862682.0,2000,Walt Disney Pictures,False,True
213121,319941105.71428573,2010,Walt Disney Pictures,True,True
82881,256617351.9642857,2010,Walt Disney Pictures,True,True
11430,1465.0,2000,Walt Disney Pictures,True,True
88212,238672661.56756756,2010,Walt Disney Pictures,False,True
444250,33224861.263157893,1980,Walt Disney Pictures,False,True
411,745013115.0,2000,Walt Disney Pictures,False,True
440766,33224861.263157893,1980,Walt Disney Pictures,False,False
298295,155557248.7837838,2000,Walt Disney Pictures,False,False
20526,400062763.0,2010,Walt Disney Pictures,False,False
224141,212902372.0,2010,Walt Disney Pictures,True,False
8326,71406573.0,2000,Walt Disney Pictures,True,True
13417,155557248.7837838,2000,Walt Disney Pictures,True,True
256835,260744249.7142857,2010,Walt Disney Pictures,True,True
10756,182290266.0,2000,Walt Disney Pictures,True,True
10674,304320254.0,1990,Walt Disney Pictures,False,True
24982,17040871.0,2000,Walt Disney Pictures,False,False
95626,92218382.43243243,1990,Walt Disney Pictures,False,True
177572,657827828.0,2010,Walt Disney Pictures,True,True
218778,100654149.0,2010,Walt Disney Pictures,True,True
298167,141383274.5,2000,Walt Disney Pictures,False,True
9982,314432665.0,2000,Walt Disney Pictures,True,True
13768,19158074.0,2000,Walt Disney Pictures,False,True
1075783,141383274.5,2000,Walt Disney Pictures,False,False
39486,60321861.0,2010,Walt Disney Pictures,False,False
9820,92108518.0,1990,Walt Disney Pictures,True,True
13705,33224861.263157893,1980,Walt Disney Pictures,False,True
13691,62870546.0,2000,Walt Disney Pictures,False,True
15487,15431177.0,2000,Walt Disney Pictures,False,False
19766,141383274.5,2000,Walt Disney Pictures,True,True
40534,273964492.4324324,2000,Walt Disney Pictures,False,False
218836,151165787.0,2010,Walt Disney Pictures,True,True
91545,33224861.263157893,1980,Walt Disney Pictures,True,True
920091,141383274.5,2000,Walt Disney Pictures,True,True
40688,4562146.0,1990,Walt Disney Pictures,True,True
150689,543514353.0,2010,Walt Disney Pictures,False,True
9036,120455994.0,2000,Walt Disney Pictures,False,True
26264,141383274.5,2000,Walt Disney Pictures,True,True
10330,160846332.0,2000,Walt Disney Pictures,True,True
931440,33224861.263157893,1980,Walt Disney Pictures,False,False
27190,186403213.88235295,2000,Walt Disney Pictures,True,True
9438,75000000.0,1990,Walt Disney Pictures,True,True
18085,152441279.91666666,2000,Walt Disney Pictures,False,False
10202,212874864.0,2000,Walt Disney Pictures,True,True
348666,184340120.39285713,2010,Walt Disney Pictures,True,True
35114,141383274.5,2000,Walt Disney Pictures,False,True
9918,42647449.0,2000,Walt Disney Pictures,False,False
402168,184340120.39285713,2010,Walt Disney Pictures,False,True
22,655011224.0,2000,Walt Disney Pictures,False,False
228203,45710059.0,2010,Walt Disney Pictures,False,True
10122,18564613.0,1980,Walt Disney Pictures,False,True
336790,892000.0,2010,Walt Disney Pictures,False,False
10020,424967620.0,1990,Walt Disney Pictures,False,True
150540,857611174.0,2010,Walt Disney Pictures,True,True
38757,592461732.0,2010,Walt Disney Pictures,False,True
158852,209154322.0,2010,Walt Disney Pictures,False,True
642488,78746674.6521739,1980,Walt Disney Pictures,True,True
76701,141383274.5,2000,Walt Disney Pictures,False,True
13965,10743000.0,1980,Walt Disney Pictures,False,True
37740,141383274.5,2000,Walt Disney Pictures,True,True
18736,55534455.0,2000,Walt Disney Pictures,True,True
95982,92218382.43243243,1990,Walt Disney Pictures,True,False
177212,92218382.43243243,1990,Walt Disney Pictures,False,False
76882,141383274.5,2000,Walt Disney Pictures,False,True
322777,141383274.5,2000,Walt Disney Pictures,False,True
54540,241858597.7419355,2010,Walt Disney Pictures,True,True
291157,260744249.7142857,2010,Walt Disney Pictures,True,False
21661,10224116.0,1990,Walt Disney Pictures,True,True
234567,319941105.71428573,2010,Walt Disney Pictures,True,True
89255,106229839.85714285,1990,Walt Disney Pictures,True,True
76669,106229839.85714285,1990,Walt Disney Pictures,False,True
17037,92218382.43243243,1990,Walt Disney Pictures,True,True
16604,273964492.4324324,2000,Walt Disney Pictures,True,False
9487,363258859.0,1990,Walt Disney Pictures,True,True
140823,112544580.0,2010,Walt Disney Pictures,True,False
353998,155557248.7837838,2000,Walt Disney Pictures,False,False
854741,241858597.7419355,2010,Walt Disney Pictures,True,False
50321,38992758.0,2010,Walt Disney Pictures,False,True
109445,1274219009.0,2010,Walt Disney Pictures,False,True
9849,36850101.0,1990,Walt Disney Pictures,True,True
18126,155545279.0,2000,Walt Disney Pictures,True,True
1219371,92218382.43243243,1990,Walt Disney Pictures,True,True
9822,92218382.43243243,1990,Walt Disney Pictures,False,True
64831,273964492.4324324,2000,Walt Disney Pictures,False,False
247434,106229839.85714285,1990,Walt Disney Pictures,False,False
398614,36918232.583333336,1980,Walt Disney Pictures,False,True
11459,86369815.0,2000,Walt Disney Pictures,True,True
9016,109578115.0,2000,Walt Disney Pictures,False,True
10249,46704056.0,1990,Walt Disney Pictures,False,True
73362,241858597.7419355,2010,Walt Disney Pictures,False,False
305790,141383274.5,2000,Walt Disney Pictures,False,True
24793,92218382.43243243,1990,Walt Disney Pictures,True,True
293973,110293402.1388889,2000,Walt Disney Pictures,False,True
24034,6491969.0,2000,Walt Disney Pictures,True,True
109176,92218382.43243243,1990,Walt Disney Pictures,False,True
352812,238672661.56756756,2010,Walt Disney Pictures,False,False
198185,38307627.0,2010,Walt Disney Pictures,False,False
102651,758539785.0,2010,Walt Disney Pictures,False,True
264730,260744249.7142857,2010,Walt Disney Pictures,False,False
14885,155557248.7837838,2000,Walt Disney Pictures,False,True
9732,92218382.43243243,1990,Walt Disney Pictures,False,True
1396504,260744249.7142857,2010,Walt Disney Pictures,False,False
377471,36918232.583333336,1980,Walt Disney Pictures,False,True
10144,211343479.0,1980,Walt Disney Pictures,False,True
16508,106229839.85714285,1990,Walt Disney Pictures,True,True
13836,106303988.0,2000,Walt Disney Pictures,False,True
238603,45300000.0,2010,Walt Disney Pictures,False,True
9021,172842355.0,2000,Walt Disney Pictures,True,True
145220,80383290.0,2010,Walt Disney Pictures,True,True
14292,64445708.0,2000,Walt Disney Pictures,False,False
1089688,155557248.7837838,2000,Walt Disney Pictures,False,True
30069,33320025.307692308,1980,Warner Bros. Pictures,False,False
4011,74714298.0,1980,Warner Bros. Pictures,True,True
40634,36918232.583333336,1980,Warner Bros. Pictures,False,False
45182,78746674.6521739,1980,Warner Bros. Pictures,False,False
16969,38348988.0,1980,Warner Bros. Pictures,True,True
14170,25537221.0,1980,Warner Bros. Pictures,True,True
1290195,976475550.0,1990,Warner Bros. Pictures,False,False
32088,33377946.681818184,1980,Warner Bros. Pictures,False,False
11895,33200000.0,1980,Warner Bros. Pictures,True,True
403,145793296.0,1980,Warner Bros. Pictures,False,False
2565,39404261.0,1990,Warner Bros. Pictures,True,True
1883,48169908.0,1990,Warner Bros. Pictures,False,False
55492,78746674.6521739,1980,Warner Bros. Pictures,True,True
14621,78746674.6521739,1980,Warner Bros. Pictures,False,False
117269,4263112.0,1990,Warner Bros. Pictures,False,False
12121,65744090.5,1990,Warner Bros. Pictures,True,True
9395,18869631.0,1980,Warner Bros. Pictures,False,False
47874,12384120.0,1980,Warner Bros. Pictures,True,True
10644,10006806.0,1980,Warner Bros. Pictures,False,False
91217,90233038.10714285,1990,Warner Bros. Pictures,True,True
552694,90233038.10714285,1990,Warner Bros. Pictures,True,True
9569,47410000.0,1990,Warner Bros. Pictures,False,False
12516,90233038.10714285,1990,Warner Bros. Pictures,False,False
27418,15942628.0,1980,Warner Bros. Pictures,False,False
10493,7825000.0,1980,Warner Bros. Pictures,False,False
10326,127956187.0,1990,Warner Bros. Pictures,False,False
37296,26200000.0,1980,Warner Bros. Pictures,True,True
297656,33377946.681818184,1980,Warner Bros. Pictures,False,False
28761,2319124.0,1990,Warner Bros. Pictures,False,False
9618,63408614.0,1980,Warner Bros. Pictures,True,True
119822,78746674.6521739,1980,Warner Bros. Pictures,True,True
5825,71319546.0,1980,Warner Bros. Pictures,True,True
29154,13994920.0,1980,Warner Bros. Pictures,False,False
20348,33320025.307692308,1980,Warner Bros. Pictures,True,True
619,411006740.0,1990,Warner Bros. Pictures,False,False
24679,2000000.0,1980,Warner Bros. Pictures,False,False
197749,90233038.10714285,1990,Warner Bros. Pictures,True,True
37094,40903593.0,1990,Warner Bros. Pictures,False,False
4925,8125592.0,1980,Warner Bros. Pictures,False,False
11825,19510371.0,1980,Warner Bros. Pictures,True,True
10675,17637950.0,1980,Warner Bros. Pictures,False,False
928,41482207.0,1990,Warner Bros. Pictures,True,True
37131,2544504.0,1990,Warner Bros. Pictures,False,False
10110,66700000.0,1980,Warner Bros. Pictures,False,False
1463901,90233038.10714285,1990,Warner Bros. Pictures,False,False
10166,15360553.0,1990,Warner Bros. Pictures,True,True
29739,32734732.90625,1980,Warner Bros. Pictures,True,True
26555,12308521.0,1980,Warner Bros. Pictures,True,True
10538,44065653.0,1990,Warner Bros. Pictures,False,False
334961,94922520.66666667,1990,Warner Bros. Pictures,False,False
110679,36918232.583333336,1980,Warner Bros. Pictures,False,False
12118,107600000.0,1980,Warner Bros. Pictures,True,True
9278,17129026.0,1990,Warner Bros. Pictures,False,False
942,227853986.0,1980,Warner Bros. Pictures,True,True
23521,32734732.90625,1980,Warner Bros. Pictures,True,True
4823,28590665.0,1990,Warner Bros. Pictures,False,False
1825,16057580.0,1980,Warner Bros. Pictures,False,False
29355,33224861.263157893,1980,Warner Bros. Pictures,True,True
22466,79458206.375,1990,Warner Bros. Pictures,True,True
154234,94922520.66666667,1990,Warner Bros. Pictures,True,True
40082,6742168.0,1990,Warner Bros. Pictures,False,False
941,120207127.0,1980,Warner Bros. Pictures,True,True
13853,1953732.0,1980,Warner Bros. Pictures,False,False
2687,14358033.0,1990,Warner Bros. Pictures,True,True
701377,33224861.263157893,1980,Warner Bros. Pictures,False,False
10396,105900000.0,1980,Warner Bros. Pictures,False,False
84600,32734732.90625,1980,Warner Bros. Pictures,False,False
38921,36918232.583333336,1980,Warner Bros. Pictures,True,True
8367,390493908.0,1990,Warner Bros. Pictures,False,False
873,146292000.0,1980,Warner Bros. Pictures,False,False
10587,76800000.0,1980,Warner Bros. Pictures,True,True
49684,36918232.583333336,1980,Warner Bros. Pictures,False,False
54843,79458206.375,1990,Warner Bros. Pictures,False,False
14362,39673161.0,1990,Warner Bros. Pictures,False,False
19380,9011574.0,1990,Warner Bros. Pictures,False,False
10130,32734732.90625,1980,Warner Bros. Pictures,False,False
31924,25147055.0,1980,Warner Bros. Pictures,False,False
9080,60088980.0,1980,Warner Bros. Pictures,True,True
10776,38748395.0,1980,Warner Bros. Pictures,True,True
11821,54830779.0,1990,Warner Bros. Pictures,True,True
11894,33691313.0,1990,Warner Bros. Pictures,True,True
25884,3527636.0,1980,Warner Bros. Pictures,True,True
35119,6908797.0,1980,Warner Bros. Pictures,False,False
474375,79458206.375,1990,Warner Bros. Pictures,True,True
33345,10090429.0,1980,Warner Bros. Pictures,True,True
73079,32734732.90625,1980,Warner Bros. Pictures,False,False
18282,33224861.263157893,1980,Warner Bros. Pictures,True,True
6463,79458206.375,1990,Warner Bros. Pictures,True,True
117825,1000348.0,1990,Warner Bros. Pictures,True,True
11416,17218023.0,1980,Warner Bros. Pictures,False,False
14667,397631.0,1990,Warner Bros. Pictures,True,True
33278,8988731.0,1980,Warner Bros. Pictures,False,False
96163,33224861.263157893,1980,Warner Bros. Pictures,True,True
10341,79458206.375,1990,Warner Bros. Pictures,False,False
1779,6706368.0,1980,Warner Bros. Pictures,True,True
214521,33224861.263157893,1980,Warner Bros. Pictures,False,False
169953,79458206.375,1990,Warner Bros. Pictures,True,True
474378,79458206.375,1990,Warner Bros. Pictures,True,True
34053,12638294.0,1980,Warner Bros. Pictures,False,False
197748,79458206.375,1990,Warner Bros. Pictures,True,True
9874,49042224.0,1980,Warner Bros. Pictures,False,False
32855,3531971.0,1980,Warner Bros. Pictures,False,False
11120,14302779.0,1980,Warner Bros. Pictures,False,False
9319,59509925.0,1990,Warner Bros. Pictures,False,False
86093,78746674.6521739,1980,Warner Bros. Pictures,True,True
26723,32734732.90625,1980,Warner Bros. Pictures,False,False
10015,42724017.0,1980,Warner Bros. Pictures,True,True
820,205405498.0,1990,Warner Bros. Pictures,False,False
84599,36918232.583333336,1980,Warner Bros. Pictures,False,False
22423,9480198.0,1990,Warner Bros. Pictures,False,False
22434,7788597.0,1990,Warner Bros. Pictures,True,True
78028,36918232.583333336,1980,Warner Bros. Pictures,False,False
31052,32632093.0,1980,Warner Bros. Pictures,True,True
23939,10736401.0,1990,Warner Bros. Pictures,True,True
27397,16262415.0,1980,Warner Bros. Pictures,True,True
120518,78746674.6521739,1980,Warner Bros. Pictures,False,False
41762,90233038.10714285,1990,Warner Bros. Pictures,False,False
41682,8251071.0,1990,Warner Bros. Pictures,False,False
14441,8674093.0,1980,Warner Bros. Pictures,False,False
34636,16283667.0,1990,Warner Bros. Pictures,False,False
18509,32734732.90625,1980,Warner Bros. Pictures,True,True
17819,78746674.6521739,1980,Warner Bros. Pictures,True,True
9340,61389680.0,1980,Warner Bros. Pictures,True,True
498464,1000000.0,1990,Warner Bros. Pictures,False,False
38981,31430.0,1980,Warner Bros. Pictures,True,True
11068,18472850.0,1990,Warner Bros. Pictures,True,True
10157,55600000.0,1980,Warner Bros. Pictures,True,True
12651,90233038.10714285,1990,Warner Bros. Pictures,False,False
27381,94922520.66666667,1990,Warner Bros. Pictures,True,True
16384,90233038.10714285,1990,Warner Bros. Pictures,True,True
10651,37903295.0,1980,Warner Bros. Pictures,False,False
8845,156563139.0,1990,Warner Bros. Pictures,False,False
11092,221303188.0,1990,Warner Bros. Pictures,False,False
526,18432000.0,1980,Warner Bros. Pictures,True,True
26044,14681192.0,1980,Warner Bros. Pictures,True,True
428198,33320025.307692308,1980,Warner Bros. Pictures,False,False
10729,15260154.0,1990,Warner Bros. Pictures,True,True
45558,94922520.66666667,1990,Warner Bros. Pictures,False,False
859,34670720.0,1980,Warner Bros. Pictures,False,False
943,321731527.0,1990,Warner Bros. Pictures,True,True
8879,41410568.0,1980,Warner Bros. Pictures,False,False
33,159157447.0,1990,Warner Bros. Pictures,False,False
6069,63766510.0,1980,Warner Bros. Pictures,True,True
600,46357676.0,1980,Warner Bros. Pictures,False,False
37146,78746674.6521739,1980,Warner Bros. Pictures,True,True
10001,32734732.90625,1980,Warner Bros. Pictures,True,True
2614,25893810.0,1980,Warner Bros. Pictures,True,True
10952,47624253.0,1990,Warner Bros. Pictures,False,False
11933,8479793.0,1990,Warner Bros. Pictures,True,True
29463,11000000.0,1980,Warner Bros. Pictures,True,True
268,411348924.0,1980,Warner Bros. Pictures,False,False
197746,94922520.66666667,1990,Warner Bros. Pictures,True,True
30963,94922520.66666667,1990,Warner Bros. Pictures,True,True
364,280000000.0,1990,Warner Bros. Pictures,False,False
9586,15691192.0,1990,Warner Bros. Pictures,True,True
14040,1400000.0,1980,Warner Bros. Pictures,False,False
20006,12100000.0,1980,Warner Bros. Pictures,True,True
10264,20710451.0,1990,Warner Bros. Pictures,False,False
6723,21633874.0,1990,Warner Bros. Pictures,False,False
36536,33320025.307692308,1980,Warner Bros. Pictures,True,True
11411,19300000.0,1980,Warner Bros. Pictures,False,False
1547,32222567.0,1980,Warner Bros. Pictures,True,True
26827,7305209.0,1980,Warner Bros. Pictures,True,True
54501,78746674.6521739,1980,Warner Bros. Pictures,True,True
5683,40940662.0,1980,Warner Bros. Pictures,True,True
11418,49364621.0,1980,Warner Bros. Pictures,True,True
30690,6436211.0,1980,Warner Bros. Pictures,True,True
34334,94922520.66666667,1990,Warner Bros. Pictures,False,False
32331,7467504.0,1980,Warner Bros. Pictures,False,False
24826,10348437.0,1980,Warner Bros. Pictures,True,True
24798,33224861.263157893,1980,Warner Bros. Pictures,True,True
419668,142000.0,1920,Warner Bros. Pictures,False,False
33408,13609396.0,1990,Warner Bros. Pictures,False,False
95576,241858597.7419355,2010,Warner Bros. Pictures,False,False
50646,145079584.0,2010,Warner Bros. Pictures,True,True
39538,137551594.0,2010,Warner Bros. Pictures,False,False
380479,241858597.7419355,2010,Warner Bros. Pictures,True,True
79745,241858597.7419355,2010,Warner Bros. Pictures,False,False
88794,84606030.0,2010,Warner Bros. Pictures,False,False
84914,241858597.7419355,2010,Warner Bros. Pictures,False,False
65759,150406466.0,2010,Warner Bros. Pictures,True,True
12445,1341511219.0,2010,Warner Bros. Pictures,False,False
113736,241858597.7419355,2010,Warner Bros. Pictures,True,True
112134,241858597.7419355,2010,Warner Bros. Pictures,False,False
64685,55247881.0,2010,Warner Bros. Pictures,False,False
380482,241858597.7419355,2010,Warner Bros. Pictures,True,True
120082,256617351.9642857,2010,Warner Bros. Pictures,True,True
103977,256617351.9642857,2010,Warner Bros. Pictures,True,True
95919,256617351.9642857,2010,Warner Bros. Pictures,False,False
132608,256617351.9642857,2010,Warner Bros. Pictures,True,True
57165,301970083.0,2010,Warner Bros. Pictures,False,False
58574,334615000.0,2010,Warner Bros. Pictures,False,False
77877,99357138.0,2010,Warner Bros. Pictures,False,False
44912,219851172.0,2010,Warner Bros. Pictures,False,False
49022,65090821.0,2010,Warner Bros. Pictures,True,True
380466,238672661.56756756,2010,Warner Bros. Pictures,False,False
23168,154026136.0,2010,Warner Bros. Pictures,False,False
48741,238672661.56756756,2010,Warner Bros. Pictures,True,True
63484,238672661.56756756,2010,Warner Bros. Pictures,False,False
44603,106956330.0,2010,Warner Bros. Pictures,False,False
41733,211780824.0,2010,Warner Bros. Pictures,True,True
12444,954305868.0,2010,Warner Bros. Pictures,False,False
380467,238672661.56756756,2010,Warner Bros. Pictures,False,False
45243,586764305.0,2010,Warner Bros. Pictures,True,True
317293,238672661.56756756,2010,Warner Bros. Pictures,True,True
334931,238672661.56756756,2010,Warner Bros. Pictures,False,False
60823,238672661.56756756,2010,Warner Bros. Pictures,True,True
41515,203509374.0,2010,Warner Bros. Pictures,True,True
568602,238672661.56756756,2010,Warner Bros. Pictures,False,False
48138,130786397.0,2010,Warner Bros. Pictures,False,False
49730,89162162.0,2010,Warner Bros. Pictures,False,False
23629,89792502.0,2010,Warner Bros. Pictures,False,False
49012,48147945.0,2010,Warner Bros. Pictures,True,True
64956,238672661.56756756,2010,Warner Bros. Pictures,False,False
44846,238672661.56756756,2010,Warner Bros. Pictures,False,False
92837,256617351.9642857,2010,Warner Bros. Pictures,False,False
263322,256617351.9642857,2010,Warner Bros. Pictures,True,True
81005,197687603.0,2010,Warner Bros. Pictures,False,False
109410,95020213.0,2010,Warner Bros. Pictures,False,False
380519,319941105.71428573,2010,Warner Bros. Pictures,False,False
64682,351040419.0,2010,Warner Bros. Pictures,False,False
430171,319941105.71428573,2010,Warner Bros. Pictures,False,False
49521,668045518.0,2010,Warner Bros. Pictures,False,False
212455,319941105.71428573,2010,Warner Bros. Pictures,True,True
138832,269994119.0,2010,Warner Bros. Pictures,True,True
109491,60052138.0,2010,Warner Bros. Pictures,False,False
281689,319941105.71428573,2010,Warner Bros. Pictures,True,True
223993,2875527.0,2010,Warner Bros. Pictures,False,False
49047,723192705.0,2010,Warner Bros. Pictures,False,False
193722,319941105.71428573,2010,Warner Bros. Pictures,True,True
228290,319941105.71428573,2010,Warner Bros. Pictures,True,True
228148,319941105.71428573,2010,Warner Bros. Pictures,False,False
299878,319941105.71428573,2010,Warner Bros. Pictures,False,False
233771,319941105.71428573,2010,Warner Bros. Pictures,False,False
57158,958400000.0,2010,Warner Bros. Pictures,False,False
146233,122126687.0,2010,Warner Bros. Pictures,False,False
62213,245527149.0,2010,Warner Bros. Pictures,True,True
169069,319941105.71428573,2010,Warner Bros. Pictures,True,True
82682,105200903.0,2010,Warner Bros. Pictures,False,False
93856,38390020.0,2010,Warner Bros. Pictures,False,False
80585,59418613.0,2010,Warner Bros. Pictures,True,True
49026,1081041287.0,2010,Warner Bros. Pictures,False,False
113594,256617351.9642857,2010,Warner Bros. Pictures,False,False
77953,104907746.0,2010,Warner Bros. Pictures,True,True
79694,9627492.0,2010,Warner Bros. Pictures,False,False
127533,61700000.0,2010,Warner Bros. Pictures,False,False
380886,256617351.9642857,2010,Warner Bros. Pictures,False,False
144288,319941105.71428573,2010,Warner Bros. Pictures,False,False
184902,256617351.9642857,2010,Warner Bros. Pictures,False,False
87825,49000000.0,2010,Warner Bros. Pictures,False,False
58244,22187813.0,2010,Warner Bros. Pictures,False,False
149763,256617351.9642857,2010,Warner Bros. Pictures,True,True
768494,256617351.9642857,2010,Warner Bros. Pictures,False,False
68734,232325503.0,2010,Warner Bros. Pictures,False,False
133557,256617351.9642857,2010,Warner Bros. Pictures,False,False
380514,256617351.9642857,2010,Warner Bros. Pictures,False,False
49051,1021103568.0,2010,Warner Bros. Pictures,False,False
130747,256617351.9642857,2010,Warner Bros. Pictures,False,False
48740,238672661.56756756,2010,Warner Bros. Pictures,True,True
39691,112483764.0,2010,Warner Bros. Pictures,True,True
27205,825532764.0,2010,Warner Bros. Pictures,False,False
354305,207721571.575,2000,Warner Bros. Pictures,False,False
6933,45847751.0,2000,Warner Bros. Pictures,False,False
12245,186403213.88235295,2000,Warner Bros. Pictures,False,False
8676,111231041.0,2000,Warner Bros. Pictures,True,True
495598,186403213.88235295,2000,Warner Bros. Pictures,False,False
7840,269784201.0,2000,Warner Bros. Pictures,False,False
574837,186403213.88235295,2000,Warner Bros. Pictures,False,False
7459,93945766.0,2000,Warner Bros. Pictures,True,True
13885,152000000.0,2000,Warner Bros. Pictures,False,False
29751,186403213.88235295,2000,Warner Bros. Pictures,False,False
186579,186403213.88235295,2000,Warner Bros. Pictures,False,False
12180,68282844.0,2000,Warner Bros. Pictures,False,False
13809,25740863.0,2000,Warner Bros. Pictures,False,False
23529,186403213.88235295,2000,Warner Bros. Pictures,False,False
14326,84375061.0,2000,Warner Bros. Pictures,False,False
12113,113280098.0,2000,Warner Bros. Pictures,False,False
1205833,68.0,2000,Warner Bros. Pictures,False,False
133680,186403213.88235295,2000,Warner Bros. Pictures,True,True
155,1004558444.0,2000,Warner Bros. Pictures,False,False
10201,223241637.0,2000,Warner Bros. Pictures,True,True
13167,207721571.575,2000,Warner Bros. Pictures,True,True
13732,207721571.575,2000,Warner Bros. Pictures,True,True
3638,92601050.0,2000,Warner Bros. Pictures,True,True
14043,30715465.0,2000,Warner Bros. Pictures,True,True
2959,69307224.0,2000,Warner Bros. Pictures,True,True
675,938212738.0,2000,Warner Bros. Pictures,False,False
4858,40170558.0,2000,Warner Bros. Pictures,False,False
15006,22136.0,2000,Warner Bros. Pictures,False,False
4413,69766619.0,2000,Warner Bros. Pictures,False,False
449139,207721571.575,2000,Warner Bros. Pictures,False,False
6479,585410052.0,2000,Warner Bros. Pictures,False,False
449140,207721571.575,2000,Warner Bros. Pictures,False,False
4512,14711793.0,2000,Warner Bros. Pictures,False,False
19147,207721571.575,2000,Warner Bros. Pictures,True,True
31147,207721571.575,2000,Warner Bros. Pictures,False,False
23202,207721571.575,2000,Warner Bros. Pictures,True,True
384923,207721571.575,2000,Warner Bros. Pictures,False,False
5375,97838349.0,2000,Warner Bros. Pictures,True,True
6023,156835339.0,2000,Warner Bros. Pictures,False,False
5123,66122026.0,2000,Warner Bros. Pictures,False,False
419003,207721571.575,2000,Warner Bros. Pictures,False,False
13223,269958228.0,2000,Warner Bros. Pictures,False,False
9510,16680689.0,2000,Warner Bros. Pictures,True,True
4922,335802786.0,2000,Warner Bros. Pictures,False,False
22825,33333531.0,2000,Warner Bros. Pictures,False,False
22881,309208309.0,2000,Warner Bros. Pictures,False,False
12404,2336172.0,2000,Warner Bros. Pictures,False,False
22954,122426792.0,2000,Warner Bros. Pictures,False,False
47845,273964492.4324324,2000,Warner Bros. Pictures,True,True
10528,524028679.0,2000,Warner Bros. Pictures,False,False
36298,22039646.0,2010,Warner Bros. Pictures,True,True
12201,81126522.0,2010,Warner Bros. Pictures,False,False
204751,273964492.4324324,2000,Warner Bros. Pictures,True,True
23759,6890432.0,2010,Warner Bros. Pictures,False,False
34144,5400000.0,2010,Warner Bros. Pictures,True,True
44992,238672661.56756756,2010,Warner Bros. Pictures,False,False
18823,493214993.0,2010,Warner Bros. Pictures,False,False
45332,238672661.56756756,2010,Warner Bros. Pictures,True,True
34813,23580000.0,2010,Warner Bros. Pictures,False,False
71172,238672661.56756756,2010,Warner Bros. Pictures,True,True
23437,115664037.0,2010,Warner Bros. Pictures,False,False
20533,10539000.0,2010,Warner Bros. Pictures,False,False
573531,11000000.0,2010,Warner Bros. Pictures,False,False
16523,100140916.0,2000,Warner Bros. Pictures,False,False
37707,273964492.4324324,2000,Warner Bros. Pictures,False,False
23082,32406507.0,2000,Warner Bros. Pictures,True,True
29147,186403213.88235295,2000,Warner Bros. Pictures,False,False
20002,17000000.0,2000,Warner Bros. Pictures,True,True
18032,7162618.0,2000,Warner Bros. Pictures,False,False
10184,178866158.0,2000,Warner Bros. Pictures,True,True
36123,273964492.4324324,2000,Warner Bros. Pictures,False,False
13183,185258983.0,2000,Warner Bros. Pictures,False,False
1188200,185000000.0,2000,Warner Bros. Pictures,False,False
16440,273964492.4324324,2000,Warner Bros. Pictures,False,False
544364,273964492.4324324,2000,Warner Bros. Pictures,False,False
534,371353001.0,2000,Warner Bros. Pictures,False,False
18785,469310836.0,2000,Warner Bros. Pictures,True,True
52507,273964492.4324324,2000,Warner Bros. Pictures,False,False
767,933959197.0,2000,Warner Bros. Pictures,False,False
21208,77912251.0,2000,Warner Bros. Pictures,False,False
22787,17976667.0,2000,Warner Bros. Pictures,False,False
11323,41771168.0,2000,Warner Bros. Pictures,True,True
46954,273964492.4324324,2000,Warner Bros. Pictures,False,False
73919,273964492.4324324,2000,Warner Bros. Pictures,False,False
22832,61601280.0,2000,Warner Bros. Pictures,False,False
152601,47351251.0,2010,Warner Bros. Pictures,False,False
298,311312624.0,2000,Warner Bros. Pictures,False,False
246894,319941105.71428573,2010,Warner Bros. Pictures,True,True
137321,30800231.0,2010,Warner Bros. Pictures,False,False
1036013,300429222.9375,2010,Warner Bros. Pictures,False,False
446894,214115531.0,2010,Warner Bros. Pictures,False,False
332562,433888866.0,2010,Warner Bros. Pictures,False,False
543208,300429222.9375,2010,Warner Bros. Pictures,False,False
524087,300429222.9375,2010,Warner Bros. Pictures,True,True
338952,654855901.0,2010,Warner Bros. Pictures,False,False
407436,300429222.9375,2010,Warner Bros. Pictures,False,False
560491,300429222.9375,2010,Warner Bros. Pictures,True,True
455207,238539198.0,2010,Warner Bros. Pictures,True,True
448677,300429222.9375,2010,Warner Bros. Pictures,False,False
504172,174804407.0,2010,Warner Bros. Pictures,False,False
573699,61631776.0,2010,Warner Bros. Pictures,False,False
605768,432487082.5714286,2010,Warner Bros. Pictures,True,True
280217,199603202.0,2010,Warner Bros. Pictures,True,True
542931,432487082.5714286,2010,Warner Bros. Pictures,True,True
534259,18144644.0,2010,Warner Bros. Pictures,True,True
596445,432487082.5714286,2010,Warner Bros. Pictures,True,True
626660,432487082.5714286,2010,Warner Bros. Pictures,False,False
297802,1148528393.0,2010,Warner Bros. Pictures,False,False
614017,432487082.5714286,2010,Warner Bros. Pictures,False,False
345940,530517320.0,2010,Warner Bros. Pictures,False,False
467824,300429222.9375,2010,Warner Bros. Pictures,False,False
464882,284558539.2647059,2010,Warner Bros. Pictures,True,True
141052,657926987.0,2010,Warner Bros. Pictures,False,False
423646,4997844.0,2010,Warner Bros. Pictures,False,False
426285,284558539.2647059,2010,Warner Bros. Pictures,False,False
429977,300429222.9375,2010,Warner Bros. Pictures,True,True
429351,67450815.0,2010,Warner Bros. Pictures,False,False
453201,57076286.0,2010,Warner Bros. Pictures,False,False
470012,300429222.9375,2010,Warner Bros. Pictures,True,True
536584,300429222.9375,2010,Warner Bros. Pictures,True,True
483221,200.0,2010,Warner Bros. Pictures,True,True
333339,607274134.0,2010,Warner Bros. Pictures,False,False
497802,7635778.0,2010,Warner Bros. Pictures,False,False
492336,300429222.9375,2010,Warner Bros. Pictures,False,False
399796,61700416.0,2010,Warner Bros. Pictures,True,True
402900,297718711.0,2010,Warner Bros. Pictures,True,True
528911,300429222.9375,2010,Warner Bros. Pictures,False,False
492826,300429222.9375,2010,Warner Bros. Pictures,True,True
535849,300429222.9375,2010,Warner Bros. Pictures,True,True
338970,274650803.0,2010,Warner Bros. Pictures,False,False
526306,284558539.2647059,2010,Warner Bros. Pictures,False,False
568985,432487082.5714286,2010,Warner Bros. Pictures,False,False
617773,432487082.5714286,2010,Warner Bros. Pictures,False,False
379686,163692228.0,2020,Warner Bros. Pictures,True,True
436969,168717425.0,2020,Warner Bros. Pictures,False,True
661595,115594063.28571428,2020,Warner Bros. Pictures,False,False
749274,16481544.0,2020,Warner Bros. Pictures,False,False
524369,13037403.0,2020,Warner Bros. Pictures,False,False
614917,39429285.0,2020,Warner Bros. Pictures,False,False
624860,156497322.0,2020,Warner Bros. Pictures,False,False
1228888,259395341.5,2020,Warner Bros. Pictures,False,True
649409,115594063.28571428,2020,Warner Bros. Pictures,False,False
414906,770945583.0,2020,Warner Bros. Pictures,False,False
614934,288670284.0,2020,Warner Bros. Pictures,False,False
746419,259395341.5,2020,Warner Bros. Pictures,False,True
539681,203000000.0,2020,Warner Bros. Pictures,True,True
619730,86669039.0,2020,Warner Bros. Pictures,False,False
906221,52000000.0,2020,Warner Bros. Pictures,False,True
298618,268375616.0,2020,Warner Bros. Pictures,False,False
615656,384056482.0,2020,Warner Bros. Pictures,False,False
565770,124818235.0,2020,Warner Bros. Pictures,False,False
338953,406950844.0,2020,Warner Bros. Pictures,True,False
475557,1074458282.0,2010,Warner Bros. Pictures,False,False
837521,115594063.28571428,2020,Warner Bros. Pictures,False,True
791373,115594063.28571428,2020,Warner Bros. Pictures,False,False
507773,432487082.5714286,2010,Warner Bros. Pictures,False,False
292011,33904605.0,2010,Warner Bros. Pictures,False,False
522212,50401502.0,2010,Warner Bros. Pictures,False,False
495764,205372791.0,2020,Warner Bros. Pictures,False,False
529485,14590514.0,2020,Warner Bros. Pictures,False,False
728227,109414986.0909091,2020,Warner Bros. Pictures,False,False
385103,28588425.0,2020,Warner Bros. Pictures,True,True
577922,365304105.0,2020,Warner Bros. Pictures,False,False
757844,115594063.28571428,2020,Warner Bros. Pictures,False,False
733573,109414986.0909091,2020,Warner Bros. Pictures,False,True
630566,109414986.0909091,2020,Warner Bros. Pictures,False,False
531219,29303571.0,2020,Warner Bros. Pictures,True,True
521007,109414986.0909091,2020,Warner Bros. Pictures,False,True
464052,169601036.0,2020,Warner Bros. Pictures,False,False
602269,29942746.0,2020,Warner Bros. Pictures,False,False
587807,136536687.0,2020,Warner Bros. Pictures,True,True
583406,6416063.0,2020,Warner Bros. Pictures,False,False
741228,115594063.28571428,2020,Warner Bros. Pictures,False,True
726739,109414986.0909091,2020,Warner Bros. Pictures,True,True
346648,227300000.0,2010,Warner Bros. Pictures,True,True
274855,221600160.0,2010,Warner Bros. Pictures,False,False
421386,284558539.2647059,2010,Warner Bros. Pictures,True,True
299822,184340120.39285713,2010,Warner Bros. Pictures,False,False
256591,153962963.0,2010,Warner Bros. Pictures,True,True
1225047,184340120.39285713,2010,Warner Bros. Pictures,False,False
308187,184340120.39285713,2010,Warner Bros. Pictures,True,True
257091,111811453.0,2010,Warner Bros. Pictures,True,True
333112,2097768.0,2010,Warner Bros. Pictures,True,True
291211,184340120.39285713,2010,Warner Bros. Pictures,True,True
268920,51680201.0,2010,Warner Bros. Pictures,True,True
76757,183987723.0,2010,Warner Bros. Pictures,False,False
76341,378858340.0,2010,Warner Bros. Pictures,False,False
272878,43967255.0,2010,Warner Bros. Pictures,False,False
264999,117813057.0,2010,Warner Bros. Pictures,True,True
293646,24902723.0,2010,Warner Bros. Pictures,False,False
203801,108145109.0,2010,Warner Bros. Pictures,True,True
301351,11122090.0,2010,Warner Bros. Pictures,True,True
360784,184340120.39285713,2010,Warner Bros. Pictures,False,False
341540,184340120.39285713,2010,Warner Bros. Pictures,True,True
266647,128388320.0,2010,Warner Bros. Pictures,False,False
254128,473990832.0,2010,Warner Bros. Pictures,False,False
312221,173567581.0,2010,Warner Bros. Pictures,False,False
518689,184340120.39285713,2010,Warner Bros. Pictures,False,False
190859,542307423.0,2010,Warner Bros. Pictures,False,False
53182,337580051.0,2010,Warner Bros. Pictures,False,False
371021,260744249.7142857,2010,Warner Bros. Pictures,False,False
264170,260744249.7142857,2010,Warner Bros. Pictures,False,False
157353,103039258.0,2010,Warner Bros. Pictures,False,False
137113,370541256.0,2010,Warner Bros. Pictures,False,False
209451,67347013.0,2010,Warner Bros. Pictures,False,False
281139,260744249.7142857,2010,Warner Bros. Pictures,True,True
221731,260744249.7142857,2010,Warner Bros. Pictures,False,False
334613,260744249.7142857,2010,Warner Bros. Pictures,True,True
286940,260744249.7142857,2010,Warner Bros. Pictures,False,False
239678,41296320.0,2010,Warner Bros. Pictures,True,True
250538,3396345.0,2010,Warner Bros. Pictures,False,False
221732,260744249.7142857,2010,Warner Bros. Pictures,False,False
250546,257047661.0,2010,Warner Bros. Pictures,False,False
205587,83719388.0,2010,Warner Bros. Pictures,False,False
317221,260744249.7142857,2010,Warner Bros. Pictures,False,False
122917,956019788.0,2010,Warner Bros. Pictures,False,False
171274,14710975.0,2010,Warner Bros. Pictures,True,True
265195,27007072.0,2010,Warner Bros. Pictures,True,True
205775,93920758.0,2010,Warner Bros. Pictures,False,False
257088,133718711.0,2010,Warner Bros. Pictures,False,False
378674,319004069.0769231,2010,Warner Bros. Pictures,False,False
434942,284558539.2647059,2010,Warner Bros. Pictures,True,True
324849,311950384.0,2010,Warner Bros. Pictures,True,True
417644,26800152.0,2010,Warner Bros. Pictures,True,True
353070,84618541.0,2010,Warner Bros. Pictures,True,True
429976,615194.0,2010,Warner Bros. Pictures,True,True
426284,150532.0,2010,Warner Bros. Pictures,False,False
274857,148675066.0,2010,Warner Bros. Pictures,False,False
450274,284558539.2647059,2010,Warner Bros. Pictures,False,False
259695,22678555.0,2010,Warner Bros. Pictures,False,False
432985,284558539.2647059,2010,Warner Bros. Pictures,True,True
468201,284558539.2647059,2010,Warner Bros. Pictures,False,False
396422,306515884.0,2010,Warner Bros. Pictures,False,False
393575,284558539.2647059,2010,Warner Bros. Pictures,True,True
435601,284558539.2647059,2010,Warner Bros. Pictures,False,False
429210,284558539.2647059,2010,Warner Bros. Pictures,True,True
487969,284558539.2647059,2010,Warner Bros. Pictures,False,False
274862,123081555.0,2010,Warner Bros. Pictures,True,True
335984,259239658.0,2010,Warner Bros. Pictures,False,False
374720,527000000.0,2010,Warner Bros. Pictures,False,False
259316,809342332.0,2010,Warner Bros. Pictures,False,False
423302,319004069.0769231,2010,Warner Bros. Pictures,False,False
302946,155160045.0,2010,Warner Bros. Pictures,False,False
245703,6740647.0,2010,Warner Bros. Pictures,False,False
389703,319004069.0769231,2010,Warner Bros. Pictures,False,False
209112,873637528.0,2010,Warner Bros. Pictures,False,False
326423,55030051.0,2010,Warner Bros. Pictures,True,True
342521,20609977.0,2010,Warner Bros. Pictures,True,True
290250,62788218.0,2010,Warner Bros. Pictures,True,True
375533,319004069.0769231,2010,Warner Bros. Pictures,False,False
302699,216972543.0,2010,Warner Bros. Pictures,True,True
258489,356743061.0,2010,Warner Bros. Pictures,False,False
345911,148868835.0,2010,Warner Bros. Pictures,False,False
381873,319004069.0769231,2010,Warner Bros. Pictures,False,False
407655,319004069.0769231,2010,Warner Bros. Pictures,True,True
297761,746846894.0,2010,Warner Bros. Pictures,False,False
308266,86234523.0,2010,Warner Bros. Pictures,True,True
363579,53165427.0,2010,Warner Bros. Pictures,False,False
363676,240797623.0,2010,Warner Bros. Pictures,False,False
417321,319004069.0769231,2010,Warner Bros. Pictures,True,True
332210,182379278.0,2010,Warner Bros. Pictures,True,True
418167,319004069.0769231,2010,Warner Bros. Pictures,False,False
64807,44907260.0,2010,Warner Bros. Pictures,True,True
10498,30038362.0,1990,Warner Bros. Pictures,False,False
100903,207721571.575,2000,Warner Bros. Pictures,False,False
1683,62771059.0,2000,Warner Bros. Pictures,False,False
14289,16228448.0,1990,Warner Bros. Pictures,False,False
2118,126216940.0,1990,Warner Bros. Pictures,False,False
14330,309.0,1990,Warner Bros. Pictures,True,True
1813,152944660.0,1990,Warner Bros. Pictures,False,False
26393,11690.0,1990,Warner Bros. Pictures,False,False
83787,141474200.29411766,1990,Warner Bros. Pictures,True,True
9770,10541523.0,1990,Warner Bros. Pictures,False,False
45928,141474200.29411766,1990,Warner Bros. Pictures,False,False
8854,1686429.0,1990,Warner Bros. Pictures,False,False
9414,13801755.0,1990,Warner Bros. Pictures,True,True
9922,17626234.0,1990,Warner Bros. Pictures,False,False
9411,25232289.0,1990,Warner Bros. Pictures,False,False
56195,92218382.43243243,1990,Warner Bros. Pictures,True,True
10153,37020277.0,1990,Warner Bros. Pictures,False,False
8583,4553271.0,1990,Warner Bros. Pictures,False,False
30949,92218382.43243243,1990,Warner Bros. Pictures,False,False
22797,1995911.0,1990,Warner Bros. Pictures,True,True
11808,102367405.0,1990,Warner Bros. Pictures,False,False
8197,25105255.0,1990,Warner Bros. Pictures,False,False
795,198685114.0,1990,Warner Bros. Pictures,False,False
8834,136982834.0,1990,Warner Bros. Pictures,False,False
686,171120329.0,1990,Warner Bros. Pictures,False,False
819,165615285.0,1990,Warner Bros. Pictures,False,False
1770,16900000.0,1990,Warner Bros. Pictures,False,False
61086,132132182.09677419,1990,Warner Bros. Pictures,False,False
2300,250200000.0,1990,Warner Bros. Pictures,True,True
75,101371017.0,1990,Warner Bros. Pictures,True,True
17795,132132182.09677419,1990,Warner Bros. Pictures,True,True
2928,119718203.0,1990,Warner Bros. Pictures,True,True
83762,141474200.29411766,1990,Warner Bros. Pictures,True,True
18519,141474200.29411766,1990,Warner Bros. Pictures,False,False
11419,36400360.0,1990,Warner Bros. Pictures,True,True
50219,141474200.29411766,1990,Warner Bros. Pictures,True,True
24662,3566637.0,1990,Warner Bros. Pictures,True,True
117714,141474200.29411766,1990,Warner Bros. Pictures,True,True
50512,858553.0,1990,Warner Bros. Pictures,False,False
9415,25804707.0,1990,Warner Bros. Pictures,False,False
12499,35598376.0,1990,Warner Bros. Pictures,True,True
2058,34673095.0,1990,Warner Bros. Pictures,True,True
415,238207122.0,1990,Warner Bros. Pictures,True,True
25624,13130349.0,1990,Warner Bros. Pictures,False,False
9625,20350000.0,1990,Warner Bros. Pictures,False,False
38618,2172941.0,1990,Warner Bros. Pictures,False,False
1965,128038368.0,1990,Warner Bros. Pictures,False,False
8914,164648142.0,1990,Warner Bros. Pictures,False,False
10386,23159305.0,1990,Warner Bros. Pictures,False,False
10154,54264342.0,1990,Warner Bros. Pictures,True,True
2162,11263966.0,1990,Warner Bros. Pictures,True,True
44516,106229839.85714285,1990,Warner Bros. Pictures,True,True
10563,106229839.85714285,1990,Warner Bros. Pictures,True,True
286396,106229839.85714285,1990,Warner Bros. Pictures,False,False
27141,106229839.85714285,1990,Warner Bros. Pictures,False,False
345,162100000.0,1990,Warner Bros. Pictures,False,False
20468,106229839.85714285,1990,Warner Bros. Pictures,True,True
73901,106229839.85714285,1990,Warner Bros. Pictures,True,True
9563,100230832.0,1990,Warner Bros. Pictures,False,False
17908,35547761.0,2000,Warner Bros. Pictures,True,True
2069,106371651.0,2000,Warner Bros. Pictures,True,True
14805,118020004.19354838,2000,Warner Bros. Pictures,False,False
2085,91036760.0,2000,Warner Bros. Pictures,False,False
165266,118020004.19354838,2000,Warner Bros. Pictures,True,True
20697,12372410.0,2000,Warner Bros. Pictures,True,True
497,286801374.0,1990,Warner Bros. Pictures,False,False
18937,38172500.0,1990,Warner Bros. Pictures,False,False
9473,83137603.0,1990,Warner Bros. Pictures,True,True
210719,60000000.0,1990,Warner Bros. Pictures,True,True
944,285444603.0,1990,Warner Bros. Pictures,True,True
9417,9623329.0,1990,Warner Bros. Pictures,True,True
9631,44547681.0,1990,Warner Bros. Pictures,False,False
9320,48585416.0,1990,Warner Bros. Pictures,False,False
46702,12413650.0,1990,Warner Bros. Pictures,False,False
22256,777423.0,1990,Warner Bros. Pictures,False,False
6435,46733235.0,1990,Warner Bros. Pictures,True,True
9425,14594226.0,1990,Warner Bros. Pictures,False,False
8487,222104681.0,1990,Warner Bros. Pictures,True,True
58752,92218382.43243243,1990,Warner Bros. Pictures,False,False
12257,10443316.0,1990,Warner Bros. Pictures,True,True
68969,92218382.43243243,1990,Warner Bros. Pictures,True,True
9489,250821495.0,1990,Warner Bros. Pictures,True,True
2112,161626121.0,1990,Warner Bros. Pictures,False,False
9535,176885658.0,1990,Warner Bros. Pictures,True,True
10354,16649768.0,1990,Warner Bros. Pictures,False,False
603,463517383.0,1990,Warner Bros. Pictures,False,False
49981,106229839.85714285,1990,Warner Bros. Pictures,True,True
9745,92218382.43243243,1990,Warner Bros. Pictures,True,True
3587,132132182.09677419,1990,Warner Bros. Pictures,True,True
49076,132132182.09677419,1990,Warner Bros. Pictures,False,False
23945,132132182.09677419,1990,Warner Bros. Pictures,True,True
9624,49000000.0,1990,Warner Bros. Pictures,False,False
11934,2800000.0,1990,Warner Bros. Pictures,True,True
28032,11373501.0,1990,Warner Bros. Pictures,False,False
385920,79336177.54054055,1990,Warner Bros. Pictures,True,True
24405,1596687.0,1990,Warner Bros. Pictures,True,True
16297,20016254.0,1990,Warner Bros. Pictures,True,True
46924,79336177.54054055,1990,Warner Bros. Pictures,True,True
9359,183031272.0,1990,Warner Bros. Pictures,True,True
1427073,49000000.0,1990,Warner Bros. Pictures,False,False
11546,126247.0,1990,Warner Bros. Pictures,True,True
10731,117615211.0,1990,Warner Bros. Pictures,False,False
14522,79336177.54054055,1990,Warner Bros. Pictures,False,False
241,50283563.0,1990,Warner Bros. Pictures,False,False
10448,305070.0,1990,Warner Bros. Pictures,False,False
41590,79336177.54054055,1990,Warner Bros. Pictures,False,False
41588,79336177.54054055,1990,Warner Bros. Pictures,True,True
103413,86115.0,1990,Warner Bros. Pictures,False,False
35614,71368.0,1990,Warner Bros. Pictures,False,False
12160,25052000.0,1990,Warner Bros. Pictures,False,False
2636,170362582.0,1990,Warner Bros. Pictures,False,False
3049,107217396.0,1990,Warner Bros. Pictures,True,True
11520,70200000.0,1990,Warner Bros. Pictures,True,True
8092,4104962.0,1990,Warner Bros. Pictures,False,False
22213,10058318.0,1990,Warner Bros. Pictures,False,False
11566,92000000.0,1990,Warner Bros. Pictures,True,True
341926,65744090.5,1990,Warner Bros. Pictures,True,True
4722,428868.0,1990,Warner Bros. Pictures,False,False
1634,153698625.0,1990,Warner Bros. Pictures,False,False
5503,368875760.0,1990,Warner Bros. Pictures,False,False
11236,65744090.5,1990,Warner Bros. Pictures,False,False
31642,5864949.0,1990,Warner Bros. Pictures,False,False
10502,24760338.0,1990,Warner Bros. Pictures,False,False
1413,1499795.0,1990,Warner Bros. Pictures,False,False
319,12600000.0,1990,Warner Bros. Pictures,False,False
9944,195268056.0,1990,Warner Bros. Pictures,False,False
9739,58055768.0,1990,Warner Bros. Pictures,False,False
10443,6995302.0,1990,Warner Bros. Pictures,False,False
31911,3125424.0,1990,Warner Bros. Pictures,True,True
9559,135130999.0,1990,Warner Bros. Pictures,False,False
40509,278720.0,1990,Warner Bros. Pictures,False,False
1479,65744090.5,1990,Warner Bros. Pictures,False,False
20726,79336177.54054055,1990,Warner Bros. Pictures,True,True
75490,79336177.54054055,1990,Warner Bros. Pictures,False,False
43742,18272894.0,1990,Warner Bros. Pictures,False,False
11859,11534477.0,1990,Warner Bros. Pictures,False,False
9273,212385533.0,1990,Warner Bros. Pictures,True,True
33689,19474589.0,1990,Warner Bros. Pictures,True,True
949,187436818.0,1990,Warner Bros. Pictures,False,False
15602,71500000.0,1990,Warner Bros. Pictures,True,True
150347,132132182.09677419,1990,Warner Bros. Pictures,False,False
200383,132132182.09677419,1990,Warner Bros. Pictures,False,False
19760,10658278.0,1990,Warner Bros. Pictures,True,True
1710,32000000.0,1990,Warner Bros. Pictures,False,False
36929,2042530.0,1990,Warner Bros. Pictures,True,True
10988,52400000.0,1990,Warner Bros. Pictures,False,False
664,494471524.0,1990,Warner Bros. Pictures,False,False
38191,21508.0,1990,Warner Bros. Pictures,False,False
9268,242295562.0,1990,Warner Bros. Pictures,False,False
1645,152266007.0,1990,Warner Bros. Pictures,False,False
11962,4619014.0,1990,Warner Bros. Pictures,True,True
10478,53854588.0,1990,Warner Bros. Pictures,True,True
140695,132132182.09677419,1990,Warner Bros. Pictures,True,True
2320,121969216.0,1990,Warner Bros. Pictures,False,False
83674,88720477.33333333,1990,Warner Bros. Pictures,True,True
9691,30303072.0,1990,Warner Bros. Pictures,False,False
13531,303.0,1990,Warner Bros. Pictures,True,True
27793,79336177.54054055,1990,Warner Bros. Pictures,False,False
39473,3180674.0,1990,Warner Bros. Pictures,False,False
29973,1007583.0,1990,Warner Bros. Pictures,False,False
8984,214015089.0,1990,Warner Bros. Pictures,False,False
11011,38087756.0,1990,Warner Bros. Pictures,True,True
197740,79336177.54054055,1990,Warner Bros. Pictures,False,False
8438,29500000.0,1990,Warner Bros. Pictures,False,False
9061,88720477.33333333,1990,Warner Bros. Pictures,False,False
6950,189859560.0,1990,Warner Bros. Pictures,False,False
68927,88720477.33333333,1990,Warner Bros. Pictures,False,False
19101,10015449.0,1990,Warner Bros. Pictures,False,False
688,182016617.0,1990,Warner Bros. Pictures,False,False
414,336529144.0,1990,Warner Bros. Pictures,False,False
3512,104324083.0,1990,Warner Bros. Pictures,False,False
9073,30000000.0,1990,Warner Bros. Pictures,False,False
18402,50892160.0,1990,Warner Bros. Pictures,True,True
30765,7506759.0,1990,Warner Bros. Pictures,False,False
146747,88720477.33333333,1990,Warner Bros. Pictures,True,True
139408,88720477.33333333,1990,Warner Bros. Pictures,False,False
18041,5108820.0,2000,Warner Bros. Pictures,False,False
1950,8461686.0,2000,Warner Bros. Pictures,False,False
5491,29000000.0,2000,Warner Bros. Pictures,True,True
5551,128884132.0,2000,Warner Bros. Pictures,False,False
163,362744280.0,2000,Warner Bros. Pictures,False,False
298298,162889622.15789473,2000,Warner Bros. Pictures,False,False
70,216763646.0,2000,Warner Bros. Pictures,False,False
2567,213700000.0,2000,Warner Bros. Pictures,False,False
6439,90754475.0,2000,Warner Bros. Pictures,True,True
561,230884728.0,2000,Warner Bros. Pictures,False,False
10040,101393569.0,2000,Warner Bros. Pictures,True,True
245256,155557248.7837838,2000,Warner Bros. Pictures,False,False
9833,154648887.0,2000,Warner Bros. Pictures,False,False
15907,155557248.7837838,2000,Warner Bros. Pictures,False,False
10077,11665465.0,2000,Warner Bros. Pictures,False,False
272,374218673.0,2000,Warner Bros. Pictures,False,False
1635,162949164.0,2000,Warner Bros. Pictures,False,False
11648,58405313.0,2000,Warner Bros. Pictures,True,True
6519,110803676.0,2000,Warner Bros. Pictures,True,True
353333,155557248.7837838,2000,Warner Bros. Pictures,True,True
5236,15785148.0,2000,Warner Bros. Pictures,True,True
3933,118133252.0,2000,Warner Bros. Pictures,False,False
10066,68766121.0,2000,Warner Bros. Pictures,False,False
14376,9612667.0,2000,Warner Bros. Pictures,False,False
201025,162889622.15789473,2000,Warner Bros. Pictures,False,False
76797,162889622.15789473,2000,Warner Bros. Pictures,False,False
11024,181466833.0,2000,Warner Bros. Pictures,True,True
197231,162889622.15789473,2000,Warner Bros. Pictures,True,True
197225,162889622.15789473,2000,Warner Bros. Pictures,True,True
221495,162889622.15789473,2000,Warner Bros. Pictures,False,False
1160551,162889622.15789473,2000,Warner Bros. Pictures,False,False
501653,162889622.15789473,2000,Warner Bros. Pictures,False,False
11025,21289826.0,2000,Warner Bros. Pictures,True,True
652,497409852.0,2000,Warner Bros. Pictures,False,False
1966,167298192.0,2000,Warner Bros. Pictures,False,False
673,789804554.0,2000,Warner Bros. Pictures,False,False
314,82102379.0,2000,Warner Bros. Pictures,False,False
23601,2037545.0,2000,Warner Bros. Pictures,False,False
14198,162889622.15789473,2000,Warner Bros. Pictures,True,True
70812,162889622.15789473,2000,Warner Bros. Pictures,False,False
12697,162889622.15789473,2000,Warner Bros. Pictures,False,False
2841,162889622.15789473,2000,Warner Bros. Pictures,False,False
50415,162889622.15789473,2000,Warner Bros. Pictures,False,False
296266,162889622.15789473,2000,Warner Bros. Pictures,False,False
11247,70067909.0,2000,Warner Bros. Pictures,True,True
11081,65470529.0,2000,Warner Bros. Pictures,False,False
65742,155557248.7837838,2000,Warner Bros. Pictures,False,False
231,93974620.0,2000,Warner Bros. Pictures,False,False
1422,291465000.0,2000,Warner Bros. Pictures,False,False
3683,65900249.0,2000,Warner Bros. Pictures,False,False
1124,109676311.0,2000,Warner Bros. Pictures,False,False
624479,152441279.91666666,2000,Warner Bros. Pictures,False,False
13248,152441279.91666666,2000,Warner Bros. Pictures,True,True
1381,15304890.0,2000,Warner Bros. Pictures,False,False
19089,152441279.91666666,2000,Warner Bros. Pictures,False,False
797190,152441279.91666666,2000,Warner Bros. Pictures,False,False
121088,152441279.91666666,2000,Warner Bros. Pictures,True,True
1372,171720398.0,2000,Warner Bros. Pictures,False,False
11170,43545364.0,2000,Warner Bros. Pictures,False,False
182,5914908.0,2000,Warner Bros. Pictures,False,False
1251,68673228.0,2000,Warner Bros. Pictures,False,False
495686,207721571.575,2000,Warner Bros. Pictures,True,True
5172,11130889.0,2000,Warner Bros. Pictures,True,True
1949,84785914.0,2000,Warner Bros. Pictures,False,False
1271,456082343.0,2000,Warner Bros. Pictures,False,False
1273,95608995.0,2000,Warner Bros. Pictures,True,True
18147,21949234.0,2000,Warner Bros. Pictures,True,True
674,895921036.0,2000,Warner Bros. Pictures,False,False
9708,38805380.0,2000,Warner Bros. Pictures,False,False
73169,152441279.91666666,2000,Warner Bros. Pictures,False,False
2800,88933562.0,2000,Warner Bros. Pictures,True,True
71685,1228700.0,2000,Warner Bros. Pictures,False,False
9520,152441279.91666666,2000,Warner Bros. Pictures,False,False
60112,152441279.91666666,2000,Warner Bros. Pictures,True,True
9754,82800000.0,2000,Warner Bros. Pictures,False,False
752,132511035.0,2000,Warner Bros. Pictures,False,False
17700,152441279.91666666,2000,Warner Bros. Pictures,False,False
13960,21170563.0,2000,Warner Bros. Pictures,True,True
9988,19179969.0,2000,Warner Bros. Pictures,True,True
9773,152441279.91666666,2000,Warner Bros. Pictures,True,True
503,181674817.0,2000,Warner Bros. Pictures,False,False
17566,152441279.91666666,2000,Warner Bros. Pictures,False,False
386024,152441279.91666666,2000,Warner Bros. Pictures,True,True
2044,114830111.0,2000,Warner Bros. Pictures,False,False
1452,391081192.0,2000,Warner Bros. Pictures,False,False
9697,72785169.0,2000,Warner Bros. Pictures,False,False
9906,55181129.0,2000,Warner Bros. Pictures,True,True
23077,152441279.91666666,2000,Warner Bros. Pictures,True,True
126417,152441279.91666666,2000,Warner Bros. Pictures,False,False
56903,162889622.15789473,2000,Warner Bros. Pictures,False,False
9384,170268750.0,2000,Warner Bros. Pictures,True,True
367001,162889622.15789473,2000,Warner Bros. Pictures,True,True
10992,93375151.0,2000,Warner Bros. Pictures,True,True
12610,13596911.0,2000,Warner Bros. Pictures,True,True
26602,19693891.0,2000,Warner Bros. Pictures,True,True
12508,19334145.0,2000,Warner Bros. Pictures,True,True
11313,24185781.0,2000,Warner Bros. Pictures,False,False
9084,14846994.0,2000,Warner Bros. Pictures,False,False
2034,104876233.0,2000,Warner Bros. Pictures,False,False
671,976475550.0,2000,Warner Bros. Pictures,False,False
644,235926552.0,2000,Warner Bros. Pictures,False,False
14543,115729753.31428571,2000,Warner Bros. Pictures,False,False
84751,115729753.31428571,2000,Warner Bros. Pictures,True,True
12660,741394.0,2000,Warner Bros. Pictures,False,False
10229,47494916.0,2000,Warner Bros. Pictures,False,False
9884,78382433.0,2000,Warner Bros. Pictures,False,False
11979,45479110.0,2000,Warner Bros. Pictures,False,False
2135,123729176.0,2000,Warner Bros. Pictures,False,False
14787,110293402.1388889,2000,Warner Bros. Pictures,True,True
5851,77885672.0,2000,Warner Bros. Pictures,True,True
161,450717150.0,2000,Warner Bros. Pictures,False,False
9275,8382938.0,2000,Warner Bros. Pictures,True,True
9705,147080413.0,2000,Warner Bros. Pictures,False,False
10477,54744738.0,2000,Warner Bros. Pictures,False,False
10393,50054511.0,2000,Warner Bros. Pictures,True,True
11398,30199105.0,2000,Warner Bros. Pictures,False,False
252615,118020004.19354838,2000,Warner Bros. Pictures,False,False
89473,118020004.19354838,2000,Warner Bros. Pictures,False,False
10461,19412993.0,2000,Warner Bros. Pictures,False,False
10647,55707411.0,2000,Warner Bros. Pictures,False,False
1181249,118020004.19354838,2000,Warner Bros. Pictures,False,False
37588,118020004.19354838,2000,Warner Bros. Pictures,False,False
30416,115729753.31428571,2000,Warner Bros. Pictures,False,False
8870,33463969.0,2000,Warner Bros. Pictures,False,False
84748,118020004.19354838,2000,Warner Bros. Pictures,True,True
1493,212000000.0,2000,Warner Bros. Pictures,True,True
5955,29419291.0,2000,Warner Bros. Pictures,False,False
10984,16300000.0,2000,Warner Bros. Pictures,False,False
1921,65754228.0,2000,Warner Bros. Pictures,False,False
12138,18720175.0,2000,Warner Bros. Pictures,True,True
39180,115729753.31428571,2000,Warner Bros. Pictures,True,True
10877,79958599.0,2000,Warner Bros. Pictures,False,False
11983,118020004.19354838,2000,Warner Bros. Pictures,False,False
18457,110293402.1388889,2000,Warner Bros. Pictures,True,True
11892,56714147.0,2000,Warner Bros. Pictures,False,False
9260,110293402.1388889,2000,Warner Bros. Pictures,True,True
13370,18750246.0,2000,Warner Bros. Pictures,True,True
19153,5345083.0,2000,Warner Bros. Pictures,False,False
55931,141383274.5,2000,Warner Bros. Pictures,False,False
5146,26800000.0,2000,Warner Bros. Pictures,True,True
48967,141383274.5,2000,Warner Bros. Pictures,True,True
109367,141383274.5,2000,Warner Bros. Pictures,True,True
296,435000000.0,2000,Warner Bros. Pictures,False,False
527417,141383274.5,2000,Warner Bros. Pictures,False,False
13411,34000000.0,2000,Warner Bros. Pictures,True,True
7270,65565672.0,2000,Warner Bros. Pictures,True,True
140692,141383274.5,2000,Warner Bros. Pictures,True,True
10715,68514844.0,2000,Warner Bros. Pictures,True,True
616,456758981.0,2000,Warner Bros. Pictures,False,False
6964,266728738.0,2000,Warner Bros. Pictures,True,True
84761,141383274.5,2000,Warner Bros. Pictures,False,False
10718,46546197.0,2000,Warner Bros. Pictures,False,False
240069,162889622.15789473,2000,Warner Bros. Pictures,False,False
19016,162889622.15789473,2000,Warner Bros. Pictures,False,False
446930,141383274.5,2000,Warner Bros. Pictures,False,False
10735,50732139.0,2000,Warner Bros. Pictures,True,True
322,156822020.0,2000,Warner Bros. Pictures,False,False
10623,56489558.0,2000,Warner Bros. Pictures,False,False
9637,275650703.0,2000,Warner Bros. Pictures,True,True
35696,110293402.1388889,2000,Warner Bros. Pictures,True,True
391690,110293402.1388889,2000,Warner Bros. Pictures,True,True
59387,16426471.0,2000,Warner Bros. Pictures,False,False
625732,110293402.1388889,2000,Warner Bros. Pictures,False,False
8869,45867333.0,2000,Warner Bros. Pictures,True,True
9544,18902015.0,2000,Warner Bros. Pictures,False,False
9573,31794718.0,2000,Warner Bros. Pictures,False,False
13437,110293402.1388889,2000,Warner Bros. Pictures,True,True
13536,22433915.0,2000,Warner Bros. Pictures,False,False
10550,19924033.0,2000,Warner Bros. Pictures,False,False
30072,10113733.0,2000,Warner Bros. Pictures,False,False
10994,110293402.1388889,2000,Warner Bros. Pictures,False,False
9645,68349884.0,2000,Warner Bros. Pictures,False,False
672,876688482.0,2000,Warner Bros. Pictures,False,False
9932,55003135.0,2000,Warner Bros. Pictures,True,True
84756,110293402.1388889,2000,Warner Bros. Pictures,False,False
10628,141383274.5,2000,Warner Bros. Pictures,True,True
16072,12923936.0,2000,Warner Bros. Pictures,False,False
2133,325756637.0,2000,Warner Bros. Pictures,False,False
320,113714830.0,2000,Warner Bros. Pictures,False,False
47249,71000000.0,1960,Warner Bros. Pictures,True,False
13763,68392977.0,1980,Warner Bros. Pictures,False,False
171347,3990500.0,1930,Warner Bros. Pictures,True,True
47883,3990500.0,1930,Warner Bros. Pictures,True,True
235646,3990500.0,1930,Warner Bros. Pictures,False,False
13696,3990500.0,1930,Warner Bros. Pictures,False,False
95968,3990500.0,1930,Warner Bros. Pictures,False,False
176867,3990500.0,1930,Warner Bros. Pictures,False,False
921737,3990500.0,1930,Warner Bros. Pictures,False,False
152043,3990500.0,1930,Warner Bros. Pictures,False,False
46688,3990500.0,1930,Warner Bros. Pictures,False,False
688559,3990500.0,1930,Warner Bros. Pictures,True,True
157382,3990500.0,1930,Warner Bros. Pictures,True,True
45240,3990500.0,1930,Warner Bros. Pictures,True,True
254394,3990500.0,1930,Warner Bros. Pictures,True,True
526209,1889891.75,1940,Warner Bros. Pictures,False,True
249972,1889891.75,1940,Warner Bros. Pictures,False,True
576175,1889891.75,1940,Warner Bros. Pictures,False,False
72638,1889891.75,1940,Warner Bros. Pictures,True,False
253610,1889891.75,1940,Warner Bros. Pictures,False,False
179987,1889891.75,1940,Warner Bros. Pictures,False,False
550982,1889891.75,1940,Warner Bros. Pictures,False,True
333572,1889891.75,1940,Warner Bros. Pictures,False,True
26376,1889891.75,1940,Warner Bros. Pictures,True,False
236795,1889891.75,1940,Warner Bros. Pictures,True,False
88192,1889891.75,1940,Warner Bros. Pictures,True,False
688595,1889891.75,1940,Warner Bros. Pictures,False,True
247602,3990500.0,1930,Warner Bros. Pictures,True,True
292632,1889891.75,1940,Warner Bros. Pictures,True,False
454990,3990500.0,1930,Warner Bros. Pictures,False,False
254523,3990500.0,1930,Warner Bros. Pictures,False,False
121632,3990500.0,1930,Warner Bros. Pictures,True,True
227965,3990500.0,1930,Warner Bros. Pictures,False,False
100305,3990500.0,1930,Warner Bros. Pictures,True,True
329304,3990500.0,1930,Warner Bros. Pictures,False,False
190015,3990500.0,1930,Warner Bros. Pictures,True,True
78191,3990500.0,1930,Warner Bros. Pictures,False,False
17885,3990500.0,1930,Warner Bros. Pictures,False,False
236195,3990500.0,1930,Warner Bros. Pictures,True,True
152040,3990500.0,1930,Warner Bros. Pictures,False,False
178615,3990500.0,1930,Warner Bros. Pictures,True,True
65580,3990500.0,1930,Warner Bros. Pictures,True,True
254522,3990500.0,1930,Warner Bros. Pictures,False,False
175177,3990500.0,1930,Warner Bros. Pictures,True,True
67880,3990500.0,1930,Warner Bros. Pictures,False,False
236197,3990500.0,1930,Warner Bros. Pictures,True,True
111100,3990500.0,1930,Warner Bros. Pictures,True,True
150498,3990500.0,1930,Warner Bros. Pictures,True,True
183188,3990500.0,1930,Warner Bros. Pictures,False,False
174767,3990500.0,1930,Warner Bros. Pictures,False,False
209024,3990500.0,1930,Warner Bros. Pictures,True,True
128756,3990500.0,1930,Warner Bros. Pictures,True,True
411275,3990500.0,1930,Warner Bros. Pictures,False,False
152039,3990500.0,1930,Warner Bros. Pictures,True,True
140995,3990500.0,1930,Warner Bros. Pictures,False,False
208216,3990500.0,1930,Warner Bros. Pictures,False,False
114838,3990500.0,1930,Warner Bros. Pictures,True,True
130452,3990500.0,1930,Warner Bros. Pictures,True,True
565392,1889891.75,1940,Warner Bros. Pictures,False,True
249969,1889891.75,1940,Warner Bros. Pictures,False,True
966410,1889891.75,1940,Warner Bros. Pictures,True,False
236468,1889891.75,1940,Warner Bros. Pictures,False,False
135988,1889891.75,1940,Warner Bros. Pictures,True,False
236796,1889891.75,1940,Warner Bros. Pictures,True,False
338872,1889891.75,1940,Warner Bros. Pictures,False,True
132928,1889891.75,1940,Warner Bros. Pictures,False,True
236450,1889891.75,1940,Warner Bros. Pictures,False,False
31148,1889891.75,1940,Warner Bros. Pictures,True,False
380460,1889891.75,1940,Warner Bros. Pictures,False,True
43812,1889891.75,1940,Warner Bros. Pictures,True,False
413950,1889891.75,1940,Warner Bros. Pictures,True,False
109716,1889891.75,1940,Warner Bros. Pictures,True,False
221280,1889891.75,1940,Warner Bros. Pictures,True,True
302812,1889891.75,1940,Warner Bros. Pictures,False,True
236452,1889891.75,1940,Warner Bros. Pictures,False,False
135773,1889891.75,1940,Warner Bros. Pictures,True,False
249973,1889891.75,1940,Warner Bros. Pictures,True,False
138540,1889891.75,1940,Warner Bros. Pictures,True,True
17801,1889891.75,1940,Warner Bros. Pictures,True,False
121259,1889891.75,1940,Warner Bros. Pictures,True,False
151854,1889891.75,1940,Warner Bros. Pictures,False,False
174798,1889891.75,1940,Warner Bros. Pictures,False,True
86739,1889891.75,1940,Warner Bros. Pictures,False,False
352450,1889891.75,1940,Warner Bros. Pictures,True,False
1718,1889891.75,1940,Warner Bros. Pictures,False,False
833895,1889891.75,1940,Warner Bros. Pictures,False,False
236469,1889891.75,1940,Warner Bros. Pictures,False,False
253248,1889891.75,1940,Warner Bros. Pictures,True,False
26201,2000000.0,1940,Warner Bros. Pictures,False,False
17836,2372567.0,1940,Warner Bros. Pictures,True,False
236436,1889891.75,1940,Warner Bros. Pictures,False,False
64928,1889891.75,1940,Warner Bros. Pictures,True,True
151859,1889891.75,1940,Warner Bros. Pictures,False,False
331133,1889891.75,1940,Warner Bros. Pictures,True,False
430063,1889891.75,1940,Warner Bros. Pictures,False,True
148678,1889891.75,1940,Warner Bros. Pictures,True,False
395844,1889891.75,1940,Warner Bros. Pictures,False,True
225510,1889891.75,1940,Warner Bros. Pictures,True,False
135985,1889891.75,1940,Warner Bros. Pictures,True,False
94182,1889891.75,1940,Warner Bros. Pictures,False,True
99863,1889891.75,1940,Warner Bros. Pictures,True,False
100391,1889891.75,1940,Warner Bros. Pictures,False,True
100016,1889891.75,1940,Warner Bros. Pictures,True,False
26635,1889891.75,1940,Warner Bros. Pictures,True,True
178658,1889891.75,1940,Warner Bros. Pictures,False,False
236466,1889891.75,1940,Warner Bros. Pictures,False,False
150496,1889891.75,1940,Warner Bros. Pictures,False,False
174629,1889891.75,1940,Warner Bros. Pictures,False,False
255164,1889891.75,1940,Warner Bros. Pictures,False,False
43807,1889891.75,1940,Warner Bros. Pictures,True,False
413680,1889891.75,1940,Warner Bros. Pictures,False,False
232625,1889891.75,1940,Warner Bros. Pictures,True,True
16933,1596000.0,1940,Warner Bros. Pictures,True,False
244811,1889891.75,1940,Warner Bros. Pictures,False,True
179941,1889891.75,1940,Warner Bros. Pictures,True,False
83807,3990500.0,1930,Warner Bros. Pictures,True,True
554588,3990500.0,1930,Warner Bros. Pictures,True,True
336961,3990500.0,1930,Warner Bros. Pictures,False,False
216418,2743000.0,1930,Warner Bros. Pictures,False,False
185269,2743000.0,1930,Warner Bros. Pictures,True,True
250272,2743000.0,1930,Warner Bros. Pictures,False,False
517031,2743000.0,1930,Warner Bros. Pictures,True,True
130098,2743000.0,1930,Warner Bros. Pictures,False,False
423152,2743000.0,1930,Warner Bros. Pictures,True,True
74392,2743000.0,1930,Warner Bros. Pictures,True,True
118922,2743000.0,1930,Warner Bros. Pictures,True,True
688552,2743000.0,1930,Warner Bros. Pictures,True,True
286743,2743000.0,1930,Warner Bros. Pictures,True,True
1474260,2743000.0,1930,Warner Bros. Pictures,True,True
176259,2743000.0,1930,Warner Bros. Pictures,True,True
552898,2743000.0,1930,Warner Bros. Pictures,True,True
27974,2743000.0,1930,Warner Bros. Pictures,False,False
282980,2743000.0,1930,Warner Bros. Pictures,False,False
202259,2743000.0,1930,Warner Bros. Pictures,True,True
195068,2743000.0,1930,Warner Bros. Pictures,False,False
333560,2743000.0,1930,Warner Bros. Pictures,True,True
292633,2743000.0,1930,Warner Bros. Pictures,False,False
148410,2743000.0,1930,Warner Bros. Pictures,True,True
121850,2743000.0,1930,Warner Bros. Pictures,False,False
176857,2743000.0,1930,Warner Bros. Pictures,True,True
83797,2743000.0,1930,Warner Bros. Pictures,True,True
28256,2743000.0,1930,Warner Bros. Pictures,True,True
204799,2743000.0,1930,Warner Bros. Pictures,False,False
217672,2743000.0,1930,Warner Bros. Pictures,True,True
38070,2743000.0,1930,Warner Bros. Pictures,True,True
1033227,2743000.0,1930,Warner Bros. Pictures,True,True
185285,2743000.0,1930,Warner Bros. Pictures,False,False
429046,618534.5,1930,Warner Bros. Pictures,True,True
173800,618534.5,1930,Warner Bros. Pictures,False,False
139730,618534.5,1930,Warner Bros. Pictures,True,True
248945,618534.5,1930,Warner Bros. Pictures,True,True
357503,618534.5,1930,Warner Bros. Pictures,False,False
202057,618534.5,1930,Warner Bros. Pictures,True,True
52863,618534.5,1930,Warner Bros. Pictures,False,False
16905,618534.5,1930,Warner Bros. Pictures,False,False
372831,618534.5,1930,Warner Bros. Pictures,False,False
390242,2743000.0,1930,Warner Bros. Pictures,True,True
271804,2743000.0,1930,Warner Bros. Pictures,True,True
204703,2743000.0,1930,Warner Bros. Pictures,False,False
422428,2743000.0,1930,Warner Bros. Pictures,True,True
96960,2743000.0,1930,Warner Bros. Pictures,False,False
84208,2743000.0,1930,Warner Bros. Pictures,False,False
233684,2743000.0,1930,Warner Bros. Pictures,True,True
226034,2743000.0,1930,Warner Bros. Pictures,True,True
373090,2743000.0,1930,Warner Bros. Pictures,True,True
17030,2743000.0,1930,Warner Bros. Pictures,False,False
917423,2743000.0,1930,Warner Bros. Pictures,True,True
1392984,2743000.0,1930,Warner Bros. Pictures,False,False
440641,2743000.0,1930,Warner Bros. Pictures,True,True
74469,2743000.0,1930,Warner Bros. Pictures,False,False
134238,2743000.0,1930,Warner Bros. Pictures,True,True
27115,2743000.0,1930,Warner Bros. Pictures,False,False
142414,2743000.0,1930,Warner Bros. Pictures,False,False
371921,2743000.0,1930,Warner Bros. Pictures,False,False
95015,2743000.0,1930,Warner Bros. Pictures,False,False
372481,2743000.0,1930,Warner Bros. Pictures,False,False
74709,3990500.0,1930,Warner Bros. Pictures,True,True
189279,3990500.0,1930,Warner Bros. Pictures,False,False
43859,3990500.0,1930,Warner Bros. Pictures,True,True
538405,3990500.0,1930,Warner Bros. Pictures,True,True
234112,3990500.0,1930,Warner Bros. Pictures,False,False
160162,3990500.0,1930,Warner Bros. Pictures,False,False
233117,3990500.0,1930,Warner Bros. Pictures,False,False
295137,3990500.0,1930,Warner Bros. Pictures,False,False
383857,3990500.0,1930,Warner Bros. Pictures,True,True
34006,3990500.0,1930,Warner Bros. Pictures,True,True
1474338,3990500.0,1930,Warner Bros. Pictures,False,False
242134,3990500.0,1930,Warner Bros. Pictures,True,True
206661,3990500.0,1930,Warner Bros. Pictures,True,True
1976,3990500.0,1930,Warner Bros. Pictures,False,False
115287,3990500.0,1930,Warner Bros. Pictures,False,False
238998,3990500.0,1930,Warner Bros. Pictures,False,False
192513,3990500.0,1930,Warner Bros. Pictures,True,True
249185,3990500.0,1930,Warner Bros. Pictures,False,False
213695,3990500.0,1930,Warner Bros. Pictures,True,True
171346,3990500.0,1930,Warner Bros. Pictures,True,True
288989,3990500.0,1930,Warner Bros. Pictures,False,False
79129,3990500.0,1930,Warner Bros. Pictures,False,False
10907,3981000.0,1930,Warner Bros. Pictures,False,False
74707,3990500.0,1930,Warner Bros. Pictures,False,False
150476,3990500.0,1930,Warner Bros. Pictures,True,True
82092,3990500.0,1930,Warner Bros. Pictures,True,True
182918,3990500.0,1930,Warner Bros. Pictures,False,False
1086377,3990500.0,1930,Warner Bros. Pictures,False,False
187998,2743000.0,1930,Warner Bros. Pictures,True,True
346857,2743000.0,1930,Warner Bros. Pictures,True,True
404235,2743000.0,1930,Warner Bros. Pictures,True,True
37658,2750000.0,1930,Warner Bros. Pictures,False,False
377170,2743000.0,1930,Warner Bros. Pictures,False,False
221346,2743000.0,1930,Warner Bros. Pictures,True,True
188609,2743000.0,1930,Warner Bros. Pictures,False,False
176363,2743000.0,1930,Warner Bros. Pictures,False,False
729772,2743000.0,1930,Warner Bros. Pictures,False,False
184741,2743000.0,1930,Warner Bros. Pictures,True,True
121848,2743000.0,1930,Warner Bros. Pictures,False,False
269460,2743000.0,1930,Warner Bros. Pictures,True,True
201978,2743000.0,1930,Warner Bros. Pictures,True,True
236427,1889891.75,1940,Warner Bros. Pictures,False,True
43884,2736000.0,1930,Warner Bros. Pictures,False,False
158114,2743000.0,1930,Warner Bros. Pictures,False,False
242743,2743000.0,1930,Warner Bros. Pictures,True,True
328356,2743000.0,1930,Warner Bros. Pictures,True,True
94508,2743000.0,1930,Warner Bros. Pictures,False,False
204707,2743000.0,1930,Warner Bros. Pictures,True,True
130652,2743000.0,1930,Warner Bros. Pictures,True,True
218395,2743000.0,1930,Warner Bros. Pictures,False,False
241663,2743000.0,1930,Warner Bros. Pictures,False,False
233693,2743000.0,1930,Warner Bros. Pictures,False,False
294945,2743000.0,1930,Warner Bros. Pictures,True,True
233827,2743000.0,1930,Warner Bros. Pictures,False,False
57698,2743000.0,1930,Warner Bros. Pictures,True,True
221790,2743000.0,1930,Warner Bros. Pictures,True,True
314927,1889891.75,1940,Warner Bros. Pictures,False,False
280401,1889891.75,1940,Warner Bros. Pictures,False,True
255173,5364627.6,1940,Warner Bros. Pictures,False,False
23051,3460000.0,1940,Warner Bros. Pictures,False,False
171269,4843583.333333333,1940,Warner Bros. Pictures,False,True
85677,4843583.333333333,1940,Warner Bros. Pictures,True,False
100743,4843583.333333333,1940,Warner Bros. Pictures,False,False
34944,4843583.333333333,1940,Warner Bros. Pictures,True,False
100334,4843583.333333333,1940,Warner Bros. Pictures,False,False
233913,4843583.333333333,1940,Warner Bros. Pictures,False,True
43517,4843583.333333333,1940,Warner Bros. Pictures,False,True
68440,4843583.333333333,1940,Warner Bros. Pictures,True,False
100740,4843583.333333333,1940,Warner Bros. Pictures,False,False
100807,4843583.333333333,1940,Warner Bros. Pictures,False,False
236658,4843583.333333333,1940,Warner Bros. Pictures,False,True
582468,4843583.333333333,1940,Warner Bros. Pictures,False,False
211167,4843583.333333333,1940,Warner Bros. Pictures,True,False
184686,4843583.333333333,1940,Warner Bros. Pictures,False,False
43514,3621000.0,1940,Warner Bros. Pictures,False,True
34712,4843583.333333333,1940,Warner Bros. Pictures,False,True
1198333,4843583.333333333,1940,Warner Bros. Pictures,False,True
100723,4843583.333333333,1940,Warner Bros. Pictures,False,False
97745,4843583.333333333,1940,Warner Bros. Pictures,True,False
236875,4843583.333333333,1940,Warner Bros. Pictures,False,False
500665,4843583.333333333,1940,Warner Bros. Pictures,False,False
190906,4843583.333333333,1940,Warner Bros. Pictures,True,False
33039,4843583.333333333,1940,Warner Bros. Pictures,False,True
344050,4843583.333333333,1940,Warner Bros. Pictures,False,False
236710,4843583.333333333,1940,Warner Bros. Pictures,False,True
100750,4843583.333333333,1940,Warner Bros. Pictures,False,True
462786,4843583.333333333,1940,Warner Bros. Pictures,False,False
47463,4843583.333333333,1940,Warner Bros. Pictures,False,False
236842,2970000.0,1940,Warner Bros. Pictures,False,False
188383,2970000.0,1940,Warner Bros. Pictures,False,False
205139,2970000.0,1940,Warner Bros. Pictures,False,True
428840,2970000.0,1940,Warner Bros. Pictures,False,False
280403,2970000.0,1940,Warner Bros. Pictures,False,True
101037,4843583.333333333,1940,Warner Bros. Pictures,False,False
573388,4843583.333333333,1940,Warner Bros. Pictures,False,True
660523,4843583.333333333,1940,Warner Bros. Pictures,False,False
36612,4843583.333333333,1940,Warner Bros. Pictures,True,False
289,10462500.0,1940,Warner Bros. Pictures,True,False
52992,4843583.333333333,1940,Warner Bros. Pictures,False,False
363375,4843583.333333333,1940,Warner Bros. Pictures,False,False
89996,4843583.333333333,1940,Warner Bros. Pictures,True,False
100323,4843583.333333333,1940,Warner Bros. Pictures,False,True
100382,4843583.333333333,1940,Warner Bros. Pictures,False,True
85226,4843583.333333333,1940,Warner Bros. Pictures,False,False
15807,4843583.333333333,1940,Warner Bros. Pictures,True,False
255193,4843583.333333333,1940,Warner Bros. Pictures,False,False
100356,4843583.333333333,1940,Warner Bros. Pictures,False,True
55238,3669000.0,1940,Warner Bros. Pictures,True,False
100824,4843583.333333333,1940,Warner Bros. Pictures,True,False
552895,4843583.333333333,1940,Warner Bros. Pictures,False,False
161512,4843583.333333333,1940,Warner Bros. Pictures,True,False
508666,4843583.333333333,1940,Warner Bros. Pictures,False,False
236706,4843583.333333333,1940,Warner Bros. Pictures,False,False
793622,4843583.333333333,1940,Warner Bros. Pictures,False,False
74548,4843583.333333333,1940,Warner Bros. Pictures,True,False
55239,4843583.333333333,1940,Warner Bros. Pictures,True,False
485532,4843583.333333333,1940,Warner Bros. Pictures,False,False
100359,1470009.0,1940,Warner Bros. Pictures,False,True
101400,1470009.0,1940,Warner Bros. Pictures,False,False
185125,1470009.0,1940,Warner Bros. Pictures,False,False
180082,1470009.0,1940,Warner Bros. Pictures,False,True
26600,1470009.0,1940,Warner Bros. Pictures,True,False
43307,1470009.0,1940,Warner Bros. Pictures,True,False
179586,1470009.0,1940,Warner Bros. Pictures,False,False
201125,1470009.0,1940,Warner Bros. Pictures,False,False
91468,1470009.0,1940,Warner Bros. Pictures,False,True
101395,1470009.0,1940,Warner Bros. Pictures,False,False
236907,1470009.0,1940,Warner Bros. Pictures,False,False
35006,1470009.0,1940,Warner Bros. Pictures,False,False
199045,1470009.0,1940,Warner Bros. Pictures,False,True
236938,1470009.0,1940,Warner Bros. Pictures,False,True
101393,1470009.0,1940,Warner Bros. Pictures,False,True
120747,2350000.0,1940,Warner Bros. Pictures,True,False
101543,1470009.0,1940,Warner Bros. Pictures,False,False
188676,1470009.0,1940,Warner Bros. Pictures,False,True
173747,1470009.0,1940,Warner Bros. Pictures,False,True
212,1470009.0,1940,Warner Bros. Pictures,False,True
205878,1470009.0,1940,Warner Bros. Pictures,False,True
255199,1470009.0,1940,Warner Bros. Pictures,False,False
215689,1470009.0,1940,Warner Bros. Pictures,False,True
1170603,45.0,1940,Warner Bros. Pictures,False,False
116772,1470009.0,1940,Warner Bros. Pictures,True,False
147282,1470009.0,1940,Warner Bros. Pictures,False,False
236933,1470009.0,1940,Warner Bros. Pictures,False,False
101406,1470009.0,1940,Warner Bros. Pictures,False,False
257402,1470009.0,1940,Warner Bros. Pictures,False,False
47460,4843583.333333333,1940,Warner Bros. Pictures,False,True
55086,4843583.333333333,1940,Warner Bros. Pictures,True,False
100836,4843583.333333333,1940,Warner Bros. Pictures,False,False
100396,4843583.333333333,1940,Warner Bros. Pictures,False,True
405356,4843583.333333333,1940,Warner Bros. Pictures,True,False
174150,4843583.333333333,1940,Warner Bros. Pictures,False,False
591266,4843583.333333333,1940,Warner Bros. Pictures,False,False
22871,4544000.0,1940,Warner Bros. Pictures,False,False
181980,1470009.0,1940,Warner Bros. Pictures,False,False
100318,1470009.0,1940,Warner Bros. Pictures,False,True
168012,1470009.0,1940,Warner Bros. Pictures,False,True
322177,1470009.0,1940,Warner Bros. Pictures,False,False
43522,2970000.0,1940,Warner Bros. Pictures,True,True
101380,1470009.0,1940,Warner Bros. Pictures,False,True
601821,1470009.0,1940,Warner Bros. Pictures,False,False
101266,1470009.0,1940,Warner Bros. Pictures,True,False
147871,1470009.0,1940,Warner Bros. Pictures,False,True
241532,1470009.0,1940,Warner Bros. Pictures,True,False
18229,1470009.0,1940,Warner Bros. Pictures,False,False
158834,1470009.0,1940,Warner Bros. Pictures,False,True
587915,1470009.0,1940,Warner Bros. Pictures,False,False
101567,1470009.0,1940,Warner Bros. Pictures,False,False
101572,1470009.0,1940,Warner Bros. Pictures,False,True
236915,1470009.0,1940,Warner Bros. Pictures,False,True
518154,1470009.0,1940,Warner Bros. Pictures,False,False
55240,1470009.0,1940,Warner Bros. Pictures,True,False
205650,1470009.0,1940,Warner Bros. Pictures,False,False
507271,618534.5,1930,Warner Bros. Pictures,True,True
74631,2970000.0,1940,Warner Bros. Pictures,True,True
35262,2970000.0,1940,Warner Bros. Pictures,False,True
100310,5364627.6,1940,Warner Bros. Pictures,False,True
176877,5364627.6,1940,Warner Bros. Pictures,True,False
256371,5364627.6,1940,Warner Bros. Pictures,True,False
94730,5364627.6,1940,Warner Bros. Pictures,False,True
26380,5364627.6,1940,Warner Bros. Pictures,False,False
100084,5364627.6,1940,Warner Bros. Pictures,True,False
177077,5364627.6,1940,Warner Bros. Pictures,False,True
100365,5364627.6,1940,Warner Bros. Pictures,False,True
29886,5364627.6,1940,Warner Bros. Pictures,False,True
236534,5364627.6,1940,Warner Bros. Pictures,False,False
146919,5364627.6,1940,Warner Bros. Pictures,True,False
183825,5364627.6,1940,Warner Bros. Pictures,False,False
338754,5364627.6,1940,Warner Bros. Pictures,False,True
48985,5364627.6,1940,Warner Bros. Pictures,True,False
23098,5364627.6,1940,Warner Bros. Pictures,True,False
95367,5364627.6,1940,Warner Bros. Pictures,True,False
558588,5364627.6,1940,Warner Bros. Pictures,False,False
65587,5364627.6,1940,Warner Bros. Pictures,True,False
386769,5364627.6,1940,Warner Bros. Pictures,False,False
74550,5364627.6,1940,Warner Bros. Pictures,False,True
768256,5364627.6,1940,Warner Bros. Pictures,False,False
250142,5364627.6,1940,Warner Bros. Pictures,False,True
418527,5364627.6,1940,Warner Bros. Pictures,False,False
205874,5364627.6,1940,Warner Bros. Pictures,False,True
95124,5364627.6,1940,Warner Bros. Pictures,True,False
283670,5364627.6,1940,Warner Bros. Pictures,True,False
236814,5364627.6,1940,Warner Bros. Pictures,False,False
187102,5364627.6,1940,Warner Bros. Pictures,False,True
218582,5364627.6,1940,Warner Bros. Pictures,False,True
130507,5364627.6,1940,Warner Bros. Pictures,True,False
199321,5364627.6,1940,Warner Bros. Pictures,False,False
144423,5364627.6,1940,Warner Bros. Pictures,True,False
108352,5364627.6,1940,Warner Bros. Pictures,False,True
27725,5364627.6,1940,Warner Bros. Pictures,True,False
180778,5364627.6,1940,Warner Bros. Pictures,True,False
171854,5364627.6,1940,Warner Bros. Pictures,True,False
236516,5364627.6,1940,Warner Bros. Pictures,False,False
190393,5364627.6,1940,Warner Bros. Pictures,True,True
205445,5364627.6,1940,Warner Bros. Pictures,False,True
76465,5364627.6,1940,Warner Bros. Pictures,False,True
49786,5364627.6,1940,Warner Bros. Pictures,False,False
255172,5364627.6,1940,Warner Bros. Pictures,False,False
62507,5364627.6,1940,Warner Bros. Pictures,False,True
335498,5364627.6,1940,Warner Bros. Pictures,True,False
32574,2000000.0,1940,Warner Bros. Pictures,True,True
386736,5364627.6,1940,Warner Bros. Pictures,False,True
33931,5364627.6,1940,Warner Bros. Pictures,True,False
667461,5364627.6,1940,Warner Bros. Pictures,False,True
236538,5364627.6,1940,Warner Bros. Pictures,False,True
462340,5364627.6,1940,Warner Bros. Pictures,True,False
43705,689253.0,1940,Warner Bros. Pictures,True,False
395845,5364627.6,1940,Warner Bros. Pictures,True,True
51420,5364627.6,1940,Warner Bros. Pictures,True,False
94565,5364627.6,1940,Warner Bros. Pictures,True,False
56602,5364627.6,1940,Warner Bros. Pictures,False,True
16442,16361885.0,1940,Warner Bros. Pictures,True,False
278483,5364627.6,1940,Warner Bros. Pictures,True,False
32939,5364627.6,1940,Warner Bros. Pictures,False,True
119103,2970000.0,1940,Warner Bros. Pictures,True,False
69119,2970000.0,1940,Warner Bros. Pictures,False,True
236632,2970000.0,1940,Warner Bros. Pictures,False,False
43525,2970000.0,1940,Warner Bros. Pictures,True,False
152237,2970000.0,1940,Warner Bros. Pictures,False,False
3087,2970000.0,1940,Warner Bros. Pictures,True,False
97910,2970000.0,1940,Warner Bros. Pictures,True,False
100443,2970000.0,1940,Warner Bros. Pictures,True,False
236635,2970000.0,1940,Warner Bros. Pictures,False,True
19388,1783000.0,1940,Warner Bros. Pictures,True,False
508564,2970000.0,1940,Warner Bros. Pictures,False,False
100536,2970000.0,1940,Warner Bros. Pictures,True,False
51416,2970000.0,1940,Warner Bros. Pictures,False,False
511369,2970000.0,1940,Warner Bros. Pictures,True,False
94577,2970000.0,1940,Warner Bros. Pictures,True,False
1380572,2970000.0,1940,Warner Bros. Pictures,False,False
18790,2970000.0,1940,Warner Bros. Pictures,True,False
119106,2970000.0,1940,Warner Bros. Pictures,True,False
99324,2970000.0,1940,Warner Bros. Pictures,True,False
121171,2970000.0,1940,Warner Bros. Pictures,False,True
55236,2970000.0,1940,Warner Bros. Pictures,True,False
100369,2970000.0,1940,Warner Bros. Pictures,False,True
27897,2970000.0,1940,Warner Bros. Pictures,False,False
32847,2970000.0,1940,Warner Bros. Pictures,True,False
255191,2970000.0,1940,Warner Bros. Pictures,False,False
29020,2970000.0,1940,Warner Bros. Pictures,False,True
122200,2970000.0,1940,Warner Bros. Pictures,True,False
514545,2970000.0,1940,Warner Bros. Pictures,False,False
23107,2970000.0,1940,Warner Bros. Pictures,True,False
963,1772000.0,1940,Warner Bros. Pictures,False,False
84086,5364627.6,1940,Warner Bros. Pictures,True,False
236524,5364627.6,1940,Warner Bros. Pictures,False,True
25862,5364627.6,1940,Warner Bros. Pictures,True,False
418525,5364627.6,1940,Warner Bros. Pictures,True,False
17382,5364627.6,1940,Warner Bros. Pictures,True,False
99673,5364627.6,1940,Warner Bros. Pictures,False,True
236813,5364627.6,1940,Warner Bros. Pictures,False,False
99675,5364627.6,1940,Warner Bros. Pictures,False,True
52969,5364627.6,1940,Warner Bros. Pictures,False,True
71433,5364627.6,1940,Warner Bros. Pictures,True,False
99379,5364627.6,1940,Warner Bros. Pictures,False,True
236836,2970000.0,1940,Warner Bros. Pictures,False,False
26319,2970000.0,1940,Warner Bros. Pictures,False,True
236804,2970000.0,1940,Warner Bros. Pictures,False,False
37036,2970000.0,1940,Warner Bros. Pictures,False,True
187535,2970000.0,1940,Warner Bros. Pictures,False,False
97596,2970000.0,1940,Warner Bros. Pictures,False,False
53779,2970000.0,1940,Warner Bros. Pictures,True,False
32921,2970000.0,1940,Warner Bros. Pictures,True,False
236638,2970000.0,1940,Warner Bros. Pictures,False,False
252956,2970000.0,1940,Warner Bros. Pictures,True,False
90978,2970000.0,1940,Warner Bros. Pictures,False,True
97767,2970000.0,1940,Warner Bros. Pictures,True,False
514525,2970000.0,1940,Warner Bros. Pictures,False,False
236582,2970000.0,1940,Warner Bros. Pictures,False,True
236857,2970000.0,1940,Warner Bros. Pictures,False,False
185121,1470009.0,1940,Warner Bros. Pictures,False,False
180427,618534.5,1930,Warner Bros. Pictures,False,False
197103,618534.5,1930,Warner Bros. Pictures,True,True
207143,5916000.0,1920,Warner Bros. Pictures,False,False
429181,2695000.0,1920,Warner Bros. Pictures,False,False
108145,2695000.0,1920,Warner Bros. Pictures,False,False
605595,2695000.0,1920,Warner Bros. Pictures,False,False
443558,2695000.0,1920,Warner Bros. Pictures,False,False
429058,2695000.0,1920,Warner Bros. Pictures,True,True
595639,2695000.0,1920,Warner Bros. Pictures,False,False
464067,2695000.0,1920,Warner Bros. Pictures,True,True
104430,2305000.0,1920,Warner Bros. Pictures,False,False
464199,2695000.0,1920,Warner Bros. Pictures,True,True
595631,2695000.0,1920,Warner Bros. Pictures,True,True
595636,2695000.0,1920,Warner Bros. Pictures,False,False
443563,2695000.0,1920,Warner Bros. Pictures,True,True
464219,1454000.0,1920,Warner Bros. Pictures,False,False
595641,2695000.0,1920,Warner Bros. Pictures,True,True
427729,2695000.0,1920,Warner Bros. Pictures,False,False
464383,2695000.0,1920,Warner Bros. Pictures,False,False
443596,3085000.0,1920,Warner Bros. Pictures,True,True
464394,3085000.0,1920,Warner Bros. Pictures,False,False
443600,3085000.0,1920,Warner Bros. Pictures,True,True
429057,3085000.0,1920,Warner Bros. Pictures,True,True
443655,3085000.0,1920,Warner Bros. Pictures,True,True
330168,3085000.0,1920,Warner Bros. Pictures,False,False
464568,3085000.0,1920,Warner Bros. Pictures,False,False
337831,3085000.0,1920,Warner Bros. Pictures,False,False
429059,2695000.0,1920,Warner Bros. Pictures,True,True
464649,3085000.0,1920,Warner Bros. Pictures,False,False
595626,2695000.0,1920,Warner Bros. Pictures,False,False
463977,2695000.0,1920,Warner Bros. Pictures,False,False
595622,2695000.0,1920,Warner Bros. Pictures,False,False
429054,2695000.0,1920,Warner Bros. Pictures,True,True
337829,2695000.0,1920,Warner Bros. Pictures,False,False
171354,2695000.0,1920,Warner Bros. Pictures,False,False
595618,2695000.0,1920,Warner Bros. Pictures,True,True
443546,2695000.0,1920,Warner Bros. Pictures,False,False
463850,2695000.0,1920,Warner Bros. Pictures,False,False
443590,2695000.0,1920,Warner Bros. Pictures,False,False
443559,2695000.0,1920,Warner Bros. Pictures,False,False
443543,2695000.0,1920,Warner Bros. Pictures,True,True
345992,2695000.0,1920,Warner Bros. Pictures,True,True
108142,2695000.0,1920,Warner Bros. Pictures,True,True
212363,2695000.0,1920,Warner Bros. Pictures,False,False
212365,2695000.0,1920,Warner Bros. Pictures,False,False
595625,2695000.0,1920,Warner Bros. Pictures,True,True
960301,2695000.0,1920,Warner Bros. Pictures,True,True
207890,2695000.0,1920,Warner Bros. Pictures,False,False
173689,1200000.0,1920,Warner Bros. Pictures,False,False
1366133,2695000.0,1920,Warner Bros. Pictures,True,True
387601,2695000.0,1920,Warner Bros. Pictures,False,False
463970,2695000.0,1920,Warner Bros. Pictures,True,True
443690,2695000.0,1920,Warner Bros. Pictures,True,True
443586,2695000.0,1920,Warner Bros. Pictures,True,True
463974,2695000.0,1920,Warner Bros. Pictures,False,False
463976,2695000.0,1920,Warner Bros. Pictures,False,False
429133,2695000.0,1920,Warner Bros. Pictures,True,True
419237,2695000.0,1920,Warner Bros. Pictures,False,False
464693,3085000.0,1920,Warner Bros. Pictures,True,True
429139,3085000.0,1920,Warner Bros. Pictures,True,True
443660,3085000.0,1920,Warner Bros. Pictures,True,True
443658,3085000.0,1920,Warner Bros. Pictures,True,True
44670,3967000.0,1920,Warner Bros. Pictures,True,True
417445,3085000.0,1920,Warner Bros. Pictures,True,True
443672,3085000.0,1920,Warner Bros. Pictures,True,True
443673,3085000.0,1920,Warner Bros. Pictures,False,False
443663,3085000.0,1920,Warner Bros. Pictures,False,False
513453,3085000.0,1920,Warner Bros. Pictures,False,False
198068,3085000.0,1920,Warner Bros. Pictures,False,False
443680,3085000.0,1920,Warner Bros. Pictures,True,True
443665,3085000.0,1920,Warner Bros. Pictures,False,False
1375181,3085000.0,1920,Warner Bros. Pictures,True,True
130813,3085000.0,1920,Warner Bros. Pictures,True,True
429597,3085000.0,1920,Warner Bros. Pictures,True,True
408256,3085000.0,1920,Warner Bros. Pictures,True,True
147050,3085000.0,1920,Warner Bros. Pictures,True,True
84274,3085000.0,1920,Warner Bros. Pictures,False,False
443692,3085000.0,1920,Warner Bros. Pictures,False,False
190334,3085000.0,1920,Warner Bros. Pictures,False,False
470309,3085000.0,1920,Warner Bros. Pictures,False,False
497295,3085000.0,1920,Warner Bros. Pictures,False,False
429130,3085000.0,1920,Warner Bros. Pictures,True,True
262654,3085000.0,1920,Warner Bros. Pictures,False,False
337833,3085000.0,1920,Warner Bros. Pictures,False,False
5517,3085000.0,1920,Warner Bros. Pictures,False,False
396630,3085000.0,1920,Warner Bros. Pictures,True,True
1366809,3085000.0,1920,Warner Bros. Pictures,False,False
443668,3085000.0,1920,Warner Bros. Pictures,True,True
443662,3085000.0,1920,Warner Bros. Pictures,True,True
443562,3085000.0,1920,Warner Bros. Pictures,False,False
207864,3085000.0,1920,Warner Bros. Pictures,False,False
465112,3085000.0,1920,Warner Bros. Pictures,False,False
452407,3085000.0,1920,Warner Bros. Pictures,False,False
595649,3085000.0,1920,Warner Bros. Pictures,False,False
465488,3085000.0,1920,Warner Bros. Pictures,False,False
466620,3085000.0,1920,Warner Bros. Pictures,False,False
262260,3022000.0,1920,Warner Bros. Pictures,False,False
337832,3085000.0,1920,Warner Bros. Pictures,False,False
531752,3085000.0,1920,Warner Bros. Pictures,False,False
443593,3085000.0,1920,Warner Bros. Pictures,True,True
443601,3085000.0,1920,Warner Bros. Pictures,True,True
467737,3085000.0,1920,Warner Bros. Pictures,True,True
468113,3085000.0,1920,Warner Bros. Pictures,True,True
468188,3085000.0,1920,Warner Bros. Pictures,False,False
443656,3085000.0,1920,Warner Bros. Pictures,True,True
325096,3085000.0,1920,Warner Bros. Pictures,True,True
192968,3085000.0,1920,Warner Bros. Pictures,False,False
468335,3085000.0,1920,Warner Bros. Pictures,False,False
434597,3085000.0,1920,Warner Bros. Pictures,False,False
418768,3085000.0,1920,Warner Bros. Pictures,True,True
509414,3085000.0,1920,Warner Bros. Pictures,True,True
472877,3085000.0,1920,Warner Bros. Pictures,True,True
134911,3085000.0,1920,Warner Bros. Pictures,False,False
429140,3085000.0,1920,Warner Bros. Pictures,True,True
198930,2266000.0,1920,Warner Bros. Pictures,False,False
443588,2695000.0,1920,Warner Bros. Pictures,False,False
304398,2695000.0,1920,Warner Bros. Pictures,True,True
296228,2695000.0,1920,Warner Bros. Pictures,False,False
595119,130000.0,1920,Warner Bros. Pictures,True,True
294358,200000.0,1920,Warner Bros. Pictures,False,False
595121,200000.0,1920,Warner Bros. Pictures,False,False
343770,200000.0,1920,Warner Bros. Pictures,True,True
303687,200000.0,1920,Warner Bros. Pictures,True,True
442521,200000.0,1920,Warner Bros. Pictures,True,True
595155,200000.0,1920,Warner Bros. Pictures,False,False
89647,270000.0,1920,Warner Bros. Pictures,False,False
303692,200000.0,1920,Warner Bros. Pictures,False,False
595156,200000.0,1920,Warner Bros. Pictures,False,False
595154,200000.0,1920,Warner Bros. Pictures,False,False
121379,200000.0,1920,Warner Bros. Pictures,True,True
177219,938000.0,1920,Warner Bros. Pictures,False,False
595219,1105500.0,1920,Warner Bros. Pictures,False,False
595208,1105500.0,1920,Warner Bros. Pictures,True,True
595169,1105500.0,1920,Warner Bros. Pictures,True,True
595205,1105500.0,1920,Warner Bros. Pictures,False,False
294364,1105500.0,1920,Warner Bros. Pictures,False,False
303796,1105500.0,1920,Warner Bros. Pictures,True,True
595209,1105500.0,1920,Warner Bros. Pictures,False,False
595207,1105500.0,1920,Warner Bros. Pictures,False,False
303802,1105500.0,1920,Warner Bros. Pictures,True,True
318496,1105500.0,1920,Warner Bros. Pictures,True,True
211826,1105500.0,1920,Warner Bros. Pictures,True,True
294365,1105500.0,1920,Warner Bros. Pictures,False,False
303681,200000.0,1920,Warner Bros. Pictures,False,False
67319,1105500.0,1920,Warner Bros. Pictures,True,True
303675,200000.0,1920,Warner Bros. Pictures,True,True
595115,200000.0,1920,Warner Bros. Pictures,False,False
889971,142000.0,1920,Warner Bros. Pictures,False,False
594812,142000.0,1920,Warner Bros. Pictures,False,False
594923,142000.0,1920,Warner Bros. Pictures,False,False
96713,495000.0,1920,Warner Bros. Pictures,True,True
144613,495000.0,1920,Warner Bros. Pictures,False,False
303158,495000.0,1920,Warner Bros. Pictures,True,True
303161,495000.0,1920,Warner Bros. Pictures,True,True
594962,495000.0,1920,Warner Bros. Pictures,False,False
594971,495000.0,1920,Warner Bros. Pictures,False,False
594977,495000.0,1920,Warner Bros. Pictures,False,False
303173,495000.0,1920,Warner Bros. Pictures,True,True
257655,495000.0,1920,Warner Bros. Pictures,False,False
313690,495000.0,1920,Warner Bros. Pictures,False,False
294292,495000.0,1920,Warner Bros. Pictures,False,False
594965,495000.0,1920,Warner Bros. Pictures,False,False
594980,495000.0,1920,Warner Bros. Pictures,False,False
441724,495000.0,1920,Warner Bros. Pictures,False,False
294342,495000.0,1920,Warner Bros. Pictures,False,False
595106,200000.0,1920,Warner Bros. Pictures,False,False
595094,200000.0,1920,Warner Bros. Pictures,True,True
595098,200000.0,1920,Warner Bros. Pictures,True,True
201186,200000.0,1920,Warner Bros. Pictures,False,False
595109,200000.0,1920,Warner Bros. Pictures,False,False
595107,200000.0,1920,Warner Bros. Pictures,False,False
595118,200000.0,1920,Warner Bros. Pictures,True,True
294349,200000.0,1920,Warner Bros. Pictures,False,False
233622,1105500.0,1920,Warner Bros. Pictures,False,False
89059,1105500.0,1920,Warner Bros. Pictures,False,False
428986,1105500.0,1920,Warner Bros. Pictures,False,False
528285,1037000.0,1920,Warner Bros. Pictures,True,True
104433,1037000.0,1920,Warner Bros. Pictures,False,False
294375,1037000.0,1920,Warner Bros. Pictures,False,False
207856,1037000.0,1920,Warner Bros. Pictures,False,False
595470,1037000.0,1920,Warner Bros. Pictures,True,True
534732,1037000.0,1920,Warner Bros. Pictures,True,True
294377,1037000.0,1920,Warner Bros. Pictures,False,False
296787,1037000.0,1920,Warner Bros. Pictures,False,False
533892,1037000.0,1920,Warner Bros. Pictures,False,False
595476,1037000.0,1920,Warner Bros. Pictures,False,False
207791,1037000.0,1920,Warner Bros. Pictures,True,True
595480,1037000.0,1920,Warner Bros. Pictures,True,True
595477,1037000.0,1920,Warner Bros. Pictures,True,True
420838,1037000.0,1920,Warner Bros. Pictures,False,False
500671,1037000.0,1920,Warner Bros. Pictures,False,False
582838,2695000.0,1920,Warner Bros. Pictures,True,True
595615,2695000.0,1920,Warner Bros. Pictures,False,False
337828,2695000.0,1920,Warner Bros. Pictures,False,False
939,2600000.0,1920,Warner Bros. Pictures,False,False
429157,2695000.0,1920,Warner Bros. Pictures,False,False
405530,2695000.0,1920,Warner Bros. Pictures,True,True
443556,2695000.0,1920,Warner Bros. Pictures,True,True
207841,2695000.0,1920,Warner Bros. Pictures,False,False
443539,2695000.0,1920,Warner Bros. Pictures,False,False
595623,2695000.0,1920,Warner Bros. Pictures,True,True
296227,1037000.0,1920,Warner Bros. Pictures,False,False
122331,1037000.0,1920,Warner Bros. Pictures,False,False
595447,1037000.0,1920,Warner Bros. Pictures,False,False
212370,1037000.0,1920,Warner Bros. Pictures,False,False
595321,1105500.0,1920,Warner Bros. Pictures,True,True
595317,1105500.0,1920,Warner Bros. Pictures,False,False
390113,1105500.0,1920,Warner Bros. Pictures,False,False
171209,1105500.0,1920,Warner Bros. Pictures,False,False
548929,1105500.0,1920,Warner Bros. Pictures,False,False
225112,1273000.0,1920,Warner Bros. Pictures,True,True
500663,1105500.0,1920,Warner Bros. Pictures,False,False
294366,1105500.0,1920,Warner Bros. Pictures,False,False
595325,1105500.0,1920,Warner Bros. Pictures,False,False
595344,1037000.0,1920,Warner Bros. Pictures,True,True
595350,1037000.0,1920,Warner Bros. Pictures,True,True
463788,1037000.0,1920,Warner Bros. Pictures,True,True
1002299,3085000.0,1920,Warner Bros. Pictures,False,False
294369,1037000.0,1920,Warner Bros. Pictures,False,False
420837,1037000.0,1920,Warner Bros. Pictures,False,False
532878,1037000.0,1920,Warner Bros. Pictures,False,False
595394,1037000.0,1920,Warner Bros. Pictures,False,False
912665,1037000.0,1920,Warner Bros. Pictures,False,False
595456,1037000.0,1920,Warner Bros. Pictures,True,True
185352,1037000.0,1920,Warner Bros. Pictures,False,False
595395,1037000.0,1920,Warner Bros. Pictures,True,True
414062,1037000.0,1920,Warner Bros. Pictures,False,False
595396,1037000.0,1920,Warner Bros. Pictures,True,True
595397,1037000.0,1920,Warner Bros. Pictures,False,False
441111,1037000.0,1920,Warner Bros. Pictures,True,True
262457,1037000.0,1920,Warner Bros. Pictures,True,True
595361,1037000.0,1920,Warner Bros. Pictures,False,False
389966,557000.0,1930,Warner Bros. Pictures,True,True
438498,557000.0,1930,Warner Bros. Pictures,True,True
33001,557000.0,1930,Warner Bros. Pictures,False,False
52227,1819000.0,1930,Warner Bros. Pictures,True,True
164040,1819000.0,1930,Warner Bros. Pictures,True,True
168419,1819000.0,1930,Warner Bros. Pictures,False,False
161971,1819000.0,1930,Warner Bros. Pictures,False,False
165669,1819000.0,1930,Warner Bros. Pictures,False,False
244603,1819000.0,1930,Warner Bros. Pictures,True,True
50073,1819000.0,1930,Warner Bros. Pictures,False,False
245223,1819000.0,1930,Warner Bros. Pictures,True,True
28432,2416000.0,1930,Warner Bros. Pictures,True,True
53873,1819000.0,1930,Warner Bros. Pictures,False,False
159424,1819000.0,1930,Warner Bros. Pictures,False,False
160840,1819000.0,1930,Warner Bros. Pictures,False,False
156350,1819000.0,1930,Warner Bros. Pictures,True,True
175933,1819000.0,1930,Warner Bros. Pictures,False,False
280786,1819000.0,1930,Warner Bros. Pictures,True,True
165663,1819000.0,1930,Warner Bros. Pictures,False,False
250670,1819000.0,1930,Warner Bros. Pictures,True,True
43597,1819000.0,1930,Warner Bros. Pictures,True,True
151852,1819000.0,1930,Warner Bros. Pictures,False,False
161967,1819000.0,1930,Warner Bros. Pictures,True,True
50107,1819000.0,1930,Warner Bros. Pictures,False,False
151844,1819000.0,1930,Warner Bros. Pictures,True,True
428825,618534.5,1930,Warner Bros. Pictures,False,False
223242,618534.5,1930,Warner Bros. Pictures,False,False
26323,1237000.0,1930,Warner Bros. Pictures,False,False
161945,1819000.0,1930,Warner Bros. Pictures,False,False
38101,618534.5,1930,Warner Bros. Pictures,False,False
164026,1819000.0,1930,Warner Bros. Pictures,True,True
688590,1819000.0,1930,Warner Bros. Pictures,True,True
221702,1819000.0,1930,Warner Bros. Pictures,True,True
155065,1819000.0,1930,Warner Bros. Pictures,True,True
99729,747000.0,1930,Warner Bros. Pictures,False,False
95321,1819000.0,1930,Warner Bros. Pictures,True,True
49064,1819000.0,1930,Warner Bros. Pictures,False,False
52228,1819000.0,1930,Warner Bros. Pictures,True,True
84905,1819000.0,1930,Warner Bros. Pictures,False,False
31511,3200000.0,1930,Warner Bros. Pictures,True,True
561610,1819000.0,1930,Warner Bros. Pictures,False,False
159215,1819000.0,1930,Warner Bros. Pictures,False,False
179155,1819000.0,1930,Warner Bros. Pictures,False,False
217713,1819000.0,1930,Warner Bros. Pictures,True,True
39494,1819000.0,1930,Warner Bros. Pictures,False,False
151913,1819000.0,1930,Warner Bros. Pictures,True,True
100894,1819000.0,1930,Warner Bros. Pictures,False,False
248639,1819000.0,1930,Warner Bros. Pictures,False,False
161951,1819000.0,1930,Warner Bros. Pictures,True,True
151749,1819000.0,1930,Warner Bros. Pictures,False,False
1387394,1819000.0,1930,Warner Bros. Pictures,False,False
27449,451000.0,1930,Warner Bros. Pictures,False,False
80592,1819000.0,1930,Warner Bros. Pictures,False,False
176627,1819000.0,1930,Warner Bros. Pictures,False,False
892567,1819000.0,1930,Warner Bros. Pictures,False,False
176375,1819000.0,1930,Warner Bros. Pictures,False,False
150449,1819000.0,1930,Warner Bros. Pictures,True,True
152332,1819000.0,1930,Warner Bros. Pictures,False,False
198881,618534.5,1930,Warner Bros. Pictures,False,False
193429,618534.5,1930,Warner Bros. Pictures,False,False
303657,618534.5,1930,Warner Bros. Pictures,False,False
255749,618534.5,1930,Warner Bros. Pictures,True,True
118738,618534.5,1930,Warner Bros. Pictures,True,True
271806,618534.5,1930,Warner Bros. Pictures,True,True
184619,618534.5,1930,Warner Bros. Pictures,False,False
328786,618534.5,1930,Warner Bros. Pictures,True,True
106495,618534.5,1930,Warner Bros. Pictures,True,True
188468,618534.5,1930,Warner Bros. Pictures,True,True
52864,618534.5,1930,Warner Bros. Pictures,False,False
180424,618534.5,1930,Warner Bros. Pictures,True,True
193470,618534.5,1930,Warner Bros. Pictures,True,True
212549,618534.5,1930,Warner Bros. Pictures,True,True
148617,618534.5,1930,Warner Bros. Pictures,True,True
269763,618534.5,1930,Warner Bros. Pictures,True,True
19075,618534.5,1930,Warner Bros. Pictures,True,True
197097,618534.5,1930,Warner Bros. Pictures,False,False
178580,618534.5,1930,Warner Bros. Pictures,False,False
184648,618534.5,1930,Warner Bros. Pictures,False,False
235679,618534.5,1930,Warner Bros. Pictures,False,False
157150,618534.5,1930,Warner Bros. Pictures,True,True
184666,618534.5,1930,Warner Bros. Pictures,True,True
178579,618534.5,1930,Warner Bros. Pictures,False,False
271803,618534.5,1930,Warner Bros. Pictures,True,True
184604,618534.5,1930,Warner Bros. Pictures,True,True
256342,618534.5,1930,Warner Bros. Pictures,False,False
235548,618534.5,1930,Warner Bros. Pictures,False,False
178574,618534.5,1930,Warner Bros. Pictures,True,True
43528,618534.5,1930,Warner Bros. Pictures,True,True
112083,618534.5,1930,Warner Bros. Pictures,True,True
74455,618534.5,1930,Warner Bros. Pictures,True,True
94811,618534.5,1930,Warner Bros. Pictures,True,True
184532,618534.5,1930,Warner Bros. Pictures,True,True
201644,618534.5,1930,Warner Bros. Pictures,False,False
215885,618534.5,1930,Warner Bros. Pictures,False,False
193456,618534.5,1930,Warner Bros. Pictures,True,True
156970,618534.5,1930,Warner Bros. Pictures,False,False
230984,618534.5,1930,Warner Bros. Pictures,True,True
188001,618534.5,1930,Warner Bros. Pictures,True,True
42821,618534.5,1930,Warner Bros. Pictures,False,False
1391875,618534.5,1930,Warner Bros. Pictures,False,False
224948,618534.5,1930,Warner Bros. Pictures,True,True
75770,618534.5,1930,Warner Bros. Pictures,True,True
84906,1819000.0,1930,Warner Bros. Pictures,False,False
223361,618534.5,1930,Warner Bros. Pictures,False,False
184714,618534.5,1930,Warner Bros. Pictures,True,True
184659,618534.5,1930,Warner Bros. Pictures,True,True
793377,618534.5,1930,Warner Bros. Pictures,True,True
666384,618534.5,1930,Warner Bros. Pictures,False,False
235546,618534.5,1930,Warner Bros. Pictures,True,True
196693,69.0,1930,Warner Bros. Pictures,False,False
184551,618534.5,1930,Warner Bros. Pictures,True,True
234136,618534.5,1930,Warner Bros. Pictures,False,False
116155,618534.5,1930,Warner Bros. Pictures,True,True
170514,618534.5,1930,Warner Bros. Pictures,False,False
181166,618534.5,1930,Warner Bros. Pictures,True,True
162059,618534.5,1930,Warner Bros. Pictures,True,True
387877,618534.5,1930,Warner Bros. Pictures,True,True
429034,618534.5,1930,Warner Bros. Pictures,False,False
184238,1819000.0,1930,Warner Bros. Pictures,True,True
173642,1819000.0,1930,Warner Bros. Pictures,True,True
188954,557000.0,1930,Warner Bros. Pictures,False,False
248741,557000.0,1930,Warner Bros. Pictures,False,False
42659,557000.0,1930,Warner Bros. Pictures,True,True
216328,557000.0,1930,Warner Bros. Pictures,True,True
429033,557000.0,1930,Warner Bros. Pictures,False,False
156329,557000.0,1930,Warner Bros. Pictures,False,False
151754,557000.0,1930,Warner Bros. Pictures,True,True
150488,557000.0,1930,Warner Bros. Pictures,True,True
1097945,557000.0,1930,Warner Bros. Pictures,False,False
221814,557000.0,1930,Warner Bros. Pictures,True,True
1387187,557000.0,1930,Warner Bros. Pictures,False,False
90667,557000.0,1930,Warner Bros. Pictures,False,False
914421,557000.0,1930,Warner Bros. Pictures,False,False
1258752,557000.0,1930,Warner Bros. Pictures,False,False
522957,557000.0,1930,Warner Bros. Pictures,False,False
162744,557000.0,1930,Warner Bros. Pictures,True,True
914423,557000.0,1930,Warner Bros. Pictures,False,False
342085,557000.0,1930,Warner Bros. Pictures,True,True
175723,557000.0,1930,Warner Bros. Pictures,True,True
82260,557000.0,1930,Warner Bros. Pictures,False,False
853286,1108000.0,1930,Warner Bros. Pictures,False,False
97586,1108000.0,1930,Warner Bros. Pictures,False,False
67291,1108000.0,1930,Warner Bros. Pictures,True,True
118139,1108000.0,1930,Warner Bros. Pictures,False,False
114302,1108000.0,1930,Warner Bros. Pictures,False,False
222459,557000.0,1930,Warner Bros. Pictures,False,False
287169,1108000.0,1930,Warner Bros. Pictures,True,True
91961,557000.0,1930,Warner Bros. Pictures,False,False
968301,557000.0,1930,Warner Bros. Pictures,False,False
568890,557000.0,1930,Warner Bros. Pictures,True,True
121020,557000.0,1930,Warner Bros. Pictures,False,False
77119,557000.0,1930,Warner Bros. Pictures,True,True
116783,557000.0,1930,Warner Bros. Pictures,True,True
976343,557000.0,1930,Warner Bros. Pictures,False,False
538899,557000.0,1930,Warner Bros. Pictures,False,False
96771,557000.0,1930,Warner Bros. Pictures,True,True
1387199,557000.0,1930,Warner Bros. Pictures,False,False
162635,557000.0,1930,Warner Bros. Pictures,False,False
162630,557000.0,1930,Warner Bros. Pictures,True,True
428972,557000.0,1930,Warner Bros. Pictures,False,False
17687,557000.0,1930,Warner Bros. Pictures,False,False
178927,557000.0,1930,Warner Bros. Pictures,True,True
292650,557000.0,1930,Warner Bros. Pictures,True,True
218397,557000.0,1930,Warner Bros. Pictures,False,False
45803,557000.0,1930,Warner Bros. Pictures,False,False
28257,557000.0,1930,Warner Bros. Pictures,False,False
991549,557000.0,1930,Warner Bros. Pictures,True,True
98867,557000.0,1930,Warner Bros. Pictures,True,True
17966,557000.0,1930,Warner Bros. Pictures,False,False
243791,557000.0,1930,Warner Bros. Pictures,True,True
429065,557000.0,1930,Warner Bros. Pictures,True,True
51394,557000.0,1930,Warner Bros. Pictures,True,True
554411,557000.0,1930,Warner Bros. Pictures,False,False
1490444,557000.0,1930,Warner Bros. Pictures,False,False
162780,557000.0,1930,Warner Bros. Pictures,False,False
156348,1108000.0,1930,Warner Bros. Pictures,True,True
175993,1108000.0,1930,Warner Bros. Pictures,True,True
247782,1108000.0,1930,Warner Bros. Pictures,False,False
186524,1108000.0,1930,Warner Bros. Pictures,False,False
390804,1108000.0,1930,Warner Bros. Pictures,True,True
168417,1108000.0,1930,Warner Bros. Pictures,False,False
165673,1108000.0,1930,Warner Bros. Pictures,False,False
159017,1108000.0,1930,Warner Bros. Pictures,True,True
95574,1108000.0,1930,Warner Bros. Pictures,False,False
29740,1108000.0,1930,Warner Bros. Pictures,False,False
242398,1108000.0,1930,Warner Bros. Pictures,True,True
163773,1108000.0,1930,Warner Bros. Pictures,False,False
342356,1108000.0,1930,Warner Bros. Pictures,False,False
126922,1108000.0,1930,Warner Bros. Pictures,False,False
42822,1108000.0,1930,Warner Bros. Pictures,False,False
160466,1819000.0,1930,Warner Bros. Pictures,False,False
157343,1819000.0,1930,Warner Bros. Pictures,True,True
165672,1819000.0,1930,Warner Bros. Pictures,False,False
165665,1819000.0,1930,Warner Bros. Pictures,True,True
43598,1819000.0,1930,Warner Bros. Pictures,False,False
917232,1819000.0,1930,Warner Bros. Pictures,False,False
387328,1819000.0,1930,Warner Bros. Pictures,True,True
32652,1819000.0,1930,Warner Bros. Pictures,False,False
431453,1819000.0,1930,Warner Bros. Pictures,False,False
149636,1819000.0,1930,Warner Bros. Pictures,True,True
138618,1819000.0,1930,Warner Bros. Pictures,True,True
161983,1819000.0,1930,Warner Bros. Pictures,True,True
420930,1819000.0,1930,Warner Bros. Pictures,True,True
13634,1108000.0,1930,Warner Bros. Pictures,False,False
420922,1108000.0,1930,Warner Bros. Pictures,True,True
251807,1108000.0,1930,Warner Bros. Pictures,False,False
80193,1108000.0,1930,Warner Bros. Pictures,False,False
143838,1108000.0,1930,Warner Bros. Pictures,False,False
190897,1108000.0,1930,Warner Bros. Pictures,True,True
691504,1108000.0,1930,Warner Bros. Pictures,False,False
118245,1108000.0,1930,Warner Bros. Pictures,True,True
125736,1108000.0,1930,Warner Bros. Pictures,False,False
95724,1108000.0,1930,Warner Bros. Pictures,True,True
98536,1108000.0,1930,Warner Bros. Pictures,False,False
122325,1108000.0,1930,Warner Bros. Pictures,False,False
1097965,1108000.0,1930,Warner Bros. Pictures,False,False
207738,1108000.0,1930,Warner Bros. Pictures,False,False
159441,1108000.0,1930,Warner Bros. Pictures,False,False
917200,1108000.0,1930,Warner Bros. Pictures,False,False
3062,2281000.0,1930,Warner Bros. Pictures,True,True
254510,1108000.0,1930,Warner Bros. Pictures,False,False
176008,1108000.0,1930,Warner Bros. Pictures,False,False
1097978,1108000.0,1930,Warner Bros. Pictures,False,False
50078,1108000.0,1930,Warner Bros. Pictures,True,True
82257,1108000.0,1930,Warner Bros. Pictures,False,False
75510,1108000.0,1930,Warner Bros. Pictures,True,True
3574,1108000.0,1930,Warner Bros. Pictures,True,True
82970,1108000.0,1930,Warner Bros. Pictures,False,False
301883,1108000.0,1930,Warner Bros. Pictures,False,False
170533,1108000.0,1930,Warner Bros. Pictures,False,False
43147,1108000.0,1930,Warner Bros. Pictures,True,True
156306,1108000.0,1930,Warner Bros. Pictures,True,True
138341,1108000.0,1930,Warner Bros. Pictures,True,True
1097982,1108000.0,1930,Warner Bros. Pictures,False,False
101546,1470009.0,1940,Warner Bros. Pictures,False,False
101582,1470009.0,1940,Warner Bros. Pictures,False,False
201652,1470009.0,1940,Warner Bros. Pictures,False,True
94510,2400000.0,1960,Warner Bros. Pictures,True,False
234748,2400000.0,1960,Warner Bros. Pictures,False,True
234753,2400000.0,1960,Warner Bros. Pictures,False,True
114875,2400000.0,1960,Warner Bros. Pictures,True,False
234759,2400000.0,1960,Warner Bros. Pictures,False,True
135748,2400000.0,1960,Warner Bros. Pictures,True,False
234728,2400000.0,1960,Warner Bros. Pictures,False,True
134102,2400000.0,1960,Warner Bros. Pictures,False,True
43047,2400000.0,1960,Warner Bros. Pictures,False,False
174786,5000000.0,1960,Warner Bros. Pictures,False,True
234708,5000000.0,1960,Warner Bros. Pictures,False,True
119593,5000000.0,1960,Warner Bros. Pictures,True,False
234700,5000000.0,1960,Warner Bros. Pictures,False,True
102199,5000000.0,1960,Warner Bros. Pictures,False,False
234696,5000000.0,1960,Warner Bros. Pictures,False,True
226815,5000000.0,1960,Warner Bros. Pictures,False,True
74529,5000000.0,1960,Warner Bros. Pictures,True,False
174239,5000000.0,1960,Warner Bros. Pictures,True,False
28284,4200000.0,1960,Warner Bros. Pictures,True,False
84597,5000000.0,1960,Warner Bros. Pictures,False,True
84050,5000000.0,1960,Warner Bros. Pictures,True,False
234702,5000000.0,1960,Warner Bros. Pictures,False,True
106929,5000000.0,1960,Warner Bros. Pictures,False,True
234707,5000000.0,1960,Warner Bros. Pictures,False,True
234698,5000000.0,1960,Warner Bros. Pictures,False,True
234742,2400000.0,1960,Warner Bros. Pictures,False,True
129165,5000000.0,1960,Warner Bros. Pictures,True,False
299,2800000.0,1960,Warner Bros. Pictures,False,True
234761,2400000.0,1960,Warner Bros. Pictures,False,True
27029,12800000.0,1950,Warner Bros. Pictures,True,False
188762,7575000.0,1950,Warner Bros. Pictures,False,True
234794,7575000.0,1950,Warner Bros. Pictures,False,False
234793,7575000.0,1950,Warner Bros. Pictures,False,True
234811,7575000.0,1950,Warner Bros. Pictures,False,True
50231,7575000.0,1950,Warner Bros. Pictures,True,False
35924,7575000.0,1950,Warner Bros. Pictures,True,False
72160,7575000.0,1950,Warner Bros. Pictures,False,False
134810,7575000.0,1950,Warner Bros. Pictures,True,False
18904,7575000.0,1950,Warner Bros. Pictures,True,False
234781,7575000.0,1950,Warner Bros. Pictures,False,False
346696,2400000.0,1960,Warner Bros. Pictures,False,True
39581,2400000.0,1960,Warner Bros. Pictures,True,False
234762,2400000.0,1960,Warner Bros. Pictures,False,False
43030,2400000.0,1960,Warner Bros. Pictures,True,True
234756,2400000.0,1960,Warner Bros. Pictures,False,True
262780,2400000.0,1960,Warner Bros. Pictures,False,False
234755,2400000.0,1960,Warner Bros. Pictures,False,True
234750,2400000.0,1960,Warner Bros. Pictures,False,True
367111,2400000.0,1960,Warner Bros. Pictures,True,False
195868,2400000.0,1960,Warner Bros. Pictures,False,True
234758,2400000.0,1960,Warner Bros. Pictures,False,True
84588,2400000.0,1960,Warner Bros. Pictures,False,True
43040,2400000.0,1960,Warner Bros. Pictures,False,False
106932,2400000.0,1960,Warner Bros. Pictures,False,True
234751,2400000.0,1960,Warner Bros. Pictures,False,True
72904,7575000.0,1950,Warner Bros. Pictures,False,False
28569,5000000.0,1960,Warner Bros. Pictures,True,False
158800,5000000.0,1960,Warner Bros. Pictures,True,True
237378,71000000.0,1960,Warner Bros. Pictures,False,True
102188,71000000.0,1960,Warner Bros. Pictures,False,False
44916,71000000.0,1960,Warner Bros. Pictures,True,True
106931,71000000.0,1960,Warner Bros. Pictures,False,False
27858,71000000.0,1960,Warner Bros. Pictures,True,False
234459,71000000.0,1960,Warner Bros. Pictures,False,False
320600,71000000.0,1960,Warner Bros. Pictures,True,False
234464,71000000.0,1960,Warner Bros. Pictures,False,True
101515,71000000.0,1960,Warner Bros. Pictures,False,True
112007,71000000.0,1960,Warner Bros. Pictures,False,True
42985,71000000.0,1960,Warner Bros. Pictures,False,True
84604,71000000.0,1960,Warner Bros. Pictures,False,True
148863,71000000.0,1960,Warner Bros. Pictures,False,False
17691,71000000.0,1960,Warner Bros. Pictures,False,True
185291,71000000.0,1960,Warner Bros. Pictures,True,False
100377,71000000.0,1960,Warner Bros. Pictures,False,False
234428,21915360.5,1960,Warner Bros. Pictures,False,False
22543,21915360.5,1960,Warner Bros. Pictures,True,False
171744,21915360.5,1960,Warner Bros. Pictures,False,False
19953,21915360.5,1960,Warner Bros. Pictures,False,True
83752,21915360.5,1960,Warner Bros. Pictures,False,True
69472,21915360.5,1960,Warner Bros. Pictures,False,False
234430,21915360.5,1960,Warner Bros. Pictures,False,False
17696,21915360.5,1960,Warner Bros. Pictures,False,True
234416,21915360.5,1960,Warner Bros. Pictures,False,False
234465,71000000.0,1960,Warner Bros. Pictures,False,True
94092,5000000.0,1960,Warner Bros. Pictures,True,False
59838,71000000.0,1960,Warner Bros. Pictures,False,True
32488,71000000.0,1960,Warner Bros. Pictures,True,False
36731,5000000.0,1960,Warner Bros. Pictures,True,False
168187,5000000.0,1960,Warner Bros. Pictures,False,False
165874,16887500.0,1960,Warner Bros. Pictures,False,False
593954,16887500.0,1960,Warner Bros. Pictures,False,False
43009,16887500.0,1960,Warner Bros. Pictures,True,False
131083,16887500.0,1960,Warner Bros. Pictures,True,False
35392,16887500.0,1960,Warner Bros. Pictures,True,False
117969,16887500.0,1960,Warner Bros. Pictures,True,False
234531,16887500.0,1960,Warner Bros. Pictures,False,True
94915,16887500.0,1960,Warner Bros. Pictures,True,False
234536,16887500.0,1960,Warner Bros. Pictures,False,True
83744,16887500.0,1960,Warner Bros. Pictures,False,True
13671,8000000.0,1960,Warner Bros. Pictures,False,True
234518,16887500.0,1960,Warner Bros. Pictures,False,False
227202,16887500.0,1960,Warner Bros. Pictures,False,False
84164,16887500.0,1960,Warner Bros. Pictures,True,False
234535,16887500.0,1960,Warner Bros. Pictures,False,False
1097513,16887500.0,1960,Warner Bros. Pictures,False,False
10242,16887500.0,1960,Warner Bros. Pictures,True,False
234538,16887500.0,1960,Warner Bros. Pictures,False,True
32328,16887500.0,1960,Warner Bros. Pictures,False,False
39391,16887500.0,1960,Warner Bros. Pictures,True,True
234525,16887500.0,1960,Warner Bros. Pictures,False,False
234516,16887500.0,1960,Warner Bros. Pictures,False,True
120621,71000000.0,1960,Warner Bros. Pictures,True,False
165853,71000000.0,1960,Warner Bros. Pictures,False,True
226820,7575000.0,1950,Warner Bros. Pictures,False,True
35139,7575000.0,1950,Warner Bros. Pictures,False,False
43111,7575000.0,1950,Warner Bros. Pictures,True,False
101504,11080727.25,1950,Warner Bros. Pictures,False,True
26502,11080727.25,1950,Warner Bros. Pictures,False,False
188805,11080727.25,1950,Warner Bros. Pictures,False,True
212241,11080727.25,1950,Warner Bros. Pictures,False,True
235133,11080727.25,1950,Warner Bros. Pictures,False,True
89079,11080727.25,1950,Warner Bros. Pictures,True,False
42196,11080727.25,1950,Warner Bros. Pictures,True,False
148021,11080727.25,1950,Warner Bros. Pictures,True,False
118283,11080727.25,1950,Warner Bros. Pictures,True,True
1712,32855818.0,1950,Warner Bros. Pictures,True,False
83669,11080727.25,1950,Warner Bros. Pictures,False,True
100372,11080727.25,1950,Warner Bros. Pictures,False,False
22527,2000000.0,1950,Warner Bros. Pictures,True,False
40478,11080727.25,1950,Warner Bros. Pictures,True,False
91204,2792724.0,1950,Warner Bros. Pictures,False,True
235022,2792724.0,1950,Warner Bros. Pictures,False,False
101503,2792724.0,1950,Warner Bros. Pictures,False,True
1097509,2792724.0,1950,Warner Bros. Pictures,False,False
153997,2792724.0,1950,Warner Bros. Pictures,False,False
18776,2792724.0,1950,Warner Bros. Pictures,True,False
83688,2792724.0,1950,Warner Bros. Pictures,False,True
83745,2792724.0,1950,Warner Bros. Pictures,False,True
176670,2792724.0,1950,Warner Bros. Pictures,False,False
235011,2792724.0,1950,Warner Bros. Pictures,False,False
235020,2792724.0,1950,Warner Bros. Pictures,False,True
197704,11080727.25,1950,Warner Bros. Pictures,False,False
21849,2792724.0,1950,Warner Bros. Pictures,True,False
199649,11080727.25,1950,Warner Bros. Pictures,False,True
998245,11080727.25,1950,Warner Bros. Pictures,False,False
173533,5533333.333333333,1950,Warner Bros. Pictures,False,False
234946,5533333.333333333,1950,Warner Bros. Pictures,True,False
53211,5533333.333333333,1950,Warner Bros. Pictures,False,True
118910,5533333.333333333,1950,Warner Bros. Pictures,True,False
42658,11080727.25,1950,Warner Bros. Pictures,False,False
235134,11080727.25,1950,Warner Bros. Pictures,False,False
529693,11080727.25,1950,Warner Bros. Pictures,True,False
188754,11080727.25,1950,Warner Bros. Pictures,False,True
83746,11080727.25,1950,Warner Bros. Pictures,False,True
108266,11080727.25,1950,Warner Bros. Pictures,False,False
100345,11080727.25,1950,Warner Bros. Pictures,False,True
74861,11080727.25,1950,Warner Bros. Pictures,True,False
60963,11080727.25,1950,Warner Bros. Pictures,True,False
235142,11080727.25,1950,Warner Bros. Pictures,False,False
79521,11080727.25,1950,Warner Bros. Pictures,True,False
243038,11080727.25,1950,Warner Bros. Pictures,False,False
243042,11080727.25,1950,Warner Bros. Pictures,False,False
78213,11080727.25,1950,Warner Bros. Pictures,False,True
243039,11080727.25,1950,Warner Bros. Pictures,False,False
235150,11080727.25,1950,Warner Bros. Pictures,False,True
74969,11080727.25,1950,Warner Bros. Pictures,False,False
3114,11080727.25,1950,Warner Bros. Pictures,False,False
235139,11080727.25,1950,Warner Bros. Pictures,False,False
235148,11080727.25,1950,Warner Bros. Pictures,False,True
184050,11080727.25,1950,Warner Bros. Pictures,False,False
10339,10400000.0,1950,Warner Bros. Pictures,True,False
100355,2792724.0,1950,Warner Bros. Pictures,False,False
24012,2792724.0,1950,Warner Bros. Pictures,False,True
1097501,2792724.0,1950,Warner Bros. Pictures,False,False
19968,14266666.666666666,1950,Warner Bros. Pictures,False,True
22874,14266666.666666666,1950,Warner Bros. Pictures,False,True
124429,14266666.666666666,1950,Warner Bros. Pictures,False,False
106927,14266666.666666666,1950,Warner Bros. Pictures,False,False
234974,14266666.666666666,1950,Warner Bros. Pictures,False,False
80555,14266666.666666666,1950,Warner Bros. Pictures,True,False
41253,14266666.666666666,1950,Warner Bros. Pictures,False,True
234975,14266666.666666666,1950,Warner Bros. Pictures,False,False
11331,14266666.666666666,1950,Warner Bros. Pictures,True,False
448556,14266666.666666666,1950,Warner Bros. Pictures,False,False
118444,14266666.666666666,1950,Warner Bros. Pictures,True,True
234970,14266666.666666666,1950,Warner Bros. Pictures,False,False
121250,14266666.666666666,1950,Warner Bros. Pictures,True,False
16347,14266666.666666666,1950,Warner Bros. Pictures,True,True
102182,14266666.666666666,1950,Warner Bros. Pictures,False,False
100394,7575000.0,1950,Warner Bros. Pictures,False,False
234814,7575000.0,1950,Warner Bros. Pictures,False,False
38752,7575000.0,1950,Warner Bros. Pictures,False,False
43008,7575000.0,1950,Warner Bros. Pictures,False,False
234785,7575000.0,1950,Warner Bros. Pictures,False,True
18146,7575000.0,1950,Warner Bros. Pictures,True,False
301,5800000.0,1950,Warner Bros. Pictures,False,False
100375,7575000.0,1950,Warner Bros. Pictures,False,False
234801,7575000.0,1950,Warner Bros. Pictures,False,False
110139,7575000.0,1950,Warner Bros. Pictures,False,False
234982,14266666.666666666,1950,Warner Bros. Pictures,False,True
234881,14266666.666666666,1950,Warner Bros. Pictures,False,False
42402,14266666.666666666,1950,Warner Bros. Pictures,False,False
59833,14266666.666666666,1950,Warner Bros. Pictures,True,False
188755,2792724.0,1950,Warner Bros. Pictures,False,True
1097504,2792724.0,1950,Warner Bros. Pictures,False,False
37311,2500000.0,1950,Warner Bros. Pictures,True,False
5652,2792724.0,1950,Warner Bros. Pictures,False,False
83760,2792724.0,1950,Warner Bros. Pictures,False,True
40867,2792724.0,1950,Warner Bros. Pictures,False,True
198973,2792724.0,1950,Warner Bros. Pictures,False,True
214602,2792724.0,1950,Warner Bros. Pictures,False,False
235030,2792724.0,1950,Warner Bros. Pictures,False,False
111477,2792724.0,1950,Warner Bros. Pictures,True,False
100348,2792724.0,1950,Warner Bros. Pictures,False,True
43252,2792724.0,1950,Warner Bros. Pictures,True,False
234424,21915360.5,1960,Warner Bros. Pictures,False,True
102038,2792724.0,1950,Warner Bros. Pictures,True,False
119312,2792724.0,1950,Warner Bros. Pictures,True,False
40885,2792724.0,1950,Warner Bros. Pictures,True,False
83751,2792724.0,1950,Warner Bros. Pictures,False,True
165854,14266666.666666666,1950,Warner Bros. Pictures,False,True
46615,14266666.666666666,1950,Warner Bros. Pictures,True,False
234979,14266666.666666666,1950,Warner Bros. Pictures,False,False
130134,14266666.666666666,1950,Warner Bros. Pictures,True,False
88765,14266666.666666666,1950,Warner Bros. Pictures,False,True
476382,14266666.666666666,1950,Warner Bros. Pictures,True,False
75797,14266666.666666666,1950,Warner Bros. Pictures,True,False
126766,14266666.666666666,1950,Warner Bros. Pictures,False,False
33731,3000000.0,1950,Warner Bros. Pictures,True,False
76781,2792724.0,1950,Warner Bros. Pictures,False,False
42785,21915360.5,1960,Warner Bros. Pictures,False,True
212713,21915360.5,1960,Warner Bros. Pictures,False,True
40630,21915360.5,1960,Warner Bros. Pictures,False,False
19827,38200000.0,1970,Warner Bros. Pictures,False,True
42176,44800000.0,1970,Warner Bros. Pictures,False,True
16972,9346177.0,1970,Warner Bros. Pictures,False,True
20007,38886981.9,1970,Warner Bros. Pictures,False,True
9051,74865517.0,1970,Warner Bros. Pictures,False,True
23957,38886981.9,1970,Warner Bros. Pictures,True,False
197768,38886981.9,1970,Warner Bros. Pictures,False,True
65066,38886981.9,1970,Warner Bros. Pictures,True,True
184799,45340219.0,1980,Warner Bros. Pictures,True,True
5917,45340219.0,1980,Warner Bros. Pictures,False,False
47942,3763988.0,1980,Warner Bros. Pictures,False,False
694,44781695.0,1980,Warner Bros. Pictures,False,False
197765,45340219.0,1980,Warner Bros. Pictures,False,False
33670,45340219.0,1980,Warner Bros. Pictures,True,True
21866,24265583.0,1980,Warner Bros. Pictures,True,True
22288,45340219.0,1980,Warner Bros. Pictures,False,False
11977,39846344.0,1980,Warner Bros. Pictures,True,True
19267,854.0,1980,Warner Bros. Pictures,True,True
42157,45340219.0,1980,Warner Bros. Pictures,False,False
38147,45340219.0,1980,Warner Bros. Pictures,True,True
10765,69800000.0,1980,Warner Bros. Pictures,True,True
83758,45340219.0,1980,Warner Bros. Pictures,True,True
8536,190458706.0,1980,Warner Bros. Pictures,False,False
17169,70687344.0,1980,Warner Bros. Pictures,True,True
11542,19853892.0,1980,Warner Bros. Pictures,False,False
31638,38886981.9,1970,Warner Bros. Pictures,True,False
124210,45340219.0,1980,Warner Bros. Pictures,True,True
20813,38886981.9,1970,Warner Bros. Pictures,False,True
57926,38886981.9,1970,Warner Bros. Pictures,True,False
10649,46236000.0,1970,Warner Bros. Pictures,False,False
19610,80000000.0,1970,Warner Bros. Pictures,True,False
42228,114271131.25,1970,Warner Bros. Pictures,False,True
91025,114271131.25,1970,Warner Bros. Pictures,True,False
56533,114271131.25,1970,Warner Bros. Pictures,False,True
11586,30749142.0,1970,Warner Bros. Pictures,True,False
50379,114271131.25,1970,Warner Bros. Pictures,True,False
86208,114271131.25,1970,Warner Bros. Pictures,False,False
42217,114271131.25,1970,Warner Bros. Pictures,True,False
24032,41687243.0,1970,Warner Bros. Pictures,False,True
86239,114271131.25,1970,Warner Bros. Pictures,False,False
17689,26414658.0,1970,Warner Bros. Pictures,True,False
142358,77947551.14285715,1970,Warner Bros. Pictures,True,False
121890,77947551.14285715,1970,Warner Bros. Pictures,True,False
18387,77947551.14285715,1970,Warner Bros. Pictures,True,True
46878,7700000.0,1970,Warner Bros. Pictures,False,False
450224,77947551.14285715,1970,Warner Bros. Pictures,False,False
16214,78000000.0,1970,Warner Bros. Pictures,False,True
111469,77947551.14285715,1970,Warner Bros. Pictures,True,True
42216,77947551.14285715,1970,Warner Bros. Pictures,False,True
114096,77947551.14285715,1970,Warner Bros. Pictures,True,False
122515,77947551.14285715,1970,Warner Bros. Pictures,False,True
1924,300218018.0,1970,Warner Bros. Pictures,False,False
15417,85196485.0,1970,Warner Bros. Pictures,True,True
31200,7500000.0,1970,Warner Bros. Pictures,True,False
82744,38886981.9,1970,Warner Bros. Pictures,True,False
47890,2022771.0,1980,Warner Bros. Pictures,False,False
109264,2028612.0,1980,Warner Bros. Pictures,False,False
42149,566736.0,1980,Warner Bros. Pictures,False,False
36818,41293495.95,1980,Warner Bros. Pictures,True,True
11591,41293495.95,1980,Warner Bros. Pictures,True,True
9531,75850624.0,1980,Warner Bros. Pictures,True,True
15301,29450919.0,1980,Warner Bros. Pictures,False,False
19258,41293495.95,1980,Warner Bros. Pictures,True,True
11153,61399552.0,1980,Warner Bros. Pictures,True,True
296780,41293495.95,1980,Warner Bros. Pictures,False,False
9346,63541777.0,1980,Warner Bros. Pictures,True,True
80607,41293495.95,1980,Warner Bros. Pictures,True,True
36751,41293495.95,1980,Warner Bros. Pictures,True,True
10489,21200000.0,1980,Warner Bros. Pictures,False,False
36670,160000000.0,1980,Warner Bros. Pictures,False,False
20545,41293495.95,1980,Warner Bros. Pictures,True,True
30707,6472990.0,1980,Warner Bros. Pictures,False,False
37227,41293495.95,1980,Warner Bros. Pictures,False,False
10650,150000000.0,1980,Warner Bros. Pictures,False,False
31043,1059966.0,1980,Warner Bros. Pictures,False,False
9336,81198894.0,1980,Warner Bros. Pictures,True,True
11002,45858563.0,1980,Warner Bros. Pictures,False,False
34584,20158808.0,1980,Warner Bros. Pictures,False,False
18446,33377946.681818184,1980,Warner Bros. Pictures,False,False
26178,801000.0,1980,Warner Bros. Pictures,False,False
311,5500000.0,1980,Warner Bros. Pictures,False,False
927,153083102.0,1980,Warner Bros. Pictures,True,True
11950,28078073.0,1980,Warner Bros. Pictures,True,True
227,33697647.0,1980,Warner Bros. Pictures,False,False
19606,28400000.0,1980,Warner Bros. Pictures,False,False
301110,41293495.95,1980,Warner Bros. Pictures,True,True
71357,41293495.95,1980,Warner Bros. Pictures,True,True
9443,58972904.0,1980,Warner Bros. Pictures,False,False
10540,17374595.0,1980,Warner Bros. Pictures,False,False
47941,2297493.0,1980,Warner Bros. Pictures,True,True
32047,8124257.0,1980,Warner Bros. Pictures,False,False
84735,30015443.42105263,1980,Warner Bros. Pictures,True,True
358191,30015443.42105263,1980,Warner Bros. Pictures,True,True
47888,10217873.0,1980,Warner Bros. Pictures,False,False
21874,3282232.0,1980,Warner Bros. Pictures,False,False
41394,30015443.42105263,1980,Warner Bros. Pictures,True,True
14664,35610100.0,1980,Warner Bros. Pictures,False,False
27609,5.0,1980,Warner Bros. Pictures,False,False
17590,23588161.333333332,1980,Warner Bros. Pictures,True,True
63848,37755630.5,1970,Warner Bros. Pictures,False,True
206820,23588161.333333332,1980,Warner Bros. Pictures,True,True
78,41722424.0,1980,Warner Bros. Pictures,False,False
14742,21095683.0,1980,Warner Bros. Pictures,True,True
11307,29712172.0,1980,Warner Bros. Pictures,True,True
32202,23588161.333333332,1980,Warner Bros. Pictures,True,True
4628,23588161.333333332,1980,Warner Bros. Pictures,False,False
83301,112940.0,1980,Warner Bros. Pictures,False,False
16281,21028755.0,1980,Warner Bros. Pictures,True,True
89571,23588161.333333332,1980,Warner Bros. Pictures,False,False
26730,78350.0,1980,Warner Bros. Pictures,True,True
37917,23588161.333333332,1980,Warner Bros. Pictures,False,False
45840,36800000.0,1980,Warner Bros. Pictures,True,True
208128,41293495.95,1980,Warner Bros. Pictures,False,False
10724,70687344.0,1980,Warner Bros. Pictures,False,False
235156,5533333.333333333,1950,Warner Bros. Pictures,False,True
25305,37755630.5,1970,Warner Bros. Pictures,False,True
42239,27000000.0,1970,Warner Bros. Pictures,True,False
11206,11000000.0,1960,Warner Bros. Pictures,False,False
903,16217773.0,1960,Warner Bros. Pictures,True,False
202408,13537924.8,1960,Warner Bros. Pictures,False,True
140216,34541747.0,1960,Warner Bros. Pictures,False,True
117999,35117203.11111111,1970,Warner Bros. Pictures,True,False
19753,35117203.11111111,1970,Warner Bros. Pictures,False,True
23330,5000000.0,1970,Warner Bros. Pictures,False,True
9459,34505110.0,1970,Warner Bros. Pictures,False,False
397808,35117203.11111111,1970,Warner Bros. Pictures,True,False
38765,6000000.0,1970,Warner Bros. Pictures,False,False
27172,35117203.11111111,1970,Warner Bros. Pictures,False,False
44000,35117203.11111111,1970,Warner Bros. Pictures,False,False
177043,35117203.11111111,1970,Warner Bros. Pictures,True,True
6619,29041229.285714287,1970,Warner Bros. Pictures,True,False
636,2437000.0,1970,Warner Bros. Pictures,True,False
49719,29041229.285714287,1970,Warner Bros. Pictures,True,False
41357,29041229.285714287,1970,Warner Bros. Pictures,True,True
466,12512637.0,1970,Warner Bros. Pictures,False,False
29005,29041229.285714287,1970,Warner Bros. Pictures,True,False
417011,29041229.285714287,1970,Warner Bros. Pictures,False,False
20628,29041229.285714287,1970,Warner Bros. Pictures,False,True
185,26589000.0,1970,Warner Bros. Pictures,True,False
984,35976000.0,1970,Warner Bros. Pictures,False,False
15573,7500000.0,1970,Warner Bros. Pictures,True,False
36921,32731719.222222224,1970,Warner Bros. Pictures,True,False
105056,14427221.625,1960,Warner Bros. Pictures,False,False
116764,32731719.222222224,1970,Warner Bros. Pictures,True,True
170517,14427221.625,1960,Warner Bros. Pictures,False,True
281180,14427221.625,1960,Warner Bros. Pictures,False,False
11113,72661442.0,1960,Warner Bros. Pictures,True,True
123281,21915360.5,1960,Warner Bros. Pictures,True,False
26817,21915360.5,1960,Warner Bros. Pictures,False,True
664972,60769269.833333336,1960,Warner Bros. Pictures,False,False
43407,60769269.833333336,1960,Warner Bros. Pictures,False,False
28497,60769269.833333336,1960,Warner Bros. Pictures,False,False
236570,60769269.833333336,1960,Warner Bros. Pictures,True,False
11575,25333333.0,1960,Warner Bros. Pictures,False,True
234377,60769269.833333336,1960,Warner Bros. Pictures,False,False
111919,60769269.833333336,1960,Warner Bros. Pictures,True,False
98648,60769269.833333336,1960,Warner Bros. Pictures,False,True
234338,60769269.833333336,1960,Warner Bros. Pictures,False,True
44006,60769269.833333336,1960,Warner Bros. Pictures,True,False
13524,11118000.0,1960,Warner Bros. Pictures,True,False
49683,60769269.833333336,1960,Warner Bros. Pictures,True,False
234340,60769269.833333336,1960,Warner Bros. Pictures,False,True
234294,14807337.8,1960,Warner Bros. Pictures,False,False
216648,14807337.8,1960,Warner Bros. Pictures,False,False
396,33736689.0,1960,Warner Bros. Pictures,True,False
70498,14807337.8,1960,Warner Bros. Pictures,True,True
35671,14807337.8,1960,Warner Bros. Pictures,False,True
131861,14807337.8,1960,Warner Bros. Pictures,True,False
42714,14807337.8,1960,Warner Bros. Pictures,False,True
52840,14807337.8,1960,Warner Bros. Pictures,False,False
77553,14427221.625,1960,Warner Bros. Pictures,True,False
114104,14427221.625,1960,Warner Bros. Pictures,False,True
6949,66000000.0,1970,Warner Bros. Pictures,False,True
46898,32731719.222222224,1970,Warner Bros. Pictures,False,False
145364,32731719.222222224,1970,Warner Bros. Pictures,True,True
28153,66453333.28571428,1970,Warner Bros. Pictures,False,False
227603,66453333.28571428,1970,Warner Bros. Pictures,False,False
96337,66453333.28571428,1970,Warner Bros. Pictures,False,False
32940,66453333.28571428,1970,Warner Bros. Pictures,False,False
83805,66453333.28571428,1970,Warner Bros. Pictures,True,False
180223,66453333.28571428,1970,Warner Bros. Pictures,True,False
15478,66453333.28571428,1970,Warner Bros. Pictures,True,False
16153,21000000.0,1970,Warner Bros. Pictures,True,False
5919,116000000.0,1970,Warner Bros. Pictures,True,False
28415,66453333.28571428,1970,Warner Bros. Pictures,True,False
20802,66453333.28571428,1970,Warner Bros. Pictures,False,True
32042,30923601.833333332,1970,Warner Bros. Pictures,True,False
19221,30923601.833333332,1970,Warner Bros. Pictures,False,True
42259,30923601.833333332,1970,Warner Bros. Pictures,True,False
39554,30923601.833333332,1970,Warner Bros. Pictures,False,False
2139,30923601.833333332,1970,Warner Bros. Pictures,True,False
968,46665856.0,1970,Warner Bros. Pictures,True,False
32053,30923601.833333332,1970,Warner Bros. Pictures,False,False
67298,30923601.833333332,1970,Warner Bros. Pictures,False,True
29473,11800000.0,1970,Warner Bros. Pictures,False,True
96797,30923601.833333332,1970,Warner Bros. Pictures,False,True
115555,30923601.833333332,1970,Warner Bros. Pictures,True,False
3175,198992.0,1970,Warner Bros. Pictures,True,False
37626,37755630.5,1970,Warner Bros. Pictures,False,False
21554,37755630.5,1970,Warner Bros. Pictures,True,False
88390,66453333.28571428,1970,Warner Bros. Pictures,False,False
35275,66453333.28571428,1970,Warner Bros. Pictures,False,True
48014,66453333.28571428,1970,Warner Bros. Pictures,False,False
11072,119500000.0,1970,Warner Bros. Pictures,False,True
21711,2500000.0,1970,Warner Bros. Pictures,True,True
21968,30000000.0,1970,Warner Bros. Pictures,True,False
10669,46122355.0,1970,Warner Bros. Pictures,True,False
11943,44700000.0,1970,Warner Bros. Pictures,False,False
101307,32731719.222222224,1970,Warner Bros. Pictures,True,False
74057,61507145.0,1970,Warner Bros. Pictures,True,True
898826,61507145.0,1970,Warner Bros. Pictures,False,False
92299,61507145.0,1970,Warner Bros. Pictures,False,True
42464,61507145.0,1970,Warner Bros. Pictures,False,True
89545,13843000.0,1970,Warner Bros. Pictures,True,False
31587,61507145.0,1970,Warner Bros. Pictures,True,False
26331,2200000.0,1970,Warner Bros. Pictures,True,False
10747,31800000.0,1970,Warner Bros. Pictures,False,False
109259,61507145.0,1970,Warner Bros. Pictures,True,True
30708,61507145.0,1970,Warner Bros. Pictures,True,False
26196,61507145.0,1970,Warner Bros. Pictures,False,False
9461,21485066.0,1970,Warner Bros. Pictures,False,False
203,3000000.0,1970,Warner Bros. Pictures,True,False
32627,61507145.0,1970,Warner Bros. Pictures,False,False
16307,61507145.0,1970,Warner Bros. Pictures,False,False
10648,39768000.0,1970,Warner Bros. Pictures,True,False
133328,61507145.0,1970,Warner Bros. Pictures,False,False
9552,441405644.0,1970,Warner Bros. Pictures,False,False
26185,66453333.28571428,1970,Warner Bros. Pictures,False,False
3133,66453333.28571428,1970,Warner Bros. Pictures,True,False
18257,66453333.28571428,1970,Warner Bros. Pictures,False,True
445204,61507145.0,1970,Warner Bros. Pictures,False,False
28490,5533333.333333333,1950,Warner Bros. Pictures,True,False
197926,5533333.333333333,1950,Warner Bros. Pictures,True,False
235158,5533333.333333333,1950,Warner Bros. Pictures,False,True
579566,3626000.0,1940,Warner Bros. Pictures,False,False
511899,3626000.0,1940,Warner Bros. Pictures,True,False
188682,3626000.0,1940,Warner Bros. Pictures,False,True
237295,3626000.0,1940,Warner Bros. Pictures,False,False
1580,2200000.0,1940,Warner Bros. Pictures,True,False
100393,3626000.0,1940,Warner Bros. Pictures,False,True
119003,3626000.0,1940,Warner Bros. Pictures,False,False
203586,3626000.0,1940,Warner Bros. Pictures,False,True
43457,3626000.0,1940,Warner Bros. Pictures,True,False
100340,3626000.0,1940,Warner Bros. Pictures,False,True
37300,3626000.0,1940,Warner Bros. Pictures,True,False
83747,3626000.0,1940,Warner Bros. Pictures,False,True
65581,3626000.0,1940,Warner Bros. Pictures,True,False
240440,3626000.0,1940,Warner Bros. Pictures,False,False
117419,3626000.0,1940,Warner Bros. Pictures,False,True
173645,3626000.0,1940,Warner Bros. Pictures,False,True
43449,3225000.0,1940,Warner Bros. Pictures,False,True
245457,3626000.0,1940,Warner Bros. Pictures,True,False
237296,3626000.0,1940,Warner Bros. Pictures,False,True
11016,3626000.0,1940,Warner Bros. Pictures,False,False
552904,3626000.0,1940,Warner Bros. Pictures,False,False
83790,3626000.0,1940,Warner Bros. Pictures,False,True
146645,3626000.0,1940,Warner Bros. Pictures,False,True
413376,3626000.0,1940,Warner Bros. Pictures,False,False
147209,3626000.0,1940,Warner Bros. Pictures,False,False
3090,4307000.0,1940,Warner Bros. Pictures,True,False
146731,3626000.0,1940,Warner Bros. Pictures,False,True
115024,3626000.0,1940,Warner Bros. Pictures,False,True
280406,3712166.6666666665,1940,Warner Bros. Pictures,False,True
175386,3303000.0,1940,Warner Bros. Pictures,False,False
787977,3712166.6666666665,1940,Warner Bros. Pictures,False,False
237085,3712166.6666666665,1940,Warner Bros. Pictures,False,False
122084,3712166.6666666665,1940,Warner Bros. Pictures,False,True
72847,3712166.6666666665,1940,Warner Bros. Pictures,True,False
177340,3712166.6666666665,1940,Warner Bros. Pictures,False,False
64319,3712166.6666666665,1940,Warner Bros. Pictures,True,False
334631,3712166.6666666665,1940,Warner Bros. Pictures,False,False
62720,2690000.0,1940,Warner Bros. Pictures,False,False
237118,3712166.6666666665,1940,Warner Bros. Pictures,False,False
16227,3430000.0,1940,Warner Bros. Pictures,False,False
199750,3712166.6666666665,1940,Warner Bros. Pictures,False,True
41465,3712166.6666666665,1940,Warner Bros. Pictures,False,True
667690,3712166.6666666665,1940,Warner Bros. Pictures,False,False
849482,3712166.6666666665,1940,Warner Bros. Pictures,False,False
29117,3712166.6666666665,1940,Warner Bros. Pictures,True,False
242378,3712166.6666666665,1940,Warner Bros. Pictures,True,False
100349,3712166.6666666665,1940,Warner Bros. Pictures,False,True
107874,3712166.6666666665,1940,Warner Bros. Pictures,True,False
237086,3712166.6666666665,1940,Warner Bros. Pictures,False,False
310978,3712166.6666666665,1940,Warner Bros. Pictures,False,True
188782,3712166.6666666665,1940,Warner Bros. Pictures,False,True
217153,3712166.6666666665,1940,Warner Bros. Pictures,False,False
138172,3712166.6666666665,1940,Warner Bros. Pictures,False,True
697804,3712166.6666666665,1940,Warner Bros. Pictures,False,False
547082,3626000.0,1940,Warner Bros. Pictures,False,False
182895,3626000.0,1940,Warner Bros. Pictures,True,False
256997,3626000.0,1940,Warner Bros. Pictures,False,True
237270,3626000.0,1940,Warner Bros. Pictures,False,False
64711,2684857.1428571427,1940,Warner Bros. Pictures,False,True
24650,2684857.1428571427,1940,Warner Bros. Pictures,True,False
282169,2684857.1428571427,1940,Warner Bros. Pictures,False,True
130090,2684857.1428571427,1940,Warner Bros. Pictures,False,True
237370,2684857.1428571427,1940,Warner Bros. Pictures,False,True
118805,2684857.1428571427,1940,Warner Bros. Pictures,False,False
94615,2684857.1428571427,1940,Warner Bros. Pictures,True,False
32552,2713000.0,1940,Warner Bros. Pictures,False,True
100385,2684857.1428571427,1940,Warner Bros. Pictures,False,True
61262,2684857.1428571427,1940,Warner Bros. Pictures,True,False
15794,3483000.0,1940,Warner Bros. Pictures,True,False
33808,2684857.1428571427,1940,Warner Bros. Pictures,True,True
74286,2684857.1428571427,1940,Warner Bros. Pictures,True,False
187327,2684857.1428571427,1940,Warner Bros. Pictures,False,True
188970,2684857.1428571427,1940,Warner Bros. Pictures,False,False
35896,1738000.0,1940,Warner Bros. Pictures,True,False
83773,2684857.1428571427,1940,Warner Bros. Pictures,False,False
61828,2684857.1428571427,1940,Warner Bros. Pictures,True,False
100632,2684857.1428571427,1940,Warner Bros. Pictures,True,True
213875,2684857.1428571427,1940,Warner Bros. Pictures,False,False
130415,2684857.1428571427,1940,Warner Bros. Pictures,False,True
40206,2684857.1428571427,1940,Warner Bros. Pictures,False,True
511862,2684857.1428571427,1940,Warner Bros. Pictures,False,True
188741,4113000.0,1950,Warner Bros. Pictures,False,True
32929,4113000.0,1950,Warner Bros. Pictures,False,False
28484,2684857.1428571427,1940,Warner Bros. Pictures,True,False
155208,2684857.1428571427,1940,Warner Bros. Pictures,True,False
226427,2684857.1428571427,1940,Warner Bros. Pictures,False,True
237309,2684857.1428571427,1940,Warner Bros. Pictures,False,False
62000,3626000.0,1940,Warner Bros. Pictures,True,False
237274,3626000.0,1940,Warner Bros. Pictures,False,True
851160,3626000.0,1940,Warner Bros. Pictures,False,False
65213,3626000.0,1940,Warner Bros. Pictures,True,False
237290,3626000.0,1940,Warner Bros. Pictures,False,True
357715,3626000.0,1940,Warner Bros. Pictures,True,False
107593,3626000.0,1940,Warner Bros. Pictures,False,True
101864,3626000.0,1940,Warner Bros. Pictures,False,False
53051,3626000.0,1940,Warner Bros. Pictures,False,True
84594,3626000.0,1940,Warner Bros. Pictures,False,True
148304,3626000.0,1940,Warner Bros. Pictures,True,False
84365,3626000.0,1940,Warner Bros. Pictures,True,False
237083,3712166.6666666665,1940,Warner Bros. Pictures,False,True
34233,4772000.0,1940,Warner Bros. Pictures,False,False
140693,2684857.1428571427,1940,Warner Bros. Pictures,False,True
274060,2684857.1428571427,1940,Warner Bros. Pictures,False,True
88761,2684857.1428571427,1940,Warner Bros. Pictures,False,True
65211,2684857.1428571427,1940,Warner Bros. Pictures,True,False
102157,2684857.1428571427,1940,Warner Bros. Pictures,False,True
179085,2684857.1428571427,1940,Warner Bros. Pictures,False,True
100343,2684857.1428571427,1940,Warner Bros. Pictures,False,True
24040,2684857.1428571427,1940,Warner Bros. Pictures,False,True
118615,2684857.1428571427,1940,Warner Bros. Pictures,False,True
57814,2684857.1428571427,1940,Warner Bros. Pictures,False,True
27563,2896000.0,1940,Warner Bros. Pictures,True,False
129461,2684857.1428571427,1940,Warner Bros. Pictures,False,False
226704,3626000.0,1940,Warner Bros. Pictures,False,False
121707,4113000.0,1950,Warner Bros. Pictures,False,False
20849,3712166.6666666665,1940,Warner Bros. Pictures,True,False
256749,3712166.6666666665,1940,Warner Bros. Pictures,False,True
236953,2655944.4444444445,1940,Warner Bros. Pictures,False,False
100295,2655944.4444444445,1940,Warner Bros. Pictures,False,True
106826,2655944.4444444445,1940,Warner Bros. Pictures,False,True
26654,3707000.0,1940,Warner Bros. Pictures,False,False
43491,2655944.4444444445,1940,Warner Bros. Pictures,True,False
103207,2655944.4444444445,1940,Warner Bros. Pictures,False,False
101826,2655944.4444444445,1940,Warner Bros. Pictures,False,False
236952,2655944.4444444445,1940,Warner Bros. Pictures,False,True
13669,3000000.0,1940,Warner Bros. Pictures,False,True
654579,2655944.4444444445,1940,Warner Bros. Pictures,False,False
101511,2655944.4444444445,1940,Warner Bros. Pictures,False,True
52337,2655944.4444444445,1940,Warner Bros. Pictures,True,False
171751,2655944.4444444445,1940,Warner Bros. Pictures,False,True
150604,2655944.4444444445,1940,Warner Bros. Pictures,True,False
101839,2655944.4444444445,1940,Warner Bros. Pictures,False,False
101842,2655944.4444444445,1940,Warner Bros. Pictures,False,False
3309,5638000.0,1940,Warner Bros. Pictures,True,False
240394,2655944.4444444445,1940,Warner Bros. Pictures,False,False
160660,2655944.4444444445,1940,Warner Bros. Pictures,True,False
83792,2655944.4444444445,1940,Warner Bros. Pictures,False,True
36635,1110000.0,1940,Warner Bros. Pictures,True,False
46563,2655944.4444444445,1940,Warner Bros. Pictures,True,False
395870,2655944.4444444445,1940,Warner Bros. Pictures,True,False
236971,2655944.4444444445,1940,Warner Bros. Pictures,False,False
353805,2655944.4444444445,1940,Warner Bros. Pictures,False,False
101830,2655944.4444444445,1940,Warner Bros. Pictures,False,False
240400,2655944.4444444445,1940,Warner Bros. Pictures,False,False
221239,2655944.4444444445,1940,Warner Bros. Pictures,False,True
64925,2655944.4444444445,1940,Warner Bros. Pictures,False,True
376677,1470009.0,1940,Warner Bros. Pictures,False,False
190752,1470009.0,1940,Warner Bros. Pictures,False,True
176526,1470009.0,1940,Warner Bros. Pictures,True,False
297906,1470009.0,1940,Warner Bros. Pictures,False,True
101577,1470009.0,1940,Warner Bros. Pictures,False,False
199151,1470009.0,1940,Warner Bros. Pictures,True,False
34945,1470009.0,1940,Warner Bros. Pictures,True,False
180505,1470009.0,1940,Warner Bros. Pictures,True,False
101209,1470009.0,1940,Warner Bros. Pictures,False,True
38697,1470009.0,1940,Warner Bros. Pictures,False,True
507882,1470009.0,1940,Warner Bros. Pictures,True,False
474082,1470009.0,1940,Warner Bros. Pictures,False,False
100354,1470009.0,1940,Warner Bros. Pictures,False,True
511860,1470009.0,1940,Warner Bros. Pictures,False,True
654591,2655944.4444444445,1940,Warner Bros. Pictures,False,False
166613,2655944.4444444445,1940,Warner Bros. Pictures,False,True
22584,3650000.0,1940,Warner Bros. Pictures,False,False
147859,2655944.4444444445,1940,Warner Bros. Pictures,True,True
101828,2655944.4444444445,1940,Warner Bros. Pictures,False,False
43490,2655944.4444444445,1940,Warner Bros. Pictures,True,False
236972,2655944.4444444445,1940,Warner Bros. Pictures,False,True
165300,2655944.4444444445,1940,Warner Bros. Pictures,True,False
43492,2655944.4444444445,1940,Warner Bros. Pictures,True,False
101598,2655944.4444444445,1940,Warner Bros. Pictures,False,False
582026,2655944.4444444445,1940,Warner Bros. Pictures,False,False
191128,2655944.4444444445,1940,Warner Bros. Pictures,True,False
563433,2655944.4444444445,1940,Warner Bros. Pictures,False,False
17818,2655944.4444444445,1940,Warner Bros. Pictures,False,False
120490,2736400.0,1940,Warner Bros. Pictures,False,True
44043,2736400.0,1940,Warner Bros. Pictures,True,False
100361,2736400.0,1940,Warner Bros. Pictures,False,True
185126,2736400.0,1940,Warner Bros. Pictures,False,False
237047,2736400.0,1940,Warner Bros. Pictures,False,True
25502,2300000.0,1940,Warner Bros. Pictures,True,False
26657,2736400.0,1940,Warner Bros. Pictures,True,False
61151,2736400.0,1940,Warner Bros. Pictures,False,True
35123,2736400.0,1940,Warner Bros. Pictures,True,False
199749,2736400.0,1940,Warner Bros. Pictures,False,True
240406,2736400.0,1940,Warner Bros. Pictures,True,False
150433,2736400.0,1940,Warner Bros. Pictures,False,True
26663,2736400.0,1940,Warner Bros. Pictures,True,False
279101,2736400.0,1940,Warner Bros. Pictures,False,True
280405,2736400.0,1940,Warner Bros. Pictures,False,True
26701,3712166.6666666665,1940,Warner Bros. Pictures,True,False
255205,3712166.6666666665,1940,Warner Bros. Pictures,False,False
41020,3712166.6666666665,1940,Warner Bros. Pictures,False,False
136008,3712166.6666666665,1940,Warner Bros. Pictures,False,True
237094,3712166.6666666665,1940,Warner Bros. Pictures,False,True
26592,3712166.6666666665,1940,Warner Bros. Pictures,True,False
26761,3712166.6666666665,1940,Warner Bros. Pictures,True,False
27448,3712166.6666666665,1940,Warner Bros. Pictures,False,False
74999,3712166.6666666665,1940,Warner Bros. Pictures,False,True
452261,2350000.0,1940,Warner Bros. Pictures,True,False
173142,3712166.6666666665,1940,Warner Bros. Pictures,False,True
103952,2736400.0,1940,Warner Bros. Pictures,False,True
44042,732000.0,1940,Warner Bros. Pictures,True,False
470603,2736400.0,1940,Warner Bros. Pictures,False,False
100388,2736400.0,1940,Warner Bros. Pictures,False,False
106249,2736400.0,1940,Warner Bros. Pictures,False,False
613447,2736400.0,1940,Warner Bros. Pictures,False,False
123295,2736400.0,1940,Warner Bros. Pictures,True,False
620773,2736400.0,1940,Warner Bros. Pictures,False,True
914797,2736400.0,1940,Warner Bros. Pictures,False,False
35077,2736400.0,1940,Warner Bros. Pictures,False,False
34929,2736400.0,1940,Warner Bros. Pictures,False,True
271114,2736400.0,1940,Warner Bros. Pictures,False,True
90093,2736400.0,1940,Warner Bros. Pictures,True,False
171392,2736400.0,1940,Warner Bros. Pictures,False,True
240415,2736400.0,1940,Warner Bros. Pictures,False,False
43470,2736400.0,1940,Warner Bros. Pictures,True,False
100342,3712166.6666666665,1940,Warner Bros. Pictures,False,True
237053,2736400.0,1940,Warner Bros. Pictures,False,True
240410,2736400.0,1940,Warner Bros. Pictures,False,False
295335,2736400.0,1940,Warner Bros. Pictures,True,True
134103,2736400.0,1940,Warner Bros. Pictures,False,True
121159,2736400.0,1940,Warner Bros. Pictures,False,True
215691,2736400.0,1940,Warner Bros. Pictures,False,True
74951,2736400.0,1940,Warner Bros. Pictures,False,True
43485,2736400.0,1940,Warner Bros. Pictures,True,False
119343,2736400.0,1940,Warner Bros. Pictures,True,False
88762,2736400.0,1940,Warner Bros. Pictures,False,True
721053,2736400.0,1940,Warner Bros. Pictures,True,False
256392,2736400.0,1940,Warner Bros. Pictures,False,True
910,4900000.0,1940,Warner Bros. Pictures,False,False
65698,2736400.0,1940,Warner Bros. Pictures,True,False
11707,48143579.0,1980,Warner Bros. Pictures,False,False
165868,4113000.0,1950,Warner Bros. Pictures,False,True
87621,4113000.0,1950,Warner Bros. Pictures,True,False
169925,15701000.0,1950,Warner Bros. Pictures,False,False
242631,15701000.0,1950,Warner Bros. Pictures,False,False
67409,15701000.0,1950,Warner Bros. Pictures,False,True
43355,15701000.0,1950,Warner Bros. Pictures,False,False
34933,15701000.0,1950,Warner Bros. Pictures,False,True
76258,15701000.0,1950,Warner Bros. Pictures,True,False
235818,15701000.0,1950,Warner Bros. Pictures,False,False
118313,15701000.0,1950,Warner Bros. Pictures,False,True
153228,15701000.0,1950,Warner Bros. Pictures,False,False
109332,15701000.0,1950,Warner Bros. Pictures,True,False
103962,15701000.0,1950,Warner Bros. Pictures,False,True
53224,15701000.0,1950,Warner Bros. Pictures,False,True
19618,15701000.0,1950,Warner Bros. Pictures,False,False
72471,15701000.0,1950,Warner Bros. Pictures,False,False
235806,15701000.0,1950,Warner Bros. Pictures,False,True
68977,15701000.0,1950,Warner Bros. Pictures,True,False
14117,15701000.0,1950,Warner Bros. Pictures,False,True
235835,15701000.0,1950,Warner Bros. Pictures,False,False
198600,15701000.0,1950,Warner Bros. Pictures,False,True
6529,15701000.0,1950,Warner Bros. Pictures,False,False
184351,15701000.0,1950,Warner Bros. Pictures,False,False
204812,15701000.0,1950,Warner Bros. Pictures,False,True
278805,15701000.0,1950,Warner Bros. Pictures,True,False
235792,4489890.166666667,1950,Warner Bros. Pictures,False,True
113785,4489890.166666667,1950,Warner Bros. Pictures,False,False
179207,15701000.0,1950,Warner Bros. Pictures,True,False
235795,4489890.166666667,1950,Warner Bros. Pictures,False,True
110116,15701000.0,1950,Warner Bros. Pictures,False,True
232034,15701000.0,1950,Warner Bros. Pictures,False,False
111043,2000000.0,1950,Warner Bros. Pictures,False,False
216108,2000000.0,1950,Warner Bros. Pictures,True,False
1155221,2000000.0,1950,Warner Bros. Pictures,False,True
95012,2000000.0,1950,Warner Bros. Pictures,True,False
179569,2000000.0,1950,Warner Bros. Pictures,False,False
106334,2000000.0,1950,Warner Bros. Pictures,False,False
94504,2000000.0,1950,Warner Bros. Pictures,False,True
198980,2000000.0,1950,Warner Bros. Pictures,False,True
40693,2000000.0,1950,Warner Bros. Pictures,False,True
328653,15701000.0,1950,Warner Bros. Pictures,False,False
95977,15701000.0,1950,Warner Bros. Pictures,False,False
216925,15701000.0,1950,Warner Bros. Pictures,True,False
30159,15701000.0,1950,Warner Bros. Pictures,True,False
83813,15701000.0,1950,Warner Bros. Pictures,False,True
53210,15701000.0,1950,Warner Bros. Pictures,False,True
183653,15701000.0,1950,Warner Bros. Pictures,False,True
21594,15701000.0,1950,Warner Bros. Pictures,False,False
19590,15701000.0,1950,Warner Bros. Pictures,False,True
165229,15701000.0,1950,Warner Bros. Pictures,False,False
235807,15701000.0,1950,Warner Bros. Pictures,False,True
40686,15701000.0,1950,Warner Bros. Pictures,True,True
18573,23800000.0,1950,Warner Bros. Pictures,False,False
45679,15701000.0,1950,Warner Bros. Pictures,False,False
165869,15701000.0,1950,Warner Bros. Pictures,False,True
226801,15701000.0,1950,Warner Bros. Pictures,False,False
235811,15701000.0,1950,Warner Bros. Pictures,False,True
1522433,4489890.166666667,1950,Warner Bros. Pictures,False,False
108345,4489890.166666667,1950,Warner Bros. Pictures,False,False
83763,4489890.166666667,1950,Warner Bros. Pictures,False,True
235169,5533333.333333333,1950,Warner Bros. Pictures,False,False
51426,5533333.333333333,1950,Warner Bros. Pictures,True,False
226819,5533333.333333333,1950,Warner Bros. Pictures,False,False
666408,5533333.333333333,1950,Warner Bros. Pictures,False,False
226799,5533333.333333333,1950,Warner Bros. Pictures,False,False
168018,5533333.333333333,1950,Warner Bros. Pictures,False,False
220,5533333.333333333,1950,Warner Bros. Pictures,True,False
121906,5533333.333333333,1950,Warner Bros. Pictures,True,False
118318,5533333.333333333,1950,Warner Bros. Pictures,False,False
535652,5533333.333333333,1950,Warner Bros. Pictures,False,False
162511,5533333.333333333,1950,Warner Bros. Pictures,False,True
40578,6000000.0,1950,Warner Bros. Pictures,True,False
85601,5533333.333333333,1950,Warner Bros. Pictures,False,False
235567,5533333.333333333,1950,Warner Bros. Pictures,False,True
37853,5533333.333333333,1950,Warner Bros. Pictures,True,True
42564,5533333.333333333,1950,Warner Bros. Pictures,True,False
43321,5533333.333333333,1950,Warner Bros. Pictures,True,False
216876,5533333.333333333,1950,Warner Bros. Pictures,True,False
419762,5533333.333333333,1950,Warner Bros. Pictures,False,True
33444,5533333.333333333,1950,Warner Bros. Pictures,False,True
102082,5533333.333333333,1950,Warner Bros. Pictures,True,False
29377,5533333.333333333,1950,Warner Bros. Pictures,True,False
101512,5533333.333333333,1950,Warner Bros. Pictures,False,True
47739,5533333.333333333,1950,Warner Bros. Pictures,True,False
221,4500000.0,1950,Warner Bros. Pictures,True,False
165269,5533333.333333333,1950,Warner Bros. Pictures,False,False
243016,4489890.166666667,1950,Warner Bros. Pictures,False,False
65212,3200000.0,1950,Warner Bros. Pictures,True,False
74952,4489890.166666667,1950,Warner Bros. Pictures,False,True
100321,4489890.166666667,1950,Warner Bros. Pictures,False,False
198581,4489890.166666667,1950,Warner Bros. Pictures,False,False
147915,4489890.166666667,1950,Warner Bros. Pictures,False,True
174278,4489890.166666667,1950,Warner Bros. Pictures,True,False
204031,4489890.166666667,1950,Warner Bros. Pictures,False,True
37463,4489890.166666667,1950,Warner Bros. Pictures,False,False
154093,1400000.0,1950,Warner Bros. Pictures,False,False
34018,4489890.166666667,1950,Warner Bros. Pictures,False,True
235781,4489890.166666667,1950,Warner Bros. Pictures,False,True
235799,4489890.166666667,1950,Warner Bros. Pictures,False,True
235796,4489890.166666667,1950,Warner Bros. Pictures,False,True
521,3000000.0,1950,Warner Bros. Pictures,False,False
204020,2000000.0,1950,Warner Bros. Pictures,False,False
11071,4489890.166666667,1950,Warner Bros. Pictures,False,False
51227,4489890.166666667,1950,Warner Bros. Pictures,True,False
118316,4489890.166666667,1950,Warner Bros. Pictures,False,False
235793,4489890.166666667,1950,Warner Bros. Pictures,False,True
235802,4489890.166666667,1950,Warner Bros. Pictures,False,True
43334,4489890.166666667,1950,Warner Bros. Pictures,True,False
353399,4489890.166666667,1950,Warner Bros. Pictures,False,False
508601,4489890.166666667,1950,Warner Bros. Pictures,False,False
3111,4335968.0,1950,Warner Bros. Pictures,True,False
83775,4489890.166666667,1950,Warner Bros. Pictures,False,True
86608,4489890.166666667,1950,Warner Bros. Pictures,True,False
188801,4489890.166666667,1950,Warner Bros. Pictures,False,True
235789,4489890.166666667,1950,Warner Bros. Pictures,False,False
83750,4489890.166666667,1950,Warner Bros. Pictures,False,True
188783,4113000.0,1950,Warner Bros. Pictures,False,True
52954,2000000.0,1950,Warner Bros. Pictures,False,True
34711,2000000.0,1950,Warner Bros. Pictures,False,False
154833,4113000.0,1950,Warner Bros. Pictures,False,False
33117,4113000.0,1950,Warner Bros. Pictures,False,True
242964,4113000.0,1950,Warner Bros. Pictures,False,False
205673,4113000.0,1950,Warner Bros. Pictures,False,True
145813,4113000.0,1950,Warner Bros. Pictures,False,True
37954,4113000.0,1950,Warner Bros. Pictures,True,False
145811,4113000.0,1950,Warner Bros. Pictures,False,False
43394,4113000.0,1950,Warner Bros. Pictures,True,False
48897,4113000.0,1950,Warner Bros. Pictures,False,False
60908,4113000.0,1950,Warner Bros. Pictures,False,False
236094,4113000.0,1950,Warner Bros. Pictures,False,False
52848,4113000.0,1950,Warner Bros. Pictures,False,True
29477,4113000.0,1950,Warner Bros. Pictures,False,False
242961,4113000.0,1950,Warner Bros. Pictures,False,False
236114,4113000.0,1950,Warner Bros. Pictures,False,False
113921,4113000.0,1950,Warner Bros. Pictures,False,False
236009,4498500.0,1950,Warner Bros. Pictures,False,True
40683,4498500.0,1950,Warner Bros. Pictures,True,False
145948,4498500.0,1950,Warner Bros. Pictures,False,True
35009,4498500.0,1950,Warner Bros. Pictures,True,False
154089,4498500.0,1950,Warner Bros. Pictures,False,False
100339,4498500.0,1950,Warner Bros. Pictures,False,False
236004,4498500.0,1950,Warner Bros. Pictures,False,False
101508,4498500.0,1950,Warner Bros. Pictures,False,True
316008,4498500.0,1950,Warner Bros. Pictures,False,False
562358,4113000.0,1950,Warner Bros. Pictures,False,True
145946,4498500.0,1950,Warner Bros. Pictures,False,True
814936,4113000.0,1950,Warner Bros. Pictures,False,False
236020,4113000.0,1950,Warner Bros. Pictures,False,True
1978,1900000.0,1950,Warner Bros. Pictures,False,False
34623,4113000.0,1950,Warner Bros. Pictures,True,False
88766,4113000.0,1950,Warner Bros. Pictures,False,True
83630,4113000.0,1950,Warner Bros. Pictures,True,False
100311,4113000.0,1950,Warner Bros. Pictures,False,False
260409,4113000.0,1950,Warner Bros. Pictures,False,False
188786,4113000.0,1950,Warner Bros. Pictures,False,True
100374,4113000.0,1950,Warner Bros. Pictures,False,True
34931,4113000.0,1950,Warner Bros. Pictures,False,True
134439,4113000.0,1950,Warner Bros. Pictures,False,True
36656,4113000.0,1950,Warner Bros. Pictures,True,False
29381,4113000.0,1950,Warner Bros. Pictures,True,False
55472,4113000.0,1950,Warner Bros. Pictures,False,False
369886,4113000.0,1950,Warner Bros. Pictures,True,False
1015267,4113000.0,1950,Warner Bros. Pictures,False,False
83116,4113000.0,1950,Warner Bros. Pictures,True,False
52974,4113000.0,1950,Warner Bros. Pictures,False,True
45627,4113000.0,1950,Warner Bros. Pictures,False,False
118979,4113000.0,1950,Warner Bros. Pictures,False,True
217565,4113000.0,1950,Warner Bros. Pictures,False,False
596313,4113000.0,1950,Warner Bros. Pictures,False,False
420099,4113000.0,1950,Warner Bros. Pictures,False,True
32563,4113000.0,1950,Warner Bros. Pictures,True,False
74914,4113000.0,1950,Warner Bros. Pictures,False,True
123070,4113000.0,1950,Warner Bros. Pictures,True,False
100307,4113000.0,1950,Warner Bros. Pictures,False,True
43377,4498500.0,1950,Warner Bros. Pictures,False,True
234140,4498500.0,1950,Warner Bros. Pictures,False,False
23928,4498500.0,1950,Warner Bros. Pictures,False,False
61391,4498500.0,1950,Warner Bros. Pictures,False,False
878839,2000000.0,1950,Warner Bros. Pictures,False,False
48627,2000000.0,1950,Warner Bros. Pictures,False,True
102161,2000000.0,1950,Warner Bros. Pictures,False,True
43368,2000000.0,1950,Warner Bros. Pictures,False,False
78265,2000000.0,1950,Warner Bros. Pictures,True,False
48875,2000000.0,1950,Warner Bros. Pictures,False,False
235946,2000000.0,1950,Warner Bros. Pictures,False,True
235934,2000000.0,1950,Warner Bros. Pictures,False,True
159102,2000000.0,1950,Warner Bros. Pictures,False,True
92864,2000000.0,1950,Warner Bros. Pictures,True,False
188751,2000000.0,1950,Warner Bros. Pictures,False,True
235941,2000000.0,1950,Warner Bros. Pictures,False,False
207178,2000000.0,1950,Warner Bros. Pictures,False,False
50929,2000000.0,1950,Warner Bros. Pictures,False,True
235880,2000000.0,1950,Warner Bros. Pictures,False,True
84587,2000000.0,1950,Warner Bros. Pictures,False,True
72472,2000000.0,1950,Warner Bros. Pictures,False,False
108844,2000000.0,1950,Warner Bros. Pictures,True,False
119608,2000000.0,1950,Warner Bros. Pictures,False,False
139922,2000000.0,1950,Warner Bros. Pictures,False,True
99906,2000000.0,1950,Warner Bros. Pictures,True,True
49616,2000000.0,1950,Warner Bros. Pictures,True,False
118312,2000000.0,1950,Warner Bros. Pictures,False,True
40715,2000000.0,1950,Warner Bros. Pictures,True,False
171130,4498500.0,1950,Warner Bros. Pictures,False,False
162303,4498500.0,1950,Warner Bros. Pictures,False,False
43375,4498500.0,1950,Warner Bros. Pictures,True,True
34932,4498500.0,1950,Warner Bros. Pictures,False,True
72479,1144000.0,1950,Warner Bros. Pictures,True,False
207408,4498500.0,1950,Warner Bros. Pictures,False,True
49508,4498500.0,1950,Warner Bros. Pictures,True,False
145941,4498500.0,1950,Warner Bros. Pictures,False,False
85286,4498500.0,1950,Warner Bros. Pictures,True,False
115111,4498500.0,1950,Warner Bros. Pictures,False,True
53220,4498500.0,1950,Warner Bros. Pictures,False,True
119799,4498500.0,1950,Warner Bros. Pictures,False,True
43562,4498500.0,1950,Warner Bros. Pictures,False,False
83749,4498500.0,1950,Warner Bros. Pictures,False,True
845,7000000.0,1950,Warner Bros. Pictures,False,False
117423,4498500.0,1950,Warner Bros. Pictures,False,True
202727,2000000.0,1950,Warner Bros. Pictures,False,False
41204,4498500.0,1950,Warner Bros. Pictures,False,True
108245,4498500.0,1950,Warner Bros. Pictures,True,False
60853,4498500.0,1950,Warner Bros. Pictures,True,False
102184,4498500.0,1950,Warner Bros. Pictures,False,True
121169,4498500.0,1950,Warner Bros. Pictures,False,True
702,8000000.0,1950,Warner Bros. Pictures,True,False
100384,4498500.0,1950,Warner Bros. Pictures,False,False
239519,4498500.0,1950,Warner Bros. Pictures,True,False
263256,4498500.0,1950,Warner Bros. Pictures,False,False
34708,4498500.0,1950,Warner Bros. Pictures,False,False
124574,4498500.0,1950,Warner Bros. Pictures,False,False
174819,4498500.0,1950,Warner Bros. Pictures,False,True
100299,4498500.0,1950,Warner Bros. Pictures,False,False
29467,4498500.0,1950,Warner Bros. Pictures,False,False
1238997,5.0,2020,Warner Bros. Pictures,False,True
